2026-05-11 18:08:24,989 - INFO - root - Hello! This is Joey-NMT (version 2.2.0).
2026-05-11 18:08:24,989 - INFO - joeynmt.helpers -                           cfg.name : deen_transformer_pre
2026-05-11 18:08:24,989 - INFO - joeynmt.helpers -                cfg.joeynmt_version : 2.0.0
2026-05-11 18:08:24,989 - INFO - joeynmt.helpers -                     cfg.data.train : data/train
2026-05-11 18:08:24,989 - INFO - joeynmt.helpers -                       cfg.data.dev : data/dev
2026-05-11 18:08:24,989 - INFO - joeynmt.helpers -                      cfg.data.test : data/test
2026-05-11 18:08:24,990 - INFO - joeynmt.helpers -              cfg.data.dataset_type : plain
2026-05-11 18:08:24,990 - INFO - joeynmt.helpers -                  cfg.data.src.lang : de
2026-05-11 18:08:24,990 - INFO - joeynmt.helpers -             cfg.data.src.lowercase : False
2026-05-11 18:08:24,990 - INFO - joeynmt.helpers -                 cfg.data.src.level : bpe
2026-05-11 18:08:24,990 - INFO - joeynmt.helpers -             cfg.data.src.voc_limit : 32000
2026-05-11 18:08:24,990 - INFO - joeynmt.helpers -          cfg.data.src.voc_min_freq : 1
2026-05-11 18:08:24,990 - INFO - joeynmt.helpers -            cfg.data.src.max_length : 100
2026-05-11 18:08:24,990 - INFO - joeynmt.helpers -              cfg.data.src.voc_file : shared_models/joint-vocab.txt
2026-05-11 18:08:24,990 - INFO - joeynmt.helpers -        cfg.data.src.tokenizer_type : subword-nmt
2026-05-11 18:08:24,990 - INFO - joeynmt.helpers - cfg.data.src.tokenizer_cfg.pretokenizer : none
2026-05-11 18:08:24,990 - INFO - joeynmt.helpers - cfg.data.src.tokenizer_cfg.num_merges : 3200
2026-05-11 18:08:24,990 - INFO - joeynmt.helpers -   cfg.data.src.tokenizer_cfg.codes : data/codes3200.bpe
2026-05-11 18:08:24,990 - INFO - joeynmt.helpers -                  cfg.data.trg.lang : en
2026-05-11 18:08:24,990 - INFO - joeynmt.helpers -             cfg.data.trg.lowercase : False
2026-05-11 18:08:24,990 - INFO - joeynmt.helpers -                 cfg.data.trg.level : bpe
2026-05-11 18:08:24,990 - INFO - joeynmt.helpers -             cfg.data.trg.voc_limit : 32000
2026-05-11 18:08:24,990 - INFO - joeynmt.helpers -          cfg.data.trg.voc_min_freq : 1
2026-05-11 18:08:24,990 - INFO - joeynmt.helpers -            cfg.data.trg.max_length : 100
2026-05-11 18:08:24,990 - INFO - joeynmt.helpers -              cfg.data.trg.voc_file : shared_models/joint-vocab.txt
2026-05-11 18:08:24,990 - INFO - joeynmt.helpers -        cfg.data.trg.tokenizer_type : subword-nmt
2026-05-11 18:08:24,990 - INFO - joeynmt.helpers - cfg.data.trg.tokenizer_cfg.pretokenizer : none
2026-05-11 18:08:24,990 - INFO - joeynmt.helpers - cfg.data.trg.tokenizer_cfg.num_merges : 3200
2026-05-11 18:08:24,990 - INFO - joeynmt.helpers -   cfg.data.trg.tokenizer_cfg.codes : data/codes3200.bpe
2026-05-11 18:08:24,990 - INFO - joeynmt.helpers -              cfg.testing.beam_size : 5
2026-05-11 18:08:24,990 - INFO - joeynmt.helpers -             cfg.testing.beam_alpha : 1.0
2026-05-11 18:08:24,990 - INFO - joeynmt.helpers -           cfg.training.random_seed : 42
2026-05-11 18:08:24,990 - INFO - joeynmt.helpers -             cfg.training.optimizer : adam
2026-05-11 18:08:24,990 - INFO - joeynmt.helpers -         cfg.training.normalization : tokens
2026-05-11 18:08:24,991 - INFO - joeynmt.helpers -         cfg.training.learning_rate : 0.0003
2026-05-11 18:08:24,991 - INFO - joeynmt.helpers -            cfg.training.batch_size : 2048
2026-05-11 18:08:24,991 - INFO - joeynmt.helpers -            cfg.training.batch_type : token
2026-05-11 18:08:24,991 - INFO - joeynmt.helpers -       cfg.training.eval_batch_size : 1024
2026-05-11 18:08:24,991 - INFO - joeynmt.helpers -       cfg.training.eval_batch_type : token
2026-05-11 18:08:24,991 - INFO - joeynmt.helpers -            cfg.training.scheduling : plateau
2026-05-11 18:08:24,991 - INFO - joeynmt.helpers -              cfg.training.patience : 8
2026-05-11 18:08:24,991 - INFO - joeynmt.helpers -          cfg.training.weight_decay : 0.0
2026-05-11 18:08:24,991 - INFO - joeynmt.helpers -       cfg.training.decrease_factor : 0.7
2026-05-11 18:08:24,991 - INFO - joeynmt.helpers - cfg.training.early_stopping_metric : ppl
2026-05-11 18:08:24,991 - INFO - joeynmt.helpers -                cfg.training.epochs : 10
2026-05-11 18:08:24,991 - INFO - joeynmt.helpers -       cfg.training.validation_freq : 500
2026-05-11 18:08:24,991 - INFO - joeynmt.helpers -          cfg.training.logging_freq : 100
2026-05-11 18:08:24,991 - INFO - joeynmt.helpers -           cfg.training.eval_metric : ['bleu']
2026-05-11 18:08:24,991 - INFO - joeynmt.helpers -             cfg.training.model_dir : models/deen_transformer_pre
2026-05-11 18:08:24,991 - INFO - joeynmt.helpers -             cfg.training.overwrite : False
2026-05-11 18:08:24,991 - INFO - joeynmt.helpers -               cfg.training.shuffle : True
2026-05-11 18:08:24,991 - INFO - joeynmt.helpers -              cfg.training.use_cuda : False
2026-05-11 18:08:24,991 - INFO - joeynmt.helpers -     cfg.training.max_output_length : 100
2026-05-11 18:08:24,991 - INFO - joeynmt.helpers -     cfg.training.print_valid_sents : [0, 1, 2, 3, 4]
2026-05-11 18:08:24,991 - INFO - joeynmt.helpers -       cfg.training.label_smoothing : 0.3
2026-05-11 18:08:24,991 - INFO - joeynmt.helpers -              cfg.model.initializer : xavier_uniform
2026-05-11 18:08:24,991 - INFO - joeynmt.helpers -         cfg.model.bias_initializer : zeros
2026-05-11 18:08:24,991 - INFO - joeynmt.helpers -                cfg.model.init_gain : 1.0
2026-05-11 18:08:24,991 - INFO - joeynmt.helpers -        cfg.model.embed_initializer : xavier_uniform
2026-05-11 18:08:24,991 - INFO - joeynmt.helpers -          cfg.model.embed_init_gain : 1.0
2026-05-11 18:08:24,991 - INFO - joeynmt.helpers -          cfg.model.tied_embeddings : True
2026-05-11 18:08:24,991 - INFO - joeynmt.helpers -             cfg.model.tied_softmax : True
2026-05-11 18:08:24,991 - INFO - joeynmt.helpers -             cfg.model.encoder.type : transformer
2026-05-11 18:08:24,991 - INFO - joeynmt.helpers -       cfg.model.encoder.num_layers : 4
2026-05-11 18:08:24,992 - INFO - joeynmt.helpers -        cfg.model.encoder.num_heads : 2
2026-05-11 18:08:24,992 - INFO - joeynmt.helpers -       cfg.model.encoder.layer_norm : pre
2026-05-11 18:08:24,992 - INFO - joeynmt.helpers - cfg.model.encoder.embeddings.embedding_dim : 256
2026-05-11 18:08:24,992 - INFO - joeynmt.helpers - cfg.model.encoder.embeddings.scale : True
2026-05-11 18:08:24,992 - INFO - joeynmt.helpers - cfg.model.encoder.embeddings.dropout : 0
2026-05-11 18:08:24,992 - INFO - joeynmt.helpers -      cfg.model.encoder.hidden_size : 256
2026-05-11 18:08:24,992 - INFO - joeynmt.helpers -          cfg.model.encoder.ff_size : 512
2026-05-11 18:08:24,992 - INFO - joeynmt.helpers -          cfg.model.encoder.dropout : 0
2026-05-11 18:08:24,992 - INFO - joeynmt.helpers -             cfg.model.decoder.type : transformer
2026-05-11 18:08:24,992 - INFO - joeynmt.helpers -       cfg.model.decoder.num_layers : 1
2026-05-11 18:08:24,992 - INFO - joeynmt.helpers -        cfg.model.decoder.num_heads : 2
2026-05-11 18:08:24,992 - INFO - joeynmt.helpers -       cfg.model.decoder.layer_norm : pre
2026-05-11 18:08:24,992 - INFO - joeynmt.helpers - cfg.model.decoder.embeddings.embedding_dim : 256
2026-05-11 18:08:24,992 - INFO - joeynmt.helpers - cfg.model.decoder.embeddings.scale : True
2026-05-11 18:08:24,992 - INFO - joeynmt.helpers - cfg.model.decoder.embeddings.dropout : 0
2026-05-11 18:08:24,992 - INFO - joeynmt.helpers -      cfg.model.decoder.hidden_size : 256
2026-05-11 18:08:24,992 - INFO - joeynmt.helpers -          cfg.model.decoder.ff_size : 512
2026-05-11 18:08:24,992 - INFO - joeynmt.helpers -          cfg.model.decoder.dropout : 0
2026-05-11 18:08:24,997 - INFO - joeynmt.data - Building tokenizer...
2026-05-11 18:08:25,005 - INFO - joeynmt.tokenizers - de tokenizer: SubwordNMTTokenizer(level=bpe, lowercase=False, normalize=False, filter_by_length=(-1, 100), pretokenizer=none, tokenizer=BPE, separator=@@, dropout=0.0)
2026-05-11 18:08:25,005 - INFO - joeynmt.tokenizers - en tokenizer: SubwordNMTTokenizer(level=bpe, lowercase=False, normalize=False, filter_by_length=(-1, 100), pretokenizer=none, tokenizer=BPE, separator=@@, dropout=0.0)
2026-05-11 18:08:25,005 - INFO - joeynmt.data - Loading train set...
2026-05-11 18:08:25,311 - INFO - joeynmt.data - Building vocabulary...
2026-05-11 18:08:25,499 - INFO - joeynmt.data - Loading dev set...
2026-05-11 18:08:25,501 - INFO - joeynmt.data - Loading test set...
2026-05-11 18:08:25,507 - INFO - joeynmt.data - Data loaded.
2026-05-11 18:08:25,507 - INFO - joeynmt.data - Train dataset: PlaintextDataset(split=train, len=100000, src_lang=de, trg_lang=en, has_trg=True, random_subset=-1)
2026-05-11 18:08:25,507 - INFO - joeynmt.data - Valid dataset: PlaintextDataset(split=dev, len=500, src_lang=de, trg_lang=en, has_trg=True, random_subset=-1)
2026-05-11 18:08:25,507 - INFO - joeynmt.data -  Test dataset: PlaintextDataset(split=test, len=2999, src_lang=de, trg_lang=en, has_trg=True, random_subset=-1)
2026-05-11 18:08:25,509 - INFO - joeynmt.data - First training example:
	[SRC] gem@@ ä@@ ß der vom Europäischen Parlament und von der gesam@@ ten Europäischen Union n@@ un@@ mehr ständi@@ g ver@@ tre@@ ten@@ en Lin@@ ie möchte ich Sie jedoch bit@@ ten , den gan@@ zen Ein@@ f@@ lu@@ ß Ih@@ res Am@@ tes und der Institu@@ tion , die Sie ver@@ treten , bei dem Prä@@ sident@@ schaf@@ ts@@ kan@@ di@@ d@@ aten und G@@ ou@@ ver@@ ne@@ ur von Tex@@ as , Ge@@ or@@ ge W@@ . B@@ us@@ h , der zur Aus@@ setzung der V@@ oll@@ stre@@ ck@@ ung des To@@ des@@ ur@@ teil@@ s und zur Be@@ gn@@ a@@ di@@ gung des Ver@@ ur@@ teil@@ ten be@@ fu@@ gt ist , gel@@ ten@@ d zu machen .
	[TRG] however , I would ask you , in acc@@ ord@@ ance with the line which is now con@@ st@@ ant@@ ly fol@@ low@@ ed by the European Parliament and by the whole of the European Community , to make represent@@ ations , using the wei@@ ght of your pres@@ ti@@ gi@@ ous off@@ ice and the institu@@ tion you re@@ present , to the President and to the Go@@ vern@@ or of Tex@@ as , Mr B@@ us@@ h , who has the power to order a stay of ex@@ ec@@ ution and to re@@ pri@@ e@@ ve the con@@ dem@@ ned per@@ son .
2026-05-11 18:08:25,509 - INFO - joeynmt.data - First 10 Src tokens: (0) <unk> (1) <pad> (2) <s> (3) </s> (4) , (5) . (6) the (7) in (8) die (9) der
2026-05-11 18:08:25,509 - INFO - joeynmt.data - First 10 Trg tokens: (0) <unk> (1) <pad> (2) <s> (3) </s> (4) , (5) . (6) the (7) in (8) die (9) der
2026-05-11 18:08:25,509 - INFO - joeynmt.data - Number of unique Src tokens (vocab_size): 4117
2026-05-11 18:08:25,509 - INFO - joeynmt.data - Number of unique Trg tokens (vocab_size): 4117
2026-05-11 18:08:25,511 - INFO - joeynmt.model - Building an encoder-decoder model...
2026-05-11 18:08:25,599 - INFO - joeynmt.model - Enc-dec model built.
2026-05-11 18:08:25,602 - INFO - joeynmt.model - Total params: 3954176
2026-05-11 18:08:25,602 - DEBUG - joeynmt.model - Trainable parameters: ['decoder.layer_norm.bias', 'decoder.layer_norm.weight', 'decoder.layers.0.dec_layer_norm.bias', 'decoder.layers.0.dec_layer_norm.weight', 'decoder.layers.0.feed_forward.layer_norm.bias', 'decoder.layers.0.feed_forward.layer_norm.weight', 'decoder.layers.0.feed_forward.pwff_layer.0.bias', 'decoder.layers.0.feed_forward.pwff_layer.0.weight', 'decoder.layers.0.feed_forward.pwff_layer.3.bias', 'decoder.layers.0.feed_forward.pwff_layer.3.weight', 'decoder.layers.0.src_trg_att.k_layer.bias', 'decoder.layers.0.src_trg_att.k_layer.weight', 'decoder.layers.0.src_trg_att.output_layer.bias', 'decoder.layers.0.src_trg_att.output_layer.weight', 'decoder.layers.0.src_trg_att.q_layer.bias', 'decoder.layers.0.src_trg_att.q_layer.weight', 'decoder.layers.0.src_trg_att.v_layer.bias', 'decoder.layers.0.src_trg_att.v_layer.weight', 'decoder.layers.0.trg_trg_att.k_layer.bias', 'decoder.layers.0.trg_trg_att.k_layer.weight', 'decoder.layers.0.trg_trg_att.output_layer.bias', 'decoder.layers.0.trg_trg_att.output_layer.weight', 'decoder.layers.0.trg_trg_att.q_layer.bias', 'decoder.layers.0.trg_trg_att.q_layer.weight', 'decoder.layers.0.trg_trg_att.v_layer.bias', 'decoder.layers.0.trg_trg_att.v_layer.weight', 'decoder.layers.0.x_layer_norm.bias', 'decoder.layers.0.x_layer_norm.weight', 'encoder.layer_norm.bias', 'encoder.layer_norm.weight', 'encoder.layers.0.feed_forward.layer_norm.bias', 'encoder.layers.0.feed_forward.layer_norm.weight', 'encoder.layers.0.feed_forward.pwff_layer.0.bias', 'encoder.layers.0.feed_forward.pwff_layer.0.weight', 'encoder.layers.0.feed_forward.pwff_layer.3.bias', 'encoder.layers.0.feed_forward.pwff_layer.3.weight', 'encoder.layers.0.layer_norm.bias', 'encoder.layers.0.layer_norm.weight', 'encoder.layers.0.src_src_att.k_layer.bias', 'encoder.layers.0.src_src_att.k_layer.weight', 'encoder.layers.0.src_src_att.output_layer.bias', 'encoder.layers.0.src_src_att.output_layer.weight', 'encoder.layers.0.src_src_att.q_layer.bias', 'encoder.layers.0.src_src_att.q_layer.weight', 'encoder.layers.0.src_src_att.v_layer.bias', 'encoder.layers.0.src_src_att.v_layer.weight', 'encoder.layers.1.feed_forward.layer_norm.bias', 'encoder.layers.1.feed_forward.layer_norm.weight', 'encoder.layers.1.feed_forward.pwff_layer.0.bias', 'encoder.layers.1.feed_forward.pwff_layer.0.weight', 'encoder.layers.1.feed_forward.pwff_layer.3.bias', 'encoder.layers.1.feed_forward.pwff_layer.3.weight', 'encoder.layers.1.layer_norm.bias', 'encoder.layers.1.layer_norm.weight', 'encoder.layers.1.src_src_att.k_layer.bias', 'encoder.layers.1.src_src_att.k_layer.weight', 'encoder.layers.1.src_src_att.output_layer.bias', 'encoder.layers.1.src_src_att.output_layer.weight', 'encoder.layers.1.src_src_att.q_layer.bias', 'encoder.layers.1.src_src_att.q_layer.weight', 'encoder.layers.1.src_src_att.v_layer.bias', 'encoder.layers.1.src_src_att.v_layer.weight', 'encoder.layers.2.feed_forward.layer_norm.bias', 'encoder.layers.2.feed_forward.layer_norm.weight', 'encoder.layers.2.feed_forward.pwff_layer.0.bias', 'encoder.layers.2.feed_forward.pwff_layer.0.weight', 'encoder.layers.2.feed_forward.pwff_layer.3.bias', 'encoder.layers.2.feed_forward.pwff_layer.3.weight', 'encoder.layers.2.layer_norm.bias', 'encoder.layers.2.layer_norm.weight', 'encoder.layers.2.src_src_att.k_layer.bias', 'encoder.layers.2.src_src_att.k_layer.weight', 'encoder.layers.2.src_src_att.output_layer.bias', 'encoder.layers.2.src_src_att.output_layer.weight', 'encoder.layers.2.src_src_att.q_layer.bias', 'encoder.layers.2.src_src_att.q_layer.weight', 'encoder.layers.2.src_src_att.v_layer.bias', 'encoder.layers.2.src_src_att.v_layer.weight', 'encoder.layers.3.feed_forward.layer_norm.bias', 'encoder.layers.3.feed_forward.layer_norm.weight', 'encoder.layers.3.feed_forward.pwff_layer.0.bias', 'encoder.layers.3.feed_forward.pwff_layer.0.weight', 'encoder.layers.3.feed_forward.pwff_layer.3.bias', 'encoder.layers.3.feed_forward.pwff_layer.3.weight', 'encoder.layers.3.layer_norm.bias', 'encoder.layers.3.layer_norm.weight', 'encoder.layers.3.src_src_att.k_layer.bias', 'encoder.layers.3.src_src_att.k_layer.weight', 'encoder.layers.3.src_src_att.output_layer.bias', 'encoder.layers.3.src_src_att.output_layer.weight', 'encoder.layers.3.src_src_att.q_layer.bias', 'encoder.layers.3.src_src_att.q_layer.weight', 'encoder.layers.3.src_src_att.v_layer.bias', 'encoder.layers.3.src_src_att.v_layer.weight', 'src_embed.lut.weight']
2026-05-11 18:08:25,602 - INFO - joeynmt.training - Model(
	encoder=TransformerEncoder(num_layers=4, num_heads=2, alpha=1.0, layer_norm="pre", activation=ReLU()),
	decoder=TransformerDecoder(num_layers=1, num_heads=2, alpha=1.0, layer_norm="pre", activation=ReLU()),
	src_embed=Embeddings(embedding_dim=256, vocab_size=4117),
	trg_embed=Embeddings(embedding_dim=256, vocab_size=4117),
	loss_function=XentLoss(criterion=KLDivLoss(), smoothing=0.3))
2026-05-11 18:08:25,603 - INFO - joeynmt.builders - Adam(lr=0.0003, weight_decay=0.0, betas=(0.9, 0.999))
2026-05-11 18:08:25,603 - INFO - joeynmt.builders - ReduceLROnPlateau(mode=min, verbose=False, threshold_mode=abs, eps=0.0, factor=0.7, patience=8)
2026-05-11 18:08:25,603 - INFO - joeynmt.training - Train stats:
	device: cpu
	n_gpu: 0
	16-bits training: False
	gradient accumulation: 1
	batch size per device: 2048
	effective batch size (w. parallel & accumulation): 2048
2026-05-11 18:08:25,603 - INFO - joeynmt.training - EPOCH 1
2026-05-11 18:08:57,186 - INFO - joeynmt.training - Epoch   1, Step:      100, Batch Loss:     4.209344, Batch Acc: 0.064439, Tokens per Sec:     2914, Lr: 0.000300
2026-05-11 18:09:29,530 - INFO - joeynmt.training - Epoch   1, Step:      200, Batch Loss:     3.970335, Batch Acc: 0.092914, Tokens per Sec:     2851, Lr: 0.000300
2026-05-11 18:10:07,155 - INFO - joeynmt.training - Epoch   1, Step:      300, Batch Loss:     3.777292, Batch Acc: 0.106584, Tokens per Sec:     2460, Lr: 0.000300
2026-05-11 18:10:47,574 - INFO - joeynmt.training - Epoch   1, Step:      400, Batch Loss:     3.735709, Batch Acc: 0.114270, Tokens per Sec:     2269, Lr: 0.000300
2026-05-11 18:11:25,000 - INFO - joeynmt.training - Epoch   1, Step:      500, Batch Loss:     3.630364, Batch Acc: 0.127548, Tokens per Sec:     2480, Lr: 0.000300
2026-05-11 18:11:25,001 - INFO - joeynmt.prediction - Predicting 500 example(s)... (Greedy decoding with min_output_length=1, max_output_length=-1, return_prob='none', generate_unk=True, repetition_penalty=-1, no_repeat_ngram_size=-1)
2026-05-11 18:12:28,583 - INFO - joeynmt.prediction - Evaluation result (greedy) loss:   3.80, ppl:  44.80, acc:   0.11, generation: 63.5718[sec], evaluation: 0.0000[sec]
2026-05-11 18:12:28,585 - INFO - joeynmt.training - Hooray! New best validation result [ppl]!
2026-05-11 18:12:28,825 - INFO - joeynmt.training - Example #0
2026-05-11 18:12:28,825 - DEBUG - joeynmt.training - 	Tokenized source:     ['die', 'Pre@@', 'mi@@', 'er@@', 'minist@@', 'er', 'Indi@@', 'ens', 'und', 'J@@', 'ap@@', 'ans', 'tra@@', 'fen', 'sich', 'in', 'T@@', 'ok@@', 'i@@', 'o', '.']
2026-05-11 18:12:28,825 - DEBUG - joeynmt.training - 	Tokenized reference:  ['Indi@@', 'a', 'and', 'J@@', 'ap@@', 'an', 'pri@@', 'me', 'minist@@', 'ers', 'me@@', 'et', 'in', 'T@@', 'ok@@', 'y@@', 'o']
2026-05-11 18:12:28,825 - DEBUG - joeynmt.training - 	Tokenized hypothesis: ['the', 'Commission', 'of', 'the', 'Commission', 'of', 'the', 'Commission', 'of', 'the', 'Commission', 'of', 'the', 'Commission', 'of', 'the', 'Commission', 'of', 'the', 'Commission', '.', '</s>']
2026-05-11 18:12:28,826 - INFO - joeynmt.training - 	Source:     die Premierminister Indiens und Japans trafen sich in Tokio .
2026-05-11 18:12:28,826 - INFO - joeynmt.training - 	Reference:  India and Japan prime ministers meet in Tokyo
2026-05-11 18:12:28,826 - INFO - joeynmt.training - 	Hypothesis: the Commission of the Commission of the Commission of the Commission of the Commission of the Commission of the Commission .
2026-05-11 18:12:28,826 - INFO - joeynmt.training - Example #1
2026-05-11 18:12:28,826 - DEBUG - joeynmt.training - 	Tokenized source:     ['Indi@@', 'ens', 'neu@@', 'er', 'Pre@@', 'mi@@', 'er@@', 'minist@@', 'er', 'N@@', 'ar@@', 'end@@', 'ra', 'Mo@@', 'd@@', 'i', 'tri@@', 'fft', 'bei', 's@@', 'einem', 'ersten', 'wichti@@', 'gen', 'Aus@@', 'land@@', 's@@', 'bes@@', 'u@@', 'ch', 'seit', 's@@', 'einem', 'W@@', 'ah@@', 'l@@', 'si@@', 'e@@', 'g', 'im', 'Ma@@', 'i', 'seinen', 'j@@', 'ap@@', 'an@@', 'ischen', 'Am@@', 'ts@@', 'k@@', 'olle@@', 'gen', 'S@@', 'hin@@', 'z@@', 'o', 'A@@', 'be', 'in', 'T@@', 'ok@@', 'o', ',', 'um', 'wirtschaf@@', 'tliche', 'und', 'sicher@@', 'heits@@', 'politische', 'Be@@', 'zieh@@', 'ungen', 'zu', 'bes@@', 'pre@@', 'chen', '.']
2026-05-11 18:12:28,826 - DEBUG - joeynmt.training - 	Tokenized reference:  ['Indi@@', 'a', '&apos;s', 'new', 'pri@@', 'me', 'minist@@', 'er', ',', 'N@@', 'ar@@', 'end@@', 'ra', 'Mo@@', 'd@@', 'i', ',', 'is', 'me@@', 'eting', 'his', 'J@@', 'ap@@', 'an@@', 'ese', 'coun@@', 'ter@@', 'part', ',', 'S@@', 'hin@@', 'z@@', 'o', 'A@@', 'be', ',', 'in', 'T@@', 'ok@@', 'y@@', 'o', 'to', 'disc@@', 'uss', 'economic', 'and', 'security', 'ties', ',', 'on', 'his', 'first', 'major', 'fore@@', 'ign', 'visi@@', 't', 'since', 'w@@', 'inn@@', 'ing', 'Ma@@', 'y', '&apos;s', 'elec@@', 'tion', '.']
2026-05-11 18:12:28,826 - DEBUG - joeynmt.training - 	Tokenized hypothesis: ['the', 'Commission', 'of', 'the', 'Commission', 'of', 'the', 'Commission', 'of', 'the', 'Commission', 'of', 'the', 'Commission', 'of', 'the', 'European', 'European', 'European', 'European', 'European', 'European', 'European', 'European', 'European', 'European', 'European', 'European', 'European', 'European', 'European', 'European', 'European', 'European', 'European', 'European', 'Union', 'of', 'the', 'European', 'European', 'European', 'European', 'European', 'European', 'European', 'European', 'European', 'European', 'European', 'European', 'European', 'European', 'European', 'European', 'European', 'European', 'European', 'European', 'European', 'European', 'European', 'Union', '.', '</s>']
2026-05-11 18:12:28,826 - INFO - joeynmt.training - 	Source:     Indiens neuer Premierminister Narendra Modi trifft bei seinem ersten wichtigen Auslandsbesuch seit seinem Wahlsieg im Mai seinen japanischen Amtskollegen Shinzo Abe in Toko , um wirtschaftliche und sicherheitspolitische Beziehungen zu besprechen .
2026-05-11 18:12:28,826 - INFO - joeynmt.training - 	Reference:  India &apos;s new prime minister , Narendra Modi , is meeting his Japanese counterpart , Shinzo Abe , in Tokyo to discuss economic and security ties , on his first major foreign visit since winning May &apos;s election .
2026-05-11 18:12:28,826 - INFO - joeynmt.training - 	Hypothesis: the Commission of the Commission of the Commission of the Commission of the Commission of the European European European European European European European European European European European European European European European European European European European European Union of the European European European European European European European European European European European European European European European European European European European European European European European Union .
2026-05-11 18:12:28,826 - INFO - joeynmt.training - Example #2
2026-05-11 18:12:28,826 - DEBUG - joeynmt.training - 	Tokenized source:     ['Herr', 'Mo@@', 'd@@', 'i', 'befindet', 'sich', 'auf', 'einer', 'fü@@', 'n@@', 'f@@', 'tä@@', 'gi@@', 'gen', 'Rei@@', 'se', 'nach', 'J@@', 'ap@@', 'an', ',', 'um', 'die', 'wirtschaf@@', 'tlichen', 'Be@@', 'zieh@@', 'ungen', 'mit', 'der', 'd@@', 'rit@@', 't@@', 'größ@@', 'ten', 'Wirtschafts@@', 'n@@', 'ation', 'der', 'Welt', 'zu', 'fes@@', 'tigen', '.']
2026-05-11 18:12:28,826 - DEBUG - joeynmt.training - 	Tokenized reference:  ['Mr', 'Mo@@', 'd@@', 'i', 'is', 'on', 'a', 'fi@@', 've', '@@@', '-@@', '@', 'day', 'tri@@', 'p', 'to', 'J@@', 'ap@@', 'an', 'to', 'streng@@', 'then', 'economic', 'ties', 'with', 'the', 'third', 'lar@@', 'ges@@', 't', 'econom@@', 'y', 'in', 'the', 'world', '.']
2026-05-11 18:12:28,827 - DEBUG - joeynmt.training - 	Tokenized hypothesis: ['the', 'Commission', 'is', 'the', 'Commission', 'is', 'is', 'a', 'a', 'a', 'a', 'a', 'is', 'a', 'is', 'a', 'is', 'a', 'is', 'a', 'a', 'a', 'a', 'a', 'a', 'a', 'a', 'a', '.', '</s>']
2026-05-11 18:12:28,827 - INFO - joeynmt.training - 	Source:     Herr Modi befindet sich auf einer fünftägigen Reise nach Japan , um die wirtschaftlichen Beziehungen mit der drittgrößten Wirtschaftsnation der Welt zu festigen .
2026-05-11 18:12:28,827 - INFO - joeynmt.training - 	Reference:  Mr Modi is on a five @-@ day trip to Japan to strengthen economic ties with the third largest economy in the world .
2026-05-11 18:12:28,827 - INFO - joeynmt.training - 	Hypothesis: the Commission is the Commission is is a a a a a is a is a is a is a a a a a a a a a .
2026-05-11 18:12:28,827 - INFO - joeynmt.training - Example #3
2026-05-11 18:12:28,827 - DEBUG - joeynmt.training - 	Tokenized source:     ['P@@', 'län@@', 'e', 'für', 'eine', 'stärk@@', 'ere', 'k@@', 'ern@@', 'techn@@', 'ische', 'Zusammenarbeit', 'stehen', 'ganz', 'ob@@', 'en', 'auf', 'der', 'Tag@@', 'es@@', 'ordnung', '.']
2026-05-11 18:12:28,827 - DEBUG - joeynmt.training - 	Tokenized reference:  ['high', 'on', 'the', 'agen@@', 'da', 'are', 'pl@@', 'ans', 'for', 'gre@@', 'ater', 'nu@@', 'clear', 'c@@', 'o', '@@@', '-@@', '@', 'operation', '.']
2026-05-11 18:12:28,827 - DEBUG - joeynmt.training - 	Tokenized hypothesis: ['the', 'Commission', 'is', 'the', 'Commission', 'is', 'a', 'is', 'the', 'Commission', 'of', 'the', 'Commission', 'of', 'the', 'Commission', 'of', 'the', 'Commission', '.', '</s>']
2026-05-11 18:12:28,827 - INFO - joeynmt.training - 	Source:     Pläne für eine stärkere kerntechnische Zusammenarbeit stehen ganz oben auf der Tagesordnung .
2026-05-11 18:12:28,827 - INFO - joeynmt.training - 	Reference:  high on the agenda are plans for greater nuclear co @-@ operation .
2026-05-11 18:12:28,827 - INFO - joeynmt.training - 	Hypothesis: the Commission is the Commission is a is the Commission of the Commission of the Commission of the Commission .
2026-05-11 18:12:28,827 - INFO - joeynmt.training - Example #4
2026-05-11 18:12:28,827 - DEBUG - joeynmt.training - 	Tokenized source:     ['Berich@@', 'ten', 'zu@@', 'fol@@', 'ge', 'ho@@', 'fft', 'Indi@@', 'en', 'darüber', 'hinaus', 'auf', 'einen', 'Ver@@', 'trag', 'zur', 'Ver@@', 'tei@@', 'dig@@', 'ungs@@', 'zusammen@@', 'arbeit', 'zwischen', 'den', 'beiden', 'N@@', 'ationen', '.']
2026-05-11 18:12:28,827 - DEBUG - joeynmt.training - 	Tokenized reference:  ['Indi@@', 'a', 'is', 'also', 're@@', 'porte@@', 'dly', 'hop@@', 'ing', 'for', 'a', 'de@@', 'al', 'on', 'def@@', 'ence', 'c@@', 'oll@@', 'ab@@', 'or@@', 'ation', 'between', 'the', 'two', 'n@@', 'ations', '.']
2026-05-11 18:12:28,827 - DEBUG - joeynmt.training - 	Tokenized hypothesis: ['the', 'Commission', 'is', 'the', 'Commission', 'is', 'is', 'a', 'is', 'the', 'Commission', 'of', 'the', 'Commission', 'of', 'the', 'Commission', 'of', 'the', 'Commission', 'of', 'the', 'Commission', '.', '</s>']
2026-05-11 18:12:28,828 - INFO - joeynmt.training - 	Source:     Berichten zufolge hofft Indien darüber hinaus auf einen Vertrag zur Verteidigungszusammenarbeit zwischen den beiden Nationen .
2026-05-11 18:12:28,828 - INFO - joeynmt.training - 	Reference:  India is also reportedly hoping for a deal on defence collaboration between the two nations .
2026-05-11 18:12:28,828 - INFO - joeynmt.training - 	Hypothesis: the Commission is the Commission is is a is the Commission of the Commission of the Commission of the Commission of the Commission .
2026-05-11 18:13:00,377 - INFO - joeynmt.training - Epoch   1, Step:      600, Batch Loss:     3.537500, Batch Acc: 0.148264, Tokens per Sec:     2951, Lr: 0.000300
2026-05-11 18:13:30,881 - INFO - joeynmt.training - Epoch   1, Step:      700, Batch Loss:     3.288947, Batch Acc: 0.165903, Tokens per Sec:     3033, Lr: 0.000300
2026-05-11 18:14:00,688 - INFO - joeynmt.training - Epoch   1, Step:      800, Batch Loss:     3.291727, Batch Acc: 0.177302, Tokens per Sec:     3073, Lr: 0.000300
2026-05-11 18:14:30,710 - INFO - joeynmt.training - Epoch   1, Step:      900, Batch Loss:     3.064392, Batch Acc: 0.191324, Tokens per Sec:     3027, Lr: 0.000300
2026-05-11 18:14:59,650 - INFO - joeynmt.training - Epoch   1, Step:     1000, Batch Loss:     3.082848, Batch Acc: 0.195718, Tokens per Sec:     3247, Lr: 0.000300
2026-05-11 18:14:59,650 - INFO - joeynmt.prediction - Predicting 500 example(s)... (Greedy decoding with min_output_length=1, max_output_length=-1, return_prob='none', generate_unk=True, repetition_penalty=-1, no_repeat_ngram_size=-1)
2026-05-11 18:16:23,562 - INFO - joeynmt.prediction - Evaluation result (greedy) loss:   3.42, ppl:  30.68, acc:   0.16, generation: 83.8969[sec], evaluation: 0.0000[sec]
2026-05-11 18:16:23,565 - INFO - joeynmt.training - Hooray! New best validation result [ppl]!
2026-05-11 18:16:23,775 - INFO - joeynmt.training - Example #0
2026-05-11 18:16:23,775 - DEBUG - joeynmt.training - 	Tokenized source:     ['die', 'Pre@@', 'mi@@', 'er@@', 'minist@@', 'er', 'Indi@@', 'ens', 'und', 'J@@', 'ap@@', 'ans', 'tra@@', 'fen', 'sich', 'in', 'T@@', 'ok@@', 'i@@', 'o', '.']
2026-05-11 18:16:23,775 - DEBUG - joeynmt.training - 	Tokenized reference:  ['Indi@@', 'a', 'and', 'J@@', 'ap@@', 'an', 'pri@@', 'me', 'minist@@', 'ers', 'me@@', 'et', 'in', 'T@@', 'ok@@', 'y@@', 'o']
2026-05-11 18:16:23,775 - DEBUG - joeynmt.training - 	Tokenized hypothesis: ['the', 're@@', 'staurant', 'is', 'a', 'p@@', 'age', 'of', 'the', 're@@', 're@@', 're@@', 're@@', 're@@', 're@@', 're@@', 're@@', 're@@', 're@@', 're@@', 're@@', 're@@', 're@@', 're@@', 're@@', 're@@', 're@@', 're@@', 're@@', 're@@', 're@@', 're@@', 're@@', 're@@', 're@@', 're@@', 're@@', 're@@', 're@@', 're@@', 're@@', 're@@', 're@@', 're@@', 're@@', 're@@', 're@@', 're@@', 're@@', 're@@', 're@@', 're@@', 're@@', 're@@', 're@@', 're@@', 're@@', 're@@', 're@@', 're@@', 're@@', 're@@', 're@@', 're@@', 're@@', 're@@', 're@@', 're@@', 're@@', 're@@', 're@@', 're@@', 're@@', 're@@', 're@@', 're@@', 're@@', 're@@', 're@@', 're@@', 're@@', 're@@', 're@@', 're@@', 're@@', 're@@', 're@@', 're@@', 're@@', 're@@', 're@@', 're@@', 're@@', 're@@', 're@@', 're@@', 're@@', 're@@', 're@@', 're@@', 're@@', 're@@', 're@@', 're@@', 're@@', 're@@', 're@@', 're@@', 're@@', 're@@', 're@@', 're@@', 're@@', 'ed', '.', '</s>']
2026-05-11 18:16:23,775 - INFO - joeynmt.training - 	Source:     die Premierminister Indiens und Japans trafen sich in Tokio .
2026-05-11 18:16:23,775 - INFO - joeynmt.training - 	Reference:  India and Japan prime ministers meet in Tokyo
2026-05-11 18:16:23,775 - INFO - joeynmt.training - 	Hypothesis: the restaurant is a page of the rererererererererererererererererererererererererererererererererererererererererererererererererererererererererererererererererererererererererererererererererererererererererererererererererererererererereed .
2026-05-11 18:16:23,775 - INFO - joeynmt.training - Example #1
2026-05-11 18:16:23,776 - DEBUG - joeynmt.training - 	Tokenized source:     ['Indi@@', 'ens', 'neu@@', 'er', 'Pre@@', 'mi@@', 'er@@', 'minist@@', 'er', 'N@@', 'ar@@', 'end@@', 'ra', 'Mo@@', 'd@@', 'i', 'tri@@', 'fft', 'bei', 's@@', 'einem', 'ersten', 'wichti@@', 'gen', 'Aus@@', 'land@@', 's@@', 'bes@@', 'u@@', 'ch', 'seit', 's@@', 'einem', 'W@@', 'ah@@', 'l@@', 'si@@', 'e@@', 'g', 'im', 'Ma@@', 'i', 'seinen', 'j@@', 'ap@@', 'an@@', 'ischen', 'Am@@', 'ts@@', 'k@@', 'olle@@', 'gen', 'S@@', 'hin@@', 'z@@', 'o', 'A@@', 'be', 'in', 'T@@', 'ok@@', 'o', ',', 'um', 'wirtschaf@@', 'tliche', 'und', 'sicher@@', 'heits@@', 'politische', 'Be@@', 'zieh@@', 'ungen', 'zu', 'bes@@', 'pre@@', 'chen', '.']
2026-05-11 18:16:23,776 - DEBUG - joeynmt.training - 	Tokenized reference:  ['Indi@@', 'a', '&apos;s', 'new', 'pri@@', 'me', 'minist@@', 'er', ',', 'N@@', 'ar@@', 'end@@', 'ra', 'Mo@@', 'd@@', 'i', ',', 'is', 'me@@', 'eting', 'his', 'J@@', 'ap@@', 'an@@', 'ese', 'coun@@', 'ter@@', 'part', ',', 'S@@', 'hin@@', 'z@@', 'o', 'A@@', 'be', ',', 'in', 'T@@', 'ok@@', 'y@@', 'o', 'to', 'disc@@', 'uss', 'economic', 'and', 'security', 'ties', ',', 'on', 'his', 'first', 'major', 'fore@@', 'ign', 'visi@@', 't', 'since', 'w@@', 'inn@@', 'ing', 'Ma@@', 'y', '&apos;s', 'elec@@', 'tion', '.']
2026-05-11 18:16:23,776 - DEBUG - joeynmt.training - 	Tokenized hypothesis: ['the', 're@@', 're@@', 're@@', 're@@', 're@@', 're@@', 're@@', 're@@', 're@@', 're@@', 're@@', 're@@', 're@@', 're@@', 're@@', 're@@', 're@@', 're@@', 're@@', 're@@', 're@@', 're@@', 're@@', 're@@', 're@@', 're@@', 're@@', 're@@', 're@@', 're@@', 're@@', 're@@', 're@@', 're@@', 're@@', 're@@', 're@@', 're@@', 're@@', 're@@', 're@@', 're@@', 're@@', 're@@', 're@@', 're@@', 're@@', 're@@', 're@@', 're@@', 're@@', 're@@', 're@@', 're@@', 're@@', 're@@', 're@@', 're@@', 're@@', 're@@', 're@@', 're@@', 're@@', 're@@', 're@@', 're@@', 're@@', 're@@', 're@@', 're@@', 're@@', 're@@', 're@@', 're@@', 're@@', 're@@', 're@@', 're@@', 're@@', 're@@', 're@@', 're@@', 're@@', 're@@', 're@@', 're@@', 're@@', 're@@', 're@@', 're@@', 're@@', 're@@', 're@@', 're@@', 're@@', 're@@', 're@@', 're@@', 're@@', 're@@', 're@@', 're@@', 're@@', 're@@', 're@@', 're@@', 're@@', 're@@', 're@@', 're@@', 're@@', 're@@', 'ed', 'by', 'by', 'by', 'by', 'by', 'by', 'by', 'by', 'by', 'by', 'by', 'by', 're@@', 're@@', 're@@', 're@@', 're@@', 're@@', 're@@', 're@@', 're@@', 'ments', 'ments', 'ments']
2026-05-11 18:16:23,776 - INFO - joeynmt.training - 	Source:     Indiens neuer Premierminister Narendra Modi trifft bei seinem ersten wichtigen Auslandsbesuch seit seinem Wahlsieg im Mai seinen japanischen Amtskollegen Shinzo Abe in Toko , um wirtschaftliche und sicherheitspolitische Beziehungen zu besprechen .
2026-05-11 18:16:23,776 - INFO - joeynmt.training - 	Reference:  India &apos;s new prime minister , Narendra Modi , is meeting his Japanese counterpart , Shinzo Abe , in Tokyo to discuss economic and security ties , on his first major foreign visit since winning May &apos;s election .
2026-05-11 18:16:23,776 - INFO - joeynmt.training - 	Hypothesis: the rererererererererererererererererererererererererererererererererererererererererererererererererererererererererererererererererererererererererererererererererererererererererererererererererererererererererererererererereed by by by by by by by by by by by by rererererererererements ments ments
2026-05-11 18:16:23,776 - INFO - joeynmt.training - Example #2
2026-05-11 18:16:23,776 - DEBUG - joeynmt.training - 	Tokenized source:     ['Herr', 'Mo@@', 'd@@', 'i', 'befindet', 'sich', 'auf', 'einer', 'fü@@', 'n@@', 'f@@', 'tä@@', 'gi@@', 'gen', 'Rei@@', 'se', 'nach', 'J@@', 'ap@@', 'an', ',', 'um', 'die', 'wirtschaf@@', 'tlichen', 'Be@@', 'zieh@@', 'ungen', 'mit', 'der', 'd@@', 'rit@@', 't@@', 'größ@@', 'ten', 'Wirtschafts@@', 'n@@', 'ation', 'der', 'Welt', 'zu', 'fes@@', 'tigen', '.']
2026-05-11 18:16:23,776 - DEBUG - joeynmt.training - 	Tokenized reference:  ['Mr', 'Mo@@', 'd@@', 'i', 'is', 'on', 'a', 'fi@@', 've', '@@@', '-@@', '@', 'day', 'tri@@', 'p', 'to', 'J@@', 'ap@@', 'an', 'to', 'streng@@', 'then', 'economic', 'ties', 'with', 'the', 'third', 'lar@@', 'ges@@', 't', 'econom@@', 'y', 'in', 'the', 'world', '.']
2026-05-11 18:16:23,776 - DEBUG - joeynmt.training - 	Tokenized hypothesis: ['Mr', 'President', ',', 'Mr', 'President', ',', 'the', 'Commission', ',', 'the', 'European', 'Union', 'is', 'a', 'few', 'b@@', 'ut@@', 'ut@@', 'ed', 'to', 'the', 'European', 'Union', ',', 'and', 'the', 'European', 'Union', '.', '</s>']
2026-05-11 18:16:23,777 - INFO - joeynmt.training - 	Source:     Herr Modi befindet sich auf einer fünftägigen Reise nach Japan , um die wirtschaftlichen Beziehungen mit der drittgrößten Wirtschaftsnation der Welt zu festigen .
2026-05-11 18:16:23,777 - INFO - joeynmt.training - 	Reference:  Mr Modi is on a five @-@ day trip to Japan to strengthen economic ties with the third largest economy in the world .
2026-05-11 18:16:23,777 - INFO - joeynmt.training - 	Hypothesis: Mr President , Mr President , the Commission , the European Union is a few bututed to the European Union , and the European Union .
2026-05-11 18:16:23,777 - INFO - joeynmt.training - Example #3
2026-05-11 18:16:23,777 - DEBUG - joeynmt.training - 	Tokenized source:     ['P@@', 'län@@', 'e', 'für', 'eine', 'stärk@@', 'ere', 'k@@', 'ern@@', 'techn@@', 'ische', 'Zusammenarbeit', 'stehen', 'ganz', 'ob@@', 'en', 'auf', 'der', 'Tag@@', 'es@@', 'ordnung', '.']
2026-05-11 18:16:23,777 - DEBUG - joeynmt.training - 	Tokenized reference:  ['high', 'on', 'the', 'agen@@', 'da', 'are', 'pl@@', 'ans', 'for', 'gre@@', 'ater', 'nu@@', 'clear', 'c@@', 'o', '@@@', '-@@', '@', 'operation', '.']
2026-05-11 18:16:23,777 - DEBUG - joeynmt.training - 	Tokenized hypothesis: ['the', 'hotel', 'is', 'a', 'few', 'm@@', 'embers', 'of', 'the', 're@@', 're@@', 're@@', 're@@', 're@@', 're@@', 're@@', 're@@', 're@@', 're@@', 're@@', 're@@', 're@@', 're@@', 're@@', 're@@', 're@@', 're@@', 're@@', 're@@', 're@@', 're@@', 're@@', 're@@', 're@@', 're@@', 're@@', 're@@', 're@@', 're@@', 're@@', 're@@', 're@@', 're@@', 're@@', 're@@', 're@@', 'staurant', '.', '</s>']
2026-05-11 18:16:23,777 - INFO - joeynmt.training - 	Source:     Pläne für eine stärkere kerntechnische Zusammenarbeit stehen ganz oben auf der Tagesordnung .
2026-05-11 18:16:23,777 - INFO - joeynmt.training - 	Reference:  high on the agenda are plans for greater nuclear co @-@ operation .
2026-05-11 18:16:23,777 - INFO - joeynmt.training - 	Hypothesis: the hotel is a few members of the rererererererererererererererererererererererererererererererererererererestaurant .
2026-05-11 18:16:23,777 - INFO - joeynmt.training - Example #4
2026-05-11 18:16:23,778 - DEBUG - joeynmt.training - 	Tokenized source:     ['Berich@@', 'ten', 'zu@@', 'fol@@', 'ge', 'ho@@', 'fft', 'Indi@@', 'en', 'darüber', 'hinaus', 'auf', 'einen', 'Ver@@', 'trag', 'zur', 'Ver@@', 'tei@@', 'dig@@', 'ungs@@', 'zusammen@@', 'arbeit', 'zwischen', 'den', 'beiden', 'N@@', 'ationen', '.']
2026-05-11 18:16:23,778 - DEBUG - joeynmt.training - 	Tokenized reference:  ['Indi@@', 'a', 'is', 'also', 're@@', 'porte@@', 'dly', 'hop@@', 'ing', 'for', 'a', 'de@@', 'al', 'on', 'def@@', 'ence', 'c@@', 'oll@@', 'ab@@', 'or@@', 'ation', 'between', 'the', 'two', 'n@@', 'ations', '.']
2026-05-11 18:16:23,778 - DEBUG - joeynmt.training - 	Tokenized hypothesis: ['the', 'European', 'Union', 'is', 'a', 'few', 'b@@', 'ut@@', 'ely', 'to', 'be', 'be', 'be', 'a', 'few', 'b@@', 'ed', 'to', 'the', 'European', 'Union', '.', '</s>']
2026-05-11 18:16:23,778 - INFO - joeynmt.training - 	Source:     Berichten zufolge hofft Indien darüber hinaus auf einen Vertrag zur Verteidigungszusammenarbeit zwischen den beiden Nationen .
2026-05-11 18:16:23,778 - INFO - joeynmt.training - 	Reference:  India is also reportedly hoping for a deal on defence collaboration between the two nations .
2026-05-11 18:16:23,778 - INFO - joeynmt.training - 	Hypothesis: the European Union is a few butely to be be be a few bed to the European Union .
2026-05-11 18:16:50,413 - INFO - joeynmt.training - Epoch   1, Step:     1100, Batch Loss:     3.194744, Batch Acc: 0.204044, Tokens per Sec:     3423, Lr: 0.000300
2026-05-11 18:17:17,316 - INFO - joeynmt.training - Epoch   1, Step:     1200, Batch Loss:     3.092391, Batch Acc: 0.210185, Tokens per Sec:     3442, Lr: 0.000300
2026-05-11 18:17:44,571 - INFO - joeynmt.training - Epoch   1, Step:     1300, Batch Loss:     3.034132, Batch Acc: 0.214835, Tokens per Sec:     3375, Lr: 0.000300
2026-05-11 18:18:18,995 - INFO - joeynmt.training - Epoch   1, Step:     1400, Batch Loss:     2.974580, Batch Acc: 0.220725, Tokens per Sec:     2659, Lr: 0.000300
2026-05-11 18:18:52,645 - INFO - joeynmt.training - Epoch   1, Step:     1500, Batch Loss:     2.965161, Batch Acc: 0.230008, Tokens per Sec:     2703, Lr: 0.000300
2026-05-11 18:18:52,646 - INFO - joeynmt.prediction - Predicting 500 example(s)... (Greedy decoding with min_output_length=1, max_output_length=-1, return_prob='none', generate_unk=True, repetition_penalty=-1, no_repeat_ngram_size=-1)
2026-05-11 18:20:19,894 - INFO - joeynmt.prediction - Evaluation result (greedy) loss:   3.27, ppl:  26.34, acc:   0.18, generation: 87.2365[sec], evaluation: 0.0000[sec]
2026-05-11 18:20:19,903 - INFO - joeynmt.training - Hooray! New best validation result [ppl]!
2026-05-11 18:20:20,171 - INFO - joeynmt.training - Example #0
2026-05-11 18:20:20,171 - DEBUG - joeynmt.training - 	Tokenized source:     ['die', 'Pre@@', 'mi@@', 'er@@', 'minist@@', 'er', 'Indi@@', 'ens', 'und', 'J@@', 'ap@@', 'ans', 'tra@@', 'fen', 'sich', 'in', 'T@@', 'ok@@', 'i@@', 'o', '.']
2026-05-11 18:20:20,172 - DEBUG - joeynmt.training - 	Tokenized reference:  ['Indi@@', 'a', 'and', 'J@@', 'ap@@', 'an', 'pri@@', 'me', 'minist@@', 'ers', 'me@@', 'et', 'in', 'T@@', 'ok@@', 'y@@', 'o']
2026-05-11 18:20:20,172 - DEBUG - joeynmt.training - 	Tokenized hypothesis: ['the', 're@@', 'la@@', 'x@@', 'ed', 'and', 'and', 'and', 'and', 'and', 'the', 're@@', 'la@@', 'x@@', 'ing', '.', '</s>']
2026-05-11 18:20:20,172 - INFO - joeynmt.training - 	Source:     die Premierminister Indiens und Japans trafen sich in Tokio .
2026-05-11 18:20:20,172 - INFO - joeynmt.training - 	Reference:  India and Japan prime ministers meet in Tokyo
2026-05-11 18:20:20,172 - INFO - joeynmt.training - 	Hypothesis: the relaxed and and and and and the relaxing .
2026-05-11 18:20:20,172 - INFO - joeynmt.training - Example #1
2026-05-11 18:20:20,172 - DEBUG - joeynmt.training - 	Tokenized source:     ['Indi@@', 'ens', 'neu@@', 'er', 'Pre@@', 'mi@@', 'er@@', 'minist@@', 'er', 'N@@', 'ar@@', 'end@@', 'ra', 'Mo@@', 'd@@', 'i', 'tri@@', 'fft', 'bei', 's@@', 'einem', 'ersten', 'wichti@@', 'gen', 'Aus@@', 'land@@', 's@@', 'bes@@', 'u@@', 'ch', 'seit', 's@@', 'einem', 'W@@', 'ah@@', 'l@@', 'si@@', 'e@@', 'g', 'im', 'Ma@@', 'i', 'seinen', 'j@@', 'ap@@', 'an@@', 'ischen', 'Am@@', 'ts@@', 'k@@', 'olle@@', 'gen', 'S@@', 'hin@@', 'z@@', 'o', 'A@@', 'be', 'in', 'T@@', 'ok@@', 'o', ',', 'um', 'wirtschaf@@', 'tliche', 'und', 'sicher@@', 'heits@@', 'politische', 'Be@@', 'zieh@@', 'ungen', 'zu', 'bes@@', 'pre@@', 'chen', '.']
2026-05-11 18:20:20,172 - DEBUG - joeynmt.training - 	Tokenized reference:  ['Indi@@', 'a', '&apos;s', 'new', 'pri@@', 'me', 'minist@@', 'er', ',', 'N@@', 'ar@@', 'end@@', 'ra', 'Mo@@', 'd@@', 'i', ',', 'is', 'me@@', 'eting', 'his', 'J@@', 'ap@@', 'an@@', 'ese', 'coun@@', 'ter@@', 'part', ',', 'S@@', 'hin@@', 'z@@', 'o', 'A@@', 'be', ',', 'in', 'T@@', 'ok@@', 'y@@', 'o', 'to', 'disc@@', 'uss', 'economic', 'and', 'security', 'ties', ',', 'on', 'his', 'first', 'major', 'fore@@', 'ign', 'visi@@', 't', 'since', 'w@@', 'inn@@', 'ing', 'Ma@@', 'y', '&apos;s', 'elec@@', 'tion', '.']
2026-05-11 18:20:20,172 - DEBUG - joeynmt.training - 	Tokenized hypothesis: ['the', 'hotel', 'is', 'a', 'very', 'very', 'very', 'very', 'very', 'very', 'very', 'very', 'very', 'very', 'very', 'very', 'very', 'very', 'very', 'very', 'very', 'very', 'very', 'very', 'very', 'very', 'very', 'very', 'of', 'the', 'C@@', 'an@@', 'an@@', 'an@@', 'a', ',', 'and', 'the', 'C@@', 'an@@', 'an@@', 'a', ',', 'and', 'the', 'C@@', 'an@@', 'an@@', 'an@@', 'an@@', 'an@@', 'ks', 'of', 'the', 'world', '.', '</s>']
2026-05-11 18:20:20,173 - INFO - joeynmt.training - 	Source:     Indiens neuer Premierminister Narendra Modi trifft bei seinem ersten wichtigen Auslandsbesuch seit seinem Wahlsieg im Mai seinen japanischen Amtskollegen Shinzo Abe in Toko , um wirtschaftliche und sicherheitspolitische Beziehungen zu besprechen .
2026-05-11 18:20:20,173 - INFO - joeynmt.training - 	Reference:  India &apos;s new prime minister , Narendra Modi , is meeting his Japanese counterpart , Shinzo Abe , in Tokyo to discuss economic and security ties , on his first major foreign visit since winning May &apos;s election .
2026-05-11 18:20:20,173 - INFO - joeynmt.training - 	Hypothesis: the hotel is a very very very very very very very very very very very very very very very very very very very very very very very very of the Cananana , and the Canana , and the Canananananks of the world .
2026-05-11 18:20:20,173 - INFO - joeynmt.training - Example #2
2026-05-11 18:20:20,173 - DEBUG - joeynmt.training - 	Tokenized source:     ['Herr', 'Mo@@', 'd@@', 'i', 'befindet', 'sich', 'auf', 'einer', 'fü@@', 'n@@', 'f@@', 'tä@@', 'gi@@', 'gen', 'Rei@@', 'se', 'nach', 'J@@', 'ap@@', 'an', ',', 'um', 'die', 'wirtschaf@@', 'tlichen', 'Be@@', 'zieh@@', 'ungen', 'mit', 'der', 'd@@', 'rit@@', 't@@', 'größ@@', 'ten', 'Wirtschafts@@', 'n@@', 'ation', 'der', 'Welt', 'zu', 'fes@@', 'tigen', '.']
2026-05-11 18:20:20,173 - DEBUG - joeynmt.training - 	Tokenized reference:  ['Mr', 'Mo@@', 'd@@', 'i', 'is', 'on', 'a', 'fi@@', 've', '@@@', '-@@', '@', 'day', 'tri@@', 'p', 'to', 'J@@', 'ap@@', 'an', 'to', 'streng@@', 'then', 'economic', 'ties', 'with', 'the', 'third', 'lar@@', 'ges@@', 't', 'econom@@', 'y', 'in', 'the', 'world', '.']
2026-05-11 18:20:20,173 - DEBUG - joeynmt.training - 	Tokenized hypothesis: ['Mr', 'President', ',', 'the', 'first', ',', 'the', 're@@', 'la@@', 'x@@', 'ing', 'of', 'the', 're@@', 'la@@', 'x@@', 'ing', 'of', 'the', 'Member', 'States', ',', 'and', 'the', 'EU', ',', 'and', 'the', 'Member', 'States', '.', '</s>']
2026-05-11 18:20:20,173 - INFO - joeynmt.training - 	Source:     Herr Modi befindet sich auf einer fünftägigen Reise nach Japan , um die wirtschaftlichen Beziehungen mit der drittgrößten Wirtschaftsnation der Welt zu festigen .
2026-05-11 18:20:20,173 - INFO - joeynmt.training - 	Reference:  Mr Modi is on a five @-@ day trip to Japan to strengthen economic ties with the third largest economy in the world .
2026-05-11 18:20:20,173 - INFO - joeynmt.training - 	Hypothesis: Mr President , the first , the relaxing of the relaxing of the Member States , and the EU , and the Member States .
2026-05-11 18:20:20,173 - INFO - joeynmt.training - Example #3
2026-05-11 18:20:20,174 - DEBUG - joeynmt.training - 	Tokenized source:     ['P@@', 'län@@', 'e', 'für', 'eine', 'stärk@@', 'ere', 'k@@', 'ern@@', 'techn@@', 'ische', 'Zusammenarbeit', 'stehen', 'ganz', 'ob@@', 'en', 'auf', 'der', 'Tag@@', 'es@@', 'ordnung', '.']
2026-05-11 18:20:20,174 - DEBUG - joeynmt.training - 	Tokenized reference:  ['high', 'on', 'the', 'agen@@', 'da', 'are', 'pl@@', 'ans', 'for', 'gre@@', 'ater', 'nu@@', 'clear', 'c@@', 'o', '@@@', '-@@', '@', 'operation', '.']
2026-05-11 18:20:20,174 - DEBUG - joeynmt.training - 	Tokenized hypothesis: ['the', 'same', 'time', ',', 'the', 'EU', 'is', 'a', 'very', 'very', 'very', 'very', 'very', 'very', 'very', '.', '</s>']
2026-05-11 18:20:20,174 - INFO - joeynmt.training - 	Source:     Pläne für eine stärkere kerntechnische Zusammenarbeit stehen ganz oben auf der Tagesordnung .
2026-05-11 18:20:20,174 - INFO - joeynmt.training - 	Reference:  high on the agenda are plans for greater nuclear co @-@ operation .
2026-05-11 18:20:20,174 - INFO - joeynmt.training - 	Hypothesis: the same time , the EU is a very very very very very very very .
2026-05-11 18:20:20,174 - INFO - joeynmt.training - Example #4
2026-05-11 18:20:20,174 - DEBUG - joeynmt.training - 	Tokenized source:     ['Berich@@', 'ten', 'zu@@', 'fol@@', 'ge', 'ho@@', 'fft', 'Indi@@', 'en', 'darüber', 'hinaus', 'auf', 'einen', 'Ver@@', 'trag', 'zur', 'Ver@@', 'tei@@', 'dig@@', 'ungs@@', 'zusammen@@', 'arbeit', 'zwischen', 'den', 'beiden', 'N@@', 'ationen', '.']
2026-05-11 18:20:20,174 - DEBUG - joeynmt.training - 	Tokenized reference:  ['Indi@@', 'a', 'is', 'also', 're@@', 'porte@@', 'dly', 'hop@@', 'ing', 'for', 'a', 'de@@', 'al', 'on', 'def@@', 'ence', 'c@@', 'oll@@', 'ab@@', 'or@@', 'ation', 'between', 'the', 'two', 'n@@', 'ations', '.']
2026-05-11 18:20:20,174 - DEBUG - joeynmt.training - 	Tokenized hypothesis: ['this', 'is', 'the', 'Commission', 'to', 'be', 'able', 'to', 'be', 'able', 'to', 'be', 'able', 'to', 'be', 'able', 'to', 'be', 'able', 'to', 'be', 'able', 'to', 'be', 'able', 'to', 'be', 'able', 'to', 'be', 'able', 'to', 'be', 'able', 'to', 'be', 'be', 'be', 'be', 'a', '.', '</s>']
2026-05-11 18:20:20,174 - INFO - joeynmt.training - 	Source:     Berichten zufolge hofft Indien darüber hinaus auf einen Vertrag zur Verteidigungszusammenarbeit zwischen den beiden Nationen .
2026-05-11 18:20:20,174 - INFO - joeynmt.training - 	Reference:  India is also reportedly hoping for a deal on defence collaboration between the two nations .
2026-05-11 18:20:20,174 - INFO - joeynmt.training - 	Hypothesis: this is the Commission to be able to be able to be able to be able to be able to be able to be able to be able to be able to be able to be be be be a .
2026-05-11 18:20:58,154 - INFO - joeynmt.training - Epoch   1, Step:     1600, Batch Loss:     2.975006, Batch Acc: 0.235012, Tokens per Sec:     2440, Lr: 0.000300
2026-05-11 18:21:33,588 - INFO - joeynmt.training - Epoch   1, Step:     1700, Batch Loss:     2.882920, Batch Acc: 0.240592, Tokens per Sec:     2569, Lr: 0.000300
2026-05-11 18:22:16,402 - INFO - joeynmt.training - Epoch   1, Step:     1800, Batch Loss:     2.911437, Batch Acc: 0.242175, Tokens per Sec:     2141, Lr: 0.000300
2026-05-11 18:22:54,962 - INFO - joeynmt.training - Epoch   1, Step:     1900, Batch Loss:     2.847372, Batch Acc: 0.251316, Tokens per Sec:     2385, Lr: 0.000300
2026-05-11 18:23:27,150 - INFO - joeynmt.training - Epoch   1, Step:     2000, Batch Loss:     2.777993, Batch Acc: 0.255687, Tokens per Sec:     2841, Lr: 0.000300
2026-05-11 18:23:27,150 - INFO - joeynmt.prediction - Predicting 500 example(s)... (Greedy decoding with min_output_length=1, max_output_length=-1, return_prob='none', generate_unk=True, repetition_penalty=-1, no_repeat_ngram_size=-1)
2026-05-11 18:24:38,411 - INFO - joeynmt.prediction - Evaluation result (greedy) loss:   3.16, ppl:  23.54, acc:   0.20, generation: 71.2494[sec], evaluation: 0.0000[sec]
2026-05-11 18:24:38,413 - INFO - joeynmt.training - Hooray! New best validation result [ppl]!
2026-05-11 18:24:38,613 - INFO - joeynmt.training - Example #0
2026-05-11 18:24:38,614 - DEBUG - joeynmt.training - 	Tokenized source:     ['die', 'Pre@@', 'mi@@', 'er@@', 'minist@@', 'er', 'Indi@@', 'ens', 'und', 'J@@', 'ap@@', 'ans', 'tra@@', 'fen', 'sich', 'in', 'T@@', 'ok@@', 'i@@', 'o', '.']
2026-05-11 18:24:38,614 - DEBUG - joeynmt.training - 	Tokenized reference:  ['Indi@@', 'a', 'and', 'J@@', 'ap@@', 'an', 'pri@@', 'me', 'minist@@', 'ers', 'me@@', 'et', 'in', 'T@@', 'ok@@', 'y@@', 'o']
2026-05-11 18:24:38,614 - DEBUG - joeynmt.training - 	Tokenized hypothesis: ['the', 's@@', 'cre@@', 'en', 'and', 'the', 's@@', 'ou@@', 'th@@', 'th@@', 'th@@', 'y', 'and', 'the', 's@@', 'li@@', 'gh@@', 't@@', 'ter', '.', '</s>']
2026-05-11 18:24:38,614 - INFO - joeynmt.training - 	Source:     die Premierminister Indiens und Japans trafen sich in Tokio .
2026-05-11 18:24:38,614 - INFO - joeynmt.training - 	Reference:  India and Japan prime ministers meet in Tokyo
2026-05-11 18:24:38,614 - INFO - joeynmt.training - 	Hypothesis: the screen and the southththy and the slightter .
2026-05-11 18:24:38,614 - INFO - joeynmt.training - Example #1
2026-05-11 18:24:38,614 - DEBUG - joeynmt.training - 	Tokenized source:     ['Indi@@', 'ens', 'neu@@', 'er', 'Pre@@', 'mi@@', 'er@@', 'minist@@', 'er', 'N@@', 'ar@@', 'end@@', 'ra', 'Mo@@', 'd@@', 'i', 'tri@@', 'fft', 'bei', 's@@', 'einem', 'ersten', 'wichti@@', 'gen', 'Aus@@', 'land@@', 's@@', 'bes@@', 'u@@', 'ch', 'seit', 's@@', 'einem', 'W@@', 'ah@@', 'l@@', 'si@@', 'e@@', 'g', 'im', 'Ma@@', 'i', 'seinen', 'j@@', 'ap@@', 'an@@', 'ischen', 'Am@@', 'ts@@', 'k@@', 'olle@@', 'gen', 'S@@', 'hin@@', 'z@@', 'o', 'A@@', 'be', 'in', 'T@@', 'ok@@', 'o', ',', 'um', 'wirtschaf@@', 'tliche', 'und', 'sicher@@', 'heits@@', 'politische', 'Be@@', 'zieh@@', 'ungen', 'zu', 'bes@@', 'pre@@', 'chen', '.']
2026-05-11 18:24:38,614 - DEBUG - joeynmt.training - 	Tokenized reference:  ['Indi@@', 'a', '&apos;s', 'new', 'pri@@', 'me', 'minist@@', 'er', ',', 'N@@', 'ar@@', 'end@@', 'ra', 'Mo@@', 'd@@', 'i', ',', 'is', 'me@@', 'eting', 'his', 'J@@', 'ap@@', 'an@@', 'ese', 'coun@@', 'ter@@', 'part', ',', 'S@@', 'hin@@', 'z@@', 'o', 'A@@', 'be', ',', 'in', 'T@@', 'ok@@', 'y@@', 'o', 'to', 'disc@@', 'uss', 'economic', 'and', 'security', 'ties', ',', 'on', 'his', 'first', 'major', 'fore@@', 'ign', 'visi@@', 't', 'since', 'w@@', 'inn@@', 'ing', 'Ma@@', 'y', '&apos;s', 'elec@@', 'tion', '.']
2026-05-11 18:24:38,614 - DEBUG - joeynmt.training - 	Tokenized hypothesis: ['the', 'first', 'of', 'the', 'C@@', 'a@@', 'a@@', 'a@@', 'in', 'the', 'S@@', 'ec@@', 't@@', 'i', ',', 'the', 'first', 'first', 'of', 'the', 'first', 'of', 'the', 'first', 'of', 'the', 'first', 'of', 'the', 'C@@', 'a@@', 'a@@', 'a@@', 'a@@', 'in', 'the', 'C@@', 'a@@', 'a@@', 'a@@', 'in', 'the', 'C@@', 'a@@', 'a@@', 'a@@', 'a@@', 'in', 'the', 'C@@', 'a@@', 'a@@', 'a@@', 'a@@', 'in', 'the', 'C@@', 'a@@', 'a@@', 'a@@', 'in', 'the', 'S@@', 'ec@@', 'urity', ',', 'and', 'the', 'C@@', 'or@@', 'or@@', 'ro@@', 'ro@@', 'w', '.', '</s>']
2026-05-11 18:24:38,615 - INFO - joeynmt.training - 	Source:     Indiens neuer Premierminister Narendra Modi trifft bei seinem ersten wichtigen Auslandsbesuch seit seinem Wahlsieg im Mai seinen japanischen Amtskollegen Shinzo Abe in Toko , um wirtschaftliche und sicherheitspolitische Beziehungen zu besprechen .
2026-05-11 18:24:38,615 - INFO - joeynmt.training - 	Reference:  India &apos;s new prime minister , Narendra Modi , is meeting his Japanese counterpart , Shinzo Abe , in Tokyo to discuss economic and security ties , on his first major foreign visit since winning May &apos;s election .
2026-05-11 18:24:38,615 - INFO - joeynmt.training - 	Hypothesis: the first of the Caaain the Secti , the first first of the first of the first of the first of the Caaaain the Caaain the Caaaain the Caaaain the Caaain the Security , and the Cororrorow .
2026-05-11 18:24:38,615 - INFO - joeynmt.training - Example #2
2026-05-11 18:24:38,615 - DEBUG - joeynmt.training - 	Tokenized source:     ['Herr', 'Mo@@', 'd@@', 'i', 'befindet', 'sich', 'auf', 'einer', 'fü@@', 'n@@', 'f@@', 'tä@@', 'gi@@', 'gen', 'Rei@@', 'se', 'nach', 'J@@', 'ap@@', 'an', ',', 'um', 'die', 'wirtschaf@@', 'tlichen', 'Be@@', 'zieh@@', 'ungen', 'mit', 'der', 'd@@', 'rit@@', 't@@', 'größ@@', 'ten', 'Wirtschafts@@', 'n@@', 'ation', 'der', 'Welt', 'zu', 'fes@@', 'tigen', '.']
2026-05-11 18:24:38,615 - DEBUG - joeynmt.training - 	Tokenized reference:  ['Mr', 'Mo@@', 'd@@', 'i', 'is', 'on', 'a', 'fi@@', 've', '@@@', '-@@', '@', 'day', 'tri@@', 'p', 'to', 'J@@', 'ap@@', 'an', 'to', 'streng@@', 'then', 'economic', 'ties', 'with', 'the', 'third', 'lar@@', 'ges@@', 't', 'econom@@', 'y', 'in', 'the', 'world', '.']
2026-05-11 18:24:38,615 - DEBUG - joeynmt.training - 	Tokenized hypothesis: ['Mr', 'President', ',', 'the', 's@@', 'ou@@', 'th@@', 'ern', 'is', 'a', 'good', 'good', 'of', 'the', 're@@', 'mo@@', 'vement', 'of', 'the', 'most', 'important', 'important', 'of', 'the', 'EU', '&apos;s', 'pro@@', 'mo@@', 'tion', 'of', 'the', 'EU', '&apos;s', 'pro@@', 'per@@', 'ty', '.', '</s>']
2026-05-11 18:24:38,615 - INFO - joeynmt.training - 	Source:     Herr Modi befindet sich auf einer fünftägigen Reise nach Japan , um die wirtschaftlichen Beziehungen mit der drittgrößten Wirtschaftsnation der Welt zu festigen .
2026-05-11 18:24:38,615 - INFO - joeynmt.training - 	Reference:  Mr Modi is on a five @-@ day trip to Japan to strengthen economic ties with the third largest economy in the world .
2026-05-11 18:24:38,615 - INFO - joeynmt.training - 	Hypothesis: Mr President , the southern is a good good of the removement of the most important important of the EU &apos;s promotion of the EU &apos;s property .
2026-05-11 18:24:38,615 - INFO - joeynmt.training - Example #3
2026-05-11 18:24:38,615 - DEBUG - joeynmt.training - 	Tokenized source:     ['P@@', 'län@@', 'e', 'für', 'eine', 'stärk@@', 'ere', 'k@@', 'ern@@', 'techn@@', 'ische', 'Zusammenarbeit', 'stehen', 'ganz', 'ob@@', 'en', 'auf', 'der', 'Tag@@', 'es@@', 'ordnung', '.']
2026-05-11 18:24:38,616 - DEBUG - joeynmt.training - 	Tokenized reference:  ['high', 'on', 'the', 'agen@@', 'da', 'are', 'pl@@', 'ans', 'for', 'gre@@', 'ater', 'nu@@', 'clear', 'c@@', 'o', '@@@', '-@@', '@', 'operation', '.']
2026-05-11 18:24:38,616 - DEBUG - joeynmt.training - 	Tokenized hypothesis: ['the', 'new', 'new', 'new', 'new', 'new', 'new', 'new', 'new', 'new', 'new', 'new', 'new', 'new', 'new', 'new', 'new', 'new', 'new', 'new', 'new', '.', '</s>']
2026-05-11 18:24:38,616 - INFO - joeynmt.training - 	Source:     Pläne für eine stärkere kerntechnische Zusammenarbeit stehen ganz oben auf der Tagesordnung .
2026-05-11 18:24:38,616 - INFO - joeynmt.training - 	Reference:  high on the agenda are plans for greater nuclear co @-@ operation .
2026-05-11 18:24:38,616 - INFO - joeynmt.training - 	Hypothesis: the new new new new new new new new new new new new new new new new new new new new .
2026-05-11 18:24:38,616 - INFO - joeynmt.training - Example #4
2026-05-11 18:24:38,616 - DEBUG - joeynmt.training - 	Tokenized source:     ['Berich@@', 'ten', 'zu@@', 'fol@@', 'ge', 'ho@@', 'fft', 'Indi@@', 'en', 'darüber', 'hinaus', 'auf', 'einen', 'Ver@@', 'trag', 'zur', 'Ver@@', 'tei@@', 'dig@@', 'ungs@@', 'zusammen@@', 'arbeit', 'zwischen', 'den', 'beiden', 'N@@', 'ationen', '.']
2026-05-11 18:24:38,616 - DEBUG - joeynmt.training - 	Tokenized reference:  ['Indi@@', 'a', 'is', 'also', 're@@', 'porte@@', 'dly', 'hop@@', 'ing', 'for', 'a', 'de@@', 'al', 'on', 'def@@', 'ence', 'c@@', 'oll@@', 'ab@@', 'or@@', 'ation', 'between', 'the', 'two', 'n@@', 'ations', '.']
2026-05-11 18:24:38,616 - DEBUG - joeynmt.training - 	Tokenized hypothesis: ['the', 'first', 'first', 'of', 'the', 're@@', 'mo@@', 'vement', 'of', 'the', 're@@', 'mo@@', 'vement', 'of', 'the', 're@@', 'fle@@', 'c@@', 'ted', 'by', 'the', 'e@@', 'duc@@', 'ation', 'of', 'the', 're@@', 'mo@@', 'vement', 'of', 'the', 're@@', 'lev@@', 'ant', '.', '</s>']
2026-05-11 18:24:38,616 - INFO - joeynmt.training - 	Source:     Berichten zufolge hofft Indien darüber hinaus auf einen Vertrag zur Verteidigungszusammenarbeit zwischen den beiden Nationen .
2026-05-11 18:24:38,616 - INFO - joeynmt.training - 	Reference:  India is also reportedly hoping for a deal on defence collaboration between the two nations .
2026-05-11 18:24:38,617 - INFO - joeynmt.training - 	Hypothesis: the first first of the removement of the removement of the reflected by the education of the removement of the relevant .
2026-05-11 18:25:07,210 - INFO - joeynmt.training - Epoch   1, Step:     2100, Batch Loss:     2.738431, Batch Acc: 0.260183, Tokens per Sec:     3195, Lr: 0.000300
2026-05-11 18:25:33,785 - INFO - joeynmt.training - Epoch   1, Step:     2200, Batch Loss:     2.770041, Batch Acc: 0.261099, Tokens per Sec:     3438, Lr: 0.000300
2026-05-11 18:25:59,675 - INFO - joeynmt.training - Epoch   1, Step:     2300, Batch Loss:     2.984267, Batch Acc: 0.264406, Tokens per Sec:     3525, Lr: 0.000300
2026-05-11 18:26:26,069 - INFO - joeynmt.training - Epoch   1, Step:     2400, Batch Loss:     2.825418, Batch Acc: 0.275966, Tokens per Sec:     3401, Lr: 0.000300
2026-05-11 18:26:53,090 - INFO - joeynmt.training - Epoch   1, Step:     2500, Batch Loss:     2.808558, Batch Acc: 0.273529, Tokens per Sec:     3332, Lr: 0.000300
2026-05-11 18:26:53,090 - INFO - joeynmt.prediction - Predicting 500 example(s)... (Greedy decoding with min_output_length=1, max_output_length=-1, return_prob='none', generate_unk=True, repetition_penalty=-1, no_repeat_ngram_size=-1)
2026-05-11 18:28:10,380 - INFO - joeynmt.prediction - Evaluation result (greedy) loss:   3.08, ppl:  21.76, acc:   0.22, generation: 77.2793[sec], evaluation: 0.0000[sec]
2026-05-11 18:28:10,383 - INFO - joeynmt.training - Hooray! New best validation result [ppl]!
2026-05-11 18:28:10,586 - INFO - joeynmt.training - Example #0
2026-05-11 18:28:10,586 - DEBUG - joeynmt.training - 	Tokenized source:     ['die', 'Pre@@', 'mi@@', 'er@@', 'minist@@', 'er', 'Indi@@', 'ens', 'und', 'J@@', 'ap@@', 'ans', 'tra@@', 'fen', 'sich', 'in', 'T@@', 'ok@@', 'i@@', 'o', '.']
2026-05-11 18:28:10,586 - DEBUG - joeynmt.training - 	Tokenized reference:  ['Indi@@', 'a', 'and', 'J@@', 'ap@@', 'an', 'pri@@', 'me', 'minist@@', 'ers', 'me@@', 'et', 'in', 'T@@', 'ok@@', 'y@@', 'o']
2026-05-11 18:28:10,586 - DEBUG - joeynmt.training - 	Tokenized hypothesis: ['the', 'b@@', 'as@@', 'ks', 'of', 'the', 'C@@', 'our@@', 't', 'and', 'the', 'S@@', 'outh', 'and', '.', '</s>']
2026-05-11 18:28:10,586 - INFO - joeynmt.training - 	Source:     die Premierminister Indiens und Japans trafen sich in Tokio .
2026-05-11 18:28:10,586 - INFO - joeynmt.training - 	Reference:  India and Japan prime ministers meet in Tokyo
2026-05-11 18:28:10,586 - INFO - joeynmt.training - 	Hypothesis: the basks of the Court and the South and .
2026-05-11 18:28:10,587 - INFO - joeynmt.training - Example #1
2026-05-11 18:28:10,587 - DEBUG - joeynmt.training - 	Tokenized source:     ['Indi@@', 'ens', 'neu@@', 'er', 'Pre@@', 'mi@@', 'er@@', 'minist@@', 'er', 'N@@', 'ar@@', 'end@@', 'ra', 'Mo@@', 'd@@', 'i', 'tri@@', 'fft', 'bei', 's@@', 'einem', 'ersten', 'wichti@@', 'gen', 'Aus@@', 'land@@', 's@@', 'bes@@', 'u@@', 'ch', 'seit', 's@@', 'einem', 'W@@', 'ah@@', 'l@@', 'si@@', 'e@@', 'g', 'im', 'Ma@@', 'i', 'seinen', 'j@@', 'ap@@', 'an@@', 'ischen', 'Am@@', 'ts@@', 'k@@', 'olle@@', 'gen', 'S@@', 'hin@@', 'z@@', 'o', 'A@@', 'be', 'in', 'T@@', 'ok@@', 'o', ',', 'um', 'wirtschaf@@', 'tliche', 'und', 'sicher@@', 'heits@@', 'politische', 'Be@@', 'zieh@@', 'ungen', 'zu', 'bes@@', 'pre@@', 'chen', '.']
2026-05-11 18:28:10,587 - DEBUG - joeynmt.training - 	Tokenized reference:  ['Indi@@', 'a', '&apos;s', 'new', 'pri@@', 'me', 'minist@@', 'er', ',', 'N@@', 'ar@@', 'end@@', 'ra', 'Mo@@', 'd@@', 'i', ',', 'is', 'me@@', 'eting', 'his', 'J@@', 'ap@@', 'an@@', 'ese', 'coun@@', 'ter@@', 'part', ',', 'S@@', 'hin@@', 'z@@', 'o', 'A@@', 'be', ',', 'in', 'T@@', 'ok@@', 'y@@', 'o', 'to', 'disc@@', 'uss', 'economic', 'and', 'security', 'ties', ',', 'on', 'his', 'first', 'major', 'fore@@', 'ign', 'visi@@', 't', 'since', 'w@@', 'inn@@', 'ing', 'Ma@@', 'y', '&apos;s', 'elec@@', 'tion', '.']
2026-05-11 18:28:10,587 - DEBUG - joeynmt.training - 	Tokenized hypothesis: ['in', 'the', 'first', 'of', 'the', 'S@@', 'S@@', 'S@@', 'S@@', 'S@@', 'S@@', 'S@@', 'S@@', 'S@@', 'S@@', 'S@@', 'S@@', 'S@@', 'S@@', 'S@@', 'S@@', 'S@@', 'S@@', 'S@@', 'S@@', 'S@@', 'outh', 'S@@', 'outh', 'S@@', 'ep@@', 'tem@@', 'ber', ',', 'the', 'most', 'of', 'the', 'S@@', 'an@@', 'o', ',', 'the', 'S@@', 'an@@', 'o', ',', 'the', 'S@@', 'at@@', 'o', ',', 'the', 'most', 'important', 'important', 'and', 'the', 'most', 'important', 'important', 'of', 'the', 'S@@', 'wi@@', 'tz@@', 'er@@', 'land', ',', 'the', 'S@@', 'ep@@', 'tem@@', 'tem@@', 'tem@@', 'ber', '.', '</s>']
2026-05-11 18:28:10,587 - INFO - joeynmt.training - 	Source:     Indiens neuer Premierminister Narendra Modi trifft bei seinem ersten wichtigen Auslandsbesuch seit seinem Wahlsieg im Mai seinen japanischen Amtskollegen Shinzo Abe in Toko , um wirtschaftliche und sicherheitspolitische Beziehungen zu besprechen .
2026-05-11 18:28:10,587 - INFO - joeynmt.training - 	Reference:  India &apos;s new prime minister , Narendra Modi , is meeting his Japanese counterpart , Shinzo Abe , in Tokyo to discuss economic and security ties , on his first major foreign visit since winning May &apos;s election .
2026-05-11 18:28:10,587 - INFO - joeynmt.training - 	Hypothesis: in the first of the SSSSSSSSSSSSSSSSSSSSSouth South September , the most of the Sano , the Sano , the Sato , the most important important and the most important important of the Switzerland , the Septemtemtember .
2026-05-11 18:28:10,587 - INFO - joeynmt.training - Example #2
2026-05-11 18:28:10,587 - DEBUG - joeynmt.training - 	Tokenized source:     ['Herr', 'Mo@@', 'd@@', 'i', 'befindet', 'sich', 'auf', 'einer', 'fü@@', 'n@@', 'f@@', 'tä@@', 'gi@@', 'gen', 'Rei@@', 'se', 'nach', 'J@@', 'ap@@', 'an', ',', 'um', 'die', 'wirtschaf@@', 'tlichen', 'Be@@', 'zieh@@', 'ungen', 'mit', 'der', 'd@@', 'rit@@', 't@@', 'größ@@', 'ten', 'Wirtschafts@@', 'n@@', 'ation', 'der', 'Welt', 'zu', 'fes@@', 'tigen', '.']
2026-05-11 18:28:10,587 - DEBUG - joeynmt.training - 	Tokenized reference:  ['Mr', 'Mo@@', 'd@@', 'i', 'is', 'on', 'a', 'fi@@', 've', '@@@', '-@@', '@', 'day', 'tri@@', 'p', 'to', 'J@@', 'ap@@', 'an', 'to', 'streng@@', 'then', 'economic', 'ties', 'with', 'the', 'third', 'lar@@', 'ges@@', 't', 'econom@@', 'y', 'in', 'the', 'world', '.']
2026-05-11 18:28:10,587 - DEBUG - joeynmt.training - 	Tokenized hypothesis: ['Mr', 'President', ',', 'the', 'most', 'important', 'important', 'of', 'the', 'most', 'important', 'important', ',', 'the', 'most', 'important', 'of', 'the', 'world', ',', 'the', 'world', 'of', 'the', 'world', 'of', 'the', 'European', 'Union', '.', '</s>']
2026-05-11 18:28:10,587 - INFO - joeynmt.training - 	Source:     Herr Modi befindet sich auf einer fünftägigen Reise nach Japan , um die wirtschaftlichen Beziehungen mit der drittgrößten Wirtschaftsnation der Welt zu festigen .
2026-05-11 18:28:10,587 - INFO - joeynmt.training - 	Reference:  Mr Modi is on a five @-@ day trip to Japan to strengthen economic ties with the third largest economy in the world .
2026-05-11 18:28:10,587 - INFO - joeynmt.training - 	Hypothesis: Mr President , the most important important of the most important important , the most important of the world , the world of the world of the European Union .
2026-05-11 18:28:10,587 - INFO - joeynmt.training - Example #3
2026-05-11 18:28:10,588 - DEBUG - joeynmt.training - 	Tokenized source:     ['P@@', 'län@@', 'e', 'für', 'eine', 'stärk@@', 'ere', 'k@@', 'ern@@', 'techn@@', 'ische', 'Zusammenarbeit', 'stehen', 'ganz', 'ob@@', 'en', 'auf', 'der', 'Tag@@', 'es@@', 'ordnung', '.']
2026-05-11 18:28:10,588 - DEBUG - joeynmt.training - 	Tokenized reference:  ['high', 'on', 'the', 'agen@@', 'da', 'are', 'pl@@', 'ans', 'for', 'gre@@', 'ater', 'nu@@', 'clear', 'c@@', 'o', '@@@', '-@@', '@', 'operation', '.']
2026-05-11 18:28:10,588 - DEBUG - joeynmt.training - 	Tokenized hypothesis: ['the', 'S@@', 'outh', 'is', 'a', 'con@@', 'text', 'of', 'the', 'new', 'information', 'information', 'on', 'the', 're@@', 'lev@@', 'ant', '.', '</s>']
2026-05-11 18:28:10,588 - INFO - joeynmt.training - 	Source:     Pläne für eine stärkere kerntechnische Zusammenarbeit stehen ganz oben auf der Tagesordnung .
2026-05-11 18:28:10,588 - INFO - joeynmt.training - 	Reference:  high on the agenda are plans for greater nuclear co @-@ operation .
2026-05-11 18:28:10,588 - INFO - joeynmt.training - 	Hypothesis: the South is a context of the new information information on the relevant .
2026-05-11 18:28:10,588 - INFO - joeynmt.training - Example #4
2026-05-11 18:28:10,588 - DEBUG - joeynmt.training - 	Tokenized source:     ['Berich@@', 'ten', 'zu@@', 'fol@@', 'ge', 'ho@@', 'fft', 'Indi@@', 'en', 'darüber', 'hinaus', 'auf', 'einen', 'Ver@@', 'trag', 'zur', 'Ver@@', 'tei@@', 'dig@@', 'ungs@@', 'zusammen@@', 'arbeit', 'zwischen', 'den', 'beiden', 'N@@', 'ationen', '.']
2026-05-11 18:28:10,588 - DEBUG - joeynmt.training - 	Tokenized reference:  ['Indi@@', 'a', 'is', 'also', 're@@', 'porte@@', 'dly', 'hop@@', 'ing', 'for', 'a', 'de@@', 'al', 'on', 'def@@', 'ence', 'c@@', 'oll@@', 'ab@@', 'or@@', 'ation', 'between', 'the', 'two', 'n@@', 'ations', '.']
2026-05-11 18:28:10,588 - DEBUG - joeynmt.training - 	Tokenized hypothesis: ['report', 'on', 'the', 'report', 'on', 'the', 'proposal', 'of', 'the', 'new', 'new', 'new', 'new', 'new', 'new', 'new', 'between', 'the', 'new', 'new', 'new', 'new', '.', '</s>']
2026-05-11 18:28:10,588 - INFO - joeynmt.training - 	Source:     Berichten zufolge hofft Indien darüber hinaus auf einen Vertrag zur Verteidigungszusammenarbeit zwischen den beiden Nationen .
2026-05-11 18:28:10,588 - INFO - joeynmt.training - 	Reference:  India is also reportedly hoping for a deal on defence collaboration between the two nations .
2026-05-11 18:28:10,588 - INFO - joeynmt.training - 	Hypothesis: report on the report on the proposal of the new new new new new new new between the new new new new .
2026-05-11 18:28:36,319 - INFO - joeynmt.training - Epoch   1, Step:     2600, Batch Loss:     2.657185, Batch Acc: 0.282068, Tokens per Sec:     3564, Lr: 0.000300
2026-05-11 18:29:02,136 - INFO - joeynmt.training - Epoch   1, Step:     2700, Batch Loss:     2.713584, Batch Acc: 0.282347, Tokens per Sec:     3580, Lr: 0.000300
2026-05-11 18:29:28,823 - INFO - joeynmt.training - Epoch   1, Step:     2800, Batch Loss:     2.729471, Batch Acc: 0.282592, Tokens per Sec:     3447, Lr: 0.000300
2026-05-11 18:29:54,976 - INFO - joeynmt.training - Epoch   1, Step:     2900, Batch Loss:     2.690324, Batch Acc: 0.288950, Tokens per Sec:     3492, Lr: 0.000300
2026-05-11 18:30:21,776 - INFO - joeynmt.training - Epoch   1, Step:     3000, Batch Loss:     2.581820, Batch Acc: 0.291505, Tokens per Sec:     3438, Lr: 0.000300
2026-05-11 18:30:21,777 - INFO - joeynmt.prediction - Predicting 500 example(s)... (Greedy decoding with min_output_length=1, max_output_length=-1, return_prob='none', generate_unk=True, repetition_penalty=-1, no_repeat_ngram_size=-1)
2026-05-11 18:31:43,488 - INFO - joeynmt.prediction - Evaluation result (greedy) loss:   3.01, ppl:  20.30, acc:   0.23, generation: 81.7013[sec], evaluation: 0.0000[sec]
2026-05-11 18:31:43,491 - INFO - joeynmt.training - Hooray! New best validation result [ppl]!
2026-05-11 18:31:43,887 - INFO - joeynmt.helpers - delete models/deen_transformer_pre/500.ckpt
2026-05-11 18:31:43,895 - INFO - joeynmt.training - Example #0
2026-05-11 18:31:43,895 - DEBUG - joeynmt.training - 	Tokenized source:     ['die', 'Pre@@', 'mi@@', 'er@@', 'minist@@', 'er', 'Indi@@', 'ens', 'und', 'J@@', 'ap@@', 'ans', 'tra@@', 'fen', 'sich', 'in', 'T@@', 'ok@@', 'i@@', 'o', '.']
2026-05-11 18:31:43,895 - DEBUG - joeynmt.training - 	Tokenized reference:  ['Indi@@', 'a', 'and', 'J@@', 'ap@@', 'an', 'pri@@', 'me', 'minist@@', 'ers', 'me@@', 'et', 'in', 'T@@', 'ok@@', 'y@@', 'o']
2026-05-11 18:31:43,895 - DEBUG - joeynmt.training - 	Tokenized hypothesis: ['the', 'C@@', 'our@@', 't', 'of', 'the', 'C@@', 'ity', 'and', 'and', 'the', 'C@@', 'al@@', 'o', '.', '</s>']
2026-05-11 18:31:43,895 - INFO - joeynmt.training - 	Source:     die Premierminister Indiens und Japans trafen sich in Tokio .
2026-05-11 18:31:43,895 - INFO - joeynmt.training - 	Reference:  India and Japan prime ministers meet in Tokyo
2026-05-11 18:31:43,895 - INFO - joeynmt.training - 	Hypothesis: the Court of the City and and the Calo .
2026-05-11 18:31:43,895 - INFO - joeynmt.training - Example #1
2026-05-11 18:31:43,895 - DEBUG - joeynmt.training - 	Tokenized source:     ['Indi@@', 'ens', 'neu@@', 'er', 'Pre@@', 'mi@@', 'er@@', 'minist@@', 'er', 'N@@', 'ar@@', 'end@@', 'ra', 'Mo@@', 'd@@', 'i', 'tri@@', 'fft', 'bei', 's@@', 'einem', 'ersten', 'wichti@@', 'gen', 'Aus@@', 'land@@', 's@@', 'bes@@', 'u@@', 'ch', 'seit', 's@@', 'einem', 'W@@', 'ah@@', 'l@@', 'si@@', 'e@@', 'g', 'im', 'Ma@@', 'i', 'seinen', 'j@@', 'ap@@', 'an@@', 'ischen', 'Am@@', 'ts@@', 'k@@', 'olle@@', 'gen', 'S@@', 'hin@@', 'z@@', 'o', 'A@@', 'be', 'in', 'T@@', 'ok@@', 'o', ',', 'um', 'wirtschaf@@', 'tliche', 'und', 'sicher@@', 'heits@@', 'politische', 'Be@@', 'zieh@@', 'ungen', 'zu', 'bes@@', 'pre@@', 'chen', '.']
2026-05-11 18:31:43,895 - DEBUG - joeynmt.training - 	Tokenized reference:  ['Indi@@', 'a', '&apos;s', 'new', 'pri@@', 'me', 'minist@@', 'er', ',', 'N@@', 'ar@@', 'end@@', 'ra', 'Mo@@', 'd@@', 'i', ',', 'is', 'me@@', 'eting', 'his', 'J@@', 'ap@@', 'an@@', 'ese', 'coun@@', 'ter@@', 'part', ',', 'S@@', 'hin@@', 'z@@', 'o', 'A@@', 'be', ',', 'in', 'T@@', 'ok@@', 'y@@', 'o', 'to', 'disc@@', 'uss', 'economic', 'and', 'security', 'ties', ',', 'on', 'his', 'first', 'major', 'fore@@', 'ign', 'visi@@', 't', 'since', 'w@@', 'inn@@', 'ing', 'Ma@@', 'y', '&apos;s', 'elec@@', 'tion', '.']
2026-05-11 18:31:43,895 - DEBUG - joeynmt.training - 	Tokenized hypothesis: ['in', 'the', 'new', 'S@@', 'ep@@', 'h@@', 'on@@', 'oura@@', 'ble', 'C@@', 'or@@', 'a', '&apos;s', '&apos;s', '&apos;s', 'most', 'important', 'important', 'important', 'important', 'for', 'a', 'very', 'very', 'very', 'important', 'in', 'the', 'first', 'time', 'of', 'the', 'first', 'time', 'of', 'the', 'first', 'time', 'of', 'the', 'first', 'time', ',', 'and', 'the', 'first', 'time', ',', 'in', 'the', 'first', 'time', ',', 'and', 'the', 'e@@', 'as@@', 'y', 'of', 'the', 'European', 'Union', '.', '</s>']
2026-05-11 18:31:43,896 - INFO - joeynmt.training - 	Source:     Indiens neuer Premierminister Narendra Modi trifft bei seinem ersten wichtigen Auslandsbesuch seit seinem Wahlsieg im Mai seinen japanischen Amtskollegen Shinzo Abe in Toko , um wirtschaftliche und sicherheitspolitische Beziehungen zu besprechen .
2026-05-11 18:31:43,896 - INFO - joeynmt.training - 	Reference:  India &apos;s new prime minister , Narendra Modi , is meeting his Japanese counterpart , Shinzo Abe , in Tokyo to discuss economic and security ties , on his first major foreign visit since winning May &apos;s election .
2026-05-11 18:31:43,896 - INFO - joeynmt.training - 	Hypothesis: in the new Sephonourable Cora &apos;s &apos;s &apos;s most important important important important for a very very very important in the first time of the first time of the first time of the first time , and the first time , in the first time , and the easy of the European Union .
2026-05-11 18:31:43,896 - INFO - joeynmt.training - Example #2
2026-05-11 18:31:43,896 - DEBUG - joeynmt.training - 	Tokenized source:     ['Herr', 'Mo@@', 'd@@', 'i', 'befindet', 'sich', 'auf', 'einer', 'fü@@', 'n@@', 'f@@', 'tä@@', 'gi@@', 'gen', 'Rei@@', 'se', 'nach', 'J@@', 'ap@@', 'an', ',', 'um', 'die', 'wirtschaf@@', 'tlichen', 'Be@@', 'zieh@@', 'ungen', 'mit', 'der', 'd@@', 'rit@@', 't@@', 'größ@@', 'ten', 'Wirtschafts@@', 'n@@', 'ation', 'der', 'Welt', 'zu', 'fes@@', 'tigen', '.']
2026-05-11 18:31:43,896 - DEBUG - joeynmt.training - 	Tokenized reference:  ['Mr', 'Mo@@', 'd@@', 'i', 'is', 'on', 'a', 'fi@@', 've', '@@@', '-@@', '@', 'day', 'tri@@', 'p', 'to', 'J@@', 'ap@@', 'an', 'to', 'streng@@', 'then', 'economic', 'ties', 'with', 'the', 'third', 'lar@@', 'ges@@', 't', 'econom@@', 'y', 'in', 'the', 'world', '.']
2026-05-11 18:31:43,896 - DEBUG - joeynmt.training - 	Tokenized hypothesis: ['Mr', 'President', ',', 'the', 'C@@', 'a@@', 'di@@', 'o', 'is', 'a', 'very', 'good', 'de@@', 'sign', 'of', 'the', 'C@@', 'our@@', 't', 'of', 'the', 'world', ',', 'the', 'world', '&apos;s', 'economic', 'and', 'the', 'world', '&apos;s', 'econom@@', 'y', '.', '</s>']
2026-05-11 18:31:43,896 - INFO - joeynmt.training - 	Source:     Herr Modi befindet sich auf einer fünftägigen Reise nach Japan , um die wirtschaftlichen Beziehungen mit der drittgrößten Wirtschaftsnation der Welt zu festigen .
2026-05-11 18:31:43,896 - INFO - joeynmt.training - 	Reference:  Mr Modi is on a five @-@ day trip to Japan to strengthen economic ties with the third largest economy in the world .
2026-05-11 18:31:43,896 - INFO - joeynmt.training - 	Hypothesis: Mr President , the Cadio is a very good design of the Court of the world , the world &apos;s economic and the world &apos;s economy .
2026-05-11 18:31:43,896 - INFO - joeynmt.training - Example #3
2026-05-11 18:31:43,896 - DEBUG - joeynmt.training - 	Tokenized source:     ['P@@', 'län@@', 'e', 'für', 'eine', 'stärk@@', 'ere', 'k@@', 'ern@@', 'techn@@', 'ische', 'Zusammenarbeit', 'stehen', 'ganz', 'ob@@', 'en', 'auf', 'der', 'Tag@@', 'es@@', 'ordnung', '.']
2026-05-11 18:31:43,896 - DEBUG - joeynmt.training - 	Tokenized reference:  ['high', 'on', 'the', 'agen@@', 'da', 'are', 'pl@@', 'ans', 'for', 'gre@@', 'ater', 'nu@@', 'clear', 'c@@', 'o', '@@@', '-@@', '@', 'operation', '.']
2026-05-11 18:31:43,896 - DEBUG - joeynmt.training - 	Tokenized hypothesis: ['the', 'development', 'of', 'a', 'more', 'more', 'more', 'more', 'more', 'more', 'than', 'the', 'work', 'of', 'the', 'Committee', 'on', 'the', 'C@@', 'our@@', 't', 'of', 'the', 'Committee', '.', '</s>']
2026-05-11 18:31:43,896 - INFO - joeynmt.training - 	Source:     Pläne für eine stärkere kerntechnische Zusammenarbeit stehen ganz oben auf der Tagesordnung .
2026-05-11 18:31:43,896 - INFO - joeynmt.training - 	Reference:  high on the agenda are plans for greater nuclear co @-@ operation .
2026-05-11 18:31:43,896 - INFO - joeynmt.training - 	Hypothesis: the development of a more more more more more more than the work of the Committee on the Court of the Committee .
2026-05-11 18:31:43,896 - INFO - joeynmt.training - Example #4
2026-05-11 18:31:43,897 - DEBUG - joeynmt.training - 	Tokenized source:     ['Berich@@', 'ten', 'zu@@', 'fol@@', 'ge', 'ho@@', 'fft', 'Indi@@', 'en', 'darüber', 'hinaus', 'auf', 'einen', 'Ver@@', 'trag', 'zur', 'Ver@@', 'tei@@', 'dig@@', 'ungs@@', 'zusammen@@', 'arbeit', 'zwischen', 'den', 'beiden', 'N@@', 'ationen', '.']
2026-05-11 18:31:43,897 - DEBUG - joeynmt.training - 	Tokenized reference:  ['Indi@@', 'a', 'is', 'also', 're@@', 'porte@@', 'dly', 'hop@@', 'ing', 'for', 'a', 'de@@', 'al', 'on', 'def@@', 'ence', 'c@@', 'oll@@', 'ab@@', 'or@@', 'ation', 'between', 'the', 'two', 'n@@', 'ations', '.']
2026-05-11 18:31:43,897 - DEBUG - joeynmt.training - 	Tokenized hypothesis: ['the', 'report', 'is', 'also', 'a', 'very', 'very', 'important', 'for', 'a', 'result', 'of', 'the', 'first', 'first', 'first', 'of', 'the', 'two', 'two', 'two', 'two', 'two', 'two', 'two', 'two', 'two', 'two', 'two', 'two', 'two', 'two', 'two', 'two', 'two', 'two', 'years', '.', '</s>']
2026-05-11 18:31:43,897 - INFO - joeynmt.training - 	Source:     Berichten zufolge hofft Indien darüber hinaus auf einen Vertrag zur Verteidigungszusammenarbeit zwischen den beiden Nationen .
2026-05-11 18:31:43,897 - INFO - joeynmt.training - 	Reference:  India is also reportedly hoping for a deal on defence collaboration between the two nations .
2026-05-11 18:31:43,897 - INFO - joeynmt.training - 	Hypothesis: the report is also a very very important for a result of the first first first of the two two two two two two two two two two two two two two two two two two years .
2026-05-11 18:32:11,946 - INFO - joeynmt.training - Epoch   1, Step:     3100, Batch Loss:     2.639407, Batch Acc: 0.298483, Tokens per Sec:     3266, Lr: 0.000300
2026-05-11 18:32:45,037 - INFO - joeynmt.training - Epoch   1, Step:     3200, Batch Loss:     2.535396, Batch Acc: 0.301740, Tokens per Sec:     2752, Lr: 0.000300
2026-05-11 18:33:13,170 - INFO - joeynmt.training - Epoch   1, Step:     3300, Batch Loss:     2.620560, Batch Acc: 0.303797, Tokens per Sec:     3244, Lr: 0.000300
2026-05-11 18:33:40,591 - INFO - joeynmt.training - Epoch   1, Step:     3400, Batch Loss:     2.479113, Batch Acc: 0.309280, Tokens per Sec:     3389, Lr: 0.000300
2026-05-11 18:34:08,939 - INFO - joeynmt.training - Epoch   1, Step:     3500, Batch Loss:     2.466034, Batch Acc: 0.306282, Tokens per Sec:     3235, Lr: 0.000300
2026-05-11 18:34:08,940 - INFO - joeynmt.prediction - Predicting 500 example(s)... (Greedy decoding with min_output_length=1, max_output_length=-1, return_prob='none', generate_unk=True, repetition_penalty=-1, no_repeat_ngram_size=-1)
2026-05-11 18:35:11,379 - INFO - joeynmt.prediction - Evaluation result (greedy) loss:   2.95, ppl:  19.11, acc:   0.25, generation: 62.4293[sec], evaluation: 0.0000[sec]
2026-05-11 18:35:11,382 - INFO - joeynmt.training - Hooray! New best validation result [ppl]!
2026-05-11 18:35:11,589 - INFO - joeynmt.helpers - delete models/deen_transformer_pre/1000.ckpt
2026-05-11 18:35:11,599 - INFO - joeynmt.training - Example #0
2026-05-11 18:35:11,599 - DEBUG - joeynmt.training - 	Tokenized source:     ['die', 'Pre@@', 'mi@@', 'er@@', 'minist@@', 'er', 'Indi@@', 'ens', 'und', 'J@@', 'ap@@', 'ans', 'tra@@', 'fen', 'sich', 'in', 'T@@', 'ok@@', 'i@@', 'o', '.']
2026-05-11 18:35:11,600 - DEBUG - joeynmt.training - 	Tokenized reference:  ['Indi@@', 'a', 'and', 'J@@', 'ap@@', 'an', 'pri@@', 'me', 'minist@@', 'ers', 'me@@', 'et', 'in', 'T@@', 'ok@@', 'y@@', 'o']
2026-05-11 18:35:11,600 - DEBUG - joeynmt.training - 	Tokenized hypothesis: ['the', 'C@@', 'our@@', 't', 'of', 'the', 'J@@', 'ap@@', 'an', 'and', 'J@@', 'ap@@', 'an', '.', '</s>']
2026-05-11 18:35:11,600 - INFO - joeynmt.training - 	Source:     die Premierminister Indiens und Japans trafen sich in Tokio .
2026-05-11 18:35:11,600 - INFO - joeynmt.training - 	Reference:  India and Japan prime ministers meet in Tokyo
2026-05-11 18:35:11,600 - INFO - joeynmt.training - 	Hypothesis: the Court of the Japan and Japan .
2026-05-11 18:35:11,600 - INFO - joeynmt.training - Example #1
2026-05-11 18:35:11,600 - DEBUG - joeynmt.training - 	Tokenized source:     ['Indi@@', 'ens', 'neu@@', 'er', 'Pre@@', 'mi@@', 'er@@', 'minist@@', 'er', 'N@@', 'ar@@', 'end@@', 'ra', 'Mo@@', 'd@@', 'i', 'tri@@', 'fft', 'bei', 's@@', 'einem', 'ersten', 'wichti@@', 'gen', 'Aus@@', 'land@@', 's@@', 'bes@@', 'u@@', 'ch', 'seit', 's@@', 'einem', 'W@@', 'ah@@', 'l@@', 'si@@', 'e@@', 'g', 'im', 'Ma@@', 'i', 'seinen', 'j@@', 'ap@@', 'an@@', 'ischen', 'Am@@', 'ts@@', 'k@@', 'olle@@', 'gen', 'S@@', 'hin@@', 'z@@', 'o', 'A@@', 'be', 'in', 'T@@', 'ok@@', 'o', ',', 'um', 'wirtschaf@@', 'tliche', 'und', 'sicher@@', 'heits@@', 'politische', 'Be@@', 'zieh@@', 'ungen', 'zu', 'bes@@', 'pre@@', 'chen', '.']
2026-05-11 18:35:11,601 - DEBUG - joeynmt.training - 	Tokenized reference:  ['Indi@@', 'a', '&apos;s', 'new', 'pri@@', 'me', 'minist@@', 'er', ',', 'N@@', 'ar@@', 'end@@', 'ra', 'Mo@@', 'd@@', 'i', ',', 'is', 'me@@', 'eting', 'his', 'J@@', 'ap@@', 'an@@', 'ese', 'coun@@', 'ter@@', 'part', ',', 'S@@', 'hin@@', 'z@@', 'o', 'A@@', 'be', ',', 'in', 'T@@', 'ok@@', 'y@@', 'o', 'to', 'disc@@', 'uss', 'economic', 'and', 'security', 'ties', ',', 'on', 'his', 'first', 'major', 'fore@@', 'ign', 'visi@@', 't', 'since', 'w@@', 'inn@@', 'ing', 'Ma@@', 'y', '&apos;s', 'elec@@', 'tion', '.']
2026-05-11 18:35:11,601 - DEBUG - joeynmt.training - 	Tokenized hypothesis: ['in', 'new', 'new', 'C@@', 'as@@', 'in@@', 'o', ',', 'the', 'C@@', 'our@@', 't', 'of', 'the', 'first', 'first', 'part', 'of', 'a', 'very', 'important', 'important', 'important', 'important', 'important', 'important', 'important', 'important', 'for', 'a', 'very', 'important', 'important', 'role', 'in', 'the', 'first', 'time', 'of', 'the', 'C@@', 'an@@', 'ci@@', 'ent', 'of', 'the', 'C@@', 'an@@', 'o', 'A@@', 'mer@@', 'ic@@', 'a', 'and', 'economic', 'economic', 'economic', 'economic', 'economic', 'economic', 'economic', 'economic', 'economic', 'economic', 'economic', 'economic', 'economic', 'economic', 'economic', 'economic', 'economic', 'economic', 'economic', 'economic', 'economic', 'economic', 'and', 'economic', 'economic', 'economic', 'economic', 'economic', 'economic', 're@@', 're@@', 're@@', 'la@@', 'ws', '.', '</s>']
2026-05-11 18:35:11,601 - INFO - joeynmt.training - 	Source:     Indiens neuer Premierminister Narendra Modi trifft bei seinem ersten wichtigen Auslandsbesuch seit seinem Wahlsieg im Mai seinen japanischen Amtskollegen Shinzo Abe in Toko , um wirtschaftliche und sicherheitspolitische Beziehungen zu besprechen .
2026-05-11 18:35:11,601 - INFO - joeynmt.training - 	Reference:  India &apos;s new prime minister , Narendra Modi , is meeting his Japanese counterpart , Shinzo Abe , in Tokyo to discuss economic and security ties , on his first major foreign visit since winning May &apos;s election .
2026-05-11 18:35:11,601 - INFO - joeynmt.training - 	Hypothesis: in new new Casino , the Court of the first first part of a very important important important important important important important important for a very important important role in the first time of the Cancient of the Cano America and economic economic economic economic economic economic economic economic economic economic economic economic economic economic economic economic economic economic economic economic economic economic and economic economic economic economic economic economic rererelaws .
2026-05-11 18:35:11,601 - INFO - joeynmt.training - Example #2
2026-05-11 18:35:11,602 - DEBUG - joeynmt.training - 	Tokenized source:     ['Herr', 'Mo@@', 'd@@', 'i', 'befindet', 'sich', 'auf', 'einer', 'fü@@', 'n@@', 'f@@', 'tä@@', 'gi@@', 'gen', 'Rei@@', 'se', 'nach', 'J@@', 'ap@@', 'an', ',', 'um', 'die', 'wirtschaf@@', 'tlichen', 'Be@@', 'zieh@@', 'ungen', 'mit', 'der', 'd@@', 'rit@@', 't@@', 'größ@@', 'ten', 'Wirtschafts@@', 'n@@', 'ation', 'der', 'Welt', 'zu', 'fes@@', 'tigen', '.']
2026-05-11 18:35:11,602 - DEBUG - joeynmt.training - 	Tokenized reference:  ['Mr', 'Mo@@', 'd@@', 'i', 'is', 'on', 'a', 'fi@@', 've', '@@@', '-@@', '@', 'day', 'tri@@', 'p', 'to', 'J@@', 'ap@@', 'an', 'to', 'streng@@', 'then', 'economic', 'ties', 'with', 'the', 'third', 'lar@@', 'ges@@', 't', 'econom@@', 'y', 'in', 'the', 'world', '.']
2026-05-11 18:35:11,602 - DEBUG - joeynmt.training - 	Tokenized hypothesis: ['Mr', 'President', ',', 'Mr', 'Bar@@', 'cel@@', 'on@@', 'a', 'is', 'a', 'very', 'important', 'of', 'the', 'economic', 'economic', 'economic', 'and', 'economic', 'economic', 'economic', 'economic', 'and', 'economic', 'economic', 're@@', 'ali@@', 'sed', 'with', 'the', 'world', 'of', 'the', 'world', '&apos;s', 'economic', 'economic', 'economic', 'economic', 'economic', 'growth', '.', '</s>']
2026-05-11 18:35:11,602 - INFO - joeynmt.training - 	Source:     Herr Modi befindet sich auf einer fünftägigen Reise nach Japan , um die wirtschaftlichen Beziehungen mit der drittgrößten Wirtschaftsnation der Welt zu festigen .
2026-05-11 18:35:11,602 - INFO - joeynmt.training - 	Reference:  Mr Modi is on a five @-@ day trip to Japan to strengthen economic ties with the third largest economy in the world .
2026-05-11 18:35:11,602 - INFO - joeynmt.training - 	Hypothesis: Mr President , Mr Barcelona is a very important of the economic economic economic and economic economic economic economic and economic economic realised with the world of the world &apos;s economic economic economic economic economic growth .
2026-05-11 18:35:11,602 - INFO - joeynmt.training - Example #3
2026-05-11 18:35:11,602 - DEBUG - joeynmt.training - 	Tokenized source:     ['P@@', 'län@@', 'e', 'für', 'eine', 'stärk@@', 'ere', 'k@@', 'ern@@', 'techn@@', 'ische', 'Zusammenarbeit', 'stehen', 'ganz', 'ob@@', 'en', 'auf', 'der', 'Tag@@', 'es@@', 'ordnung', '.']
2026-05-11 18:35:11,603 - DEBUG - joeynmt.training - 	Tokenized reference:  ['high', 'on', 'the', 'agen@@', 'da', 'are', 'pl@@', 'ans', 'for', 'gre@@', 'ater', 'nu@@', 'clear', 'c@@', 'o', '@@@', '-@@', '@', 'operation', '.']
2026-05-11 18:35:11,603 - DEBUG - joeynmt.training - 	Tokenized hypothesis: ['the', 'C@@', 'our@@', 't', 'of', 'the', 'techn@@', 'ical', 'cooperation', 'cooperation', 'cooperation', 'cooperation', 'with', 'the', 'issue', 'of', 'the', 'issue', 'of', 'the', 'issue', 'of', 'the', 'issue', '.', '</s>']
2026-05-11 18:35:11,603 - INFO - joeynmt.training - 	Source:     Pläne für eine stärkere kerntechnische Zusammenarbeit stehen ganz oben auf der Tagesordnung .
2026-05-11 18:35:11,603 - INFO - joeynmt.training - 	Reference:  high on the agenda are plans for greater nuclear co @-@ operation .
2026-05-11 18:35:11,603 - INFO - joeynmt.training - 	Hypothesis: the Court of the technical cooperation cooperation cooperation cooperation with the issue of the issue of the issue of the issue .
2026-05-11 18:35:11,603 - INFO - joeynmt.training - Example #4
2026-05-11 18:35:11,603 - DEBUG - joeynmt.training - 	Tokenized source:     ['Berich@@', 'ten', 'zu@@', 'fol@@', 'ge', 'ho@@', 'fft', 'Indi@@', 'en', 'darüber', 'hinaus', 'auf', 'einen', 'Ver@@', 'trag', 'zur', 'Ver@@', 'tei@@', 'dig@@', 'ungs@@', 'zusammen@@', 'arbeit', 'zwischen', 'den', 'beiden', 'N@@', 'ationen', '.']
2026-05-11 18:35:11,603 - DEBUG - joeynmt.training - 	Tokenized reference:  ['Indi@@', 'a', 'is', 'also', 're@@', 'porte@@', 'dly', 'hop@@', 'ing', 'for', 'a', 'de@@', 'al', 'on', 'def@@', 'ence', 'c@@', 'oll@@', 'ab@@', 'or@@', 'ation', 'between', 'the', 'two', 'n@@', 'ations', '.']
2026-05-11 18:35:11,603 - DEBUG - joeynmt.training - 	Tokenized hypothesis: ['the', 'report', 'is', 'the', 're@@', 'ali@@', 'sed', 'in', 'the', 'con@@', 'fi@@', 'dence', 'of', 'the', 'two', 'two', 'two', 'two', 'two', 'two', 'two', 'two', 'two', 'two', 'two', 'two', 'two', 'two', 'two', '.', '</s>']
2026-05-11 18:35:11,603 - INFO - joeynmt.training - 	Source:     Berichten zufolge hofft Indien darüber hinaus auf einen Vertrag zur Verteidigungszusammenarbeit zwischen den beiden Nationen .
2026-05-11 18:35:11,604 - INFO - joeynmt.training - 	Reference:  India is also reportedly hoping for a deal on defence collaboration between the two nations .
2026-05-11 18:35:11,604 - INFO - joeynmt.training - 	Hypothesis: the report is the realised in the confidence of the two two two two two two two two two two two two two two two .
2026-05-11 18:35:39,426 - INFO - joeynmt.training - Epoch   1, Step:     3600, Batch Loss:     2.880551, Batch Acc: 0.310669, Tokens per Sec:     3290, Lr: 0.000300
2026-05-11 18:36:07,349 - INFO - joeynmt.training - Epoch   1, Step:     3700, Batch Loss:     2.445945, Batch Acc: 0.308087, Tokens per Sec:     3306, Lr: 0.000300
2026-05-11 18:36:35,058 - INFO - joeynmt.training - Epoch   1, Step:     3800, Batch Loss:     2.593001, Batch Acc: 0.316485, Tokens per Sec:     3334, Lr: 0.000300
2026-05-11 18:37:03,013 - INFO - joeynmt.training - Epoch   1, Step:     3900, Batch Loss:     2.459084, Batch Acc: 0.318323, Tokens per Sec:     3325, Lr: 0.000300
2026-05-11 18:37:30,885 - INFO - joeynmt.training - Epoch   1, Step:     4000, Batch Loss:     2.421382, Batch Acc: 0.324789, Tokens per Sec:     3306, Lr: 0.000300
2026-05-11 18:37:30,886 - INFO - joeynmt.prediction - Predicting 500 example(s)... (Greedy decoding with min_output_length=1, max_output_length=-1, return_prob='none', generate_unk=True, repetition_penalty=-1, no_repeat_ngram_size=-1)
2026-05-11 18:38:26,207 - INFO - joeynmt.prediction - Evaluation result (greedy) loss:   2.89, ppl:  17.92, acc:   0.26, generation: 55.3116[sec], evaluation: 0.0000[sec]
2026-05-11 18:38:26,210 - INFO - joeynmt.training - Hooray! New best validation result [ppl]!
2026-05-11 18:38:26,404 - INFO - joeynmt.helpers - delete models/deen_transformer_pre/1500.ckpt
2026-05-11 18:38:26,415 - INFO - joeynmt.training - Example #0
2026-05-11 18:38:26,416 - DEBUG - joeynmt.training - 	Tokenized source:     ['die', 'Pre@@', 'mi@@', 'er@@', 'minist@@', 'er', 'Indi@@', 'ens', 'und', 'J@@', 'ap@@', 'ans', 'tra@@', 'fen', 'sich', 'in', 'T@@', 'ok@@', 'i@@', 'o', '.']
2026-05-11 18:38:26,416 - DEBUG - joeynmt.training - 	Tokenized reference:  ['Indi@@', 'a', 'and', 'J@@', 'ap@@', 'an', 'pri@@', 'me', 'minist@@', 'ers', 'me@@', 'et', 'in', 'T@@', 'ok@@', 'y@@', 'o']
2026-05-11 18:38:26,416 - DEBUG - joeynmt.training - 	Tokenized hypothesis: ['the', 're@@', 'staurant', ',', 'and', 'J@@', 'ap@@', 'an', 'and', 'J@@', 'ap@@', 'an', '.', '</s>']
2026-05-11 18:38:26,416 - INFO - joeynmt.training - 	Source:     die Premierminister Indiens und Japans trafen sich in Tokio .
2026-05-11 18:38:26,416 - INFO - joeynmt.training - 	Reference:  India and Japan prime ministers meet in Tokyo
2026-05-11 18:38:26,416 - INFO - joeynmt.training - 	Hypothesis: the restaurant , and Japan and Japan .
2026-05-11 18:38:26,416 - INFO - joeynmt.training - Example #1
2026-05-11 18:38:26,416 - DEBUG - joeynmt.training - 	Tokenized source:     ['Indi@@', 'ens', 'neu@@', 'er', 'Pre@@', 'mi@@', 'er@@', 'minist@@', 'er', 'N@@', 'ar@@', 'end@@', 'ra', 'Mo@@', 'd@@', 'i', 'tri@@', 'fft', 'bei', 's@@', 'einem', 'ersten', 'wichti@@', 'gen', 'Aus@@', 'land@@', 's@@', 'bes@@', 'u@@', 'ch', 'seit', 's@@', 'einem', 'W@@', 'ah@@', 'l@@', 'si@@', 'e@@', 'g', 'im', 'Ma@@', 'i', 'seinen', 'j@@', 'ap@@', 'an@@', 'ischen', 'Am@@', 'ts@@', 'k@@', 'olle@@', 'gen', 'S@@', 'hin@@', 'z@@', 'o', 'A@@', 'be', 'in', 'T@@', 'ok@@', 'o', ',', 'um', 'wirtschaf@@', 'tliche', 'und', 'sicher@@', 'heits@@', 'politische', 'Be@@', 'zieh@@', 'ungen', 'zu', 'bes@@', 'pre@@', 'chen', '.']
2026-05-11 18:38:26,416 - DEBUG - joeynmt.training - 	Tokenized reference:  ['Indi@@', 'a', '&apos;s', 'new', 'pri@@', 'me', 'minist@@', 'er', ',', 'N@@', 'ar@@', 'end@@', 'ra', 'Mo@@', 'd@@', 'i', ',', 'is', 'me@@', 'eting', 'his', 'J@@', 'ap@@', 'an@@', 'ese', 'coun@@', 'ter@@', 'part', ',', 'S@@', 'hin@@', 'z@@', 'o', 'A@@', 'be', ',', 'in', 'T@@', 'ok@@', 'y@@', 'o', 'to', 'disc@@', 'uss', 'economic', 'and', 'security', 'ties', ',', 'on', 'his', 'first', 'major', 'fore@@', 'ign', 'visi@@', 't', 'since', 'w@@', 'inn@@', 'ing', 'Ma@@', 'y', '&apos;s', 'elec@@', 'tion', '.']
2026-05-11 18:38:26,416 - DEBUG - joeynmt.training - 	Tokenized hypothesis: ['since', 'the', 'new', ',', 'N@@', 'o@@', 'o@@', 'i', 'N@@', 'ar@@', 'i', ',', 'the', 'first', 'first', 'important', ',', 'in', 'a', 'very', 'important', 'important', 'important', 'for', 'a', 'very', 'very', 'important', 'for', 'a', 'very', 'very', 'much', 'of', 'the', 'S@@', 'outh', 'A@@', 'mer@@', 'ic@@', 'a', ',', 'in', 'the', 'S@@', 'an@@', 'o', ',', 'and', 'economic', 'and', 'economic', 'growth', ',', 'and', 'economic', 'economic', 'and', 'economic', ',', 'in', 'the', 'S@@', 'outh', 'A@@', 'mer@@', 'ic@@', 'a', ',', 'and', 'economic', 'economic', 'growth', '.', '</s>']
2026-05-11 18:38:26,416 - INFO - joeynmt.training - 	Source:     Indiens neuer Premierminister Narendra Modi trifft bei seinem ersten wichtigen Auslandsbesuch seit seinem Wahlsieg im Mai seinen japanischen Amtskollegen Shinzo Abe in Toko , um wirtschaftliche und sicherheitspolitische Beziehungen zu besprechen .
2026-05-11 18:38:26,416 - INFO - joeynmt.training - 	Reference:  India &apos;s new prime minister , Narendra Modi , is meeting his Japanese counterpart , Shinzo Abe , in Tokyo to discuss economic and security ties , on his first major foreign visit since winning May &apos;s election .
2026-05-11 18:38:26,416 - INFO - joeynmt.training - 	Hypothesis: since the new , Nooi Nari , the first first important , in a very important important important for a very very important for a very very much of the South America , in the Sano , and economic and economic growth , and economic economic and economic , in the South America , and economic economic growth .
2026-05-11 18:38:26,417 - INFO - joeynmt.training - Example #2
2026-05-11 18:38:26,417 - DEBUG - joeynmt.training - 	Tokenized source:     ['Herr', 'Mo@@', 'd@@', 'i', 'befindet', 'sich', 'auf', 'einer', 'fü@@', 'n@@', 'f@@', 'tä@@', 'gi@@', 'gen', 'Rei@@', 'se', 'nach', 'J@@', 'ap@@', 'an', ',', 'um', 'die', 'wirtschaf@@', 'tlichen', 'Be@@', 'zieh@@', 'ungen', 'mit', 'der', 'd@@', 'rit@@', 't@@', 'größ@@', 'ten', 'Wirtschafts@@', 'n@@', 'ation', 'der', 'Welt', 'zu', 'fes@@', 'tigen', '.']
2026-05-11 18:38:26,417 - DEBUG - joeynmt.training - 	Tokenized reference:  ['Mr', 'Mo@@', 'd@@', 'i', 'is', 'on', 'a', 'fi@@', 've', '@@@', '-@@', '@', 'day', 'tri@@', 'p', 'to', 'J@@', 'ap@@', 'an', 'to', 'streng@@', 'then', 'economic', 'ties', 'with', 'the', 'third', 'lar@@', 'ges@@', 't', 'econom@@', 'y', 'in', 'the', 'world', '.']
2026-05-11 18:38:26,417 - DEBUG - joeynmt.training - 	Tokenized hypothesis: ['Mr', 'President', ',', 'the', 'world', 'is', 'to', 'be', 'a', 'number', 'of', 'economic', 're@@', 'ali@@', 'st', ',', 'the', 'economic', 're@@', 'ali@@', 'st', 'of', 'the', 'world', '&apos;s', 'economic', 're@@', 'ali@@', 'st', 'of', 'the', 'world', '&apos;s', 'economic', 'growth', '.', '</s>']
2026-05-11 18:38:26,417 - INFO - joeynmt.training - 	Source:     Herr Modi befindet sich auf einer fünftägigen Reise nach Japan , um die wirtschaftlichen Beziehungen mit der drittgrößten Wirtschaftsnation der Welt zu festigen .
2026-05-11 18:38:26,417 - INFO - joeynmt.training - 	Reference:  Mr Modi is on a five @-@ day trip to Japan to strengthen economic ties with the third largest economy in the world .
2026-05-11 18:38:26,417 - INFO - joeynmt.training - 	Hypothesis: Mr President , the world is to be a number of economic realist , the economic realist of the world &apos;s economic realist of the world &apos;s economic growth .
2026-05-11 18:38:26,417 - INFO - joeynmt.training - Example #3
2026-05-11 18:38:26,417 - DEBUG - joeynmt.training - 	Tokenized source:     ['P@@', 'län@@', 'e', 'für', 'eine', 'stärk@@', 'ere', 'k@@', 'ern@@', 'techn@@', 'ische', 'Zusammenarbeit', 'stehen', 'ganz', 'ob@@', 'en', 'auf', 'der', 'Tag@@', 'es@@', 'ordnung', '.']
2026-05-11 18:38:26,417 - DEBUG - joeynmt.training - 	Tokenized reference:  ['high', 'on', 'the', 'agen@@', 'da', 'are', 'pl@@', 'ans', 'for', 'gre@@', 'ater', 'nu@@', 'clear', 'c@@', 'o', '@@@', '-@@', '@', 'operation', '.']
2026-05-11 18:38:26,417 - DEBUG - joeynmt.training - 	Tokenized hypothesis: ['P@@', 'l@@', 'ack', 'for', 'a', 'techn@@', 'ology', ',', 'for', 'a', 'development', 'development', 'of', 'the', 'Council', '.', '</s>']
2026-05-11 18:38:26,417 - INFO - joeynmt.training - 	Source:     Pläne für eine stärkere kerntechnische Zusammenarbeit stehen ganz oben auf der Tagesordnung .
2026-05-11 18:38:26,417 - INFO - joeynmt.training - 	Reference:  high on the agenda are plans for greater nuclear co @-@ operation .
2026-05-11 18:38:26,417 - INFO - joeynmt.training - 	Hypothesis: Plack for a technology , for a development development of the Council .
2026-05-11 18:38:26,417 - INFO - joeynmt.training - Example #4
2026-05-11 18:38:26,417 - DEBUG - joeynmt.training - 	Tokenized source:     ['Berich@@', 'ten', 'zu@@', 'fol@@', 'ge', 'ho@@', 'fft', 'Indi@@', 'en', 'darüber', 'hinaus', 'auf', 'einen', 'Ver@@', 'trag', 'zur', 'Ver@@', 'tei@@', 'dig@@', 'ungs@@', 'zusammen@@', 'arbeit', 'zwischen', 'den', 'beiden', 'N@@', 'ationen', '.']
2026-05-11 18:38:26,417 - DEBUG - joeynmt.training - 	Tokenized reference:  ['Indi@@', 'a', 'is', 'also', 're@@', 'porte@@', 'dly', 'hop@@', 'ing', 'for', 'a', 'de@@', 'al', 'on', 'def@@', 'ence', 'c@@', 'oll@@', 'ab@@', 'or@@', 'ation', 'between', 'the', 'two', 'n@@', 'ations', '.']
2026-05-11 18:38:26,418 - DEBUG - joeynmt.training - 	Tokenized hypothesis: ['report', 'on', 'the', 'basis', 'of', 'the', 'two', 're@@', 'ports', 'to', 'a', 're@@', 'form', 'of', 'the', 'two', 're@@', 'ports', '.', '</s>']
2026-05-11 18:38:26,418 - INFO - joeynmt.training - 	Source:     Berichten zufolge hofft Indien darüber hinaus auf einen Vertrag zur Verteidigungszusammenarbeit zwischen den beiden Nationen .
2026-05-11 18:38:26,418 - INFO - joeynmt.training - 	Reference:  India is also reportedly hoping for a deal on defence collaboration between the two nations .
2026-05-11 18:38:26,418 - INFO - joeynmt.training - 	Hypothesis: report on the basis of the two reports to a reform of the two reports .
2026-05-11 18:38:45,215 - INFO - joeynmt.training - Epoch   1: total training loss 12056.61
2026-05-11 18:38:45,216 - INFO - joeynmt.training - EPOCH 2
2026-05-11 18:38:55,597 - INFO - joeynmt.training - Epoch   2, Step:     4100, Batch Loss:     2.495598, Batch Acc: 0.327909, Tokens per Sec:     3197, Lr: 0.000300
2026-05-11 18:39:24,485 - INFO - joeynmt.training - Epoch   2, Step:     4200, Batch Loss:     2.541617, Batch Acc: 0.331731, Tokens per Sec:     3198, Lr: 0.000300
2026-05-11 18:39:58,814 - INFO - joeynmt.training - Epoch   2, Step:     4300, Batch Loss:     2.409641, Batch Acc: 0.335776, Tokens per Sec:     2644, Lr: 0.000300
2026-05-11 18:40:30,078 - INFO - joeynmt.training - Epoch   2, Step:     4400, Batch Loss:     2.647513, Batch Acc: 0.332871, Tokens per Sec:     2951, Lr: 0.000300
2026-05-11 18:41:04,889 - INFO - joeynmt.training - Epoch   2, Step:     4500, Batch Loss:     2.595443, Batch Acc: 0.338375, Tokens per Sec:     2659, Lr: 0.000300
2026-05-11 18:41:04,892 - INFO - joeynmt.prediction - Predicting 500 example(s)... (Greedy decoding with min_output_length=1, max_output_length=-1, return_prob='none', generate_unk=True, repetition_penalty=-1, no_repeat_ngram_size=-1)
2026-05-11 18:41:56,571 - INFO - joeynmt.prediction - Evaluation result (greedy) loss:   2.83, ppl:  16.94, acc:   0.28, generation: 51.6686[sec], evaluation: 0.0000[sec]
2026-05-11 18:41:56,574 - INFO - joeynmt.training - Hooray! New best validation result [ppl]!
2026-05-11 18:41:56,764 - INFO - joeynmt.helpers - delete models/deen_transformer_pre/2000.ckpt
2026-05-11 18:41:56,775 - INFO - joeynmt.training - Example #0
2026-05-11 18:41:56,776 - DEBUG - joeynmt.training - 	Tokenized source:     ['die', 'Pre@@', 'mi@@', 'er@@', 'minist@@', 'er', 'Indi@@', 'ens', 'und', 'J@@', 'ap@@', 'ans', 'tra@@', 'fen', 'sich', 'in', 'T@@', 'ok@@', 'i@@', 'o', '.']
2026-05-11 18:41:56,776 - DEBUG - joeynmt.training - 	Tokenized reference:  ['Indi@@', 'a', 'and', 'J@@', 'ap@@', 'an', 'pri@@', 'me', 'minist@@', 'ers', 'me@@', 'et', 'in', 'T@@', 'ok@@', 'y@@', 'o']
2026-05-11 18:41:56,776 - DEBUG - joeynmt.training - 	Tokenized hypothesis: ['the', 're@@', 'ma@@', 'ins', 'of', 'J@@', 'ap@@', 'an', 'and', 'J@@', 'ap@@', 'an', '.', '</s>']
2026-05-11 18:41:56,777 - INFO - joeynmt.training - 	Source:     die Premierminister Indiens und Japans trafen sich in Tokio .
2026-05-11 18:41:56,777 - INFO - joeynmt.training - 	Reference:  India and Japan prime ministers meet in Tokyo
2026-05-11 18:41:56,777 - INFO - joeynmt.training - 	Hypothesis: the remains of Japan and Japan .
2026-05-11 18:41:56,777 - INFO - joeynmt.training - Example #1
2026-05-11 18:41:56,778 - DEBUG - joeynmt.training - 	Tokenized source:     ['Indi@@', 'ens', 'neu@@', 'er', 'Pre@@', 'mi@@', 'er@@', 'minist@@', 'er', 'N@@', 'ar@@', 'end@@', 'ra', 'Mo@@', 'd@@', 'i', 'tri@@', 'fft', 'bei', 's@@', 'einem', 'ersten', 'wichti@@', 'gen', 'Aus@@', 'land@@', 's@@', 'bes@@', 'u@@', 'ch', 'seit', 's@@', 'einem', 'W@@', 'ah@@', 'l@@', 'si@@', 'e@@', 'g', 'im', 'Ma@@', 'i', 'seinen', 'j@@', 'ap@@', 'an@@', 'ischen', 'Am@@', 'ts@@', 'k@@', 'olle@@', 'gen', 'S@@', 'hin@@', 'z@@', 'o', 'A@@', 'be', 'in', 'T@@', 'ok@@', 'o', ',', 'um', 'wirtschaf@@', 'tliche', 'und', 'sicher@@', 'heits@@', 'politische', 'Be@@', 'zieh@@', 'ungen', 'zu', 'bes@@', 'pre@@', 'chen', '.']
2026-05-11 18:41:56,778 - DEBUG - joeynmt.training - 	Tokenized reference:  ['Indi@@', 'a', '&apos;s', 'new', 'pri@@', 'me', 'minist@@', 'er', ',', 'N@@', 'ar@@', 'end@@', 'ra', 'Mo@@', 'd@@', 'i', ',', 'is', 'me@@', 'eting', 'his', 'J@@', 'ap@@', 'an@@', 'ese', 'coun@@', 'ter@@', 'part', ',', 'S@@', 'hin@@', 'z@@', 'o', 'A@@', 'be', ',', 'in', 'T@@', 'ok@@', 'y@@', 'o', 'to', 'disc@@', 'uss', 'economic', 'and', 'security', 'ties', ',', 'on', 'his', 'first', 'major', 'fore@@', 'ign', 'visi@@', 't', 'since', 'w@@', 'inn@@', 'ing', 'Ma@@', 'y', '&apos;s', 'elec@@', 'tion', '.']
2026-05-11 18:41:56,778 - DEBUG - joeynmt.training - 	Tokenized hypothesis: ['J@@', 'oh@@', 'n', '&apos;s', 're@@', 'pres@@', 'ents', 'a', 'very', 'important', 'role', 'in', 'the', 'first', 'important', 'important', 'of', 'the', 'first', 'important', 'important', 'situation', 'in', 'the', 'first', 'of', 'the', 'first', 'first', 'of', 'the', 'S@@', 'an@@', 'i', '&apos;s', 'most', 'of', 'the', 'S@@', 'ap@@', 'ap@@', 'er', '&apos;s', 'S@@', 'an@@', 'i', '&apos;s', 're@@', 'st', 'in', 'the', 'S@@', 'an@@', 'i', 'A@@', 'ra@@', 'di@@', 'o', ',', 'and', 'economic', 'economic', 'economic', 'economic', 'growth', '.', '</s>']
2026-05-11 18:41:56,778 - INFO - joeynmt.training - 	Source:     Indiens neuer Premierminister Narendra Modi trifft bei seinem ersten wichtigen Auslandsbesuch seit seinem Wahlsieg im Mai seinen japanischen Amtskollegen Shinzo Abe in Toko , um wirtschaftliche und sicherheitspolitische Beziehungen zu besprechen .
2026-05-11 18:41:56,778 - INFO - joeynmt.training - 	Reference:  India &apos;s new prime minister , Narendra Modi , is meeting his Japanese counterpart , Shinzo Abe , in Tokyo to discuss economic and security ties , on his first major foreign visit since winning May &apos;s election .
2026-05-11 18:41:56,778 - INFO - joeynmt.training - 	Hypothesis: John &apos;s represents a very important role in the first important important of the first important important situation in the first of the first first of the Sani &apos;s most of the Sapaper &apos;s Sani &apos;s rest in the Sani Aradio , and economic economic economic economic growth .
2026-05-11 18:41:56,778 - INFO - joeynmt.training - Example #2
2026-05-11 18:41:56,778 - DEBUG - joeynmt.training - 	Tokenized source:     ['Herr', 'Mo@@', 'd@@', 'i', 'befindet', 'sich', 'auf', 'einer', 'fü@@', 'n@@', 'f@@', 'tä@@', 'gi@@', 'gen', 'Rei@@', 'se', 'nach', 'J@@', 'ap@@', 'an', ',', 'um', 'die', 'wirtschaf@@', 'tlichen', 'Be@@', 'zieh@@', 'ungen', 'mit', 'der', 'd@@', 'rit@@', 't@@', 'größ@@', 'ten', 'Wirtschafts@@', 'n@@', 'ation', 'der', 'Welt', 'zu', 'fes@@', 'tigen', '.']
2026-05-11 18:41:56,779 - DEBUG - joeynmt.training - 	Tokenized reference:  ['Mr', 'Mo@@', 'd@@', 'i', 'is', 'on', 'a', 'fi@@', 've', '@@@', '-@@', '@', 'day', 'tri@@', 'p', 'to', 'J@@', 'ap@@', 'an', 'to', 'streng@@', 'then', 'economic', 'ties', 'with', 'the', 'third', 'lar@@', 'ges@@', 't', 'econom@@', 'y', 'in', 'the', 'world', '.']
2026-05-11 18:41:56,779 - DEBUG - joeynmt.training - 	Tokenized hypothesis: ['Mr', 'President', ',', 'Mr', 'Pre@@', 'sident@@', '-@@', '-@@', 'in@@', '-@@', 'Off@@', 'ice', 'of', 'the', 'world', '&apos;s', 're@@', 'lev@@', 'ant', ',', 'which', 'is', 'the', 'economic', 'economic', 'growth', 'with', 'the', 'world', '.', '</s>']
2026-05-11 18:41:56,779 - INFO - joeynmt.training - 	Source:     Herr Modi befindet sich auf einer fünftägigen Reise nach Japan , um die wirtschaftlichen Beziehungen mit der drittgrößten Wirtschaftsnation der Welt zu festigen .
2026-05-11 18:41:56,779 - INFO - joeynmt.training - 	Reference:  Mr Modi is on a five @-@ day trip to Japan to strengthen economic ties with the third largest economy in the world .
2026-05-11 18:41:56,779 - INFO - joeynmt.training - 	Hypothesis: Mr President , Mr President--in-Office of the world &apos;s relevant , which is the economic economic growth with the world .
2026-05-11 18:41:56,779 - INFO - joeynmt.training - Example #3
2026-05-11 18:41:56,779 - DEBUG - joeynmt.training - 	Tokenized source:     ['P@@', 'län@@', 'e', 'für', 'eine', 'stärk@@', 'ere', 'k@@', 'ern@@', 'techn@@', 'ische', 'Zusammenarbeit', 'stehen', 'ganz', 'ob@@', 'en', 'auf', 'der', 'Tag@@', 'es@@', 'ordnung', '.']
2026-05-11 18:41:56,779 - DEBUG - joeynmt.training - 	Tokenized reference:  ['high', 'on', 'the', 'agen@@', 'da', 'are', 'pl@@', 'ans', 'for', 'gre@@', 'ater', 'nu@@', 'clear', 'c@@', 'o', '@@@', '-@@', '@', 'operation', '.']
2026-05-11 18:41:56,779 - DEBUG - joeynmt.training - 	Tokenized hypothesis: ['P@@', 'ap@@', 'er', 'for', 'a', 'techn@@', 'ical', 'cooperation', ',', 'techn@@', 'ology', ',', 'cooperation', 'on', 'the', 'basis', 'of', 'the', 'agen@@', 'da', '.', '</s>']
2026-05-11 18:41:56,779 - INFO - joeynmt.training - 	Source:     Pläne für eine stärkere kerntechnische Zusammenarbeit stehen ganz oben auf der Tagesordnung .
2026-05-11 18:41:56,779 - INFO - joeynmt.training - 	Reference:  high on the agenda are plans for greater nuclear co @-@ operation .
2026-05-11 18:41:56,779 - INFO - joeynmt.training - 	Hypothesis: Paper for a technical cooperation , technology , cooperation on the basis of the agenda .
2026-05-11 18:41:56,779 - INFO - joeynmt.training - Example #4
2026-05-11 18:41:56,780 - DEBUG - joeynmt.training - 	Tokenized source:     ['Berich@@', 'ten', 'zu@@', 'fol@@', 'ge', 'ho@@', 'fft', 'Indi@@', 'en', 'darüber', 'hinaus', 'auf', 'einen', 'Ver@@', 'trag', 'zur', 'Ver@@', 'tei@@', 'dig@@', 'ungs@@', 'zusammen@@', 'arbeit', 'zwischen', 'den', 'beiden', 'N@@', 'ationen', '.']
2026-05-11 18:41:56,780 - DEBUG - joeynmt.training - 	Tokenized reference:  ['Indi@@', 'a', 'is', 'also', 're@@', 'porte@@', 'dly', 'hop@@', 'ing', 'for', 'a', 'de@@', 'al', 'on', 'def@@', 'ence', 'c@@', 'oll@@', 'ab@@', 'or@@', 'ation', 'between', 'the', 'two', 'n@@', 'ations', '.']
2026-05-11 18:41:56,780 - DEBUG - joeynmt.training - 	Tokenized hypothesis: ['report', 'also', 'also', 'also', 'the', 'fact', 'that', 'is', 'also', 'also', 'also', 'a', 're@@', 'lev@@', 'ant', 'to', 'the', 're@@', 'form', 'of', 'the', 'two', 'two', 'two', 'two', 'two', 'two', 'two', 'two', 'two', 'two', 'two', 'two', '.', '</s>']
2026-05-11 18:41:56,780 - INFO - joeynmt.training - 	Source:     Berichten zufolge hofft Indien darüber hinaus auf einen Vertrag zur Verteidigungszusammenarbeit zwischen den beiden Nationen .
2026-05-11 18:41:56,780 - INFO - joeynmt.training - 	Reference:  India is also reportedly hoping for a deal on defence collaboration between the two nations .
2026-05-11 18:41:56,780 - INFO - joeynmt.training - 	Hypothesis: report also also also the fact that is also also also a relevant to the reform of the two two two two two two two two two two two two .
2026-05-11 18:42:29,213 - INFO - joeynmt.training - Epoch   2, Step:     4600, Batch Loss:     2.324735, Batch Acc: 0.344158, Tokens per Sec:     2856, Lr: 0.000300
2026-05-11 18:43:02,337 - INFO - joeynmt.training - Epoch   2, Step:     4700, Batch Loss:     2.394041, Batch Acc: 0.344741, Tokens per Sec:     2765, Lr: 0.000300
2026-05-11 18:43:31,428 - INFO - joeynmt.training - Epoch   2, Step:     4800, Batch Loss:     2.421742, Batch Acc: 0.349624, Tokens per Sec:     3211, Lr: 0.000300
2026-05-11 18:43:59,030 - INFO - joeynmt.training - Epoch   2, Step:     4900, Batch Loss:     2.359412, Batch Acc: 0.352450, Tokens per Sec:     3321, Lr: 0.000300
2026-05-11 18:44:28,628 - INFO - joeynmt.training - Epoch   2, Step:     5000, Batch Loss:     2.290549, Batch Acc: 0.357002, Tokens per Sec:     3085, Lr: 0.000300
2026-05-11 18:44:28,629 - INFO - joeynmt.prediction - Predicting 500 example(s)... (Greedy decoding with min_output_length=1, max_output_length=-1, return_prob='none', generate_unk=True, repetition_penalty=-1, no_repeat_ngram_size=-1)
2026-05-11 18:45:04,738 - INFO - joeynmt.prediction - Evaluation result (greedy) loss:   2.75, ppl:  15.65, acc:   0.29, generation: 36.0999[sec], evaluation: 0.0000[sec]
2026-05-11 18:45:04,741 - INFO - joeynmt.training - Hooray! New best validation result [ppl]!
2026-05-11 18:45:04,949 - INFO - joeynmt.helpers - delete models/deen_transformer_pre/2500.ckpt
2026-05-11 18:45:04,959 - INFO - joeynmt.training - Example #0
2026-05-11 18:45:04,959 - DEBUG - joeynmt.training - 	Tokenized source:     ['die', 'Pre@@', 'mi@@', 'er@@', 'minist@@', 'er', 'Indi@@', 'ens', 'und', 'J@@', 'ap@@', 'ans', 'tra@@', 'fen', 'sich', 'in', 'T@@', 'ok@@', 'i@@', 'o', '.']
2026-05-11 18:45:04,959 - DEBUG - joeynmt.training - 	Tokenized reference:  ['Indi@@', 'a', 'and', 'J@@', 'ap@@', 'an', 'pri@@', 'me', 'minist@@', 'ers', 'me@@', 'et', 'in', 'T@@', 'ok@@', 'y@@', 'o']
2026-05-11 18:45:04,959 - DEBUG - joeynmt.training - 	Tokenized hypothesis: ['the', 're@@', 'pres@@', 'ents', 'a', 'b@@', 'ig@@', 'ges@@', 't', 'in', 'T@@', 'T@@', 'T@@', 'T@@', 'T@@', 'T@@', 'T@@', 'T@@', 'T@@', 'T@@', 'T@@', 'T@@', 'T@@', 'T@@', 'T@@', 'T@@', 'T@@', 'T@@', 'T@@', 'T@@', 'T@@', 'T@@', 'T@@', 'T@@', 'T@@', 'T@@', 'T@@', 'T@@', 'T@@', 'T@@', 'T@@', 'T@@', 'T@@', 'T@@', 'T@@', 'T@@', 'T@@', 'T@@', 'T@@', 'T@@', 'T@@', 'T@@', 'T@@', 'T@@', 'T@@', 'T@@', 'T@@', 'T@@', 'T@@', 'T@@', 'T@@', 'T@@', 'T@@', 'T@@', 'T@@', 'T@@', 'o', '.', '</s>']
2026-05-11 18:45:04,960 - INFO - joeynmt.training - 	Source:     die Premierminister Indiens und Japans trafen sich in Tokio .
2026-05-11 18:45:04,960 - INFO - joeynmt.training - 	Reference:  India and Japan prime ministers meet in Tokyo
2026-05-11 18:45:04,960 - INFO - joeynmt.training - 	Hypothesis: the represents a biggest in TTTTTTTTTTTTTTTTTTTTTTTTTTTTTTTTTTTTTTTTTTTTTTTTTTTTTTTTo .
2026-05-11 18:45:04,960 - INFO - joeynmt.training - Example #1
2026-05-11 18:45:04,960 - DEBUG - joeynmt.training - 	Tokenized source:     ['Indi@@', 'ens', 'neu@@', 'er', 'Pre@@', 'mi@@', 'er@@', 'minist@@', 'er', 'N@@', 'ar@@', 'end@@', 'ra', 'Mo@@', 'd@@', 'i', 'tri@@', 'fft', 'bei', 's@@', 'einem', 'ersten', 'wichti@@', 'gen', 'Aus@@', 'land@@', 's@@', 'bes@@', 'u@@', 'ch', 'seit', 's@@', 'einem', 'W@@', 'ah@@', 'l@@', 'si@@', 'e@@', 'g', 'im', 'Ma@@', 'i', 'seinen', 'j@@', 'ap@@', 'an@@', 'ischen', 'Am@@', 'ts@@', 'k@@', 'olle@@', 'gen', 'S@@', 'hin@@', 'z@@', 'o', 'A@@', 'be', 'in', 'T@@', 'ok@@', 'o', ',', 'um', 'wirtschaf@@', 'tliche', 'und', 'sicher@@', 'heits@@', 'politische', 'Be@@', 'zieh@@', 'ungen', 'zu', 'bes@@', 'pre@@', 'chen', '.']
2026-05-11 18:45:04,960 - DEBUG - joeynmt.training - 	Tokenized reference:  ['Indi@@', 'a', '&apos;s', 'new', 'pri@@', 'me', 'minist@@', 'er', ',', 'N@@', 'ar@@', 'end@@', 'ra', 'Mo@@', 'd@@', 'i', ',', 'is', 'me@@', 'eting', 'his', 'J@@', 'ap@@', 'an@@', 'ese', 'coun@@', 'ter@@', 'part', ',', 'S@@', 'hin@@', 'z@@', 'o', 'A@@', 'be', ',', 'in', 'T@@', 'ok@@', 'y@@', 'o', 'to', 'disc@@', 'uss', 'economic', 'and', 'security', 'ties', ',', 'on', 'his', 'first', 'major', 'fore@@', 'ign', 'visi@@', 't', 'since', 'w@@', 'inn@@', 'ing', 'Ma@@', 'y', '&apos;s', 'elec@@', 'tion', '.']
2026-05-11 18:45:04,960 - DEBUG - joeynmt.training - 	Tokenized hypothesis: ['J@@', 'ap@@', 'an', ',', 'the', 'M@@', 'or@@', 'or@@', 'i', 'N@@', 'ar@@', 'i', 'S@@', 'on@@', 'y', ',', 'the', 'first', 'of', 'the', 'first', 'first', 'of', 'the', 'S@@', 'outh', 'A@@', 'mer@@', 'ic@@', 'a', ',', 'and', 'a', 'very', 'important', 'st@@', 'y@@', 'le', 'in', 'the', 'S@@', 'outh', 'A@@', 'z@@', 'z@@', 'an@@', 'o', ',', 'and', 'the', 'economic', 're@@', 'ali@@', 'se', 'and', 'economic', ',', 'economic', ',', 'and', 'economic', ',', 'and', 'the', 'political', 'rel@@', 'ations', '.', '</s>']
2026-05-11 18:45:04,960 - INFO - joeynmt.training - 	Source:     Indiens neuer Premierminister Narendra Modi trifft bei seinem ersten wichtigen Auslandsbesuch seit seinem Wahlsieg im Mai seinen japanischen Amtskollegen Shinzo Abe in Toko , um wirtschaftliche und sicherheitspolitische Beziehungen zu besprechen .
2026-05-11 18:45:04,960 - INFO - joeynmt.training - 	Reference:  India &apos;s new prime minister , Narendra Modi , is meeting his Japanese counterpart , Shinzo Abe , in Tokyo to discuss economic and security ties , on his first major foreign visit since winning May &apos;s election .
2026-05-11 18:45:04,960 - INFO - joeynmt.training - 	Hypothesis: Japan , the Morori Nari Sony , the first of the first first of the South America , and a very important style in the South Azzano , and the economic realise and economic , economic , and economic , and the political relations .
2026-05-11 18:45:04,960 - INFO - joeynmt.training - Example #2
2026-05-11 18:45:04,960 - DEBUG - joeynmt.training - 	Tokenized source:     ['Herr', 'Mo@@', 'd@@', 'i', 'befindet', 'sich', 'auf', 'einer', 'fü@@', 'n@@', 'f@@', 'tä@@', 'gi@@', 'gen', 'Rei@@', 'se', 'nach', 'J@@', 'ap@@', 'an', ',', 'um', 'die', 'wirtschaf@@', 'tlichen', 'Be@@', 'zieh@@', 'ungen', 'mit', 'der', 'd@@', 'rit@@', 't@@', 'größ@@', 'ten', 'Wirtschafts@@', 'n@@', 'ation', 'der', 'Welt', 'zu', 'fes@@', 'tigen', '.']
2026-05-11 18:45:04,960 - DEBUG - joeynmt.training - 	Tokenized reference:  ['Mr', 'Mo@@', 'd@@', 'i', 'is', 'on', 'a', 'fi@@', 've', '@@@', '-@@', '@', 'day', 'tri@@', 'p', 'to', 'J@@', 'ap@@', 'an', 'to', 'streng@@', 'then', 'economic', 'ties', 'with', 'the', 'third', 'lar@@', 'ges@@', 't', 'econom@@', 'y', 'in', 'the', 'world', '.']
2026-05-11 18:45:04,960 - DEBUG - joeynmt.training - 	Tokenized hypothesis: ['Mr', 'President', ',', 'Mr', 'S@@', 'on@@', 'd@@', 'i', 'is', 'a', 'number', 'of', 'people', ',', 'to', 'J@@', 'ap@@', 'an', ',', 'the', 'European', 'economic', 'rel@@', 'ations', 'with', 'the', 'world', 'of', 'the', 'world', '&apos;s', 'most', 'important', 'economic', 'rel@@', 'ations', '.', '</s>']
2026-05-11 18:45:04,961 - INFO - joeynmt.training - 	Source:     Herr Modi befindet sich auf einer fünftägigen Reise nach Japan , um die wirtschaftlichen Beziehungen mit der drittgrößten Wirtschaftsnation der Welt zu festigen .
2026-05-11 18:45:04,961 - INFO - joeynmt.training - 	Reference:  Mr Modi is on a five @-@ day trip to Japan to strengthen economic ties with the third largest economy in the world .
2026-05-11 18:45:04,961 - INFO - joeynmt.training - 	Hypothesis: Mr President , Mr Sondi is a number of people , to Japan , the European economic relations with the world of the world &apos;s most important economic relations .
2026-05-11 18:45:04,961 - INFO - joeynmt.training - Example #3
2026-05-11 18:45:04,961 - DEBUG - joeynmt.training - 	Tokenized source:     ['P@@', 'län@@', 'e', 'für', 'eine', 'stärk@@', 'ere', 'k@@', 'ern@@', 'techn@@', 'ische', 'Zusammenarbeit', 'stehen', 'ganz', 'ob@@', 'en', 'auf', 'der', 'Tag@@', 'es@@', 'ordnung', '.']
2026-05-11 18:45:04,961 - DEBUG - joeynmt.training - 	Tokenized reference:  ['high', 'on', 'the', 'agen@@', 'da', 'are', 'pl@@', 'ans', 'for', 'gre@@', 'ater', 'nu@@', 'clear', 'c@@', 'o', '@@@', '-@@', '@', 'operation', '.']
2026-05-11 18:45:04,961 - DEBUG - joeynmt.training - 	Tokenized hypothesis: ['P@@', 'ubli@@', 'c', ',', 'for', 'a', 'more', 'techn@@', 'ical', 'cooperation', ',', 'and', 'the', 'most', 'important', 'techn@@', 'ical', 'cooperation', '.', '</s>']
2026-05-11 18:45:04,961 - INFO - joeynmt.training - 	Source:     Pläne für eine stärkere kerntechnische Zusammenarbeit stehen ganz oben auf der Tagesordnung .
2026-05-11 18:45:04,961 - INFO - joeynmt.training - 	Reference:  high on the agenda are plans for greater nuclear co @-@ operation .
2026-05-11 18:45:04,961 - INFO - joeynmt.training - 	Hypothesis: Public , for a more technical cooperation , and the most important technical cooperation .
2026-05-11 18:45:04,961 - INFO - joeynmt.training - Example #4
2026-05-11 18:45:04,962 - DEBUG - joeynmt.training - 	Tokenized source:     ['Berich@@', 'ten', 'zu@@', 'fol@@', 'ge', 'ho@@', 'fft', 'Indi@@', 'en', 'darüber', 'hinaus', 'auf', 'einen', 'Ver@@', 'trag', 'zur', 'Ver@@', 'tei@@', 'dig@@', 'ungs@@', 'zusammen@@', 'arbeit', 'zwischen', 'den', 'beiden', 'N@@', 'ationen', '.']
2026-05-11 18:45:04,962 - DEBUG - joeynmt.training - 	Tokenized reference:  ['Indi@@', 'a', 'is', 'also', 're@@', 'porte@@', 'dly', 'hop@@', 'ing', 'for', 'a', 'de@@', 'al', 'on', 'def@@', 'ence', 'c@@', 'oll@@', 'ab@@', 'or@@', 'ation', 'between', 'the', 'two', 'n@@', 'ations', '.']
2026-05-11 18:45:04,962 - DEBUG - joeynmt.training - 	Tokenized hypothesis: ['report', 'on', 'the', 'subject', 'of', 'the', 're@@', 'ference', 'of', 'the', 're@@', 'ference', 'of', 'the', 're@@', 'ference', 'of', 'the', 'two', 'two', 'N@@', 'ations', '.', '</s>']
2026-05-11 18:45:04,962 - INFO - joeynmt.training - 	Source:     Berichten zufolge hofft Indien darüber hinaus auf einen Vertrag zur Verteidigungszusammenarbeit zwischen den beiden Nationen .
2026-05-11 18:45:04,962 - INFO - joeynmt.training - 	Reference:  India is also reportedly hoping for a deal on defence collaboration between the two nations .
2026-05-11 18:45:04,962 - INFO - joeynmt.training - 	Hypothesis: report on the subject of the reference of the reference of the reference of the two two Nations .
2026-05-11 18:45:33,159 - INFO - joeynmt.training - Epoch   2, Step:     5100, Batch Loss:     2.443408, Batch Acc: 0.355641, Tokens per Sec:     3227, Lr: 0.000300
2026-05-11 18:46:01,612 - INFO - joeynmt.training - Epoch   2, Step:     5200, Batch Loss:     2.336853, Batch Acc: 0.365107, Tokens per Sec:     3336, Lr: 0.000300
2026-05-11 18:46:36,559 - INFO - joeynmt.training - Epoch   2, Step:     5300, Batch Loss:     2.280081, Batch Acc: 0.365182, Tokens per Sec:     2621, Lr: 0.000300
2026-05-11 18:47:08,200 - INFO - joeynmt.training - Epoch   2, Step:     5400, Batch Loss:     2.291631, Batch Acc: 0.371990, Tokens per Sec:     2935, Lr: 0.000300
2026-05-11 18:47:38,688 - INFO - joeynmt.training - Epoch   2, Step:     5500, Batch Loss:     2.285593, Batch Acc: 0.372209, Tokens per Sec:     3047, Lr: 0.000300
2026-05-11 18:47:38,690 - INFO - joeynmt.prediction - Predicting 500 example(s)... (Greedy decoding with min_output_length=1, max_output_length=-1, return_prob='none', generate_unk=True, repetition_penalty=-1, no_repeat_ngram_size=-1)
2026-05-11 18:48:22,440 - INFO - joeynmt.prediction - Evaluation result (greedy) loss:   2.66, ppl:  14.26, acc:   0.32, generation: 43.7405[sec], evaluation: 0.0000[sec]
2026-05-11 18:48:22,443 - INFO - joeynmt.training - Hooray! New best validation result [ppl]!
2026-05-11 18:48:22,659 - INFO - joeynmt.helpers - delete models/deen_transformer_pre/3000.ckpt
2026-05-11 18:48:22,666 - INFO - joeynmt.training - Example #0
2026-05-11 18:48:22,666 - DEBUG - joeynmt.training - 	Tokenized source:     ['die', 'Pre@@', 'mi@@', 'er@@', 'minist@@', 'er', 'Indi@@', 'ens', 'und', 'J@@', 'ap@@', 'ans', 'tra@@', 'fen', 'sich', 'in', 'T@@', 'ok@@', 'i@@', 'o', '.']
2026-05-11 18:48:22,667 - DEBUG - joeynmt.training - 	Tokenized reference:  ['Indi@@', 'a', 'and', 'J@@', 'ap@@', 'an', 'pri@@', 'me', 'minist@@', 'ers', 'me@@', 'et', 'in', 'T@@', 'ok@@', 'y@@', 'o']
2026-05-11 18:48:22,667 - DEBUG - joeynmt.training - 	Tokenized hypothesis: ['the', 'A@@', 'mer@@', 'ic@@', 'ans', 'and', 'J@@', 'ap@@', 'an', 'and', 'J@@', 'ap@@', 'an', '.', '</s>']
2026-05-11 18:48:22,667 - INFO - joeynmt.training - 	Source:     die Premierminister Indiens und Japans trafen sich in Tokio .
2026-05-11 18:48:22,667 - INFO - joeynmt.training - 	Reference:  India and Japan prime ministers meet in Tokyo
2026-05-11 18:48:22,667 - INFO - joeynmt.training - 	Hypothesis: the Americans and Japan and Japan .
2026-05-11 18:48:22,667 - INFO - joeynmt.training - Example #1
2026-05-11 18:48:22,667 - DEBUG - joeynmt.training - 	Tokenized source:     ['Indi@@', 'ens', 'neu@@', 'er', 'Pre@@', 'mi@@', 'er@@', 'minist@@', 'er', 'N@@', 'ar@@', 'end@@', 'ra', 'Mo@@', 'd@@', 'i', 'tri@@', 'fft', 'bei', 's@@', 'einem', 'ersten', 'wichti@@', 'gen', 'Aus@@', 'land@@', 's@@', 'bes@@', 'u@@', 'ch', 'seit', 's@@', 'einem', 'W@@', 'ah@@', 'l@@', 'si@@', 'e@@', 'g', 'im', 'Ma@@', 'i', 'seinen', 'j@@', 'ap@@', 'an@@', 'ischen', 'Am@@', 'ts@@', 'k@@', 'olle@@', 'gen', 'S@@', 'hin@@', 'z@@', 'o', 'A@@', 'be', 'in', 'T@@', 'ok@@', 'o', ',', 'um', 'wirtschaf@@', 'tliche', 'und', 'sicher@@', 'heits@@', 'politische', 'Be@@', 'zieh@@', 'ungen', 'zu', 'bes@@', 'pre@@', 'chen', '.']
2026-05-11 18:48:22,667 - DEBUG - joeynmt.training - 	Tokenized reference:  ['Indi@@', 'a', '&apos;s', 'new', 'pri@@', 'me', 'minist@@', 'er', ',', 'N@@', 'ar@@', 'end@@', 'ra', 'Mo@@', 'd@@', 'i', ',', 'is', 'me@@', 'eting', 'his', 'J@@', 'ap@@', 'an@@', 'ese', 'coun@@', 'ter@@', 'part', ',', 'S@@', 'hin@@', 'z@@', 'o', 'A@@', 'be', ',', 'in', 'T@@', 'ok@@', 'y@@', 'o', 'to', 'disc@@', 'uss', 'economic', 'and', 'security', 'ties', ',', 'on', 'his', 'first', 'major', 'fore@@', 'ign', 'visi@@', 't', 'since', 'w@@', 'inn@@', 'ing', 'Ma@@', 'y', '&apos;s', 'elec@@', 'tion', '.']
2026-05-11 18:48:22,668 - DEBUG - joeynmt.training - 	Tokenized hypothesis: ['Indi@@', 'an', 'A@@', 'z@@', 'e@@', 'ch', 'N@@', 'ar@@', 'i', 'N@@', 'ar@@', 'i', '&apos;s', 'first', 'of', 'the', 'first', 'read@@', 'ing', ',', 'in', 'the', 'first', 'read@@', 'ing', ',', 'and', 'the', 'S@@', 'outh', 'A@@', 'z@@', 'e@@', 'ch', 'in', 'M@@', 'ap@@', 'an@@', 'ese', 'S@@', 'ati@@', 'c', 'S@@', 'outh', 'A@@', 'z@@', 'z@@', 'e@@', 'ch', ',', 'and', 'economic', 'political', 'political', 'political', 'political', 'political', 'and', ',', 'economic', 'rel@@', 'ations', '.', '</s>']
2026-05-11 18:48:22,668 - INFO - joeynmt.training - 	Source:     Indiens neuer Premierminister Narendra Modi trifft bei seinem ersten wichtigen Auslandsbesuch seit seinem Wahlsieg im Mai seinen japanischen Amtskollegen Shinzo Abe in Toko , um wirtschaftliche und sicherheitspolitische Beziehungen zu besprechen .
2026-05-11 18:48:22,668 - INFO - joeynmt.training - 	Reference:  India &apos;s new prime minister , Narendra Modi , is meeting his Japanese counterpart , Shinzo Abe , in Tokyo to discuss economic and security ties , on his first major foreign visit since winning May &apos;s election .
2026-05-11 18:48:22,668 - INFO - joeynmt.training - 	Hypothesis: Indian Azech Nari Nari &apos;s first of the first reading , in the first reading , and the South Azech in Mapanese Satic South Azzech , and economic political political political political political and , economic relations .
2026-05-11 18:48:22,668 - INFO - joeynmt.training - Example #2
2026-05-11 18:48:22,668 - DEBUG - joeynmt.training - 	Tokenized source:     ['Herr', 'Mo@@', 'd@@', 'i', 'befindet', 'sich', 'auf', 'einer', 'fü@@', 'n@@', 'f@@', 'tä@@', 'gi@@', 'gen', 'Rei@@', 'se', 'nach', 'J@@', 'ap@@', 'an', ',', 'um', 'die', 'wirtschaf@@', 'tlichen', 'Be@@', 'zieh@@', 'ungen', 'mit', 'der', 'd@@', 'rit@@', 't@@', 'größ@@', 'ten', 'Wirtschafts@@', 'n@@', 'ation', 'der', 'Welt', 'zu', 'fes@@', 'tigen', '.']
2026-05-11 18:48:22,668 - DEBUG - joeynmt.training - 	Tokenized reference:  ['Mr', 'Mo@@', 'd@@', 'i', 'is', 'on', 'a', 'fi@@', 've', '@@@', '-@@', '@', 'day', 'tri@@', 'p', 'to', 'J@@', 'ap@@', 'an', 'to', 'streng@@', 'then', 'economic', 'ties', 'with', 'the', 'third', 'lar@@', 'ges@@', 't', 'econom@@', 'y', 'in', 'the', 'world', '.']
2026-05-11 18:48:22,668 - DEBUG - joeynmt.training - 	Tokenized hypothesis: ['Mr', 'Mo@@', 'd@@', 'i', 'is', 'located', 'on', 'a', 'fi@@', 'le', 'of', 'the', 'world', '&apos;s', 'own', ',', 'which', 'is', 'the', 'economic', 're@@', 'ports', 'with', 'the', 'economic', 're@@', 'ality', 'of', 'the', 'world', '&apos;s', 'economic', 're@@', 'ports', '.', '</s>']
2026-05-11 18:48:22,668 - INFO - joeynmt.training - 	Source:     Herr Modi befindet sich auf einer fünftägigen Reise nach Japan , um die wirtschaftlichen Beziehungen mit der drittgrößten Wirtschaftsnation der Welt zu festigen .
2026-05-11 18:48:22,668 - INFO - joeynmt.training - 	Reference:  Mr Modi is on a five @-@ day trip to Japan to strengthen economic ties with the third largest economy in the world .
2026-05-11 18:48:22,668 - INFO - joeynmt.training - 	Hypothesis: Mr Modi is located on a file of the world &apos;s own , which is the economic reports with the economic reality of the world &apos;s economic reports .
2026-05-11 18:48:22,668 - INFO - joeynmt.training - Example #3
2026-05-11 18:48:22,669 - DEBUG - joeynmt.training - 	Tokenized source:     ['P@@', 'län@@', 'e', 'für', 'eine', 'stärk@@', 'ere', 'k@@', 'ern@@', 'techn@@', 'ische', 'Zusammenarbeit', 'stehen', 'ganz', 'ob@@', 'en', 'auf', 'der', 'Tag@@', 'es@@', 'ordnung', '.']
2026-05-11 18:48:22,669 - DEBUG - joeynmt.training - 	Tokenized reference:  ['high', 'on', 'the', 'agen@@', 'da', 'are', 'pl@@', 'ans', 'for', 'gre@@', 'ater', 'nu@@', 'clear', 'c@@', 'o', '@@@', '-@@', '@', 'operation', '.']
2026-05-11 18:48:22,669 - DEBUG - joeynmt.training - 	Tokenized hypothesis: ['P@@', 'ap@@', 'er', 'for', 'a', 'more', 'than', 'the', 'situation', ',', 'and', 'the', 'most', 'important', 'cooperation', '.', '</s>']
2026-05-11 18:48:22,669 - INFO - joeynmt.training - 	Source:     Pläne für eine stärkere kerntechnische Zusammenarbeit stehen ganz oben auf der Tagesordnung .
2026-05-11 18:48:22,669 - INFO - joeynmt.training - 	Reference:  high on the agenda are plans for greater nuclear co @-@ operation .
2026-05-11 18:48:22,669 - INFO - joeynmt.training - 	Hypothesis: Paper for a more than the situation , and the most important cooperation .
2026-05-11 18:48:22,669 - INFO - joeynmt.training - Example #4
2026-05-11 18:48:22,669 - DEBUG - joeynmt.training - 	Tokenized source:     ['Berich@@', 'ten', 'zu@@', 'fol@@', 'ge', 'ho@@', 'fft', 'Indi@@', 'en', 'darüber', 'hinaus', 'auf', 'einen', 'Ver@@', 'trag', 'zur', 'Ver@@', 'tei@@', 'dig@@', 'ungs@@', 'zusammen@@', 'arbeit', 'zwischen', 'den', 'beiden', 'N@@', 'ationen', '.']
2026-05-11 18:48:22,669 - DEBUG - joeynmt.training - 	Tokenized reference:  ['Indi@@', 'a', 'is', 'also', 're@@', 'porte@@', 'dly', 'hop@@', 'ing', 'for', 'a', 'de@@', 'al', 'on', 'def@@', 'ence', 'c@@', 'oll@@', 'ab@@', 'or@@', 'ation', 'between', 'the', 'two', 'n@@', 'ations', '.']
2026-05-11 18:48:22,669 - DEBUG - joeynmt.training - 	Tokenized hypothesis: ['re@@', 'ports', 'are', 'also', 'also', 'also', 'also', 'also', 'the', 're@@', 'ports', 'on', 'a', 'Tre@@', 'aty', 'between', 'the', 'two', 'N@@', 'ations', '.', '</s>']
2026-05-11 18:48:22,669 - INFO - joeynmt.training - 	Source:     Berichten zufolge hofft Indien darüber hinaus auf einen Vertrag zur Verteidigungszusammenarbeit zwischen den beiden Nationen .
2026-05-11 18:48:22,669 - INFO - joeynmt.training - 	Reference:  India is also reportedly hoping for a deal on defence collaboration between the two nations .
2026-05-11 18:48:22,669 - INFO - joeynmt.training - 	Hypothesis: reports are also also also also also the reports on a Treaty between the two Nations .
2026-05-11 18:48:52,419 - INFO - joeynmt.training - Epoch   2, Step:     5600, Batch Loss:     2.256734, Batch Acc: 0.382155, Tokens per Sec:     2976, Lr: 0.000300
2026-05-11 18:49:20,260 - INFO - joeynmt.training - Epoch   2, Step:     5700, Batch Loss:     2.153652, Batch Acc: 0.380599, Tokens per Sec:     3267, Lr: 0.000300
2026-05-11 18:49:50,728 - INFO - joeynmt.training - Epoch   2, Step:     5800, Batch Loss:     2.411830, Batch Acc: 0.386149, Tokens per Sec:     3053, Lr: 0.000300
2026-05-11 18:50:25,649 - INFO - joeynmt.training - Epoch   2, Step:     5900, Batch Loss:     2.397897, Batch Acc: 0.390663, Tokens per Sec:     2613, Lr: 0.000300
2026-05-11 18:50:59,696 - INFO - joeynmt.training - Epoch   2, Step:     6000, Batch Loss:     2.280069, Batch Acc: 0.394460, Tokens per Sec:     2728, Lr: 0.000300
2026-05-11 18:50:59,697 - INFO - joeynmt.prediction - Predicting 500 example(s)... (Greedy decoding with min_output_length=1, max_output_length=-1, return_prob='none', generate_unk=True, repetition_penalty=-1, no_repeat_ngram_size=-1)
2026-05-11 18:51:52,650 - INFO - joeynmt.prediction - Evaluation result (greedy) loss:   2.59, ppl:  13.32, acc:   0.34, generation: 52.9435[sec], evaluation: 0.0000[sec]
2026-05-11 18:51:52,654 - INFO - joeynmt.training - Hooray! New best validation result [ppl]!
2026-05-11 18:51:52,846 - INFO - joeynmt.helpers - delete models/deen_transformer_pre/3500.ckpt
2026-05-11 18:51:52,851 - INFO - joeynmt.training - Example #0
2026-05-11 18:51:52,851 - DEBUG - joeynmt.training - 	Tokenized source:     ['die', 'Pre@@', 'mi@@', 'er@@', 'minist@@', 'er', 'Indi@@', 'ens', 'und', 'J@@', 'ap@@', 'ans', 'tra@@', 'fen', 'sich', 'in', 'T@@', 'ok@@', 'i@@', 'o', '.']
2026-05-11 18:51:52,851 - DEBUG - joeynmt.training - 	Tokenized reference:  ['Indi@@', 'a', 'and', 'J@@', 'ap@@', 'an', 'pri@@', 'me', 'minist@@', 'ers', 'me@@', 'et', 'in', 'T@@', 'ok@@', 'y@@', 'o']
2026-05-11 18:51:52,851 - DEBUG - joeynmt.training - 	Tokenized hypothesis: ['the', 'price', 'of', 'the', 'A@@', 'mer@@', 'ic@@', 'ans', 'and', 'J@@', 'ap@@', 'an', ',', 'J@@', 'ap@@', 'an', ',', 'the', 'price', 'of', 'the', 'A@@', 'gre@@', 'ement', '.', '</s>']
2026-05-11 18:51:52,851 - INFO - joeynmt.training - 	Source:     die Premierminister Indiens und Japans trafen sich in Tokio .
2026-05-11 18:51:52,852 - INFO - joeynmt.training - 	Reference:  India and Japan prime ministers meet in Tokyo
2026-05-11 18:51:52,852 - INFO - joeynmt.training - 	Hypothesis: the price of the Americans and Japan , Japan , the price of the Agreement .
2026-05-11 18:51:52,852 - INFO - joeynmt.training - Example #1
2026-05-11 18:51:52,852 - DEBUG - joeynmt.training - 	Tokenized source:     ['Indi@@', 'ens', 'neu@@', 'er', 'Pre@@', 'mi@@', 'er@@', 'minist@@', 'er', 'N@@', 'ar@@', 'end@@', 'ra', 'Mo@@', 'd@@', 'i', 'tri@@', 'fft', 'bei', 's@@', 'einem', 'ersten', 'wichti@@', 'gen', 'Aus@@', 'land@@', 's@@', 'bes@@', 'u@@', 'ch', 'seit', 's@@', 'einem', 'W@@', 'ah@@', 'l@@', 'si@@', 'e@@', 'g', 'im', 'Ma@@', 'i', 'seinen', 'j@@', 'ap@@', 'an@@', 'ischen', 'Am@@', 'ts@@', 'k@@', 'olle@@', 'gen', 'S@@', 'hin@@', 'z@@', 'o', 'A@@', 'be', 'in', 'T@@', 'ok@@', 'o', ',', 'um', 'wirtschaf@@', 'tliche', 'und', 'sicher@@', 'heits@@', 'politische', 'Be@@', 'zieh@@', 'ungen', 'zu', 'bes@@', 'pre@@', 'chen', '.']
2026-05-11 18:51:52,852 - DEBUG - joeynmt.training - 	Tokenized reference:  ['Indi@@', 'a', '&apos;s', 'new', 'pri@@', 'me', 'minist@@', 'er', ',', 'N@@', 'ar@@', 'end@@', 'ra', 'Mo@@', 'd@@', 'i', ',', 'is', 'me@@', 'eting', 'his', 'J@@', 'ap@@', 'an@@', 'ese', 'coun@@', 'ter@@', 'part', ',', 'S@@', 'hin@@', 'z@@', 'o', 'A@@', 'be', ',', 'in', 'T@@', 'ok@@', 'y@@', 'o', 'to', 'disc@@', 'uss', 'economic', 'and', 'security', 'ties', ',', 'on', 'his', 'first', 'major', 'fore@@', 'ign', 'visi@@', 't', 'since', 'w@@', 'inn@@', 'ing', 'Ma@@', 'y', '&apos;s', 'elec@@', 'tion', '.']
2026-05-11 18:51:52,852 - DEBUG - joeynmt.training - 	Tokenized hypothesis: ['Indi@@', 'a', '&apos;s', 'pri@@', 'ority', ',', 'the', 'N@@', 'ar@@', 'i', 'Mo@@', 'd@@', 'i', 'Mo@@', 'd@@', 'n@@', 'i', ',', 'the', 'first', 'important', 'ex@@', 'hi@@', 'bi@@', 'tion', 'of', 'the', 'S@@', 'ig@@', 'h', '&apos;s', 'M@@', 'ap@@', 'an@@', 'ese', 'and', 'political', 'political', 'political', 'and', 'political', 'political', 'political', 'political', 'and', 'economic', 'rel@@', 'ations', '.', '</s>']
2026-05-11 18:51:52,852 - INFO - joeynmt.training - 	Source:     Indiens neuer Premierminister Narendra Modi trifft bei seinem ersten wichtigen Auslandsbesuch seit seinem Wahlsieg im Mai seinen japanischen Amtskollegen Shinzo Abe in Toko , um wirtschaftliche und sicherheitspolitische Beziehungen zu besprechen .
2026-05-11 18:51:52,852 - INFO - joeynmt.training - 	Reference:  India &apos;s new prime minister , Narendra Modi , is meeting his Japanese counterpart , Shinzo Abe , in Tokyo to discuss economic and security ties , on his first major foreign visit since winning May &apos;s election .
2026-05-11 18:51:52,852 - INFO - joeynmt.training - 	Hypothesis: India &apos;s priority , the Nari Modi Modni , the first important exhibition of the Sigh &apos;s Mapanese and political political political and political political political political and economic relations .
2026-05-11 18:51:52,852 - INFO - joeynmt.training - Example #2
2026-05-11 18:51:52,853 - DEBUG - joeynmt.training - 	Tokenized source:     ['Herr', 'Mo@@', 'd@@', 'i', 'befindet', 'sich', 'auf', 'einer', 'fü@@', 'n@@', 'f@@', 'tä@@', 'gi@@', 'gen', 'Rei@@', 'se', 'nach', 'J@@', 'ap@@', 'an', ',', 'um', 'die', 'wirtschaf@@', 'tlichen', 'Be@@', 'zieh@@', 'ungen', 'mit', 'der', 'd@@', 'rit@@', 't@@', 'größ@@', 'ten', 'Wirtschafts@@', 'n@@', 'ation', 'der', 'Welt', 'zu', 'fes@@', 'tigen', '.']
2026-05-11 18:51:52,853 - DEBUG - joeynmt.training - 	Tokenized reference:  ['Mr', 'Mo@@', 'd@@', 'i', 'is', 'on', 'a', 'fi@@', 've', '@@@', '-@@', '@', 'day', 'tri@@', 'p', 'to', 'J@@', 'ap@@', 'an', 'to', 'streng@@', 'then', 'economic', 'ties', 'with', 'the', 'third', 'lar@@', 'ges@@', 't', 'econom@@', 'y', 'in', 'the', 'world', '.']
2026-05-11 18:51:52,853 - DEBUG - joeynmt.training - 	Tokenized hypothesis: ['Mr', 'Mo@@', 'd@@', 'i', 'is', 'on', 'a', 'fi@@', 've', 'fi@@', 've', 'years', 'after', 'J@@', 'ap@@', 'an', ',', 'to', 'the', 'economic', 'rel@@', 'ations', 'with', 'the', 'economic', 'rel@@', 'ations', 'with', 'the', 'world', 'of', 'the', 'world', '&apos;s', 'economic', 'rel@@', 'ations', '.', '</s>']
2026-05-11 18:51:52,853 - INFO - joeynmt.training - 	Source:     Herr Modi befindet sich auf einer fünftägigen Reise nach Japan , um die wirtschaftlichen Beziehungen mit der drittgrößten Wirtschaftsnation der Welt zu festigen .
2026-05-11 18:51:52,853 - INFO - joeynmt.training - 	Reference:  Mr Modi is on a five @-@ day trip to Japan to strengthen economic ties with the third largest economy in the world .
2026-05-11 18:51:52,853 - INFO - joeynmt.training - 	Hypothesis: Mr Modi is on a five five years after Japan , to the economic relations with the economic relations with the world of the world &apos;s economic relations .
2026-05-11 18:51:52,853 - INFO - joeynmt.training - Example #3
2026-05-11 18:51:52,854 - DEBUG - joeynmt.training - 	Tokenized source:     ['P@@', 'län@@', 'e', 'für', 'eine', 'stärk@@', 'ere', 'k@@', 'ern@@', 'techn@@', 'ische', 'Zusammenarbeit', 'stehen', 'ganz', 'ob@@', 'en', 'auf', 'der', 'Tag@@', 'es@@', 'ordnung', '.']
2026-05-11 18:51:52,854 - DEBUG - joeynmt.training - 	Tokenized reference:  ['high', 'on', 'the', 'agen@@', 'da', 'are', 'pl@@', 'ans', 'for', 'gre@@', 'ater', 'nu@@', 'clear', 'c@@', 'o', '@@@', '-@@', '@', 'operation', '.']
2026-05-11 18:51:52,854 - DEBUG - joeynmt.training - 	Tokenized hypothesis: ['P@@', 'ur@@', 'ch@@', 'a@@', 'p', 'for', 'a', 'more', 'than', 'the', 'most', 'important', 'cooperation', 'of', 'the', 'agen@@', 'da', '.', '</s>']
2026-05-11 18:51:52,854 - INFO - joeynmt.training - 	Source:     Pläne für eine stärkere kerntechnische Zusammenarbeit stehen ganz oben auf der Tagesordnung .
2026-05-11 18:51:52,854 - INFO - joeynmt.training - 	Reference:  high on the agenda are plans for greater nuclear co @-@ operation .
2026-05-11 18:51:52,855 - INFO - joeynmt.training - 	Hypothesis: Purchap for a more than the most important cooperation of the agenda .
2026-05-11 18:51:52,855 - INFO - joeynmt.training - Example #4
2026-05-11 18:51:52,855 - DEBUG - joeynmt.training - 	Tokenized source:     ['Berich@@', 'ten', 'zu@@', 'fol@@', 'ge', 'ho@@', 'fft', 'Indi@@', 'en', 'darüber', 'hinaus', 'auf', 'einen', 'Ver@@', 'trag', 'zur', 'Ver@@', 'tei@@', 'dig@@', 'ungs@@', 'zusammen@@', 'arbeit', 'zwischen', 'den', 'beiden', 'N@@', 'ationen', '.']
2026-05-11 18:51:52,855 - DEBUG - joeynmt.training - 	Tokenized reference:  ['Indi@@', 'a', 'is', 'also', 're@@', 'porte@@', 'dly', 'hop@@', 'ing', 'for', 'a', 'de@@', 'al', 'on', 'def@@', 'ence', 'c@@', 'oll@@', 'ab@@', 'or@@', 'ation', 'between', 'the', 'two', 'n@@', 'ations', '.']
2026-05-11 18:51:52,855 - DEBUG - joeynmt.training - 	Tokenized hypothesis: ['re@@', 'fle@@', 'c@@', 'ting', 'the', 'ex@@', 'per@@', 'ti@@', 'se', 'of', 'the', 'Tre@@', 'aty', 'of', 'the', 'Tre@@', 'aty', 'between', 'the', 'two', 'N@@', 'ations', '.', '</s>']
2026-05-11 18:51:52,855 - INFO - joeynmt.training - 	Source:     Berichten zufolge hofft Indien darüber hinaus auf einen Vertrag zur Verteidigungszusammenarbeit zwischen den beiden Nationen .
2026-05-11 18:51:52,855 - INFO - joeynmt.training - 	Reference:  India is also reportedly hoping for a deal on defence collaboration between the two nations .
2026-05-11 18:51:52,855 - INFO - joeynmt.training - 	Hypothesis: reflecting the expertise of the Treaty of the Treaty between the two Nations .
2026-05-11 18:52:28,632 - INFO - joeynmt.training - Epoch   2, Step:     6100, Batch Loss:     2.144239, Batch Acc: 0.389351, Tokens per Sec:     2552, Lr: 0.000300
2026-05-11 18:53:02,013 - INFO - joeynmt.training - Epoch   2, Step:     6200, Batch Loss:     2.247892, Batch Acc: 0.393005, Tokens per Sec:     2745, Lr: 0.000300
2026-05-11 18:53:32,786 - INFO - joeynmt.training - Epoch   2, Step:     6300, Batch Loss:     2.103339, Batch Acc: 0.402041, Tokens per Sec:     3013, Lr: 0.000300
2026-05-11 18:54:03,953 - INFO - joeynmt.training - Epoch   2, Step:     6400, Batch Loss:     2.038992, Batch Acc: 0.408019, Tokens per Sec:     2928, Lr: 0.000300
2026-05-11 18:54:37,606 - INFO - joeynmt.training - Epoch   2, Step:     6500, Batch Loss:     2.257709, Batch Acc: 0.405462, Tokens per Sec:     2661, Lr: 0.000300
2026-05-11 18:54:37,607 - INFO - joeynmt.prediction - Predicting 500 example(s)... (Greedy decoding with min_output_length=1, max_output_length=-1, return_prob='none', generate_unk=True, repetition_penalty=-1, no_repeat_ngram_size=-1)
2026-05-11 18:55:27,745 - INFO - joeynmt.prediction - Evaluation result (greedy) loss:   2.54, ppl:  12.72, acc:   0.34, generation: 50.1295[sec], evaluation: 0.0000[sec]
2026-05-11 18:55:27,748 - INFO - joeynmt.training - Hooray! New best validation result [ppl]!
2026-05-11 18:55:27,912 - INFO - joeynmt.helpers - delete models/deen_transformer_pre/4000.ckpt
2026-05-11 18:55:27,920 - INFO - joeynmt.training - Example #0
2026-05-11 18:55:27,921 - DEBUG - joeynmt.training - 	Tokenized source:     ['die', 'Pre@@', 'mi@@', 'er@@', 'minist@@', 'er', 'Indi@@', 'ens', 'und', 'J@@', 'ap@@', 'ans', 'tra@@', 'fen', 'sich', 'in', 'T@@', 'ok@@', 'i@@', 'o', '.']
2026-05-11 18:55:27,921 - DEBUG - joeynmt.training - 	Tokenized reference:  ['Indi@@', 'a', 'and', 'J@@', 'ap@@', 'an', 'pri@@', 'me', 'minist@@', 'ers', 'me@@', 'et', 'in', 'T@@', 'ok@@', 'y@@', 'o']
2026-05-11 18:55:27,921 - DEBUG - joeynmt.training - 	Tokenized hypothesis: ['the', 'pri@@', 'ces', 'of', 'the', 'pri@@', 'm@@', 'ary', 'and', 'J@@', 'ap@@', 'an', 'and', 'J@@', 'ap@@', 'an', '.', '</s>']
2026-05-11 18:55:27,921 - INFO - joeynmt.training - 	Source:     die Premierminister Indiens und Japans trafen sich in Tokio .
2026-05-11 18:55:27,921 - INFO - joeynmt.training - 	Reference:  India and Japan prime ministers meet in Tokyo
2026-05-11 18:55:27,921 - INFO - joeynmt.training - 	Hypothesis: the prices of the primary and Japan and Japan .
2026-05-11 18:55:27,921 - INFO - joeynmt.training - Example #1
2026-05-11 18:55:27,921 - DEBUG - joeynmt.training - 	Tokenized source:     ['Indi@@', 'ens', 'neu@@', 'er', 'Pre@@', 'mi@@', 'er@@', 'minist@@', 'er', 'N@@', 'ar@@', 'end@@', 'ra', 'Mo@@', 'd@@', 'i', 'tri@@', 'fft', 'bei', 's@@', 'einem', 'ersten', 'wichti@@', 'gen', 'Aus@@', 'land@@', 's@@', 'bes@@', 'u@@', 'ch', 'seit', 's@@', 'einem', 'W@@', 'ah@@', 'l@@', 'si@@', 'e@@', 'g', 'im', 'Ma@@', 'i', 'seinen', 'j@@', 'ap@@', 'an@@', 'ischen', 'Am@@', 'ts@@', 'k@@', 'olle@@', 'gen', 'S@@', 'hin@@', 'z@@', 'o', 'A@@', 'be', 'in', 'T@@', 'ok@@', 'o', ',', 'um', 'wirtschaf@@', 'tliche', 'und', 'sicher@@', 'heits@@', 'politische', 'Be@@', 'zieh@@', 'ungen', 'zu', 'bes@@', 'pre@@', 'chen', '.']
2026-05-11 18:55:27,921 - DEBUG - joeynmt.training - 	Tokenized reference:  ['Indi@@', 'a', '&apos;s', 'new', 'pri@@', 'me', 'minist@@', 'er', ',', 'N@@', 'ar@@', 'end@@', 'ra', 'Mo@@', 'd@@', 'i', ',', 'is', 'me@@', 'eting', 'his', 'J@@', 'ap@@', 'an@@', 'ese', 'coun@@', 'ter@@', 'part', ',', 'S@@', 'hin@@', 'z@@', 'o', 'A@@', 'be', ',', 'in', 'T@@', 'ok@@', 'y@@', 'o', 'to', 'disc@@', 'uss', 'economic', 'and', 'security', 'ties', ',', 'on', 'his', 'first', 'major', 'fore@@', 'ign', 'visi@@', 't', 'since', 'w@@', 'inn@@', 'ing', 'Ma@@', 'y', '&apos;s', 'elec@@', 'tion', '.']
2026-05-11 18:55:27,921 - DEBUG - joeynmt.training - 	Tokenized hypothesis: ['Indi@@', 'a', '&apos;s', 'pri@@', 'm@@', 'ary', 'pri@@', 'ces', ',', 'the', 'first', 'important', 'ex@@', 'clu@@', 'sive', ',', 'the', 'first', 'important', 'ex@@', 'clu@@', 'sion', 'of', 'the', 'S@@', 'lo@@', 'v@@', 'an', ',', 'since', 'the', 'S@@', 'lo@@', 'v@@', 'an', 'A@@', 'mer@@', 'ic@@', 'a', '&apos;s', 're@@', 'm@@', 'ember', 'of', 'the', 'S@@', 'ig@@', 'h', 'of', 'the', 'A@@', 'mer@@', 'ic@@', 'o', 'A@@', 'T@@', 'ok@@', 'o', 'A@@', 'T@@', 'T@@', 'ok@@', 'o', 'A@@', 'in', 'T@@', 'ok@@', 'o', 'A@@', 'i@@', 'r', '.', '</s>']
2026-05-11 18:55:27,921 - INFO - joeynmt.training - 	Source:     Indiens neuer Premierminister Narendra Modi trifft bei seinem ersten wichtigen Auslandsbesuch seit seinem Wahlsieg im Mai seinen japanischen Amtskollegen Shinzo Abe in Toko , um wirtschaftliche und sicherheitspolitische Beziehungen zu besprechen .
2026-05-11 18:55:27,921 - INFO - joeynmt.training - 	Reference:  India &apos;s new prime minister , Narendra Modi , is meeting his Japanese counterpart , Shinzo Abe , in Tokyo to discuss economic and security ties , on his first major foreign visit since winning May &apos;s election .
2026-05-11 18:55:27,921 - INFO - joeynmt.training - 	Hypothesis: India &apos;s primary prices , the first important exclusive , the first important exclusion of the Slovan , since the Slovan America &apos;s remember of the Sigh of the Americo AToko ATToko Ain Toko Air .
2026-05-11 18:55:27,921 - INFO - joeynmt.training - Example #2
2026-05-11 18:55:27,922 - DEBUG - joeynmt.training - 	Tokenized source:     ['Herr', 'Mo@@', 'd@@', 'i', 'befindet', 'sich', 'auf', 'einer', 'fü@@', 'n@@', 'f@@', 'tä@@', 'gi@@', 'gen', 'Rei@@', 'se', 'nach', 'J@@', 'ap@@', 'an', ',', 'um', 'die', 'wirtschaf@@', 'tlichen', 'Be@@', 'zieh@@', 'ungen', 'mit', 'der', 'd@@', 'rit@@', 't@@', 'größ@@', 'ten', 'Wirtschafts@@', 'n@@', 'ation', 'der', 'Welt', 'zu', 'fes@@', 'tigen', '.']
2026-05-11 18:55:27,922 - DEBUG - joeynmt.training - 	Tokenized reference:  ['Mr', 'Mo@@', 'd@@', 'i', 'is', 'on', 'a', 'fi@@', 've', '@@@', '-@@', '@', 'day', 'tri@@', 'p', 'to', 'J@@', 'ap@@', 'an', 'to', 'streng@@', 'then', 'economic', 'ties', 'with', 'the', 'third', 'lar@@', 'ges@@', 't', 'econom@@', 'y', 'in', 'the', 'world', '.']
2026-05-11 18:55:27,922 - DEBUG - joeynmt.training - 	Tokenized hypothesis: ['Mr', 'Mo@@', 'd@@', 'i', 'is', 'on', 'a', 'fi@@', 'f@@', 'th', 'cent@@', 'er', 'in', 'the', 'world', ',', 'to', 'the', 'economic', 'rel@@', 'ations', 'with', 'the', 'economic', 'rel@@', 'ations', 'with', 'the', 'world', '&apos;s', 'economic', 'rel@@', 'ations', '.', '</s>']
2026-05-11 18:55:27,922 - INFO - joeynmt.training - 	Source:     Herr Modi befindet sich auf einer fünftägigen Reise nach Japan , um die wirtschaftlichen Beziehungen mit der drittgrößten Wirtschaftsnation der Welt zu festigen .
2026-05-11 18:55:27,922 - INFO - joeynmt.training - 	Reference:  Mr Modi is on a five @-@ day trip to Japan to strengthen economic ties with the third largest economy in the world .
2026-05-11 18:55:27,922 - INFO - joeynmt.training - 	Hypothesis: Mr Modi is on a fifth center in the world , to the economic relations with the economic relations with the world &apos;s economic relations .
2026-05-11 18:55:27,922 - INFO - joeynmt.training - Example #3
2026-05-11 18:55:27,922 - DEBUG - joeynmt.training - 	Tokenized source:     ['P@@', 'län@@', 'e', 'für', 'eine', 'stärk@@', 'ere', 'k@@', 'ern@@', 'techn@@', 'ische', 'Zusammenarbeit', 'stehen', 'ganz', 'ob@@', 'en', 'auf', 'der', 'Tag@@', 'es@@', 'ordnung', '.']
2026-05-11 18:55:27,922 - DEBUG - joeynmt.training - 	Tokenized reference:  ['high', 'on', 'the', 'agen@@', 'da', 'are', 'pl@@', 'ans', 'for', 'gre@@', 'ater', 'nu@@', 'clear', 'c@@', 'o', '@@@', '-@@', '@', 'operation', '.']
2026-05-11 18:55:27,922 - DEBUG - joeynmt.training - 	Tokenized hypothesis: ['P@@', 'e', 'for', 'a', 'str@@', 'on@@', 'g@@', 'ly', 'techn@@', 'ical', 'cooperation', 'are', 'concer@@', 'ned', 'to', 'the', 'e@@', 'uro', '.', '</s>']
2026-05-11 18:55:27,922 - INFO - joeynmt.training - 	Source:     Pläne für eine stärkere kerntechnische Zusammenarbeit stehen ganz oben auf der Tagesordnung .
2026-05-11 18:55:27,922 - INFO - joeynmt.training - 	Reference:  high on the agenda are plans for greater nuclear co @-@ operation .
2026-05-11 18:55:27,922 - INFO - joeynmt.training - 	Hypothesis: Pe for a strongly technical cooperation are concerned to the euro .
2026-05-11 18:55:27,922 - INFO - joeynmt.training - Example #4
2026-05-11 18:55:27,922 - DEBUG - joeynmt.training - 	Tokenized source:     ['Berich@@', 'ten', 'zu@@', 'fol@@', 'ge', 'ho@@', 'fft', 'Indi@@', 'en', 'darüber', 'hinaus', 'auf', 'einen', 'Ver@@', 'trag', 'zur', 'Ver@@', 'tei@@', 'dig@@', 'ungs@@', 'zusammen@@', 'arbeit', 'zwischen', 'den', 'beiden', 'N@@', 'ationen', '.']
2026-05-11 18:55:27,922 - DEBUG - joeynmt.training - 	Tokenized reference:  ['Indi@@', 'a', 'is', 'also', 're@@', 'porte@@', 'dly', 'hop@@', 'ing', 'for', 'a', 'de@@', 'al', 'on', 'def@@', 'ence', 'c@@', 'oll@@', 'ab@@', 'or@@', 'ation', 'between', 'the', 'two', 'n@@', 'ations', '.']
2026-05-11 18:55:27,922 - DEBUG - joeynmt.training - 	Tokenized hypothesis: ['re@@', 'con@@', 'sequ@@', 'ences', 'in', 'the', 'con@@', 'text', 'of', 'the', 'reg@@', 'ulation', 'on', 'the', 'two', 'N@@', 'ations', 'to', 'the', 'two', 'N@@', 'ations', '.', '</s>']
2026-05-11 18:55:27,923 - INFO - joeynmt.training - 	Source:     Berichten zufolge hofft Indien darüber hinaus auf einen Vertrag zur Verteidigungszusammenarbeit zwischen den beiden Nationen .
2026-05-11 18:55:27,923 - INFO - joeynmt.training - 	Reference:  India is also reportedly hoping for a deal on defence collaboration between the two nations .
2026-05-11 18:55:27,923 - INFO - joeynmt.training - 	Hypothesis: reconsequences in the context of the regulation on the two Nations to the two Nations .
2026-05-11 18:55:55,703 - INFO - joeynmt.training - Epoch   2, Step:     6600, Batch Loss:     2.129897, Batch Acc: 0.405007, Tokens per Sec:     3283, Lr: 0.000300
2026-05-11 18:56:22,116 - INFO - joeynmt.training - Epoch   2, Step:     6700, Batch Loss:     2.119638, Batch Acc: 0.409649, Tokens per Sec:     3477, Lr: 0.000300
2026-05-11 18:56:48,107 - INFO - joeynmt.training - Epoch   2, Step:     6800, Batch Loss:     2.100738, Batch Acc: 0.410006, Tokens per Sec:     3535, Lr: 0.000300
2026-05-11 18:57:14,649 - INFO - joeynmt.training - Epoch   2, Step:     6900, Batch Loss:     2.147804, Batch Acc: 0.409085, Tokens per Sec:     3452, Lr: 0.000300
2026-05-11 18:57:41,433 - INFO - joeynmt.training - Epoch   2, Step:     7000, Batch Loss:     2.256763, Batch Acc: 0.408732, Tokens per Sec:     3423, Lr: 0.000300
2026-05-11 18:57:41,433 - INFO - joeynmt.prediction - Predicting 500 example(s)... (Greedy decoding with min_output_length=1, max_output_length=-1, return_prob='none', generate_unk=True, repetition_penalty=-1, no_repeat_ngram_size=-1)
2026-05-11 18:58:20,479 - INFO - joeynmt.prediction - Evaluation result (greedy) loss:   2.49, ppl:  12.03, acc:   0.36, generation: 39.0374[sec], evaluation: 0.0000[sec]
2026-05-11 18:58:20,480 - INFO - joeynmt.training - Hooray! New best validation result [ppl]!
2026-05-11 18:58:20,645 - INFO - joeynmt.helpers - delete models/deen_transformer_pre/4500.ckpt
2026-05-11 18:58:20,659 - INFO - joeynmt.training - Example #0
2026-05-11 18:58:20,659 - DEBUG - joeynmt.training - 	Tokenized source:     ['die', 'Pre@@', 'mi@@', 'er@@', 'minist@@', 'er', 'Indi@@', 'ens', 'und', 'J@@', 'ap@@', 'ans', 'tra@@', 'fen', 'sich', 'in', 'T@@', 'ok@@', 'i@@', 'o', '.']
2026-05-11 18:58:20,659 - DEBUG - joeynmt.training - 	Tokenized reference:  ['Indi@@', 'a', 'and', 'J@@', 'ap@@', 'an', 'pri@@', 'me', 'minist@@', 'ers', 'me@@', 'et', 'in', 'T@@', 'ok@@', 'y@@', 'o']
2026-05-11 18:58:20,659 - DEBUG - joeynmt.training - 	Tokenized hypothesis: ['the', 'pri@@', 'm@@', 'ary', 'minist@@', 'ers', 'and', 'J@@', 'ap@@', 'an', 'and', 'J@@', 'ap@@', 'an', 'and', 'J@@', 'ap@@', 'an', '.', '</s>']
2026-05-11 18:58:20,659 - INFO - joeynmt.training - 	Source:     die Premierminister Indiens und Japans trafen sich in Tokio .
2026-05-11 18:58:20,659 - INFO - joeynmt.training - 	Reference:  India and Japan prime ministers meet in Tokyo
2026-05-11 18:58:20,659 - INFO - joeynmt.training - 	Hypothesis: the primary ministers and Japan and Japan and Japan .
2026-05-11 18:58:20,659 - INFO - joeynmt.training - Example #1
2026-05-11 18:58:20,660 - DEBUG - joeynmt.training - 	Tokenized source:     ['Indi@@', 'ens', 'neu@@', 'er', 'Pre@@', 'mi@@', 'er@@', 'minist@@', 'er', 'N@@', 'ar@@', 'end@@', 'ra', 'Mo@@', 'd@@', 'i', 'tri@@', 'fft', 'bei', 's@@', 'einem', 'ersten', 'wichti@@', 'gen', 'Aus@@', 'land@@', 's@@', 'bes@@', 'u@@', 'ch', 'seit', 's@@', 'einem', 'W@@', 'ah@@', 'l@@', 'si@@', 'e@@', 'g', 'im', 'Ma@@', 'i', 'seinen', 'j@@', 'ap@@', 'an@@', 'ischen', 'Am@@', 'ts@@', 'k@@', 'olle@@', 'gen', 'S@@', 'hin@@', 'z@@', 'o', 'A@@', 'be', 'in', 'T@@', 'ok@@', 'o', ',', 'um', 'wirtschaf@@', 'tliche', 'und', 'sicher@@', 'heits@@', 'politische', 'Be@@', 'zieh@@', 'ungen', 'zu', 'bes@@', 'pre@@', 'chen', '.']
2026-05-11 18:58:20,660 - DEBUG - joeynmt.training - 	Tokenized reference:  ['Indi@@', 'a', '&apos;s', 'new', 'pri@@', 'me', 'minist@@', 'er', ',', 'N@@', 'ar@@', 'end@@', 'ra', 'Mo@@', 'd@@', 'i', ',', 'is', 'me@@', 'eting', 'his', 'J@@', 'ap@@', 'an@@', 'ese', 'coun@@', 'ter@@', 'part', ',', 'S@@', 'hin@@', 'z@@', 'o', 'A@@', 'be', ',', 'in', 'T@@', 'ok@@', 'y@@', 'o', 'to', 'disc@@', 'uss', 'economic', 'and', 'security', 'ties', ',', 'on', 'his', 'first', 'major', 'fore@@', 'ign', 'visi@@', 't', 'since', 'w@@', 'inn@@', 'ing', 'Ma@@', 'y', '&apos;s', 'elec@@', 'tion', '.']
2026-05-11 18:58:20,660 - DEBUG - joeynmt.training - 	Tokenized hypothesis: ['Indi@@', 'a', '&apos;s', 'pri@@', 'm@@', 'ari@@', 'ly', 're@@', 'p@@', 'ly', 'in', 'the', 'first', 'important', 'ex@@', 'per@@', 'ts', 'in', 'the', 'first', 'important', 'ex@@', 'per@@', 'ts', 'for', 'a', 'first', 'time', 'since', 'the', 'S@@', 'lo@@', 'v@@', 'an', 'E@@', 'ast', ',', 'E@@', 'ast', 'A@@', 'mer@@', 'ic@@', 'a', 'in', 'T@@', 'ok@@', 'o', 'A@@', 'mer@@', 'ic@@', 'o', 'A@@', 'mer@@', 'ic@@', 'a', ',', 'and', 'the', 'political', 'rel@@', 'ations', '.', '</s>']
2026-05-11 18:58:20,660 - INFO - joeynmt.training - 	Source:     Indiens neuer Premierminister Narendra Modi trifft bei seinem ersten wichtigen Auslandsbesuch seit seinem Wahlsieg im Mai seinen japanischen Amtskollegen Shinzo Abe in Toko , um wirtschaftliche und sicherheitspolitische Beziehungen zu besprechen .
2026-05-11 18:58:20,660 - INFO - joeynmt.training - 	Reference:  India &apos;s new prime minister , Narendra Modi , is meeting his Japanese counterpart , Shinzo Abe , in Tokyo to discuss economic and security ties , on his first major foreign visit since winning May &apos;s election .
2026-05-11 18:58:20,660 - INFO - joeynmt.training - 	Hypothesis: India &apos;s primarily reply in the first important experts in the first important experts for a first time since the Slovan East , East America in Toko Americo America , and the political relations .
2026-05-11 18:58:20,660 - INFO - joeynmt.training - Example #2
2026-05-11 18:58:20,660 - DEBUG - joeynmt.training - 	Tokenized source:     ['Herr', 'Mo@@', 'd@@', 'i', 'befindet', 'sich', 'auf', 'einer', 'fü@@', 'n@@', 'f@@', 'tä@@', 'gi@@', 'gen', 'Rei@@', 'se', 'nach', 'J@@', 'ap@@', 'an', ',', 'um', 'die', 'wirtschaf@@', 'tlichen', 'Be@@', 'zieh@@', 'ungen', 'mit', 'der', 'd@@', 'rit@@', 't@@', 'größ@@', 'ten', 'Wirtschafts@@', 'n@@', 'ation', 'der', 'Welt', 'zu', 'fes@@', 'tigen', '.']
2026-05-11 18:58:20,660 - DEBUG - joeynmt.training - 	Tokenized reference:  ['Mr', 'Mo@@', 'd@@', 'i', 'is', 'on', 'a', 'fi@@', 've', '@@@', '-@@', '@', 'day', 'tri@@', 'p', 'to', 'J@@', 'ap@@', 'an', 'to', 'streng@@', 'then', 'economic', 'ties', 'with', 'the', 'third', 'lar@@', 'ges@@', 't', 'econom@@', 'y', 'in', 'the', 'world', '.']
2026-05-11 18:58:20,660 - DEBUG - joeynmt.training - 	Tokenized hypothesis: ['Mr', 'Mo@@', 'd@@', 'i', 'is', 'on', 'a', 'fi@@', 'f@@', 'th', 'cent@@', 'r@@', 'ally', ',', 'the', 'economic', 'rel@@', 'ations', 'with', 'the', 'third', 'b@@', 'illion', 'of', 'the', 'world', '&apos;s', 'economic', 'rel@@', 'ations', 'with', 'the', 'world', '&apos;s', 'economic', 'rel@@', 'ations', '.', '</s>']
2026-05-11 18:58:20,660 - INFO - joeynmt.training - 	Source:     Herr Modi befindet sich auf einer fünftägigen Reise nach Japan , um die wirtschaftlichen Beziehungen mit der drittgrößten Wirtschaftsnation der Welt zu festigen .
2026-05-11 18:58:20,660 - INFO - joeynmt.training - 	Reference:  Mr Modi is on a five @-@ day trip to Japan to strengthen economic ties with the third largest economy in the world .
2026-05-11 18:58:20,660 - INFO - joeynmt.training - 	Hypothesis: Mr Modi is on a fifth centrally , the economic relations with the third billion of the world &apos;s economic relations with the world &apos;s economic relations .
2026-05-11 18:58:20,660 - INFO - joeynmt.training - Example #3
2026-05-11 18:58:20,660 - DEBUG - joeynmt.training - 	Tokenized source:     ['P@@', 'län@@', 'e', 'für', 'eine', 'stärk@@', 'ere', 'k@@', 'ern@@', 'techn@@', 'ische', 'Zusammenarbeit', 'stehen', 'ganz', 'ob@@', 'en', 'auf', 'der', 'Tag@@', 'es@@', 'ordnung', '.']
2026-05-11 18:58:20,660 - DEBUG - joeynmt.training - 	Tokenized reference:  ['high', 'on', 'the', 'agen@@', 'da', 'are', 'pl@@', 'ans', 'for', 'gre@@', 'ater', 'nu@@', 'clear', 'c@@', 'o', '@@@', '-@@', '@', 'operation', '.']
2026-05-11 18:58:20,660 - DEBUG - joeynmt.training - 	Tokenized hypothesis: ['P@@', 'e', 'for', 'a', 'more', 'more', 'than', 'the', 'agen@@', 'da', 'is', 'very', 'e@@', 'asi@@', 'ly', 'to', 'the', 'agen@@', 'da', '.', '</s>']
2026-05-11 18:58:20,661 - INFO - joeynmt.training - 	Source:     Pläne für eine stärkere kerntechnische Zusammenarbeit stehen ganz oben auf der Tagesordnung .
2026-05-11 18:58:20,661 - INFO - joeynmt.training - 	Reference:  high on the agenda are plans for greater nuclear co @-@ operation .
2026-05-11 18:58:20,661 - INFO - joeynmt.training - 	Hypothesis: Pe for a more more than the agenda is very easily to the agenda .
2026-05-11 18:58:20,661 - INFO - joeynmt.training - Example #4
2026-05-11 18:58:20,661 - DEBUG - joeynmt.training - 	Tokenized source:     ['Berich@@', 'ten', 'zu@@', 'fol@@', 'ge', 'ho@@', 'fft', 'Indi@@', 'en', 'darüber', 'hinaus', 'auf', 'einen', 'Ver@@', 'trag', 'zur', 'Ver@@', 'tei@@', 'dig@@', 'ungs@@', 'zusammen@@', 'arbeit', 'zwischen', 'den', 'beiden', 'N@@', 'ationen', '.']
2026-05-11 18:58:20,661 - DEBUG - joeynmt.training - 	Tokenized reference:  ['Indi@@', 'a', 'is', 'also', 're@@', 'porte@@', 'dly', 'hop@@', 'ing', 'for', 'a', 'de@@', 'al', 'on', 'def@@', 'ence', 'c@@', 'oll@@', 'ab@@', 'or@@', 'ation', 'between', 'the', 'two', 'n@@', 'ations', '.']
2026-05-11 18:58:20,661 - DEBUG - joeynmt.training - 	Tokenized hypothesis: ['re@@', 're@@', 'ality', ',', 'the', 're@@', 'view', 'of', 'the', 're@@', 'view', 'of', 'the', 'proposal', 'on', 'the', 'rules', 'between', 'the', 'two', 'N@@', 'ations', '.', '</s>']
2026-05-11 18:58:20,661 - INFO - joeynmt.training - 	Source:     Berichten zufolge hofft Indien darüber hinaus auf einen Vertrag zur Verteidigungszusammenarbeit zwischen den beiden Nationen .
2026-05-11 18:58:20,661 - INFO - joeynmt.training - 	Reference:  India is also reportedly hoping for a deal on defence collaboration between the two nations .
2026-05-11 18:58:20,661 - INFO - joeynmt.training - 	Hypothesis: rereality , the review of the review of the proposal on the rules between the two Nations .
2026-05-11 18:58:46,343 - INFO - joeynmt.training - Epoch   2, Step:     7100, Batch Loss:     2.119294, Batch Acc: 0.418143, Tokens per Sec:     3571, Lr: 0.000300
2026-05-11 18:59:12,488 - INFO - joeynmt.training - Epoch   2, Step:     7200, Batch Loss:     2.091780, Batch Acc: 0.415950, Tokens per Sec:     3547, Lr: 0.000300
2026-05-11 18:59:38,818 - INFO - joeynmt.training - Epoch   2, Step:     7300, Batch Loss:     2.306340, Batch Acc: 0.417932, Tokens per Sec:     3460, Lr: 0.000300
2026-05-11 19:00:04,666 - INFO - joeynmt.training - Epoch   2, Step:     7400, Batch Loss:     2.115871, Batch Acc: 0.422877, Tokens per Sec:     3487, Lr: 0.000300
2026-05-11 19:00:31,045 - INFO - joeynmt.training - Epoch   2, Step:     7500, Batch Loss:     2.193901, Batch Acc: 0.418526, Tokens per Sec:     3535, Lr: 0.000300
2026-05-11 19:00:31,046 - INFO - joeynmt.prediction - Predicting 500 example(s)... (Greedy decoding with min_output_length=1, max_output_length=-1, return_prob='none', generate_unk=True, repetition_penalty=-1, no_repeat_ngram_size=-1)
2026-05-11 19:01:09,476 - INFO - joeynmt.prediction - Evaluation result (greedy) loss:   2.45, ppl:  11.55, acc:   0.37, generation: 38.4222[sec], evaluation: 0.0000[sec]
2026-05-11 19:01:09,479 - INFO - joeynmt.training - Hooray! New best validation result [ppl]!
2026-05-11 19:01:09,646 - INFO - joeynmt.helpers - delete models/deen_transformer_pre/5000.ckpt
2026-05-11 19:01:09,659 - INFO - joeynmt.training - Example #0
2026-05-11 19:01:09,659 - DEBUG - joeynmt.training - 	Tokenized source:     ['die', 'Pre@@', 'mi@@', 'er@@', 'minist@@', 'er', 'Indi@@', 'ens', 'und', 'J@@', 'ap@@', 'ans', 'tra@@', 'fen', 'sich', 'in', 'T@@', 'ok@@', 'i@@', 'o', '.']
2026-05-11 19:01:09,659 - DEBUG - joeynmt.training - 	Tokenized reference:  ['Indi@@', 'a', 'and', 'J@@', 'ap@@', 'an', 'pri@@', 'me', 'minist@@', 'ers', 'me@@', 'et', 'in', 'T@@', 'ok@@', 'y@@', 'o']
2026-05-11 19:01:09,659 - DEBUG - joeynmt.training - 	Tokenized hypothesis: ['the', 'pri@@', 'm@@', 'ari@@', 'ly', 'and', 'J@@', 'ap@@', 'an', 'and', 'J@@', 'ap@@', 'an', 'and', 'J@@', 'ap@@', 'an', '.', '</s>']
2026-05-11 19:01:09,660 - INFO - joeynmt.training - 	Source:     die Premierminister Indiens und Japans trafen sich in Tokio .
2026-05-11 19:01:09,660 - INFO - joeynmt.training - 	Reference:  India and Japan prime ministers meet in Tokyo
2026-05-11 19:01:09,660 - INFO - joeynmt.training - 	Hypothesis: the primarily and Japan and Japan and Japan .
2026-05-11 19:01:09,660 - INFO - joeynmt.training - Example #1
2026-05-11 19:01:09,660 - DEBUG - joeynmt.training - 	Tokenized source:     ['Indi@@', 'ens', 'neu@@', 'er', 'Pre@@', 'mi@@', 'er@@', 'minist@@', 'er', 'N@@', 'ar@@', 'end@@', 'ra', 'Mo@@', 'd@@', 'i', 'tri@@', 'fft', 'bei', 's@@', 'einem', 'ersten', 'wichti@@', 'gen', 'Aus@@', 'land@@', 's@@', 'bes@@', 'u@@', 'ch', 'seit', 's@@', 'einem', 'W@@', 'ah@@', 'l@@', 'si@@', 'e@@', 'g', 'im', 'Ma@@', 'i', 'seinen', 'j@@', 'ap@@', 'an@@', 'ischen', 'Am@@', 'ts@@', 'k@@', 'olle@@', 'gen', 'S@@', 'hin@@', 'z@@', 'o', 'A@@', 'be', 'in', 'T@@', 'ok@@', 'o', ',', 'um', 'wirtschaf@@', 'tliche', 'und', 'sicher@@', 'heits@@', 'politische', 'Be@@', 'zieh@@', 'ungen', 'zu', 'bes@@', 'pre@@', 'chen', '.']
2026-05-11 19:01:09,660 - DEBUG - joeynmt.training - 	Tokenized reference:  ['Indi@@', 'a', '&apos;s', 'new', 'pri@@', 'me', 'minist@@', 'er', ',', 'N@@', 'ar@@', 'end@@', 'ra', 'Mo@@', 'd@@', 'i', ',', 'is', 'me@@', 'eting', 'his', 'J@@', 'ap@@', 'an@@', 'ese', 'coun@@', 'ter@@', 'part', ',', 'S@@', 'hin@@', 'z@@', 'o', 'A@@', 'be', ',', 'in', 'T@@', 'ok@@', 'y@@', 'o', 'to', 'disc@@', 'uss', 'economic', 'and', 'security', 'ties', ',', 'on', 'his', 'first', 'major', 'fore@@', 'ign', 'visi@@', 't', 'since', 'w@@', 'inn@@', 'ing', 'Ma@@', 'y', '&apos;s', 'elec@@', 'tion', '.']
2026-05-11 19:01:09,660 - DEBUG - joeynmt.training - 	Tokenized hypothesis: ['Indi@@', 'an', 'Go@@', 'vern@@', 'ment', 'Minist@@', 'er', 'N@@', 'ar@@', 'end@@', 'ra', 'Mo@@', 'd@@', 'i', ',', 'in', 'the', 'first', 'important', 'ex@@', 'clu@@', 'sive', ',', 'since', 'the', 'S@@', 'ec@@', 're@@', 't@@', 'ar@@', 'get', 'for', 'a', 'elec@@', 't@@', 'or@@', 'ship', 'in', 'the', 'Ma@@', 'y', 'of', 'the', 'C@@', 'olle@@', 'ge', 'of', 'S@@', 'h@@', 'h@@', 'our', ',', 'economic', 'and', 'security', 'rel@@', 'ations', '.', '</s>']
2026-05-11 19:01:09,660 - INFO - joeynmt.training - 	Source:     Indiens neuer Premierminister Narendra Modi trifft bei seinem ersten wichtigen Auslandsbesuch seit seinem Wahlsieg im Mai seinen japanischen Amtskollegen Shinzo Abe in Toko , um wirtschaftliche und sicherheitspolitische Beziehungen zu besprechen .
2026-05-11 19:01:09,660 - INFO - joeynmt.training - 	Reference:  India &apos;s new prime minister , Narendra Modi , is meeting his Japanese counterpart , Shinzo Abe , in Tokyo to discuss economic and security ties , on his first major foreign visit since winning May &apos;s election .
2026-05-11 19:01:09,660 - INFO - joeynmt.training - 	Hypothesis: Indian Government Minister Narendra Modi , in the first important exclusive , since the Secretarget for a electorship in the May of the College of Shhour , economic and security relations .
2026-05-11 19:01:09,660 - INFO - joeynmt.training - Example #2
2026-05-11 19:01:09,660 - DEBUG - joeynmt.training - 	Tokenized source:     ['Herr', 'Mo@@', 'd@@', 'i', 'befindet', 'sich', 'auf', 'einer', 'fü@@', 'n@@', 'f@@', 'tä@@', 'gi@@', 'gen', 'Rei@@', 'se', 'nach', 'J@@', 'ap@@', 'an', ',', 'um', 'die', 'wirtschaf@@', 'tlichen', 'Be@@', 'zieh@@', 'ungen', 'mit', 'der', 'd@@', 'rit@@', 't@@', 'größ@@', 'ten', 'Wirtschafts@@', 'n@@', 'ation', 'der', 'Welt', 'zu', 'fes@@', 'tigen', '.']
2026-05-11 19:01:09,660 - DEBUG - joeynmt.training - 	Tokenized reference:  ['Mr', 'Mo@@', 'd@@', 'i', 'is', 'on', 'a', 'fi@@', 've', '@@@', '-@@', '@', 'day', 'tri@@', 'p', 'to', 'J@@', 'ap@@', 'an', 'to', 'streng@@', 'then', 'economic', 'ties', 'with', 'the', 'third', 'lar@@', 'ges@@', 't', 'econom@@', 'y', 'in', 'the', 'world', '.']
2026-05-11 19:01:09,660 - DEBUG - joeynmt.training - 	Tokenized hypothesis: ['Mr', 'Mo@@', 'd@@', 'i', 'is', 'located', 'on', 'a', 'fi@@', 'f@@', 'th', 'th', 'cent@@', 'ral', ',', 'to', 'the', 'economic', 'rel@@', 'ations', 'with', 'the', 'third', 'lar@@', 'ges@@', 't', 'economic', 'rel@@', 'ations', 'with', 'the', 'third', 'lar@@', 'ges@@', 't', 'economic', 'rel@@', 'ations', '.', '</s>']
2026-05-11 19:01:09,661 - INFO - joeynmt.training - 	Source:     Herr Modi befindet sich auf einer fünftägigen Reise nach Japan , um die wirtschaftlichen Beziehungen mit der drittgrößten Wirtschaftsnation der Welt zu festigen .
2026-05-11 19:01:09,661 - INFO - joeynmt.training - 	Reference:  Mr Modi is on a five @-@ day trip to Japan to strengthen economic ties with the third largest economy in the world .
2026-05-11 19:01:09,661 - INFO - joeynmt.training - 	Hypothesis: Mr Modi is located on a fifth th central , to the economic relations with the third largest economic relations with the third largest economic relations .
2026-05-11 19:01:09,661 - INFO - joeynmt.training - Example #3
2026-05-11 19:01:09,661 - DEBUG - joeynmt.training - 	Tokenized source:     ['P@@', 'län@@', 'e', 'für', 'eine', 'stärk@@', 'ere', 'k@@', 'ern@@', 'techn@@', 'ische', 'Zusammenarbeit', 'stehen', 'ganz', 'ob@@', 'en', 'auf', 'der', 'Tag@@', 'es@@', 'ordnung', '.']
2026-05-11 19:01:09,661 - DEBUG - joeynmt.training - 	Tokenized reference:  ['high', 'on', 'the', 'agen@@', 'da', 'are', 'pl@@', 'ans', 'for', 'gre@@', 'ater', 'nu@@', 'clear', 'c@@', 'o', '@@@', '-@@', '@', 'operation', '.']
2026-05-11 19:01:09,661 - DEBUG - joeynmt.training - 	Tokenized hypothesis: ['P@@', 'a@@', 'y', 'for', 'a', 'more', 'seri@@', 'ous', 'techn@@', 'ical', 'cooperation', 'are', 'still', 'still', 'still', 'still', 'in', 'the', 'agen@@', 'da', '.', '</s>']
2026-05-11 19:01:09,661 - INFO - joeynmt.training - 	Source:     Pläne für eine stärkere kerntechnische Zusammenarbeit stehen ganz oben auf der Tagesordnung .
2026-05-11 19:01:09,661 - INFO - joeynmt.training - 	Reference:  high on the agenda are plans for greater nuclear co @-@ operation .
2026-05-11 19:01:09,661 - INFO - joeynmt.training - 	Hypothesis: Pay for a more serious technical cooperation are still still still still in the agenda .
2026-05-11 19:01:09,661 - INFO - joeynmt.training - Example #4
2026-05-11 19:01:09,661 - DEBUG - joeynmt.training - 	Tokenized source:     ['Berich@@', 'ten', 'zu@@', 'fol@@', 'ge', 'ho@@', 'fft', 'Indi@@', 'en', 'darüber', 'hinaus', 'auf', 'einen', 'Ver@@', 'trag', 'zur', 'Ver@@', 'tei@@', 'dig@@', 'ungs@@', 'zusammen@@', 'arbeit', 'zwischen', 'den', 'beiden', 'N@@', 'ationen', '.']
2026-05-11 19:01:09,661 - DEBUG - joeynmt.training - 	Tokenized reference:  ['Indi@@', 'a', 'is', 'also', 're@@', 'porte@@', 'dly', 'hop@@', 'ing', 'for', 'a', 'de@@', 'al', 'on', 'def@@', 'ence', 'c@@', 'oll@@', 'ab@@', 'or@@', 'ation', 'between', 'the', 'two', 'n@@', 'ations', '.']
2026-05-11 19:01:09,661 - DEBUG - joeynmt.training - 	Tokenized hypothesis: ['the', 're@@', 'ports', ',', 'the', 'succ@@', 'ess', 'of', 'the', 'con@@', 'tra@@', 'ct', 'between', 'the', 'two', 'N@@', 'ations', '.', '</s>']
2026-05-11 19:01:09,661 - INFO - joeynmt.training - 	Source:     Berichten zufolge hofft Indien darüber hinaus auf einen Vertrag zur Verteidigungszusammenarbeit zwischen den beiden Nationen .
2026-05-11 19:01:09,661 - INFO - joeynmt.training - 	Reference:  India is also reportedly hoping for a deal on defence collaboration between the two nations .
2026-05-11 19:01:09,661 - INFO - joeynmt.training - 	Hypothesis: the reports , the success of the contract between the two Nations .
2026-05-11 19:01:36,464 - INFO - joeynmt.training - Epoch   2, Step:     7600, Batch Loss:     2.224300, Batch Acc: 0.423628, Tokens per Sec:     3407, Lr: 0.000300
2026-05-11 19:02:03,752 - INFO - joeynmt.training - Epoch   2, Step:     7700, Batch Loss:     2.226465, Batch Acc: 0.425072, Tokens per Sec:     3402, Lr: 0.000300
2026-05-11 19:02:31,266 - INFO - joeynmt.training - Epoch   2, Step:     7800, Batch Loss:     2.212771, Batch Acc: 0.431174, Tokens per Sec:     3318, Lr: 0.000300
2026-05-11 19:02:59,716 - INFO - joeynmt.training - Epoch   2, Step:     7900, Batch Loss:     2.069057, Batch Acc: 0.426868, Tokens per Sec:     3240, Lr: 0.000300
2026-05-11 19:03:28,468 - INFO - joeynmt.training - Epoch   2, Step:     8000, Batch Loss:     2.087986, Batch Acc: 0.433398, Tokens per Sec:     3176, Lr: 0.000300
2026-05-11 19:03:28,469 - INFO - joeynmt.prediction - Predicting 500 example(s)... (Greedy decoding with min_output_length=1, max_output_length=-1, return_prob='none', generate_unk=True, repetition_penalty=-1, no_repeat_ngram_size=-1)
2026-05-11 19:04:11,709 - INFO - joeynmt.prediction - Evaluation result (greedy) loss:   2.42, ppl:  11.23, acc:   0.38, generation: 43.2325[sec], evaluation: 0.0000[sec]
2026-05-11 19:04:11,712 - INFO - joeynmt.training - Hooray! New best validation result [ppl]!
2026-05-11 19:04:11,875 - INFO - joeynmt.helpers - delete models/deen_transformer_pre/5500.ckpt
2026-05-11 19:04:11,891 - INFO - joeynmt.training - Example #0
2026-05-11 19:04:11,891 - DEBUG - joeynmt.training - 	Tokenized source:     ['die', 'Pre@@', 'mi@@', 'er@@', 'minist@@', 'er', 'Indi@@', 'ens', 'und', 'J@@', 'ap@@', 'ans', 'tra@@', 'fen', 'sich', 'in', 'T@@', 'ok@@', 'i@@', 'o', '.']
2026-05-11 19:04:11,891 - DEBUG - joeynmt.training - 	Tokenized reference:  ['Indi@@', 'a', 'and', 'J@@', 'ap@@', 'an', 'pri@@', 'me', 'minist@@', 'ers', 'me@@', 'et', 'in', 'T@@', 'ok@@', 'y@@', 'o']
2026-05-11 19:04:11,891 - DEBUG - joeynmt.training - 	Tokenized hypothesis: ['the', 'price', 'of', 'the', 'pri@@', 'm@@', 'ary', 'of', 'the', 'pri@@', 'm@@', 'ary', 'and', 'J@@', 'ap@@', 'an', '.', '</s>']
2026-05-11 19:04:11,891 - INFO - joeynmt.training - 	Source:     die Premierminister Indiens und Japans trafen sich in Tokio .
2026-05-11 19:04:11,891 - INFO - joeynmt.training - 	Reference:  India and Japan prime ministers meet in Tokyo
2026-05-11 19:04:11,891 - INFO - joeynmt.training - 	Hypothesis: the price of the primary of the primary and Japan .
2026-05-11 19:04:11,891 - INFO - joeynmt.training - Example #1
2026-05-11 19:04:11,891 - DEBUG - joeynmt.training - 	Tokenized source:     ['Indi@@', 'ens', 'neu@@', 'er', 'Pre@@', 'mi@@', 'er@@', 'minist@@', 'er', 'N@@', 'ar@@', 'end@@', 'ra', 'Mo@@', 'd@@', 'i', 'tri@@', 'fft', 'bei', 's@@', 'einem', 'ersten', 'wichti@@', 'gen', 'Aus@@', 'land@@', 's@@', 'bes@@', 'u@@', 'ch', 'seit', 's@@', 'einem', 'W@@', 'ah@@', 'l@@', 'si@@', 'e@@', 'g', 'im', 'Ma@@', 'i', 'seinen', 'j@@', 'ap@@', 'an@@', 'ischen', 'Am@@', 'ts@@', 'k@@', 'olle@@', 'gen', 'S@@', 'hin@@', 'z@@', 'o', 'A@@', 'be', 'in', 'T@@', 'ok@@', 'o', ',', 'um', 'wirtschaf@@', 'tliche', 'und', 'sicher@@', 'heits@@', 'politische', 'Be@@', 'zieh@@', 'ungen', 'zu', 'bes@@', 'pre@@', 'chen', '.']
2026-05-11 19:04:11,891 - DEBUG - joeynmt.training - 	Tokenized reference:  ['Indi@@', 'a', '&apos;s', 'new', 'pri@@', 'me', 'minist@@', 'er', ',', 'N@@', 'ar@@', 'end@@', 'ra', 'Mo@@', 'd@@', 'i', ',', 'is', 'me@@', 'eting', 'his', 'J@@', 'ap@@', 'an@@', 'ese', 'coun@@', 'ter@@', 'part', ',', 'S@@', 'hin@@', 'z@@', 'o', 'A@@', 'be', ',', 'in', 'T@@', 'ok@@', 'y@@', 'o', 'to', 'disc@@', 'uss', 'economic', 'and', 'security', 'ties', ',', 'on', 'his', 'first', 'major', 'fore@@', 'ign', 'visi@@', 't', 'since', 'w@@', 'inn@@', 'ing', 'Ma@@', 'y', '&apos;s', 'elec@@', 'tion', '.']
2026-05-11 19:04:11,891 - DEBUG - joeynmt.training - 	Tokenized hypothesis: ['Indi@@', 'a', '&apos;s', 'pri@@', 'm@@', 'ary', 'price', 'of', 'the', 'N@@', 'ar@@', 'end@@', 'ra', 'Mo@@', 'd@@', 'i', ',', 'in', 'his', 'first', 'of', 'the', 'first', 'important', 'ex@@', 'per@@', 'ts', 'of', 'the', 'S@@', 'hin@@', 'd', '&apos;s', 'most', 'important', 'ex@@', 'per@@', 'ts', 'of', 'the', 'C@@', 'our@@', 't', 'of', 'S@@', 'hin@@', 'z@@', 'o', 'A@@', 'be', 'in', 'T@@', 'ok@@', 'o', 'A@@', 'be', 'in', 'T@@', 'ok@@', 'o', 'A@@', 'li@@', 'es', 'in', 'T@@', 'ok@@', 'o', 'A@@', 'be', 'in', 'T@@', 'ok@@', 'o', ',', 'and', 'saf@@', 'ety', '.', '</s>']
2026-05-11 19:04:11,892 - INFO - joeynmt.training - 	Source:     Indiens neuer Premierminister Narendra Modi trifft bei seinem ersten wichtigen Auslandsbesuch seit seinem Wahlsieg im Mai seinen japanischen Amtskollegen Shinzo Abe in Toko , um wirtschaftliche und sicherheitspolitische Beziehungen zu besprechen .
2026-05-11 19:04:11,892 - INFO - joeynmt.training - 	Reference:  India &apos;s new prime minister , Narendra Modi , is meeting his Japanese counterpart , Shinzo Abe , in Tokyo to discuss economic and security ties , on his first major foreign visit since winning May &apos;s election .
2026-05-11 19:04:11,892 - INFO - joeynmt.training - 	Hypothesis: India &apos;s primary price of the Narendra Modi , in his first of the first important experts of the Shind &apos;s most important experts of the Court of Shinzo Abe in Toko Abe in Toko Alies in Toko Abe in Toko , and safety .
2026-05-11 19:04:11,892 - INFO - joeynmt.training - Example #2
2026-05-11 19:04:11,892 - DEBUG - joeynmt.training - 	Tokenized source:     ['Herr', 'Mo@@', 'd@@', 'i', 'befindet', 'sich', 'auf', 'einer', 'fü@@', 'n@@', 'f@@', 'tä@@', 'gi@@', 'gen', 'Rei@@', 'se', 'nach', 'J@@', 'ap@@', 'an', ',', 'um', 'die', 'wirtschaf@@', 'tlichen', 'Be@@', 'zieh@@', 'ungen', 'mit', 'der', 'd@@', 'rit@@', 't@@', 'größ@@', 'ten', 'Wirtschafts@@', 'n@@', 'ation', 'der', 'Welt', 'zu', 'fes@@', 'tigen', '.']
2026-05-11 19:04:11,892 - DEBUG - joeynmt.training - 	Tokenized reference:  ['Mr', 'Mo@@', 'd@@', 'i', 'is', 'on', 'a', 'fi@@', 've', '@@@', '-@@', '@', 'day', 'tri@@', 'p', 'to', 'J@@', 'ap@@', 'an', 'to', 'streng@@', 'then', 'economic', 'ties', 'with', 'the', 'third', 'lar@@', 'ges@@', 't', 'econom@@', 'y', 'in', 'the', 'world', '.']
2026-05-11 19:04:11,892 - DEBUG - joeynmt.training - 	Tokenized hypothesis: ['Mr', 'Mo@@', 'd@@', 'i', 'is', 'located', 'on', 'a', 'fi@@', 'f@@', 'th', 'of', 'the', 'European', 'Union', 'to', 'the', 're@@', 'st', 'of', 'the', 'global', 'economic', 'rel@@', 'ations', 'with', 'the', 'third', 'lar@@', 'ges@@', 't', 'economic', 'rel@@', 'ations', '.', '</s>']
2026-05-11 19:04:11,892 - INFO - joeynmt.training - 	Source:     Herr Modi befindet sich auf einer fünftägigen Reise nach Japan , um die wirtschaftlichen Beziehungen mit der drittgrößten Wirtschaftsnation der Welt zu festigen .
2026-05-11 19:04:11,892 - INFO - joeynmt.training - 	Reference:  Mr Modi is on a five @-@ day trip to Japan to strengthen economic ties with the third largest economy in the world .
2026-05-11 19:04:11,892 - INFO - joeynmt.training - 	Hypothesis: Mr Modi is located on a fifth of the European Union to the rest of the global economic relations with the third largest economic relations .
2026-05-11 19:04:11,892 - INFO - joeynmt.training - Example #3
2026-05-11 19:04:11,892 - DEBUG - joeynmt.training - 	Tokenized source:     ['P@@', 'län@@', 'e', 'für', 'eine', 'stärk@@', 'ere', 'k@@', 'ern@@', 'techn@@', 'ische', 'Zusammenarbeit', 'stehen', 'ganz', 'ob@@', 'en', 'auf', 'der', 'Tag@@', 'es@@', 'ordnung', '.']
2026-05-11 19:04:11,892 - DEBUG - joeynmt.training - 	Tokenized reference:  ['high', 'on', 'the', 'agen@@', 'da', 'are', 'pl@@', 'ans', 'for', 'gre@@', 'ater', 'nu@@', 'clear', 'c@@', 'o', '@@@', '-@@', '@', 'operation', '.']
2026-05-11 19:04:11,892 - DEBUG - joeynmt.training - 	Tokenized hypothesis: ['p@@', 'ic@@', 'ture', 'for', 'a', 'more', 'seri@@', 'ous', 'techn@@', 'ical', 'cooperation', 'are', 'concer@@', 'ned', 'on', 'the', 'agen@@', 'da', '.', '</s>']
2026-05-11 19:04:11,892 - INFO - joeynmt.training - 	Source:     Pläne für eine stärkere kerntechnische Zusammenarbeit stehen ganz oben auf der Tagesordnung .
2026-05-11 19:04:11,892 - INFO - joeynmt.training - 	Reference:  high on the agenda are plans for greater nuclear co @-@ operation .
2026-05-11 19:04:11,892 - INFO - joeynmt.training - 	Hypothesis: picture for a more serious technical cooperation are concerned on the agenda .
2026-05-11 19:04:11,892 - INFO - joeynmt.training - Example #4
2026-05-11 19:04:11,893 - DEBUG - joeynmt.training - 	Tokenized source:     ['Berich@@', 'ten', 'zu@@', 'fol@@', 'ge', 'ho@@', 'fft', 'Indi@@', 'en', 'darüber', 'hinaus', 'auf', 'einen', 'Ver@@', 'trag', 'zur', 'Ver@@', 'tei@@', 'dig@@', 'ungs@@', 'zusammen@@', 'arbeit', 'zwischen', 'den', 'beiden', 'N@@', 'ationen', '.']
2026-05-11 19:04:11,893 - DEBUG - joeynmt.training - 	Tokenized reference:  ['Indi@@', 'a', 'is', 'also', 're@@', 'porte@@', 'dly', 'hop@@', 'ing', 'for', 'a', 'de@@', 'al', 'on', 'def@@', 'ence', 'c@@', 'oll@@', 'ab@@', 'or@@', 'ation', 'between', 'the', 'two', 'n@@', 'ations', '.']
2026-05-11 19:04:11,893 - DEBUG - joeynmt.training - 	Tokenized hypothesis: ['the', 'following', ',', 'Indi@@', 'a', 'is', 'also', 'the', 'Indi@@', 'a', '&apos;s', 'con@@', 'text', 'on', 'the', 'basis', 'of', 'the', 'rules', 'between', 'both', 'the', 'two', 'N@@', 'ations', '.', '</s>']
2026-05-11 19:04:11,893 - INFO - joeynmt.training - 	Source:     Berichten zufolge hofft Indien darüber hinaus auf einen Vertrag zur Verteidigungszusammenarbeit zwischen den beiden Nationen .
2026-05-11 19:04:11,893 - INFO - joeynmt.training - 	Reference:  India is also reportedly hoping for a deal on defence collaboration between the two nations .
2026-05-11 19:04:11,893 - INFO - joeynmt.training - 	Hypothesis: the following , India is also the India &apos;s context on the basis of the rules between both the two Nations .
2026-05-11 19:04:45,971 - INFO - joeynmt.training - Epoch   2, Step:     8100, Batch Loss:     2.044755, Batch Acc: 0.431741, Tokens per Sec:     2623, Lr: 0.000300
2026-05-11 19:04:55,284 - INFO - joeynmt.training - Epoch   2: total training loss 9283.91
2026-05-11 19:04:55,284 - INFO - joeynmt.training - EPOCH 3
2026-05-11 19:05:18,418 - INFO - joeynmt.training - Epoch   3, Step:     8200, Batch Loss:     2.206297, Batch Acc: 0.440600, Tokens per Sec:     2790, Lr: 0.000300
2026-05-11 19:05:55,980 - INFO - joeynmt.training - Epoch   3, Step:     8300, Batch Loss:     1.890878, Batch Acc: 0.442361, Tokens per Sec:     2431, Lr: 0.000300
2026-05-11 19:06:33,296 - INFO - joeynmt.training - Epoch   3, Step:     8400, Batch Loss:     2.079498, Batch Acc: 0.443360, Tokens per Sec:     2436, Lr: 0.000300
2026-05-11 19:07:10,391 - INFO - joeynmt.training - Epoch   3, Step:     8500, Batch Loss:     2.265571, Batch Acc: 0.445573, Tokens per Sec:     2477, Lr: 0.000300
2026-05-11 19:07:10,393 - INFO - joeynmt.prediction - Predicting 500 example(s)... (Greedy decoding with min_output_length=1, max_output_length=-1, return_prob='none', generate_unk=True, repetition_penalty=-1, no_repeat_ngram_size=-1)
2026-05-11 19:07:57,848 - INFO - joeynmt.prediction - Evaluation result (greedy) loss:   2.38, ppl:  10.81, acc:   0.39, generation: 47.4437[sec], evaluation: 0.0000[sec]
2026-05-11 19:07:57,853 - INFO - joeynmt.training - Hooray! New best validation result [ppl]!
2026-05-11 19:07:58,026 - INFO - joeynmt.helpers - delete models/deen_transformer_pre/6000.ckpt
2026-05-11 19:07:58,035 - INFO - joeynmt.training - Example #0
2026-05-11 19:07:58,035 - DEBUG - joeynmt.training - 	Tokenized source:     ['die', 'Pre@@', 'mi@@', 'er@@', 'minist@@', 'er', 'Indi@@', 'ens', 'und', 'J@@', 'ap@@', 'ans', 'tra@@', 'fen', 'sich', 'in', 'T@@', 'ok@@', 'i@@', 'o', '.']
2026-05-11 19:07:58,035 - DEBUG - joeynmt.training - 	Tokenized reference:  ['Indi@@', 'a', 'and', 'J@@', 'ap@@', 'an', 'pri@@', 'me', 'minist@@', 'ers', 'me@@', 'et', 'in', 'T@@', 'ok@@', 'y@@', 'o']
2026-05-11 19:07:58,035 - DEBUG - joeynmt.training - 	Tokenized hypothesis: ['the', 'pri@@', 'mi@@', 'er@@', 'er', 'Indi@@', 'a', 'and', 'J@@', 'ap@@', 'an', 'and', 'J@@', 'ap@@', 'an', '.', '</s>']
2026-05-11 19:07:58,036 - INFO - joeynmt.training - 	Source:     die Premierminister Indiens und Japans trafen sich in Tokio .
2026-05-11 19:07:58,036 - INFO - joeynmt.training - 	Reference:  India and Japan prime ministers meet in Tokyo
2026-05-11 19:07:58,036 - INFO - joeynmt.training - 	Hypothesis: the primierer India and Japan and Japan .
2026-05-11 19:07:58,036 - INFO - joeynmt.training - Example #1
2026-05-11 19:07:58,036 - DEBUG - joeynmt.training - 	Tokenized source:     ['Indi@@', 'ens', 'neu@@', 'er', 'Pre@@', 'mi@@', 'er@@', 'minist@@', 'er', 'N@@', 'ar@@', 'end@@', 'ra', 'Mo@@', 'd@@', 'i', 'tri@@', 'fft', 'bei', 's@@', 'einem', 'ersten', 'wichti@@', 'gen', 'Aus@@', 'land@@', 's@@', 'bes@@', 'u@@', 'ch', 'seit', 's@@', 'einem', 'W@@', 'ah@@', 'l@@', 'si@@', 'e@@', 'g', 'im', 'Ma@@', 'i', 'seinen', 'j@@', 'ap@@', 'an@@', 'ischen', 'Am@@', 'ts@@', 'k@@', 'olle@@', 'gen', 'S@@', 'hin@@', 'z@@', 'o', 'A@@', 'be', 'in', 'T@@', 'ok@@', 'o', ',', 'um', 'wirtschaf@@', 'tliche', 'und', 'sicher@@', 'heits@@', 'politische', 'Be@@', 'zieh@@', 'ungen', 'zu', 'bes@@', 'pre@@', 'chen', '.']
2026-05-11 19:07:58,036 - DEBUG - joeynmt.training - 	Tokenized reference:  ['Indi@@', 'a', '&apos;s', 'new', 'pri@@', 'me', 'minist@@', 'er', ',', 'N@@', 'ar@@', 'end@@', 'ra', 'Mo@@', 'd@@', 'i', ',', 'is', 'me@@', 'eting', 'his', 'J@@', 'ap@@', 'an@@', 'ese', 'coun@@', 'ter@@', 'part', ',', 'S@@', 'hin@@', 'z@@', 'o', 'A@@', 'be', ',', 'in', 'T@@', 'ok@@', 'y@@', 'o', 'to', 'disc@@', 'uss', 'economic', 'and', 'security', 'ties', ',', 'on', 'his', 'first', 'major', 'fore@@', 'ign', 'visi@@', 't', 'since', 'w@@', 'inn@@', 'ing', 'Ma@@', 'y', '&apos;s', 'elec@@', 'tion', '.']
2026-05-11 19:07:58,036 - DEBUG - joeynmt.training - 	Tokenized hypothesis: ['Indi@@', 'a', '&apos;s', 'pri@@', 'm@@', 'ari@@', 'ly', ',', 'M@@', 'er@@', 'o', 'Mo@@', 'd@@', 'i', ',', 'in', 'his', 'first', 'of', 'the', 'first', 'important', 'ex@@', 'hi@@', 'bi@@', 'tion', 'of', 'the', 'S@@', 'hin@@', 'z@@', 'e@@', 'ch', 'of', 'the', 'C@@', 'our@@', 't', 'of', 'M@@', 'or@@', 'occ@@', 'o', 'A@@', 'mer@@', 'ic@@', 'a', 'in', 'T@@', 'ok@@', 'o', 'A@@', 'mer@@', 'ic@@', 'a', 'in', 'T@@', 'ok@@', 'o', 'A@@', 'mer@@', 'ic@@', 'a', ',', 'economic', 'and', 'saf@@', 'ety', 'political', 'rel@@', 'ations', '.', '</s>']
2026-05-11 19:07:58,037 - INFO - joeynmt.training - 	Source:     Indiens neuer Premierminister Narendra Modi trifft bei seinem ersten wichtigen Auslandsbesuch seit seinem Wahlsieg im Mai seinen japanischen Amtskollegen Shinzo Abe in Toko , um wirtschaftliche und sicherheitspolitische Beziehungen zu besprechen .
2026-05-11 19:07:58,037 - INFO - joeynmt.training - 	Reference:  India &apos;s new prime minister , Narendra Modi , is meeting his Japanese counterpart , Shinzo Abe , in Tokyo to discuss economic and security ties , on his first major foreign visit since winning May &apos;s election .
2026-05-11 19:07:58,037 - INFO - joeynmt.training - 	Hypothesis: India &apos;s primarily , Mero Modi , in his first of the first important exhibition of the Shinzech of the Court of Morocco America in Toko America in Toko America , economic and safety political relations .
2026-05-11 19:07:58,037 - INFO - joeynmt.training - Example #2
2026-05-11 19:07:58,037 - DEBUG - joeynmt.training - 	Tokenized source:     ['Herr', 'Mo@@', 'd@@', 'i', 'befindet', 'sich', 'auf', 'einer', 'fü@@', 'n@@', 'f@@', 'tä@@', 'gi@@', 'gen', 'Rei@@', 'se', 'nach', 'J@@', 'ap@@', 'an', ',', 'um', 'die', 'wirtschaf@@', 'tlichen', 'Be@@', 'zieh@@', 'ungen', 'mit', 'der', 'd@@', 'rit@@', 't@@', 'größ@@', 'ten', 'Wirtschafts@@', 'n@@', 'ation', 'der', 'Welt', 'zu', 'fes@@', 'tigen', '.']
2026-05-11 19:07:58,037 - DEBUG - joeynmt.training - 	Tokenized reference:  ['Mr', 'Mo@@', 'd@@', 'i', 'is', 'on', 'a', 'fi@@', 've', '@@@', '-@@', '@', 'day', 'tri@@', 'p', 'to', 'J@@', 'ap@@', 'an', 'to', 'streng@@', 'then', 'economic', 'ties', 'with', 'the', 'third', 'lar@@', 'ges@@', 't', 'econom@@', 'y', 'in', 'the', 'world', '.']
2026-05-11 19:07:58,037 - DEBUG - joeynmt.training - 	Tokenized hypothesis: ['Mr', 'Mo@@', 'd@@', 'i', 'is', 'on', 'a', 'fi@@', 'f@@', 'f@@', 'ness', 'to', 'J@@', 'ap@@', 'an', ',', 'to', 'the', 'economic', 'rel@@', 'ations', 'with', 'the', 'third', 'lar@@', 'ges@@', 't', 'economic', 'rel@@', 'ations', 'with', 'the', 'third', 'lar@@', 'ges@@', 't', 'economic', 'rel@@', 'ations', '.', '</s>']
2026-05-11 19:07:58,037 - INFO - joeynmt.training - 	Source:     Herr Modi befindet sich auf einer fünftägigen Reise nach Japan , um die wirtschaftlichen Beziehungen mit der drittgrößten Wirtschaftsnation der Welt zu festigen .
2026-05-11 19:07:58,037 - INFO - joeynmt.training - 	Reference:  Mr Modi is on a five @-@ day trip to Japan to strengthen economic ties with the third largest economy in the world .
2026-05-11 19:07:58,037 - INFO - joeynmt.training - 	Hypothesis: Mr Modi is on a fiffness to Japan , to the economic relations with the third largest economic relations with the third largest economic relations .
2026-05-11 19:07:58,037 - INFO - joeynmt.training - Example #3
2026-05-11 19:07:58,037 - DEBUG - joeynmt.training - 	Tokenized source:     ['P@@', 'län@@', 'e', 'für', 'eine', 'stärk@@', 'ere', 'k@@', 'ern@@', 'techn@@', 'ische', 'Zusammenarbeit', 'stehen', 'ganz', 'ob@@', 'en', 'auf', 'der', 'Tag@@', 'es@@', 'ordnung', '.']
2026-05-11 19:07:58,037 - DEBUG - joeynmt.training - 	Tokenized reference:  ['high', 'on', 'the', 'agen@@', 'da', 'are', 'pl@@', 'ans', 'for', 'gre@@', 'ater', 'nu@@', 'clear', 'c@@', 'o', '@@@', '-@@', '@', 'operation', '.']
2026-05-11 19:07:58,037 - DEBUG - joeynmt.training - 	Tokenized hypothesis: ['p@@', 'e', 'for', 'a', 'more', 'c@@', 'op@@', 'y', ',', 'and', 'more', 'e@@', 'as@@', 'y', 'to', 'the', 'agen@@', 'da', '.', '</s>']
2026-05-11 19:07:58,037 - INFO - joeynmt.training - 	Source:     Pläne für eine stärkere kerntechnische Zusammenarbeit stehen ganz oben auf der Tagesordnung .
2026-05-11 19:07:58,037 - INFO - joeynmt.training - 	Reference:  high on the agenda are plans for greater nuclear co @-@ operation .
2026-05-11 19:07:58,037 - INFO - joeynmt.training - 	Hypothesis: pe for a more copy , and more easy to the agenda .
2026-05-11 19:07:58,038 - INFO - joeynmt.training - Example #4
2026-05-11 19:07:58,038 - DEBUG - joeynmt.training - 	Tokenized source:     ['Berich@@', 'ten', 'zu@@', 'fol@@', 'ge', 'ho@@', 'fft', 'Indi@@', 'en', 'darüber', 'hinaus', 'auf', 'einen', 'Ver@@', 'trag', 'zur', 'Ver@@', 'tei@@', 'dig@@', 'ungs@@', 'zusammen@@', 'arbeit', 'zwischen', 'den', 'beiden', 'N@@', 'ationen', '.']
2026-05-11 19:07:58,038 - DEBUG - joeynmt.training - 	Tokenized reference:  ['Indi@@', 'a', 'is', 'also', 're@@', 'porte@@', 'dly', 'hop@@', 'ing', 'for', 'a', 'de@@', 'al', 'on', 'def@@', 'ence', 'c@@', 'oll@@', 'ab@@', 'or@@', 'ation', 'between', 'the', 'two', 'n@@', 'ations', '.']
2026-05-11 19:07:58,038 - DEBUG - joeynmt.training - 	Tokenized hypothesis: ['re@@', 'ports', ',', 'Indi@@', 'a', 'is', 'also', 'also', 'a', 'con@@', 'stitu@@', 'tion', 'to', 'the', 'con@@', 'stitu@@', 'tion', '.', '</s>']
2026-05-11 19:07:58,038 - INFO - joeynmt.training - 	Source:     Berichten zufolge hofft Indien darüber hinaus auf einen Vertrag zur Verteidigungszusammenarbeit zwischen den beiden Nationen .
2026-05-11 19:07:58,038 - INFO - joeynmt.training - 	Reference:  India is also reportedly hoping for a deal on defence collaboration between the two nations .
2026-05-11 19:07:58,038 - INFO - joeynmt.training - 	Hypothesis: reports , India is also also a constitution to the constitution .
2026-05-11 19:08:24,661 - INFO - joeynmt.training - Epoch   3, Step:     8600, Batch Loss:     1.924695, Batch Acc: 0.450712, Tokens per Sec:     3402, Lr: 0.000300
2026-05-11 19:08:51,497 - INFO - joeynmt.training - Epoch   3, Step:     8700, Batch Loss:     2.010711, Batch Acc: 0.450437, Tokens per Sec:     3486, Lr: 0.000300
2026-05-11 19:09:17,604 - INFO - joeynmt.training - Epoch   3, Step:     8800, Batch Loss:     2.029611, Batch Acc: 0.449631, Tokens per Sec:     3613, Lr: 0.000300
2026-05-11 19:09:43,763 - INFO - joeynmt.training - Epoch   3, Step:     8900, Batch Loss:     1.959713, Batch Acc: 0.447139, Tokens per Sec:     3522, Lr: 0.000300
2026-05-11 19:10:09,398 - INFO - joeynmt.training - Epoch   3, Step:     9000, Batch Loss:     1.930208, Batch Acc: 0.454786, Tokens per Sec:     3619, Lr: 0.000300
2026-05-11 19:10:09,400 - INFO - joeynmt.prediction - Predicting 500 example(s)... (Greedy decoding with min_output_length=1, max_output_length=-1, return_prob='none', generate_unk=True, repetition_penalty=-1, no_repeat_ngram_size=-1)
2026-05-11 19:10:42,915 - INFO - joeynmt.prediction - Evaluation result (greedy) loss:   2.38, ppl:  10.86, acc:   0.39, generation: 33.5073[sec], evaluation: 0.0000[sec]
2026-05-11 19:10:43,095 - INFO - joeynmt.helpers - delete models/deen_transformer_pre/6500.ckpt
2026-05-11 19:10:43,101 - INFO - joeynmt.training - Example #0
2026-05-11 19:10:43,101 - DEBUG - joeynmt.training - 	Tokenized source:     ['die', 'Pre@@', 'mi@@', 'er@@', 'minist@@', 'er', 'Indi@@', 'ens', 'und', 'J@@', 'ap@@', 'ans', 'tra@@', 'fen', 'sich', 'in', 'T@@', 'ok@@', 'i@@', 'o', '.']
2026-05-11 19:10:43,101 - DEBUG - joeynmt.training - 	Tokenized reference:  ['Indi@@', 'a', 'and', 'J@@', 'ap@@', 'an', 'pri@@', 'me', 'minist@@', 'ers', 'me@@', 'et', 'in', 'T@@', 'ok@@', 'y@@', 'o']
2026-05-11 19:10:43,101 - DEBUG - joeynmt.training - 	Tokenized hypothesis: ['the', 'pri@@', 'mi@@', 'er@@', 'es', 'Indi@@', 'a', 'and', 'J@@', 'ap@@', 'ans', ',', 'in', 'T@@', 'ok@@', 'i@@', 'o', '.', '</s>']
2026-05-11 19:10:43,101 - INFO - joeynmt.training - 	Source:     die Premierminister Indiens und Japans trafen sich in Tokio .
2026-05-11 19:10:43,101 - INFO - joeynmt.training - 	Reference:  India and Japan prime ministers meet in Tokyo
2026-05-11 19:10:43,101 - INFO - joeynmt.training - 	Hypothesis: the primieres India and Japans , in Tokio .
2026-05-11 19:10:43,101 - INFO - joeynmt.training - Example #1
2026-05-11 19:10:43,101 - DEBUG - joeynmt.training - 	Tokenized source:     ['Indi@@', 'ens', 'neu@@', 'er', 'Pre@@', 'mi@@', 'er@@', 'minist@@', 'er', 'N@@', 'ar@@', 'end@@', 'ra', 'Mo@@', 'd@@', 'i', 'tri@@', 'fft', 'bei', 's@@', 'einem', 'ersten', 'wichti@@', 'gen', 'Aus@@', 'land@@', 's@@', 'bes@@', 'u@@', 'ch', 'seit', 's@@', 'einem', 'W@@', 'ah@@', 'l@@', 'si@@', 'e@@', 'g', 'im', 'Ma@@', 'i', 'seinen', 'j@@', 'ap@@', 'an@@', 'ischen', 'Am@@', 'ts@@', 'k@@', 'olle@@', 'gen', 'S@@', 'hin@@', 'z@@', 'o', 'A@@', 'be', 'in', 'T@@', 'ok@@', 'o', ',', 'um', 'wirtschaf@@', 'tliche', 'und', 'sicher@@', 'heits@@', 'politische', 'Be@@', 'zieh@@', 'ungen', 'zu', 'bes@@', 'pre@@', 'chen', '.']
2026-05-11 19:10:43,101 - DEBUG - joeynmt.training - 	Tokenized reference:  ['Indi@@', 'a', '&apos;s', 'new', 'pri@@', 'me', 'minist@@', 'er', ',', 'N@@', 'ar@@', 'end@@', 'ra', 'Mo@@', 'd@@', 'i', ',', 'is', 'me@@', 'eting', 'his', 'J@@', 'ap@@', 'an@@', 'ese', 'coun@@', 'ter@@', 'part', ',', 'S@@', 'hin@@', 'z@@', 'o', 'A@@', 'be', ',', 'in', 'T@@', 'ok@@', 'y@@', 'o', 'to', 'disc@@', 'uss', 'economic', 'and', 'security', 'ties', ',', 'on', 'his', 'first', 'major', 'fore@@', 'ign', 'visi@@', 't', 'since', 'w@@', 'inn@@', 'ing', 'Ma@@', 'y', '&apos;s', 'elec@@', 'tion', '.']
2026-05-11 19:10:43,101 - DEBUG - joeynmt.training - 	Tokenized hypothesis: ['Indi@@', 'a', 'new', 'pri@@', 'm@@', 'ari@@', 'ly', 'Pri@@', 'me', 'Minist@@', 'er', 'N@@', 'ar@@', 'end@@', 'ra', 'Mo@@', 'd@@', 'i', ',', 'in', 'the', 'first', 'important', 'ex@@', 'change', 'of', 'the', 'M@@', 'er@@', 'i', 'Am@@', 'er@@', 'n@@', 'ar@@', 'end@@', 'ra', 'Mo@@', 'd@@', 'i', ',', 'S@@', 'hin@@', 'z@@', 'o', 'A@@', 'gen@@', 'cy', ',', 'S@@', 'hin@@', 'z@@', 'o', 'A@@', 'gen@@', 'cy', ',', 'the', 'S@@', 'hin@@', 'z@@', 'o', 'A@@', 'gen@@', 'cy', '.', '</s>']
2026-05-11 19:10:43,101 - INFO - joeynmt.training - 	Source:     Indiens neuer Premierminister Narendra Modi trifft bei seinem ersten wichtigen Auslandsbesuch seit seinem Wahlsieg im Mai seinen japanischen Amtskollegen Shinzo Abe in Toko , um wirtschaftliche und sicherheitspolitische Beziehungen zu besprechen .
2026-05-11 19:10:43,101 - INFO - joeynmt.training - 	Reference:  India &apos;s new prime minister , Narendra Modi , is meeting his Japanese counterpart , Shinzo Abe , in Tokyo to discuss economic and security ties , on his first major foreign visit since winning May &apos;s election .
2026-05-11 19:10:43,101 - INFO - joeynmt.training - 	Hypothesis: India new primarily Prime Minister Narendra Modi , in the first important exchange of the Meri Amernarendra Modi , Shinzo Agency , Shinzo Agency , the Shinzo Agency .
2026-05-11 19:10:43,102 - INFO - joeynmt.training - Example #2
2026-05-11 19:10:43,102 - DEBUG - joeynmt.training - 	Tokenized source:     ['Herr', 'Mo@@', 'd@@', 'i', 'befindet', 'sich', 'auf', 'einer', 'fü@@', 'n@@', 'f@@', 'tä@@', 'gi@@', 'gen', 'Rei@@', 'se', 'nach', 'J@@', 'ap@@', 'an', ',', 'um', 'die', 'wirtschaf@@', 'tlichen', 'Be@@', 'zieh@@', 'ungen', 'mit', 'der', 'd@@', 'rit@@', 't@@', 'größ@@', 'ten', 'Wirtschafts@@', 'n@@', 'ation', 'der', 'Welt', 'zu', 'fes@@', 'tigen', '.']
2026-05-11 19:10:43,102 - DEBUG - joeynmt.training - 	Tokenized reference:  ['Mr', 'Mo@@', 'd@@', 'i', 'is', 'on', 'a', 'fi@@', 've', '@@@', '-@@', '@', 'day', 'tri@@', 'p', 'to', 'J@@', 'ap@@', 'an', 'to', 'streng@@', 'then', 'economic', 'ties', 'with', 'the', 'third', 'lar@@', 'ges@@', 't', 'econom@@', 'y', 'in', 'the', 'world', '.']
2026-05-11 19:10:43,102 - DEBUG - joeynmt.training - 	Tokenized hypothesis: ['Mr', 'Mo@@', 'd@@', 'i', 'is', 'a', 'fi@@', 'f@@', 'th', 'of', 'the', 'world', '&apos;s', 're@@', 'mo@@', 'v@@', 'al', ',', 'to', 'the', 'economic', 'rel@@', 'ations', 'with', 'the', 'third', 'lar@@', 'ges@@', 't', 'economic', 'rel@@', 'ations', '.', '</s>']
2026-05-11 19:10:43,102 - INFO - joeynmt.training - 	Source:     Herr Modi befindet sich auf einer fünftägigen Reise nach Japan , um die wirtschaftlichen Beziehungen mit der drittgrößten Wirtschaftsnation der Welt zu festigen .
2026-05-11 19:10:43,102 - INFO - joeynmt.training - 	Reference:  Mr Modi is on a five @-@ day trip to Japan to strengthen economic ties with the third largest economy in the world .
2026-05-11 19:10:43,102 - INFO - joeynmt.training - 	Hypothesis: Mr Modi is a fifth of the world &apos;s removal , to the economic relations with the third largest economic relations .
2026-05-11 19:10:43,102 - INFO - joeynmt.training - Example #3
2026-05-11 19:10:43,102 - DEBUG - joeynmt.training - 	Tokenized source:     ['P@@', 'län@@', 'e', 'für', 'eine', 'stärk@@', 'ere', 'k@@', 'ern@@', 'techn@@', 'ische', 'Zusammenarbeit', 'stehen', 'ganz', 'ob@@', 'en', 'auf', 'der', 'Tag@@', 'es@@', 'ordnung', '.']
2026-05-11 19:10:43,102 - DEBUG - joeynmt.training - 	Tokenized reference:  ['high', 'on', 'the', 'agen@@', 'da', 'are', 'pl@@', 'ans', 'for', 'gre@@', 'ater', 'nu@@', 'clear', 'c@@', 'o', '@@@', '-@@', '@', 'operation', '.']
2026-05-11 19:10:43,102 - DEBUG - joeynmt.training - 	Tokenized hypothesis: ['P@@', 'e', 'for', 'a', 'more', 'seri@@', 'ous', 'techn@@', 'ical', 'cooperation', ',', 'and', 'a', 'wide', 'range', 'of', 'e@@', 'duc@@', 'ation', '.', '</s>']
2026-05-11 19:10:43,102 - INFO - joeynmt.training - 	Source:     Pläne für eine stärkere kerntechnische Zusammenarbeit stehen ganz oben auf der Tagesordnung .
2026-05-11 19:10:43,102 - INFO - joeynmt.training - 	Reference:  high on the agenda are plans for greater nuclear co @-@ operation .
2026-05-11 19:10:43,102 - INFO - joeynmt.training - 	Hypothesis: Pe for a more serious technical cooperation , and a wide range of education .
2026-05-11 19:10:43,102 - INFO - joeynmt.training - Example #4
2026-05-11 19:10:43,103 - DEBUG - joeynmt.training - 	Tokenized source:     ['Berich@@', 'ten', 'zu@@', 'fol@@', 'ge', 'ho@@', 'fft', 'Indi@@', 'en', 'darüber', 'hinaus', 'auf', 'einen', 'Ver@@', 'trag', 'zur', 'Ver@@', 'tei@@', 'dig@@', 'ungs@@', 'zusammen@@', 'arbeit', 'zwischen', 'den', 'beiden', 'N@@', 'ationen', '.']
2026-05-11 19:10:43,103 - DEBUG - joeynmt.training - 	Tokenized reference:  ['Indi@@', 'a', 'is', 'also', 're@@', 'porte@@', 'dly', 'hop@@', 'ing', 'for', 'a', 'de@@', 'al', 'on', 'def@@', 'ence', 'c@@', 'oll@@', 'ab@@', 'or@@', 'ation', 'between', 'the', 'two', 'n@@', 'ations', '.']
2026-05-11 19:10:43,103 - DEBUG - joeynmt.training - 	Tokenized hypothesis: ['the', 're@@', 'ports', ',', 'Indi@@', 'a', 'is', 'also', 'a', 'Tre@@', 'aty', 'on', 'a', 'con@@', 'tra@@', 'ct', 'of', 'the', 'two', 'N@@', 'ations', '.', '</s>']
2026-05-11 19:10:43,103 - INFO - joeynmt.training - 	Source:     Berichten zufolge hofft Indien darüber hinaus auf einen Vertrag zur Verteidigungszusammenarbeit zwischen den beiden Nationen .
2026-05-11 19:10:43,103 - INFO - joeynmt.training - 	Reference:  India is also reportedly hoping for a deal on defence collaboration between the two nations .
2026-05-11 19:10:43,103 - INFO - joeynmt.training - 	Hypothesis: the reports , India is also a Treaty on a contract of the two Nations .
2026-05-11 19:11:09,258 - INFO - joeynmt.training - Epoch   3, Step:     9100, Batch Loss:     1.941780, Batch Acc: 0.446076, Tokens per Sec:     3454, Lr: 0.000300
2026-05-11 19:11:37,962 - INFO - joeynmt.training - Epoch   3, Step:     9200, Batch Loss:     2.119414, Batch Acc: 0.443683, Tokens per Sec:     3218, Lr: 0.000300
2026-05-11 19:12:03,920 - INFO - joeynmt.training - Epoch   3, Step:     9300, Batch Loss:     2.079136, Batch Acc: 0.447358, Tokens per Sec:     3521, Lr: 0.000300
2026-05-11 19:12:29,942 - INFO - joeynmt.training - Epoch   3, Step:     9400, Batch Loss:     2.018911, Batch Acc: 0.448867, Tokens per Sec:     3552, Lr: 0.000300
2026-05-11 19:12:56,485 - INFO - joeynmt.training - Epoch   3, Step:     9500, Batch Loss:     2.103521, Batch Acc: 0.449493, Tokens per Sec:     3490, Lr: 0.000300
2026-05-11 19:12:56,486 - INFO - joeynmt.prediction - Predicting 500 example(s)... (Greedy decoding with min_output_length=1, max_output_length=-1, return_prob='none', generate_unk=True, repetition_penalty=-1, no_repeat_ngram_size=-1)
2026-05-11 19:13:37,628 - INFO - joeynmt.prediction - Evaluation result (greedy) loss:   2.36, ppl:  10.63, acc:   0.39, generation: 41.1346[sec], evaluation: 0.0000[sec]
2026-05-11 19:13:37,631 - INFO - joeynmt.training - Hooray! New best validation result [ppl]!
2026-05-11 19:13:37,784 - INFO - joeynmt.helpers - delete models/deen_transformer_pre/7000.ckpt
2026-05-11 19:13:37,788 - INFO - joeynmt.training - Example #0
2026-05-11 19:13:37,788 - DEBUG - joeynmt.training - 	Tokenized source:     ['die', 'Pre@@', 'mi@@', 'er@@', 'minist@@', 'er', 'Indi@@', 'ens', 'und', 'J@@', 'ap@@', 'ans', 'tra@@', 'fen', 'sich', 'in', 'T@@', 'ok@@', 'i@@', 'o', '.']
2026-05-11 19:13:37,788 - DEBUG - joeynmt.training - 	Tokenized reference:  ['Indi@@', 'a', 'and', 'J@@', 'ap@@', 'an', 'pri@@', 'me', 'minist@@', 'ers', 'me@@', 'et', 'in', 'T@@', 'ok@@', 'y@@', 'o']
2026-05-11 19:13:37,788 - DEBUG - joeynmt.training - 	Tokenized hypothesis: ['the', 'pri@@', 'm@@', 'ari@@', 'ly', 'Indi@@', 'a', 'and', 'J@@', 'ap@@', 'an', 'and', 'J@@', 'ap@@', 'an', '.', '</s>']
2026-05-11 19:13:37,788 - INFO - joeynmt.training - 	Source:     die Premierminister Indiens und Japans trafen sich in Tokio .
2026-05-11 19:13:37,788 - INFO - joeynmt.training - 	Reference:  India and Japan prime ministers meet in Tokyo
2026-05-11 19:13:37,788 - INFO - joeynmt.training - 	Hypothesis: the primarily India and Japan and Japan .
2026-05-11 19:13:37,788 - INFO - joeynmt.training - Example #1
2026-05-11 19:13:37,788 - DEBUG - joeynmt.training - 	Tokenized source:     ['Indi@@', 'ens', 'neu@@', 'er', 'Pre@@', 'mi@@', 'er@@', 'minist@@', 'er', 'N@@', 'ar@@', 'end@@', 'ra', 'Mo@@', 'd@@', 'i', 'tri@@', 'fft', 'bei', 's@@', 'einem', 'ersten', 'wichti@@', 'gen', 'Aus@@', 'land@@', 's@@', 'bes@@', 'u@@', 'ch', 'seit', 's@@', 'einem', 'W@@', 'ah@@', 'l@@', 'si@@', 'e@@', 'g', 'im', 'Ma@@', 'i', 'seinen', 'j@@', 'ap@@', 'an@@', 'ischen', 'Am@@', 'ts@@', 'k@@', 'olle@@', 'gen', 'S@@', 'hin@@', 'z@@', 'o', 'A@@', 'be', 'in', 'T@@', 'ok@@', 'o', ',', 'um', 'wirtschaf@@', 'tliche', 'und', 'sicher@@', 'heits@@', 'politische', 'Be@@', 'zieh@@', 'ungen', 'zu', 'bes@@', 'pre@@', 'chen', '.']
2026-05-11 19:13:37,788 - DEBUG - joeynmt.training - 	Tokenized reference:  ['Indi@@', 'a', '&apos;s', 'new', 'pri@@', 'me', 'minist@@', 'er', ',', 'N@@', 'ar@@', 'end@@', 'ra', 'Mo@@', 'd@@', 'i', ',', 'is', 'me@@', 'eting', 'his', 'J@@', 'ap@@', 'an@@', 'ese', 'coun@@', 'ter@@', 'part', ',', 'S@@', 'hin@@', 'z@@', 'o', 'A@@', 'be', ',', 'in', 'T@@', 'ok@@', 'y@@', 'o', 'to', 'disc@@', 'uss', 'economic', 'and', 'security', 'ties', ',', 'on', 'his', 'first', 'major', 'fore@@', 'ign', 'visi@@', 't', 'since', 'w@@', 'inn@@', 'ing', 'Ma@@', 'y', '&apos;s', 'elec@@', 'tion', '.']
2026-05-11 19:13:37,788 - DEBUG - joeynmt.training - 	Tokenized hypothesis: ['Indi@@', 'a', '&apos;s', 'Ne@@', 'w', 'Pri@@', 'me', 'Minist@@', 'er', 'N@@', 'ar@@', 'end@@', 'ra', 'Mo@@', 'd@@', 'i', ',', 'in', 'his', 'first', 'important', 'ex@@', 'ec@@', 'ution', 'for', 'his', 'his', 'his', 'j@@', 'ap@@', 'an@@', 'ese', 'Am@@', 'ti@@', 'an', 'Am@@', 'ti@@', 'er', 'S@@', 'hin@@', 'z@@', 'z@@', 'o', 'A@@', 'be', 'in', 'T@@', 'ok@@', 'o', 'A@@', 'be', 'in', 'T@@', 'ok@@', 'o', 'A@@', 'be', 'in', 'T@@', 'ok@@', 'o', 'A@@', 'be', 'in', 'T@@', 'ok@@', 'o', '.', '</s>']
2026-05-11 19:13:37,788 - INFO - joeynmt.training - 	Source:     Indiens neuer Premierminister Narendra Modi trifft bei seinem ersten wichtigen Auslandsbesuch seit seinem Wahlsieg im Mai seinen japanischen Amtskollegen Shinzo Abe in Toko , um wirtschaftliche und sicherheitspolitische Beziehungen zu besprechen .
2026-05-11 19:13:37,789 - INFO - joeynmt.training - 	Reference:  India &apos;s new prime minister , Narendra Modi , is meeting his Japanese counterpart , Shinzo Abe , in Tokyo to discuss economic and security ties , on his first major foreign visit since winning May &apos;s election .
2026-05-11 19:13:37,789 - INFO - joeynmt.training - 	Hypothesis: India &apos;s New Prime Minister Narendra Modi , in his first important execution for his his his japanese Amtian Amtier Shinzzo Abe in Toko Abe in Toko Abe in Toko Abe in Toko .
2026-05-11 19:13:37,789 - INFO - joeynmt.training - Example #2
2026-05-11 19:13:37,789 - DEBUG - joeynmt.training - 	Tokenized source:     ['Herr', 'Mo@@', 'd@@', 'i', 'befindet', 'sich', 'auf', 'einer', 'fü@@', 'n@@', 'f@@', 'tä@@', 'gi@@', 'gen', 'Rei@@', 'se', 'nach', 'J@@', 'ap@@', 'an', ',', 'um', 'die', 'wirtschaf@@', 'tlichen', 'Be@@', 'zieh@@', 'ungen', 'mit', 'der', 'd@@', 'rit@@', 't@@', 'größ@@', 'ten', 'Wirtschafts@@', 'n@@', 'ation', 'der', 'Welt', 'zu', 'fes@@', 'tigen', '.']
2026-05-11 19:13:37,789 - DEBUG - joeynmt.training - 	Tokenized reference:  ['Mr', 'Mo@@', 'd@@', 'i', 'is', 'on', 'a', 'fi@@', 've', '@@@', '-@@', '@', 'day', 'tri@@', 'p', 'to', 'J@@', 'ap@@', 'an', 'to', 'streng@@', 'then', 'economic', 'ties', 'with', 'the', 'third', 'lar@@', 'ges@@', 't', 'econom@@', 'y', 'in', 'the', 'world', '.']
2026-05-11 19:13:37,789 - DEBUG - joeynmt.training - 	Tokenized hypothesis: ['Mr', 'Mo@@', 'd@@', 'i', 'is', 'a', 'fi@@', 'f@@', 'te@@', 'en', 'number', 'of', 'people', 'to', 'J@@', 'ap@@', 'an', ',', 'to', 'the', 'economic', 'rel@@', 'ations', 'with', 'the', 'economic', 'rel@@', 'ations', 'with', 'the', 'third', 'lar@@', 'ger', 'economic', 'n@@', 'ation', 'of', 'the', 'world', '.', '</s>']
2026-05-11 19:13:37,789 - INFO - joeynmt.training - 	Source:     Herr Modi befindet sich auf einer fünftägigen Reise nach Japan , um die wirtschaftlichen Beziehungen mit der drittgrößten Wirtschaftsnation der Welt zu festigen .
2026-05-11 19:13:37,789 - INFO - joeynmt.training - 	Reference:  Mr Modi is on a five @-@ day trip to Japan to strengthen economic ties with the third largest economy in the world .
2026-05-11 19:13:37,789 - INFO - joeynmt.training - 	Hypothesis: Mr Modi is a fifteen number of people to Japan , to the economic relations with the economic relations with the third larger economic nation of the world .
2026-05-11 19:13:37,789 - INFO - joeynmt.training - Example #3
2026-05-11 19:13:37,789 - DEBUG - joeynmt.training - 	Tokenized source:     ['P@@', 'län@@', 'e', 'für', 'eine', 'stärk@@', 'ere', 'k@@', 'ern@@', 'techn@@', 'ische', 'Zusammenarbeit', 'stehen', 'ganz', 'ob@@', 'en', 'auf', 'der', 'Tag@@', 'es@@', 'ordnung', '.']
2026-05-11 19:13:37,789 - DEBUG - joeynmt.training - 	Tokenized reference:  ['high', 'on', 'the', 'agen@@', 'da', 'are', 'pl@@', 'ans', 'for', 'gre@@', 'ater', 'nu@@', 'clear', 'c@@', 'o', '@@@', '-@@', '@', 'operation', '.']
2026-05-11 19:13:37,789 - DEBUG - joeynmt.training - 	Tokenized hypothesis: ['P@@', 'e', 'for', 'a', 'more', 'seri@@', 'ous', 'techn@@', 'ical', 'cooperation', 'are', 'very', 'very', 'much', 'more', 'seri@@', 'ous', 'techn@@', 'ical', 'cooperation', '.', '</s>']
2026-05-11 19:13:37,789 - INFO - joeynmt.training - 	Source:     Pläne für eine stärkere kerntechnische Zusammenarbeit stehen ganz oben auf der Tagesordnung .
2026-05-11 19:13:37,789 - INFO - joeynmt.training - 	Reference:  high on the agenda are plans for greater nuclear co @-@ operation .
2026-05-11 19:13:37,789 - INFO - joeynmt.training - 	Hypothesis: Pe for a more serious technical cooperation are very very much more serious technical cooperation .
2026-05-11 19:13:37,789 - INFO - joeynmt.training - Example #4
2026-05-11 19:13:37,789 - DEBUG - joeynmt.training - 	Tokenized source:     ['Berich@@', 'ten', 'zu@@', 'fol@@', 'ge', 'ho@@', 'fft', 'Indi@@', 'en', 'darüber', 'hinaus', 'auf', 'einen', 'Ver@@', 'trag', 'zur', 'Ver@@', 'tei@@', 'dig@@', 'ungs@@', 'zusammen@@', 'arbeit', 'zwischen', 'den', 'beiden', 'N@@', 'ationen', '.']
2026-05-11 19:13:37,790 - DEBUG - joeynmt.training - 	Tokenized reference:  ['Indi@@', 'a', 'is', 'also', 're@@', 'porte@@', 'dly', 'hop@@', 'ing', 'for', 'a', 'de@@', 'al', 'on', 'def@@', 'ence', 'c@@', 'oll@@', 'ab@@', 'or@@', 'ation', 'between', 'the', 'two', 'n@@', 'ations', '.']
2026-05-11 19:13:37,790 - DEBUG - joeynmt.training - 	Tokenized hypothesis: ['the', 're@@', 'ports', ',', 'Indi@@', 'a', 'is', 'also', 'a', 'con@@', 'tra@@', 'ct', 'on', 'a', 'con@@', 'tra@@', 'ct', 'between', 'the', 'two', 'N@@', 'ations', '.', '</s>']
2026-05-11 19:13:37,790 - INFO - joeynmt.training - 	Source:     Berichten zufolge hofft Indien darüber hinaus auf einen Vertrag zur Verteidigungszusammenarbeit zwischen den beiden Nationen .
2026-05-11 19:13:37,790 - INFO - joeynmt.training - 	Reference:  India is also reportedly hoping for a deal on defence collaboration between the two nations .
2026-05-11 19:13:37,790 - INFO - joeynmt.training - 	Hypothesis: the reports , India is also a contract on a contract between the two Nations .
2026-05-11 19:14:03,964 - INFO - joeynmt.training - Epoch   3, Step:     9600, Batch Loss:     2.085141, Batch Acc: 0.449137, Tokens per Sec:     3435, Lr: 0.000300
2026-05-11 19:14:30,587 - INFO - joeynmt.training - Epoch   3, Step:     9700, Batch Loss:     1.871486, Batch Acc: 0.460782, Tokens per Sec:     3373, Lr: 0.000300
2026-05-11 19:14:56,922 - INFO - joeynmt.training - Epoch   3, Step:     9800, Batch Loss:     2.036317, Batch Acc: 0.446990, Tokens per Sec:     3556, Lr: 0.000300
2026-05-11 19:15:23,247 - INFO - joeynmt.training - Epoch   3, Step:     9900, Batch Loss:     1.973860, Batch Acc: 0.454606, Tokens per Sec:     3505, Lr: 0.000300
2026-05-11 19:15:49,920 - INFO - joeynmt.training - Epoch   3, Step:    10000, Batch Loss:     2.080153, Batch Acc: 0.456047, Tokens per Sec:     3468, Lr: 0.000300
2026-05-11 19:15:49,921 - INFO - joeynmt.prediction - Predicting 500 example(s)... (Greedy decoding with min_output_length=1, max_output_length=-1, return_prob='none', generate_unk=True, repetition_penalty=-1, no_repeat_ngram_size=-1)
2026-05-11 19:16:18,687 - INFO - joeynmt.prediction - Evaluation result (greedy) loss:   2.35, ppl:  10.45, acc:   0.39, generation: 28.7590[sec], evaluation: 0.0000[sec]
2026-05-11 19:16:18,688 - INFO - joeynmt.training - Hooray! New best validation result [ppl]!
2026-05-11 19:16:18,855 - INFO - joeynmt.helpers - delete models/deen_transformer_pre/7500.ckpt
2026-05-11 19:16:18,862 - INFO - joeynmt.training - Example #0
2026-05-11 19:16:18,862 - DEBUG - joeynmt.training - 	Tokenized source:     ['die', 'Pre@@', 'mi@@', 'er@@', 'minist@@', 'er', 'Indi@@', 'ens', 'und', 'J@@', 'ap@@', 'ans', 'tra@@', 'fen', 'sich', 'in', 'T@@', 'ok@@', 'i@@', 'o', '.']
2026-05-11 19:16:18,862 - DEBUG - joeynmt.training - 	Tokenized reference:  ['Indi@@', 'a', 'and', 'J@@', 'ap@@', 'an', 'pri@@', 'me', 'minist@@', 'ers', 'me@@', 'et', 'in', 'T@@', 'ok@@', 'y@@', 'o']
2026-05-11 19:16:18,863 - DEBUG - joeynmt.training - 	Tokenized hypothesis: ['the', 'pri@@', 'mi@@', 'er@@', 'o', 'Indi@@', 'a', 'and', 'J@@', 'ap@@', 'ans', 'and', 'J@@', 'ap@@', 'ans', '.', '</s>']
2026-05-11 19:16:18,863 - INFO - joeynmt.training - 	Source:     die Premierminister Indiens und Japans trafen sich in Tokio .
2026-05-11 19:16:18,863 - INFO - joeynmt.training - 	Reference:  India and Japan prime ministers meet in Tokyo
2026-05-11 19:16:18,863 - INFO - joeynmt.training - 	Hypothesis: the primiero India and Japans and Japans .
2026-05-11 19:16:18,863 - INFO - joeynmt.training - Example #1
2026-05-11 19:16:18,863 - DEBUG - joeynmt.training - 	Tokenized source:     ['Indi@@', 'ens', 'neu@@', 'er', 'Pre@@', 'mi@@', 'er@@', 'minist@@', 'er', 'N@@', 'ar@@', 'end@@', 'ra', 'Mo@@', 'd@@', 'i', 'tri@@', 'fft', 'bei', 's@@', 'einem', 'ersten', 'wichti@@', 'gen', 'Aus@@', 'land@@', 's@@', 'bes@@', 'u@@', 'ch', 'seit', 's@@', 'einem', 'W@@', 'ah@@', 'l@@', 'si@@', 'e@@', 'g', 'im', 'Ma@@', 'i', 'seinen', 'j@@', 'ap@@', 'an@@', 'ischen', 'Am@@', 'ts@@', 'k@@', 'olle@@', 'gen', 'S@@', 'hin@@', 'z@@', 'o', 'A@@', 'be', 'in', 'T@@', 'ok@@', 'o', ',', 'um', 'wirtschaf@@', 'tliche', 'und', 'sicher@@', 'heits@@', 'politische', 'Be@@', 'zieh@@', 'ungen', 'zu', 'bes@@', 'pre@@', 'chen', '.']
2026-05-11 19:16:18,863 - DEBUG - joeynmt.training - 	Tokenized reference:  ['Indi@@', 'a', '&apos;s', 'new', 'pri@@', 'me', 'minist@@', 'er', ',', 'N@@', 'ar@@', 'end@@', 'ra', 'Mo@@', 'd@@', 'i', ',', 'is', 'me@@', 'eting', 'his', 'J@@', 'ap@@', 'an@@', 'ese', 'coun@@', 'ter@@', 'part', ',', 'S@@', 'hin@@', 'z@@', 'o', 'A@@', 'be', ',', 'in', 'T@@', 'ok@@', 'y@@', 'o', 'to', 'disc@@', 'uss', 'economic', 'and', 'security', 'ties', ',', 'on', 'his', 'first', 'major', 'fore@@', 'ign', 'visi@@', 't', 'since', 'w@@', 'inn@@', 'ing', 'Ma@@', 'y', '&apos;s', 'elec@@', 'tion', '.']
2026-05-11 19:16:18,863 - DEBUG - joeynmt.training - 	Tokenized hypothesis: ['Indi@@', 'a', '&apos;s', 'pri@@', 'mi@@', 'er@@', 'ty', 'of', 'the', 'N@@', 'ar@@', 'end@@', 'ra', 'Mo@@', 'del', '&apos;s', 'first', 'important', 'ex@@', 'clu@@', 'sion', ',', 'the', 'first', 'important', 'ex@@', 'change', 'of', 'the', 'S@@', 'hin@@', 'o', 'A@@', 'be', 'in', 'M@@', 'an', 'Am@@', 'ti@@', 's@@', 'si@@', 'e@@', 'g', 'of', 'S@@', 'hin@@', 'o', 'A@@', 'be', 'in', 'T@@', 'ok@@', 'o', 'A@@', 'be', 'in', 'T@@', 'ok@@', 'o', 'A@@', 'be', 'in', 'T@@', 'ok@@', 'o', 'A@@', 'be', 'in', 'T@@', 'ok@@', 'o', 'A@@', 'be', 'in', 'T@@', 'ok@@', 'o', 'A@@', 'be', 'in', 'T@@', 'ok@@', 'o', 'A@@', 'be', '.', '</s>']
2026-05-11 19:16:18,863 - INFO - joeynmt.training - 	Source:     Indiens neuer Premierminister Narendra Modi trifft bei seinem ersten wichtigen Auslandsbesuch seit seinem Wahlsieg im Mai seinen japanischen Amtskollegen Shinzo Abe in Toko , um wirtschaftliche und sicherheitspolitische Beziehungen zu besprechen .
2026-05-11 19:16:18,863 - INFO - joeynmt.training - 	Reference:  India &apos;s new prime minister , Narendra Modi , is meeting his Japanese counterpart , Shinzo Abe , in Tokyo to discuss economic and security ties , on his first major foreign visit since winning May &apos;s election .
2026-05-11 19:16:18,863 - INFO - joeynmt.training - 	Hypothesis: India &apos;s primierty of the Narendra Model &apos;s first important exclusion , the first important exchange of the Shino Abe in Man Amtissieg of Shino Abe in Toko Abe in Toko Abe in Toko Abe in Toko Abe in Toko Abe in Toko Abe .
2026-05-11 19:16:18,863 - INFO - joeynmt.training - Example #2
2026-05-11 19:16:18,863 - DEBUG - joeynmt.training - 	Tokenized source:     ['Herr', 'Mo@@', 'd@@', 'i', 'befindet', 'sich', 'auf', 'einer', 'fü@@', 'n@@', 'f@@', 'tä@@', 'gi@@', 'gen', 'Rei@@', 'se', 'nach', 'J@@', 'ap@@', 'an', ',', 'um', 'die', 'wirtschaf@@', 'tlichen', 'Be@@', 'zieh@@', 'ungen', 'mit', 'der', 'd@@', 'rit@@', 't@@', 'größ@@', 'ten', 'Wirtschafts@@', 'n@@', 'ation', 'der', 'Welt', 'zu', 'fes@@', 'tigen', '.']
2026-05-11 19:16:18,863 - DEBUG - joeynmt.training - 	Tokenized reference:  ['Mr', 'Mo@@', 'd@@', 'i', 'is', 'on', 'a', 'fi@@', 've', '@@@', '-@@', '@', 'day', 'tri@@', 'p', 'to', 'J@@', 'ap@@', 'an', 'to', 'streng@@', 'then', 'economic', 'ties', 'with', 'the', 'third', 'lar@@', 'ges@@', 't', 'econom@@', 'y', 'in', 'the', 'world', '.']
2026-05-11 19:16:18,863 - DEBUG - joeynmt.training - 	Tokenized hypothesis: ['Mr', 'Mo@@', 'd@@', 'i', 'is', 'on', 'a', 'fi@@', 'f@@', 'te@@', 'en', 'tra@@', 'ff@@', 'ic', 'to', 'J@@', 'ap@@', 'an', ',', 'to', 'the', 'economic', 'rel@@', 'ations', 'with', 'the', 'third', 'lar@@', 'ges@@', 't', 'economic', 'rel@@', 'ations', 'with', 'the', 'third', 'lar@@', 'ges@@', 't', 'economic', 'n@@', 'ation', '.', '</s>']
2026-05-11 19:16:18,864 - INFO - joeynmt.training - 	Source:     Herr Modi befindet sich auf einer fünftägigen Reise nach Japan , um die wirtschaftlichen Beziehungen mit der drittgrößten Wirtschaftsnation der Welt zu festigen .
2026-05-11 19:16:18,864 - INFO - joeynmt.training - 	Reference:  Mr Modi is on a five @-@ day trip to Japan to strengthen economic ties with the third largest economy in the world .
2026-05-11 19:16:18,864 - INFO - joeynmt.training - 	Hypothesis: Mr Modi is on a fifteen traffic to Japan , to the economic relations with the third largest economic relations with the third largest economic nation .
2026-05-11 19:16:18,864 - INFO - joeynmt.training - Example #3
2026-05-11 19:16:18,864 - DEBUG - joeynmt.training - 	Tokenized source:     ['P@@', 'län@@', 'e', 'für', 'eine', 'stärk@@', 'ere', 'k@@', 'ern@@', 'techn@@', 'ische', 'Zusammenarbeit', 'stehen', 'ganz', 'ob@@', 'en', 'auf', 'der', 'Tag@@', 'es@@', 'ordnung', '.']
2026-05-11 19:16:18,864 - DEBUG - joeynmt.training - 	Tokenized reference:  ['high', 'on', 'the', 'agen@@', 'da', 'are', 'pl@@', 'ans', 'for', 'gre@@', 'ater', 'nu@@', 'clear', 'c@@', 'o', '@@@', '-@@', '@', 'operation', '.']
2026-05-11 19:16:18,864 - DEBUG - joeynmt.training - 	Tokenized hypothesis: ['P@@', 'lan@@', 'e', 'for', 'a', 'more', 'seri@@', 'ous', 'techn@@', 'ical', 'cooperation', '.', '</s>']
2026-05-11 19:16:18,864 - INFO - joeynmt.training - 	Source:     Pläne für eine stärkere kerntechnische Zusammenarbeit stehen ganz oben auf der Tagesordnung .
2026-05-11 19:16:18,864 - INFO - joeynmt.training - 	Reference:  high on the agenda are plans for greater nuclear co @-@ operation .
2026-05-11 19:16:18,864 - INFO - joeynmt.training - 	Hypothesis: Plane for a more serious technical cooperation .
2026-05-11 19:16:18,864 - INFO - joeynmt.training - Example #4
2026-05-11 19:16:18,864 - DEBUG - joeynmt.training - 	Tokenized source:     ['Berich@@', 'ten', 'zu@@', 'fol@@', 'ge', 'ho@@', 'fft', 'Indi@@', 'en', 'darüber', 'hinaus', 'auf', 'einen', 'Ver@@', 'trag', 'zur', 'Ver@@', 'tei@@', 'dig@@', 'ungs@@', 'zusammen@@', 'arbeit', 'zwischen', 'den', 'beiden', 'N@@', 'ationen', '.']
2026-05-11 19:16:18,864 - DEBUG - joeynmt.training - 	Tokenized reference:  ['Indi@@', 'a', 'is', 'also', 're@@', 'porte@@', 'dly', 'hop@@', 'ing', 'for', 'a', 'de@@', 'al', 'on', 'def@@', 'ence', 'c@@', 'oll@@', 'ab@@', 'or@@', 'ation', 'between', 'the', 'two', 'n@@', 'ations', '.']
2026-05-11 19:16:18,864 - DEBUG - joeynmt.training - 	Tokenized hypothesis: ['the', 'following', 's@@', 'anc@@', 'tu@@', 'al', 'of', 'the', 'con@@', 'sequ@@', 'ences', 'of', 'the', 'two', 'N@@', 'ations', '.', '</s>']
2026-05-11 19:16:18,864 - INFO - joeynmt.training - 	Source:     Berichten zufolge hofft Indien darüber hinaus auf einen Vertrag zur Verteidigungszusammenarbeit zwischen den beiden Nationen .
2026-05-11 19:16:18,864 - INFO - joeynmt.training - 	Reference:  India is also reportedly hoping for a deal on defence collaboration between the two nations .
2026-05-11 19:16:18,865 - INFO - joeynmt.training - 	Hypothesis: the following sanctual of the consequences of the two Nations .
2026-05-11 19:16:45,582 - INFO - joeynmt.training - Epoch   3, Step:    10100, Batch Loss:     2.118755, Batch Acc: 0.456470, Tokens per Sec:     3436, Lr: 0.000300
2026-05-11 19:17:12,114 - INFO - joeynmt.training - Epoch   3, Step:    10200, Batch Loss:     1.960499, Batch Acc: 0.458633, Tokens per Sec:     3454, Lr: 0.000300
2026-05-11 19:17:38,651 - INFO - joeynmt.training - Epoch   3, Step:    10300, Batch Loss:     1.904057, Batch Acc: 0.454972, Tokens per Sec:     3450, Lr: 0.000300
2026-05-11 19:18:04,981 - INFO - joeynmt.training - Epoch   3, Step:    10400, Batch Loss:     1.956433, Batch Acc: 0.456505, Tokens per Sec:     3527, Lr: 0.000300
2026-05-11 19:18:31,034 - INFO - joeynmt.training - Epoch   3, Step:    10500, Batch Loss:     1.985101, Batch Acc: 0.463858, Tokens per Sec:     3477, Lr: 0.000300
2026-05-11 19:18:31,035 - INFO - joeynmt.prediction - Predicting 500 example(s)... (Greedy decoding with min_output_length=1, max_output_length=-1, return_prob='none', generate_unk=True, repetition_penalty=-1, no_repeat_ngram_size=-1)
2026-05-11 19:19:05,230 - INFO - joeynmt.prediction - Evaluation result (greedy) loss:   2.33, ppl:  10.32, acc:   0.40, generation: 34.1882[sec], evaluation: 0.0000[sec]
2026-05-11 19:19:05,233 - INFO - joeynmt.training - Hooray! New best validation result [ppl]!
2026-05-11 19:19:05,393 - INFO - joeynmt.helpers - delete models/deen_transformer_pre/8000.ckpt
2026-05-11 19:19:05,401 - INFO - joeynmt.training - Example #0
2026-05-11 19:19:05,401 - DEBUG - joeynmt.training - 	Tokenized source:     ['die', 'Pre@@', 'mi@@', 'er@@', 'minist@@', 'er', 'Indi@@', 'ens', 'und', 'J@@', 'ap@@', 'ans', 'tra@@', 'fen', 'sich', 'in', 'T@@', 'ok@@', 'i@@', 'o', '.']
2026-05-11 19:19:05,401 - DEBUG - joeynmt.training - 	Tokenized reference:  ['Indi@@', 'a', 'and', 'J@@', 'ap@@', 'an', 'pri@@', 'me', 'minist@@', 'ers', 'me@@', 'et', 'in', 'T@@', 'ok@@', 'y@@', 'o']
2026-05-11 19:19:05,401 - DEBUG - joeynmt.training - 	Tokenized hypothesis: ['the', 'price', 'of', 'Indi@@', 'a', 'and', 'J@@', 'ap@@', 'ans', 'are', 'tra@@', 'v@@', 'el', 'in', 'T@@', 'ok@@', 'i@@', 'o', '.', '</s>']
2026-05-11 19:19:05,401 - INFO - joeynmt.training - 	Source:     die Premierminister Indiens und Japans trafen sich in Tokio .
2026-05-11 19:19:05,401 - INFO - joeynmt.training - 	Reference:  India and Japan prime ministers meet in Tokyo
2026-05-11 19:19:05,402 - INFO - joeynmt.training - 	Hypothesis: the price of India and Japans are travel in Tokio .
2026-05-11 19:19:05,402 - INFO - joeynmt.training - Example #1
2026-05-11 19:19:05,402 - DEBUG - joeynmt.training - 	Tokenized source:     ['Indi@@', 'ens', 'neu@@', 'er', 'Pre@@', 'mi@@', 'er@@', 'minist@@', 'er', 'N@@', 'ar@@', 'end@@', 'ra', 'Mo@@', 'd@@', 'i', 'tri@@', 'fft', 'bei', 's@@', 'einem', 'ersten', 'wichti@@', 'gen', 'Aus@@', 'land@@', 's@@', 'bes@@', 'u@@', 'ch', 'seit', 's@@', 'einem', 'W@@', 'ah@@', 'l@@', 'si@@', 'e@@', 'g', 'im', 'Ma@@', 'i', 'seinen', 'j@@', 'ap@@', 'an@@', 'ischen', 'Am@@', 'ts@@', 'k@@', 'olle@@', 'gen', 'S@@', 'hin@@', 'z@@', 'o', 'A@@', 'be', 'in', 'T@@', 'ok@@', 'o', ',', 'um', 'wirtschaf@@', 'tliche', 'und', 'sicher@@', 'heits@@', 'politische', 'Be@@', 'zieh@@', 'ungen', 'zu', 'bes@@', 'pre@@', 'chen', '.']
2026-05-11 19:19:05,402 - DEBUG - joeynmt.training - 	Tokenized reference:  ['Indi@@', 'a', '&apos;s', 'new', 'pri@@', 'me', 'minist@@', 'er', ',', 'N@@', 'ar@@', 'end@@', 'ra', 'Mo@@', 'd@@', 'i', ',', 'is', 'me@@', 'eting', 'his', 'J@@', 'ap@@', 'an@@', 'ese', 'coun@@', 'ter@@', 'part', ',', 'S@@', 'hin@@', 'z@@', 'o', 'A@@', 'be', ',', 'in', 'T@@', 'ok@@', 'y@@', 'o', 'to', 'disc@@', 'uss', 'economic', 'and', 'security', 'ties', ',', 'on', 'his', 'first', 'major', 'fore@@', 'ign', 'visi@@', 't', 'since', 'w@@', 'inn@@', 'ing', 'Ma@@', 'y', '&apos;s', 'elec@@', 'tion', '.']
2026-05-11 19:19:05,402 - DEBUG - joeynmt.training - 	Tokenized hypothesis: ['Indi@@', 'a', '&apos;s', 'pri@@', 'mi@@', 'er@@', 'er@@', 'ed', 'pri@@', 'm@@', 'ari@@', 'ly', 'in', 'the', 'first', 'important', 'ex@@', 'change', 'in', 'the', 'first', 'important', 'ex@@', 'change', 'in', 'the', 'M@@', 'ah@@', 'l@@', 'si@@', 'e@@', 'g', 'in', 'Ma@@', 'y', 'his', 'J@@', 'ap@@', 'an@@', 'ese', 'Am@@', 'ster@@', 'dam', ',', 'in', 'T@@', 'ok@@', 'o', 'A@@', 'be', 'in', 'T@@', 'ok@@', 'o', 'A@@', 'be', 'in', 'T@@', 'ok@@', 'o', 'A@@', 'be', 'in', 'T@@', 'ok@@', 'o', 'A@@', 'be', 'in', 'T@@', 'ok@@', 'o', 'A@@', 'be', 'in', 'T@@', 'ok@@', 'o', '.', '</s>']
2026-05-11 19:19:05,402 - INFO - joeynmt.training - 	Source:     Indiens neuer Premierminister Narendra Modi trifft bei seinem ersten wichtigen Auslandsbesuch seit seinem Wahlsieg im Mai seinen japanischen Amtskollegen Shinzo Abe in Toko , um wirtschaftliche und sicherheitspolitische Beziehungen zu besprechen .
2026-05-11 19:19:05,402 - INFO - joeynmt.training - 	Reference:  India &apos;s new prime minister , Narendra Modi , is meeting his Japanese counterpart , Shinzo Abe , in Tokyo to discuss economic and security ties , on his first major foreign visit since winning May &apos;s election .
2026-05-11 19:19:05,402 - INFO - joeynmt.training - 	Hypothesis: India &apos;s primierered primarily in the first important exchange in the first important exchange in the Mahlsieg in May his Japanese Amsterdam , in Toko Abe in Toko Abe in Toko Abe in Toko Abe in Toko Abe in Toko .
2026-05-11 19:19:05,402 - INFO - joeynmt.training - Example #2
2026-05-11 19:19:05,402 - DEBUG - joeynmt.training - 	Tokenized source:     ['Herr', 'Mo@@', 'd@@', 'i', 'befindet', 'sich', 'auf', 'einer', 'fü@@', 'n@@', 'f@@', 'tä@@', 'gi@@', 'gen', 'Rei@@', 'se', 'nach', 'J@@', 'ap@@', 'an', ',', 'um', 'die', 'wirtschaf@@', 'tlichen', 'Be@@', 'zieh@@', 'ungen', 'mit', 'der', 'd@@', 'rit@@', 't@@', 'größ@@', 'ten', 'Wirtschafts@@', 'n@@', 'ation', 'der', 'Welt', 'zu', 'fes@@', 'tigen', '.']
2026-05-11 19:19:05,402 - DEBUG - joeynmt.training - 	Tokenized reference:  ['Mr', 'Mo@@', 'd@@', 'i', 'is', 'on', 'a', 'fi@@', 've', '@@@', '-@@', '@', 'day', 'tri@@', 'p', 'to', 'J@@', 'ap@@', 'an', 'to', 'streng@@', 'then', 'economic', 'ties', 'with', 'the', 'third', 'lar@@', 'ges@@', 't', 'econom@@', 'y', 'in', 'the', 'world', '.']
2026-05-11 19:19:05,402 - DEBUG - joeynmt.training - 	Tokenized hypothesis: ['Mr', 'Mo@@', 'del', 'is', 'one', 'fi@@', 'f@@', 'th', 'in', 'a', 'fi@@', 'f@@', 'th', 'of', 'the', 'economic', 'rel@@', 'ations', 'with', 'the', 'third', 'lar@@', 'ges@@', 't', 'economic', 'rel@@', 'ations', 'with', 'the', 'third', 'lar@@', 'ges@@', 't', 'economic', 'rel@@', 'ations', '.', '</s>']
2026-05-11 19:19:05,402 - INFO - joeynmt.training - 	Source:     Herr Modi befindet sich auf einer fünftägigen Reise nach Japan , um die wirtschaftlichen Beziehungen mit der drittgrößten Wirtschaftsnation der Welt zu festigen .
2026-05-11 19:19:05,402 - INFO - joeynmt.training - 	Reference:  Mr Modi is on a five @-@ day trip to Japan to strengthen economic ties with the third largest economy in the world .
2026-05-11 19:19:05,402 - INFO - joeynmt.training - 	Hypothesis: Mr Model is one fifth in a fifth of the economic relations with the third largest economic relations with the third largest economic relations .
2026-05-11 19:19:05,403 - INFO - joeynmt.training - Example #3
2026-05-11 19:19:05,403 - DEBUG - joeynmt.training - 	Tokenized source:     ['P@@', 'län@@', 'e', 'für', 'eine', 'stärk@@', 'ere', 'k@@', 'ern@@', 'techn@@', 'ische', 'Zusammenarbeit', 'stehen', 'ganz', 'ob@@', 'en', 'auf', 'der', 'Tag@@', 'es@@', 'ordnung', '.']
2026-05-11 19:19:05,403 - DEBUG - joeynmt.training - 	Tokenized reference:  ['high', 'on', 'the', 'agen@@', 'da', 'are', 'pl@@', 'ans', 'for', 'gre@@', 'ater', 'nu@@', 'clear', 'c@@', 'o', '@@@', '-@@', '@', 'operation', '.']
2026-05-11 19:19:05,403 - DEBUG - joeynmt.training - 	Tokenized hypothesis: ['p@@', 'ass@@', 'ing', 'for', 'a', 'more', 'seri@@', 'ous', 'economic', 'cooperation', 'are', 'in', 'the', 'agen@@', 'da', '.', '</s>']
2026-05-11 19:19:05,403 - INFO - joeynmt.training - 	Source:     Pläne für eine stärkere kerntechnische Zusammenarbeit stehen ganz oben auf der Tagesordnung .
2026-05-11 19:19:05,403 - INFO - joeynmt.training - 	Reference:  high on the agenda are plans for greater nuclear co @-@ operation .
2026-05-11 19:19:05,403 - INFO - joeynmt.training - 	Hypothesis: passing for a more serious economic cooperation are in the agenda .
2026-05-11 19:19:05,403 - INFO - joeynmt.training - Example #4
2026-05-11 19:19:05,403 - DEBUG - joeynmt.training - 	Tokenized source:     ['Berich@@', 'ten', 'zu@@', 'fol@@', 'ge', 'ho@@', 'fft', 'Indi@@', 'en', 'darüber', 'hinaus', 'auf', 'einen', 'Ver@@', 'trag', 'zur', 'Ver@@', 'tei@@', 'dig@@', 'ungs@@', 'zusammen@@', 'arbeit', 'zwischen', 'den', 'beiden', 'N@@', 'ationen', '.']
2026-05-11 19:19:05,403 - DEBUG - joeynmt.training - 	Tokenized reference:  ['Indi@@', 'a', 'is', 'also', 're@@', 'porte@@', 'dly', 'hop@@', 'ing', 'for', 'a', 'de@@', 'al', 'on', 'def@@', 'ence', 'c@@', 'oll@@', 'ab@@', 'or@@', 'ation', 'between', 'the', 'two', 'n@@', 'ations', '.']
2026-05-11 19:19:05,403 - DEBUG - joeynmt.training - 	Tokenized hypothesis: ['the', 're@@', 'ports', 'are', 'also', 'in', 'Indi@@', 'a', '&apos;s', 'con@@', 'tra@@', 'ct', 'on', 'a', 'con@@', 'tra@@', 'ct', '.', '</s>']
2026-05-11 19:19:05,403 - INFO - joeynmt.training - 	Source:     Berichten zufolge hofft Indien darüber hinaus auf einen Vertrag zur Verteidigungszusammenarbeit zwischen den beiden Nationen .
2026-05-11 19:19:05,403 - INFO - joeynmt.training - 	Reference:  India is also reportedly hoping for a deal on defence collaboration between the two nations .
2026-05-11 19:19:05,403 - INFO - joeynmt.training - 	Hypothesis: the reports are also in India &apos;s contract on a contract .
2026-05-11 19:19:32,259 - INFO - joeynmt.training - Epoch   3, Step:    10600, Batch Loss:     1.922551, Batch Acc: 0.452301, Tokens per Sec:     3418, Lr: 0.000300
2026-05-11 19:20:00,902 - INFO - joeynmt.training - Epoch   3, Step:    10700, Batch Loss:     1.923332, Batch Acc: 0.461992, Tokens per Sec:     3218, Lr: 0.000300
2026-05-11 19:20:28,307 - INFO - joeynmt.training - Epoch   3, Step:    10800, Batch Loss:     2.051679, Batch Acc: 0.454576, Tokens per Sec:     3336, Lr: 0.000300
2026-05-11 19:20:57,769 - INFO - joeynmt.training - Epoch   3, Step:    10900, Batch Loss:     2.073011, Batch Acc: 0.456609, Tokens per Sec:     3138, Lr: 0.000300
2026-05-11 19:21:27,207 - INFO - joeynmt.training - Epoch   3, Step:    11000, Batch Loss:     1.755734, Batch Acc: 0.460436, Tokens per Sec:     3123, Lr: 0.000300
2026-05-11 19:21:27,208 - INFO - joeynmt.prediction - Predicting 500 example(s)... (Greedy decoding with min_output_length=1, max_output_length=-1, return_prob='none', generate_unk=True, repetition_penalty=-1, no_repeat_ngram_size=-1)
2026-05-11 19:22:16,946 - INFO - joeynmt.prediction - Evaluation result (greedy) loss:   2.32, ppl:  10.13, acc:   0.40, generation: 49.7292[sec], evaluation: 0.0000[sec]
2026-05-11 19:22:16,948 - INFO - joeynmt.training - Hooray! New best validation result [ppl]!
2026-05-11 19:22:17,110 - INFO - joeynmt.helpers - delete models/deen_transformer_pre/9000.ckpt
2026-05-11 19:22:17,118 - INFO - joeynmt.training - Example #0
2026-05-11 19:22:17,118 - DEBUG - joeynmt.training - 	Tokenized source:     ['die', 'Pre@@', 'mi@@', 'er@@', 'minist@@', 'er', 'Indi@@', 'ens', 'und', 'J@@', 'ap@@', 'ans', 'tra@@', 'fen', 'sich', 'in', 'T@@', 'ok@@', 'i@@', 'o', '.']
2026-05-11 19:22:17,118 - DEBUG - joeynmt.training - 	Tokenized reference:  ['Indi@@', 'a', 'and', 'J@@', 'ap@@', 'an', 'pri@@', 'me', 'minist@@', 'ers', 'me@@', 'et', 'in', 'T@@', 'ok@@', 'y@@', 'o']
2026-05-11 19:22:17,118 - DEBUG - joeynmt.training - 	Tokenized hypothesis: ['the', 'pri@@', 'mi@@', 'er@@', 'er', 'Indi@@', 'a', 'and', 'J@@', 'ap@@', 'an', ',', 'in', 'T@@', 'ok@@', 'i@@', 'o', '.', '</s>']
2026-05-11 19:22:17,118 - INFO - joeynmt.training - 	Source:     die Premierminister Indiens und Japans trafen sich in Tokio .
2026-05-11 19:22:17,118 - INFO - joeynmt.training - 	Reference:  India and Japan prime ministers meet in Tokyo
2026-05-11 19:22:17,118 - INFO - joeynmt.training - 	Hypothesis: the primierer India and Japan , in Tokio .
2026-05-11 19:22:17,118 - INFO - joeynmt.training - Example #1
2026-05-11 19:22:17,118 - DEBUG - joeynmt.training - 	Tokenized source:     ['Indi@@', 'ens', 'neu@@', 'er', 'Pre@@', 'mi@@', 'er@@', 'minist@@', 'er', 'N@@', 'ar@@', 'end@@', 'ra', 'Mo@@', 'd@@', 'i', 'tri@@', 'fft', 'bei', 's@@', 'einem', 'ersten', 'wichti@@', 'gen', 'Aus@@', 'land@@', 's@@', 'bes@@', 'u@@', 'ch', 'seit', 's@@', 'einem', 'W@@', 'ah@@', 'l@@', 'si@@', 'e@@', 'g', 'im', 'Ma@@', 'i', 'seinen', 'j@@', 'ap@@', 'an@@', 'ischen', 'Am@@', 'ts@@', 'k@@', 'olle@@', 'gen', 'S@@', 'hin@@', 'z@@', 'o', 'A@@', 'be', 'in', 'T@@', 'ok@@', 'o', ',', 'um', 'wirtschaf@@', 'tliche', 'und', 'sicher@@', 'heits@@', 'politische', 'Be@@', 'zieh@@', 'ungen', 'zu', 'bes@@', 'pre@@', 'chen', '.']
2026-05-11 19:22:17,118 - DEBUG - joeynmt.training - 	Tokenized reference:  ['Indi@@', 'a', '&apos;s', 'new', 'pri@@', 'me', 'minist@@', 'er', ',', 'N@@', 'ar@@', 'end@@', 'ra', 'Mo@@', 'd@@', 'i', ',', 'is', 'me@@', 'eting', 'his', 'J@@', 'ap@@', 'an@@', 'ese', 'coun@@', 'ter@@', 'part', ',', 'S@@', 'hin@@', 'z@@', 'o', 'A@@', 'be', ',', 'in', 'T@@', 'ok@@', 'y@@', 'o', 'to', 'disc@@', 'uss', 'economic', 'and', 'security', 'ties', ',', 'on', 'his', 'first', 'major', 'fore@@', 'ign', 'visi@@', 't', 'since', 'w@@', 'inn@@', 'ing', 'Ma@@', 'y', '&apos;s', 'elec@@', 'tion', '.']
2026-05-11 19:22:17,118 - DEBUG - joeynmt.training - 	Tokenized hypothesis: ['Indi@@', 'a', '&apos;s', 'Ne@@', 'w', 'Pri@@', 'me', 'Minist@@', 'er', 'N@@', 'ar@@', 'end@@', 'ra', 'Mo@@', 'd@@', 'i', ',', 'in', 'his', 'first', 'important', 'ex@@', 'tern@@', 'al', 'ex@@', 'change', 'in', 'the', 'S@@', 'hin@@', 'z@@', 'z@@', 'o', 'A@@', 'be', 'in', 'T@@', 'ok@@', 'o', 'A@@', 'be', 'in', 'T@@', 'ok@@', 'o', 'A@@', 'be', 'in', 'T@@', 'ok@@', 'o', 'A@@', 'be', 'in', 'T@@', 'ok@@', 'o', 'A@@', 'be', 'in', 'T@@', 'ok@@', 'o', 'A@@', 'be', 'in', 'T@@', 'ok@@', 'o', 'A@@', 'be', 'in', 'T@@', 'ok@@', 'o', 'A@@', 'be', 'in', 'T@@', 'ok@@', 'o', 'A@@', 'sia', '.', '</s>']
2026-05-11 19:22:17,119 - INFO - joeynmt.training - 	Source:     Indiens neuer Premierminister Narendra Modi trifft bei seinem ersten wichtigen Auslandsbesuch seit seinem Wahlsieg im Mai seinen japanischen Amtskollegen Shinzo Abe in Toko , um wirtschaftliche und sicherheitspolitische Beziehungen zu besprechen .
2026-05-11 19:22:17,119 - INFO - joeynmt.training - 	Reference:  India &apos;s new prime minister , Narendra Modi , is meeting his Japanese counterpart , Shinzo Abe , in Tokyo to discuss economic and security ties , on his first major foreign visit since winning May &apos;s election .
2026-05-11 19:22:17,119 - INFO - joeynmt.training - 	Hypothesis: India &apos;s New Prime Minister Narendra Modi , in his first important external exchange in the Shinzzo Abe in Toko Abe in Toko Abe in Toko Abe in Toko Abe in Toko Abe in Toko Abe in Toko Abe in Toko Asia .
2026-05-11 19:22:17,119 - INFO - joeynmt.training - Example #2
2026-05-11 19:22:17,119 - DEBUG - joeynmt.training - 	Tokenized source:     ['Herr', 'Mo@@', 'd@@', 'i', 'befindet', 'sich', 'auf', 'einer', 'fü@@', 'n@@', 'f@@', 'tä@@', 'gi@@', 'gen', 'Rei@@', 'se', 'nach', 'J@@', 'ap@@', 'an', ',', 'um', 'die', 'wirtschaf@@', 'tlichen', 'Be@@', 'zieh@@', 'ungen', 'mit', 'der', 'd@@', 'rit@@', 't@@', 'größ@@', 'ten', 'Wirtschafts@@', 'n@@', 'ation', 'der', 'Welt', 'zu', 'fes@@', 'tigen', '.']
2026-05-11 19:22:17,119 - DEBUG - joeynmt.training - 	Tokenized reference:  ['Mr', 'Mo@@', 'd@@', 'i', 'is', 'on', 'a', 'fi@@', 've', '@@@', '-@@', '@', 'day', 'tri@@', 'p', 'to', 'J@@', 'ap@@', 'an', 'to', 'streng@@', 'then', 'economic', 'ties', 'with', 'the', 'third', 'lar@@', 'ges@@', 't', 'econom@@', 'y', 'in', 'the', 'world', '.']
2026-05-11 19:22:17,119 - DEBUG - joeynmt.training - 	Tokenized hypothesis: ['Mr', 'Mo@@', 'd@@', 'i', 'is', 'on', 'a', 'fi@@', 'f@@', 'ty', 'of', 'the', 'world', '&apos;s', 'economic', 'rel@@', 'ations', 'with', 'the', 'third', 'lar@@', 'ges@@', 't', 'economic', 'rel@@', 'ations', 'with', 'the', 'third', 'lar@@', 'ges@@', 't', 'economic', 'rel@@', 'ations', '.', '</s>']
2026-05-11 19:22:17,119 - INFO - joeynmt.training - 	Source:     Herr Modi befindet sich auf einer fünftägigen Reise nach Japan , um die wirtschaftlichen Beziehungen mit der drittgrößten Wirtschaftsnation der Welt zu festigen .
2026-05-11 19:22:17,119 - INFO - joeynmt.training - 	Reference:  Mr Modi is on a five @-@ day trip to Japan to strengthen economic ties with the third largest economy in the world .
2026-05-11 19:22:17,119 - INFO - joeynmt.training - 	Hypothesis: Mr Modi is on a fifty of the world &apos;s economic relations with the third largest economic relations with the third largest economic relations .
2026-05-11 19:22:17,119 - INFO - joeynmt.training - Example #3
2026-05-11 19:22:17,119 - DEBUG - joeynmt.training - 	Tokenized source:     ['P@@', 'län@@', 'e', 'für', 'eine', 'stärk@@', 'ere', 'k@@', 'ern@@', 'techn@@', 'ische', 'Zusammenarbeit', 'stehen', 'ganz', 'ob@@', 'en', 'auf', 'der', 'Tag@@', 'es@@', 'ordnung', '.']
2026-05-11 19:22:17,119 - DEBUG - joeynmt.training - 	Tokenized reference:  ['high', 'on', 'the', 'agen@@', 'da', 'are', 'pl@@', 'ans', 'for', 'gre@@', 'ater', 'nu@@', 'clear', 'c@@', 'o', '@@@', '-@@', '@', 'operation', '.']
2026-05-11 19:22:17,119 - DEBUG - joeynmt.training - 	Tokenized hypothesis: ['p@@', 'an@@', 'el', 'for', 'a', 'more', 'seri@@', 'ous', 'seri@@', 'ous', 'economic', 'cooperation', 'are', 'still', 'in', 'the', 'agen@@', 'da', '.', '</s>']
2026-05-11 19:22:17,119 - INFO - joeynmt.training - 	Source:     Pläne für eine stärkere kerntechnische Zusammenarbeit stehen ganz oben auf der Tagesordnung .
2026-05-11 19:22:17,119 - INFO - joeynmt.training - 	Reference:  high on the agenda are plans for greater nuclear co @-@ operation .
2026-05-11 19:22:17,120 - INFO - joeynmt.training - 	Hypothesis: panel for a more serious serious economic cooperation are still in the agenda .
2026-05-11 19:22:17,120 - INFO - joeynmt.training - Example #4
2026-05-11 19:22:17,120 - DEBUG - joeynmt.training - 	Tokenized source:     ['Berich@@', 'ten', 'zu@@', 'fol@@', 'ge', 'ho@@', 'fft', 'Indi@@', 'en', 'darüber', 'hinaus', 'auf', 'einen', 'Ver@@', 'trag', 'zur', 'Ver@@', 'tei@@', 'dig@@', 'ungs@@', 'zusammen@@', 'arbeit', 'zwischen', 'den', 'beiden', 'N@@', 'ationen', '.']
2026-05-11 19:22:17,120 - DEBUG - joeynmt.training - 	Tokenized reference:  ['Indi@@', 'a', 'is', 'also', 're@@', 'porte@@', 'dly', 'hop@@', 'ing', 'for', 'a', 'de@@', 'al', 'on', 'def@@', 'ence', 'c@@', 'oll@@', 'ab@@', 'or@@', 'ation', 'between', 'the', 'two', 'n@@', 'ations', '.']
2026-05-11 19:22:17,120 - DEBUG - joeynmt.training - 	Tokenized hypothesis: ['the', 'following', 'following', ',', 'Indi@@', 'a', 'is', 'also', 'the', 'propos@@', 'ed', 'to', 'a', 'con@@', 'stitu@@', 'tion', 'of', 'the', 'two', 'N@@', 'ations', '.', '</s>']
2026-05-11 19:22:17,120 - INFO - joeynmt.training - 	Source:     Berichten zufolge hofft Indien darüber hinaus auf einen Vertrag zur Verteidigungszusammenarbeit zwischen den beiden Nationen .
2026-05-11 19:22:17,120 - INFO - joeynmt.training - 	Reference:  India is also reportedly hoping for a deal on defence collaboration between the two nations .
2026-05-11 19:22:17,120 - INFO - joeynmt.training - 	Hypothesis: the following following , India is also the proposed to a constitution of the two Nations .
2026-05-11 19:22:45,168 - INFO - joeynmt.training - Epoch   3, Step:    11100, Batch Loss:     2.209318, Batch Acc: 0.460427, Tokens per Sec:     3252, Lr: 0.000300
2026-05-11 19:23:16,403 - INFO - joeynmt.training - Epoch   3, Step:    11200, Batch Loss:     1.851117, Batch Acc: 0.454406, Tokens per Sec:     2980, Lr: 0.000300
2026-05-11 19:23:49,059 - INFO - joeynmt.training - Epoch   3, Step:    11300, Batch Loss:     2.007005, Batch Acc: 0.459878, Tokens per Sec:     2771, Lr: 0.000300
2026-05-11 19:24:16,797 - INFO - joeynmt.training - Epoch   3, Step:    11400, Batch Loss:     2.084644, Batch Acc: 0.462122, Tokens per Sec:     3306, Lr: 0.000300
2026-05-11 19:24:43,649 - INFO - joeynmt.training - Epoch   3, Step:    11500, Batch Loss:     2.107887, Batch Acc: 0.460679, Tokens per Sec:     3372, Lr: 0.000300
2026-05-11 19:24:43,650 - INFO - joeynmt.prediction - Predicting 500 example(s)... (Greedy decoding with min_output_length=1, max_output_length=-1, return_prob='none', generate_unk=True, repetition_penalty=-1, no_repeat_ngram_size=-1)
2026-05-11 19:25:48,970 - INFO - joeynmt.prediction - Evaluation result (greedy) loss:   2.29, ppl:   9.86, acc:   0.41, generation: 65.3124[sec], evaluation: 0.0000[sec]
2026-05-11 19:25:48,974 - INFO - joeynmt.training - Hooray! New best validation result [ppl]!
2026-05-11 19:25:49,136 - INFO - joeynmt.helpers - delete models/deen_transformer_pre/8500.ckpt
2026-05-11 19:25:49,144 - INFO - joeynmt.training - Example #0
2026-05-11 19:25:49,145 - DEBUG - joeynmt.training - 	Tokenized source:     ['die', 'Pre@@', 'mi@@', 'er@@', 'minist@@', 'er', 'Indi@@', 'ens', 'und', 'J@@', 'ap@@', 'ans', 'tra@@', 'fen', 'sich', 'in', 'T@@', 'ok@@', 'i@@', 'o', '.']
2026-05-11 19:25:49,145 - DEBUG - joeynmt.training - 	Tokenized reference:  ['Indi@@', 'a', 'and', 'J@@', 'ap@@', 'an', 'pri@@', 'me', 'minist@@', 'ers', 'me@@', 'et', 'in', 'T@@', 'ok@@', 'y@@', 'o']
2026-05-11 19:25:49,145 - DEBUG - joeynmt.training - 	Tokenized hypothesis: ['the', 'Pre@@', 'mi@@', 'er', 'Indi@@', 'a', 'and', 'J@@', 'ap@@', 'an', '&apos;s', 'Pri@@', 'me', 'Minist@@', 'er', 'and', 'J@@', 'ap@@', 'an', '&apos;s', 'T@@', 'ok@@', 'i@@', 'o', '.', '</s>']
2026-05-11 19:25:49,145 - INFO - joeynmt.training - 	Source:     die Premierminister Indiens und Japans trafen sich in Tokio .
2026-05-11 19:25:49,145 - INFO - joeynmt.training - 	Reference:  India and Japan prime ministers meet in Tokyo
2026-05-11 19:25:49,145 - INFO - joeynmt.training - 	Hypothesis: the Premier India and Japan &apos;s Prime Minister and Japan &apos;s Tokio .
2026-05-11 19:25:49,145 - INFO - joeynmt.training - Example #1
2026-05-11 19:25:49,145 - DEBUG - joeynmt.training - 	Tokenized source:     ['Indi@@', 'ens', 'neu@@', 'er', 'Pre@@', 'mi@@', 'er@@', 'minist@@', 'er', 'N@@', 'ar@@', 'end@@', 'ra', 'Mo@@', 'd@@', 'i', 'tri@@', 'fft', 'bei', 's@@', 'einem', 'ersten', 'wichti@@', 'gen', 'Aus@@', 'land@@', 's@@', 'bes@@', 'u@@', 'ch', 'seit', 's@@', 'einem', 'W@@', 'ah@@', 'l@@', 'si@@', 'e@@', 'g', 'im', 'Ma@@', 'i', 'seinen', 'j@@', 'ap@@', 'an@@', 'ischen', 'Am@@', 'ts@@', 'k@@', 'olle@@', 'gen', 'S@@', 'hin@@', 'z@@', 'o', 'A@@', 'be', 'in', 'T@@', 'ok@@', 'o', ',', 'um', 'wirtschaf@@', 'tliche', 'und', 'sicher@@', 'heits@@', 'politische', 'Be@@', 'zieh@@', 'ungen', 'zu', 'bes@@', 'pre@@', 'chen', '.']
2026-05-11 19:25:49,145 - DEBUG - joeynmt.training - 	Tokenized reference:  ['Indi@@', 'a', '&apos;s', 'new', 'pri@@', 'me', 'minist@@', 'er', ',', 'N@@', 'ar@@', 'end@@', 'ra', 'Mo@@', 'd@@', 'i', ',', 'is', 'me@@', 'eting', 'his', 'J@@', 'ap@@', 'an@@', 'ese', 'coun@@', 'ter@@', 'part', ',', 'S@@', 'hin@@', 'z@@', 'o', 'A@@', 'be', ',', 'in', 'T@@', 'ok@@', 'y@@', 'o', 'to', 'disc@@', 'uss', 'economic', 'and', 'security', 'ties', ',', 'on', 'his', 'first', 'major', 'fore@@', 'ign', 'visi@@', 't', 'since', 'w@@', 'inn@@', 'ing', 'Ma@@', 'y', '&apos;s', 'elec@@', 'tion', '.']
2026-05-11 19:25:49,145 - DEBUG - joeynmt.training - 	Tokenized hypothesis: ['Indi@@', 'a', '&apos;s', 'lat@@', 'est', 'Pri@@', 'me', 'Minist@@', 'er', 'N@@', 'ar@@', 'end@@', 'ra', 'Mo@@', 'd@@', 'i', ',', 'in', 'his', 'first', 'important', 'ex@@', 'chan@@', 'ges', 'in', 'the', 'Ma@@', 'y', 'of', 'his', 'first', 'rec@@', 'or@@', 'd', 'in', 'the', 'Ma@@', 'y', 'of', 'his', 'J@@', 'ap@@', 'an@@', 'ese', 'Pre@@', 'siden@@', 'cy', ',', 'S@@', 'hin@@', 'z@@', 'o', 'A@@', 'be', 'in', 'T@@', 'ok@@', 'o', 'A@@', 'be', 'in', 'T@@', 'ok@@', 'o', 'A@@', 'be', 'in', 'T@@', 'ok@@', 'o', 'A@@', 'be', 'in', 'T@@', 'ok@@', 'o', '.', '</s>']
2026-05-11 19:25:49,145 - INFO - joeynmt.training - 	Source:     Indiens neuer Premierminister Narendra Modi trifft bei seinem ersten wichtigen Auslandsbesuch seit seinem Wahlsieg im Mai seinen japanischen Amtskollegen Shinzo Abe in Toko , um wirtschaftliche und sicherheitspolitische Beziehungen zu besprechen .
2026-05-11 19:25:49,146 - INFO - joeynmt.training - 	Reference:  India &apos;s new prime minister , Narendra Modi , is meeting his Japanese counterpart , Shinzo Abe , in Tokyo to discuss economic and security ties , on his first major foreign visit since winning May &apos;s election .
2026-05-11 19:25:49,146 - INFO - joeynmt.training - 	Hypothesis: India &apos;s latest Prime Minister Narendra Modi , in his first important exchanges in the May of his first record in the May of his Japanese Presidency , Shinzo Abe in Toko Abe in Toko Abe in Toko Abe in Toko .
2026-05-11 19:25:49,146 - INFO - joeynmt.training - Example #2
2026-05-11 19:25:49,146 - DEBUG - joeynmt.training - 	Tokenized source:     ['Herr', 'Mo@@', 'd@@', 'i', 'befindet', 'sich', 'auf', 'einer', 'fü@@', 'n@@', 'f@@', 'tä@@', 'gi@@', 'gen', 'Rei@@', 'se', 'nach', 'J@@', 'ap@@', 'an', ',', 'um', 'die', 'wirtschaf@@', 'tlichen', 'Be@@', 'zieh@@', 'ungen', 'mit', 'der', 'd@@', 'rit@@', 't@@', 'größ@@', 'ten', 'Wirtschafts@@', 'n@@', 'ation', 'der', 'Welt', 'zu', 'fes@@', 'tigen', '.']
2026-05-11 19:25:49,146 - DEBUG - joeynmt.training - 	Tokenized reference:  ['Mr', 'Mo@@', 'd@@', 'i', 'is', 'on', 'a', 'fi@@', 've', '@@@', '-@@', '@', 'day', 'tri@@', 'p', 'to', 'J@@', 'ap@@', 'an', 'to', 'streng@@', 'then', 'economic', 'ties', 'with', 'the', 'third', 'lar@@', 'ges@@', 't', 'econom@@', 'y', 'in', 'the', 'world', '.']
2026-05-11 19:25:49,146 - DEBUG - joeynmt.training - 	Tokenized hypothesis: ['Mr', 'Mo@@', 'd@@', 'i', 'is', 'on', 'a', 'fi@@', 'f@@', 'te@@', 'en', 'to', 'J@@', 'ap@@', 'an', ',', 'to', 'J@@', 'ap@@', 'an', ',', 'the', 'economic', 'rel@@', 'ations', 'with', 'the', 'third', 'lar@@', 'ges@@', 't', 'economic', 'rel@@', 'ations', '.', '</s>']
2026-05-11 19:25:49,146 - INFO - joeynmt.training - 	Source:     Herr Modi befindet sich auf einer fünftägigen Reise nach Japan , um die wirtschaftlichen Beziehungen mit der drittgrößten Wirtschaftsnation der Welt zu festigen .
2026-05-11 19:25:49,146 - INFO - joeynmt.training - 	Reference:  Mr Modi is on a five @-@ day trip to Japan to strengthen economic ties with the third largest economy in the world .
2026-05-11 19:25:49,146 - INFO - joeynmt.training - 	Hypothesis: Mr Modi is on a fifteen to Japan , to Japan , the economic relations with the third largest economic relations .
2026-05-11 19:25:49,146 - INFO - joeynmt.training - Example #3
2026-05-11 19:25:49,146 - DEBUG - joeynmt.training - 	Tokenized source:     ['P@@', 'län@@', 'e', 'für', 'eine', 'stärk@@', 'ere', 'k@@', 'ern@@', 'techn@@', 'ische', 'Zusammenarbeit', 'stehen', 'ganz', 'ob@@', 'en', 'auf', 'der', 'Tag@@', 'es@@', 'ordnung', '.']
2026-05-11 19:25:49,146 - DEBUG - joeynmt.training - 	Tokenized reference:  ['high', 'on', 'the', 'agen@@', 'da', 'are', 'pl@@', 'ans', 'for', 'gre@@', 'ater', 'nu@@', 'clear', 'c@@', 'o', '@@@', '-@@', '@', 'operation', '.']
2026-05-11 19:25:49,146 - DEBUG - joeynmt.training - 	Tokenized hypothesis: ['p@@', 'an@@', 'el', 'for', 'a', 'str@@', 'ong', 'seri@@', 'ous', 'techn@@', 'ical', 'cooperation', ',', 'which', 'is', 'the', 'agen@@', 'da', '.', '</s>']
2026-05-11 19:25:49,146 - INFO - joeynmt.training - 	Source:     Pläne für eine stärkere kerntechnische Zusammenarbeit stehen ganz oben auf der Tagesordnung .
2026-05-11 19:25:49,146 - INFO - joeynmt.training - 	Reference:  high on the agenda are plans for greater nuclear co @-@ operation .
2026-05-11 19:25:49,146 - INFO - joeynmt.training - 	Hypothesis: panel for a strong serious technical cooperation , which is the agenda .
2026-05-11 19:25:49,146 - INFO - joeynmt.training - Example #4
2026-05-11 19:25:49,147 - DEBUG - joeynmt.training - 	Tokenized source:     ['Berich@@', 'ten', 'zu@@', 'fol@@', 'ge', 'ho@@', 'fft', 'Indi@@', 'en', 'darüber', 'hinaus', 'auf', 'einen', 'Ver@@', 'trag', 'zur', 'Ver@@', 'tei@@', 'dig@@', 'ungs@@', 'zusammen@@', 'arbeit', 'zwischen', 'den', 'beiden', 'N@@', 'ationen', '.']
2026-05-11 19:25:49,147 - DEBUG - joeynmt.training - 	Tokenized reference:  ['Indi@@', 'a', 'is', 'also', 're@@', 'porte@@', 'dly', 'hop@@', 'ing', 'for', 'a', 'de@@', 'al', 'on', 'def@@', 'ence', 'c@@', 'oll@@', 'ab@@', 'or@@', 'ation', 'between', 'the', 'two', 'n@@', 'ations', '.']
2026-05-11 19:25:49,147 - DEBUG - joeynmt.training - 	Tokenized hypothesis: ['re@@', 'ports', ',', 'the', 'de@@', 'si@@', 're', 'to', 're@@', 'stor@@', 'e', 'the', 'con@@', 'tra@@', 'ct', 'of', 'the', 'two', 'N@@', 'ations', '.', '</s>']
2026-05-11 19:25:49,147 - INFO - joeynmt.training - 	Source:     Berichten zufolge hofft Indien darüber hinaus auf einen Vertrag zur Verteidigungszusammenarbeit zwischen den beiden Nationen .
2026-05-11 19:25:49,147 - INFO - joeynmt.training - 	Reference:  India is also reportedly hoping for a deal on defence collaboration between the two nations .
2026-05-11 19:25:49,147 - INFO - joeynmt.training - 	Hypothesis: reports , the desire to restore the contract of the two Nations .
2026-05-11 19:26:18,155 - INFO - joeynmt.training - Epoch   3, Step:    11600, Batch Loss:     1.947785, Batch Acc: 0.464863, Tokens per Sec:     3180, Lr: 0.000300
2026-05-11 19:26:51,871 - INFO - joeynmt.training - Epoch   3, Step:    11700, Batch Loss:     2.157553, Batch Acc: 0.466245, Tokens per Sec:     2717, Lr: 0.000300
2026-05-11 19:27:19,557 - INFO - joeynmt.training - Epoch   3, Step:    11800, Batch Loss:     2.097692, Batch Acc: 0.462562, Tokens per Sec:     3274, Lr: 0.000300
2026-05-11 19:27:50,866 - INFO - joeynmt.training - Epoch   3, Step:    11900, Batch Loss:     1.941792, Batch Acc: 0.466074, Tokens per Sec:     2948, Lr: 0.000300
2026-05-11 19:28:19,371 - INFO - joeynmt.training - Epoch   3, Step:    12000, Batch Loss:     2.168354, Batch Acc: 0.460087, Tokens per Sec:     3245, Lr: 0.000300
2026-05-11 19:28:19,371 - INFO - joeynmt.prediction - Predicting 500 example(s)... (Greedy decoding with min_output_length=1, max_output_length=-1, return_prob='none', generate_unk=True, repetition_penalty=-1, no_repeat_ngram_size=-1)
2026-05-11 19:28:54,472 - INFO - joeynmt.prediction - Evaluation result (greedy) loss:   2.29, ppl:   9.83, acc:   0.41, generation: 35.0929[sec], evaluation: 0.0000[sec]
2026-05-11 19:28:54,475 - INFO - joeynmt.training - Hooray! New best validation result [ppl]!
2026-05-11 19:28:54,658 - INFO - joeynmt.helpers - delete models/deen_transformer_pre/9500.ckpt
2026-05-11 19:28:54,662 - INFO - joeynmt.training - Example #0
2026-05-11 19:28:54,662 - DEBUG - joeynmt.training - 	Tokenized source:     ['die', 'Pre@@', 'mi@@', 'er@@', 'minist@@', 'er', 'Indi@@', 'ens', 'und', 'J@@', 'ap@@', 'ans', 'tra@@', 'fen', 'sich', 'in', 'T@@', 'ok@@', 'i@@', 'o', '.']
2026-05-11 19:28:54,662 - DEBUG - joeynmt.training - 	Tokenized reference:  ['Indi@@', 'a', 'and', 'J@@', 'ap@@', 'an', 'pri@@', 'me', 'minist@@', 'ers', 'me@@', 'et', 'in', 'T@@', 'ok@@', 'y@@', 'o']
2026-05-11 19:28:54,662 - DEBUG - joeynmt.training - 	Tokenized hypothesis: ['the', 'pri@@', 'mi@@', 'er@@', 'ed', 'Indi@@', 'a', 'and', 'J@@', 'ap@@', 'an', ',', 'in', 'T@@', 'ok@@', 'i@@', 'o', '.', '</s>']
2026-05-11 19:28:54,663 - INFO - joeynmt.training - 	Source:     die Premierminister Indiens und Japans trafen sich in Tokio .
2026-05-11 19:28:54,663 - INFO - joeynmt.training - 	Reference:  India and Japan prime ministers meet in Tokyo
2026-05-11 19:28:54,663 - INFO - joeynmt.training - 	Hypothesis: the primiered India and Japan , in Tokio .
2026-05-11 19:28:54,663 - INFO - joeynmt.training - Example #1
2026-05-11 19:28:54,663 - DEBUG - joeynmt.training - 	Tokenized source:     ['Indi@@', 'ens', 'neu@@', 'er', 'Pre@@', 'mi@@', 'er@@', 'minist@@', 'er', 'N@@', 'ar@@', 'end@@', 'ra', 'Mo@@', 'd@@', 'i', 'tri@@', 'fft', 'bei', 's@@', 'einem', 'ersten', 'wichti@@', 'gen', 'Aus@@', 'land@@', 's@@', 'bes@@', 'u@@', 'ch', 'seit', 's@@', 'einem', 'W@@', 'ah@@', 'l@@', 'si@@', 'e@@', 'g', 'im', 'Ma@@', 'i', 'seinen', 'j@@', 'ap@@', 'an@@', 'ischen', 'Am@@', 'ts@@', 'k@@', 'olle@@', 'gen', 'S@@', 'hin@@', 'z@@', 'o', 'A@@', 'be', 'in', 'T@@', 'ok@@', 'o', ',', 'um', 'wirtschaf@@', 'tliche', 'und', 'sicher@@', 'heits@@', 'politische', 'Be@@', 'zieh@@', 'ungen', 'zu', 'bes@@', 'pre@@', 'chen', '.']
2026-05-11 19:28:54,663 - DEBUG - joeynmt.training - 	Tokenized reference:  ['Indi@@', 'a', '&apos;s', 'new', 'pri@@', 'me', 'minist@@', 'er', ',', 'N@@', 'ar@@', 'end@@', 'ra', 'Mo@@', 'd@@', 'i', ',', 'is', 'me@@', 'eting', 'his', 'J@@', 'ap@@', 'an@@', 'ese', 'coun@@', 'ter@@', 'part', ',', 'S@@', 'hin@@', 'z@@', 'o', 'A@@', 'be', ',', 'in', 'T@@', 'ok@@', 'y@@', 'o', 'to', 'disc@@', 'uss', 'economic', 'and', 'security', 'ties', ',', 'on', 'his', 'first', 'major', 'fore@@', 'ign', 'visi@@', 't', 'since', 'w@@', 'inn@@', 'ing', 'Ma@@', 'y', '&apos;s', 'elec@@', 'tion', '.']
2026-05-11 19:28:54,663 - DEBUG - joeynmt.training - 	Tokenized hypothesis: ['Indi@@', 'a', 'N@@', 'ar@@', 'end@@', 'ra', 'Mo@@', 'd@@', 'i', ',', 'the', 'first', 'important', 'ex@@', 'change', 'of', 'the', 'first', 'important', 'ex@@', 'change', 'of', 'the', 'S@@', 'un@@', 'day', ',', 'has', 'been', 're@@', 'ach@@', 'ed', 'in', 'Ma@@', 'y', ',', 'the', 'M@@', 'ini@@', 'stry', 'of', 'S@@', 'hin@@', 'z@@', 'z@@', 'e@@', 'ch', ',', 'and', 'saf@@', 'ety', ',', 'and', 'saf@@', 'ety', 'policy', 'rel@@', 'ations', '.', '</s>']
2026-05-11 19:28:54,663 - INFO - joeynmt.training - 	Source:     Indiens neuer Premierminister Narendra Modi trifft bei seinem ersten wichtigen Auslandsbesuch seit seinem Wahlsieg im Mai seinen japanischen Amtskollegen Shinzo Abe in Toko , um wirtschaftliche und sicherheitspolitische Beziehungen zu besprechen .
2026-05-11 19:28:54,663 - INFO - joeynmt.training - 	Reference:  India &apos;s new prime minister , Narendra Modi , is meeting his Japanese counterpart , Shinzo Abe , in Tokyo to discuss economic and security ties , on his first major foreign visit since winning May &apos;s election .
2026-05-11 19:28:54,663 - INFO - joeynmt.training - 	Hypothesis: India Narendra Modi , the first important exchange of the first important exchange of the Sunday , has been reached in May , the Ministry of Shinzzech , and safety , and safety policy relations .
2026-05-11 19:28:54,663 - INFO - joeynmt.training - Example #2
2026-05-11 19:28:54,663 - DEBUG - joeynmt.training - 	Tokenized source:     ['Herr', 'Mo@@', 'd@@', 'i', 'befindet', 'sich', 'auf', 'einer', 'fü@@', 'n@@', 'f@@', 'tä@@', 'gi@@', 'gen', 'Rei@@', 'se', 'nach', 'J@@', 'ap@@', 'an', ',', 'um', 'die', 'wirtschaf@@', 'tlichen', 'Be@@', 'zieh@@', 'ungen', 'mit', 'der', 'd@@', 'rit@@', 't@@', 'größ@@', 'ten', 'Wirtschafts@@', 'n@@', 'ation', 'der', 'Welt', 'zu', 'fes@@', 'tigen', '.']
2026-05-11 19:28:54,663 - DEBUG - joeynmt.training - 	Tokenized reference:  ['Mr', 'Mo@@', 'd@@', 'i', 'is', 'on', 'a', 'fi@@', 've', '@@@', '-@@', '@', 'day', 'tri@@', 'p', 'to', 'J@@', 'ap@@', 'an', 'to', 'streng@@', 'then', 'economic', 'ties', 'with', 'the', 'third', 'lar@@', 'ges@@', 't', 'econom@@', 'y', 'in', 'the', 'world', '.']
2026-05-11 19:28:54,663 - DEBUG - joeynmt.training - 	Tokenized hypothesis: ['Mr', 'Mo@@', 'd@@', 'i', 'is', 'on', 'a', 'fi@@', 'f@@', 'th', 'of', 'tra@@', 'v@@', 'el', 'to', 'J@@', 'ap@@', 'an', ',', 'to', 'the', 'economic', 'rel@@', 'ations', 'with', 'the', 'third', 'lar@@', 'ges@@', 't', 'economic', 'rel@@', 'ations', '.', '</s>']
2026-05-11 19:28:54,664 - INFO - joeynmt.training - 	Source:     Herr Modi befindet sich auf einer fünftägigen Reise nach Japan , um die wirtschaftlichen Beziehungen mit der drittgrößten Wirtschaftsnation der Welt zu festigen .
2026-05-11 19:28:54,664 - INFO - joeynmt.training - 	Reference:  Mr Modi is on a five @-@ day trip to Japan to strengthen economic ties with the third largest economy in the world .
2026-05-11 19:28:54,664 - INFO - joeynmt.training - 	Hypothesis: Mr Modi is on a fifth of travel to Japan , to the economic relations with the third largest economic relations .
2026-05-11 19:28:54,664 - INFO - joeynmt.training - Example #3
2026-05-11 19:28:54,664 - DEBUG - joeynmt.training - 	Tokenized source:     ['P@@', 'län@@', 'e', 'für', 'eine', 'stärk@@', 'ere', 'k@@', 'ern@@', 'techn@@', 'ische', 'Zusammenarbeit', 'stehen', 'ganz', 'ob@@', 'en', 'auf', 'der', 'Tag@@', 'es@@', 'ordnung', '.']
2026-05-11 19:28:54,664 - DEBUG - joeynmt.training - 	Tokenized reference:  ['high', 'on', 'the', 'agen@@', 'da', 'are', 'pl@@', 'ans', 'for', 'gre@@', 'ater', 'nu@@', 'clear', 'c@@', 'o', '@@@', '-@@', '@', 'operation', '.']
2026-05-11 19:28:54,664 - DEBUG - joeynmt.training - 	Tokenized hypothesis: ['p@@', 'an@@', 'el', 'for', 'a', 'gre@@', 'ater', 'seri@@', 'ous', 'techn@@', 'ical', 'cooperation', 'are', 'very', 'ob@@', 'li@@', 'g@@', 'ation', '.', '</s>']
2026-05-11 19:28:54,664 - INFO - joeynmt.training - 	Source:     Pläne für eine stärkere kerntechnische Zusammenarbeit stehen ganz oben auf der Tagesordnung .
2026-05-11 19:28:54,664 - INFO - joeynmt.training - 	Reference:  high on the agenda are plans for greater nuclear co @-@ operation .
2026-05-11 19:28:54,664 - INFO - joeynmt.training - 	Hypothesis: panel for a greater serious technical cooperation are very obligation .
2026-05-11 19:28:54,664 - INFO - joeynmt.training - Example #4
2026-05-11 19:28:54,664 - DEBUG - joeynmt.training - 	Tokenized source:     ['Berich@@', 'ten', 'zu@@', 'fol@@', 'ge', 'ho@@', 'fft', 'Indi@@', 'en', 'darüber', 'hinaus', 'auf', 'einen', 'Ver@@', 'trag', 'zur', 'Ver@@', 'tei@@', 'dig@@', 'ungs@@', 'zusammen@@', 'arbeit', 'zwischen', 'den', 'beiden', 'N@@', 'ationen', '.']
2026-05-11 19:28:54,664 - DEBUG - joeynmt.training - 	Tokenized reference:  ['Indi@@', 'a', 'is', 'also', 're@@', 'porte@@', 'dly', 'hop@@', 'ing', 'for', 'a', 'de@@', 'al', 'on', 'def@@', 'ence', 'c@@', 'oll@@', 'ab@@', 'or@@', 'ation', 'between', 'the', 'two', 'n@@', 'ations', '.']
2026-05-11 19:28:54,664 - DEBUG - joeynmt.training - 	Tokenized hypothesis: ['the', 'following', 'succ@@', 'ess', 'of', 'the', 'S@@', 'ec@@', 're@@', 't@@', 'ary', 'cooperation', 'between', 'the', 'two', 'N@@', 'ations', '.', '</s>']
2026-05-11 19:28:54,665 - INFO - joeynmt.training - 	Source:     Berichten zufolge hofft Indien darüber hinaus auf einen Vertrag zur Verteidigungszusammenarbeit zwischen den beiden Nationen .
2026-05-11 19:28:54,665 - INFO - joeynmt.training - 	Reference:  India is also reportedly hoping for a deal on defence collaboration between the two nations .
2026-05-11 19:28:54,665 - INFO - joeynmt.training - 	Hypothesis: the following success of the Secretary cooperation between the two Nations .
2026-05-11 19:29:25,776 - INFO - joeynmt.training - Epoch   3, Step:    12100, Batch Loss:     1.834268, Batch Acc: 0.463755, Tokens per Sec:     2940, Lr: 0.000300
2026-05-11 19:29:51,015 - INFO - joeynmt.training - Epoch   3: total training loss 8234.08
2026-05-11 19:29:51,016 - INFO - joeynmt.training - EPOCH 4
2026-05-11 19:29:52,342 - INFO - joeynmt.training - Epoch   4, Step:    12200, Batch Loss:     1.996383, Batch Acc: 0.476697, Tokens per Sec:     3544, Lr: 0.000300
2026-05-11 19:30:18,037 - INFO - joeynmt.training - Epoch   4, Step:    12300, Batch Loss:     1.928839, Batch Acc: 0.480496, Tokens per Sec:     3597, Lr: 0.000300
2026-05-11 19:30:43,805 - INFO - joeynmt.training - Epoch   4, Step:    12400, Batch Loss:     2.141895, Batch Acc: 0.478650, Tokens per Sec:     3578, Lr: 0.000300
2026-05-11 19:31:09,733 - INFO - joeynmt.training - Epoch   4, Step:    12500, Batch Loss:     2.104145, Batch Acc: 0.479442, Tokens per Sec:     3560, Lr: 0.000300
2026-05-11 19:31:09,733 - INFO - joeynmt.prediction - Predicting 500 example(s)... (Greedy decoding with min_output_length=1, max_output_length=-1, return_prob='none', generate_unk=True, repetition_penalty=-1, no_repeat_ngram_size=-1)
2026-05-11 19:31:49,145 - INFO - joeynmt.prediction - Evaluation result (greedy) loss:   2.27, ppl:   9.69, acc:   0.41, generation: 39.4033[sec], evaluation: 0.0000[sec]
2026-05-11 19:31:49,146 - INFO - joeynmt.training - Hooray! New best validation result [ppl]!
2026-05-11 19:31:49,306 - INFO - joeynmt.helpers - delete models/deen_transformer_pre/10000.ckpt
2026-05-11 19:31:49,315 - INFO - joeynmt.training - Example #0
2026-05-11 19:31:49,315 - DEBUG - joeynmt.training - 	Tokenized source:     ['die', 'Pre@@', 'mi@@', 'er@@', 'minist@@', 'er', 'Indi@@', 'ens', 'und', 'J@@', 'ap@@', 'ans', 'tra@@', 'fen', 'sich', 'in', 'T@@', 'ok@@', 'i@@', 'o', '.']
2026-05-11 19:31:49,315 - DEBUG - joeynmt.training - 	Tokenized reference:  ['Indi@@', 'a', 'and', 'J@@', 'ap@@', 'an', 'pri@@', 'me', 'minist@@', 'ers', 'me@@', 'et', 'in', 'T@@', 'ok@@', 'y@@', 'o']
2026-05-11 19:31:49,315 - DEBUG - joeynmt.training - 	Tokenized hypothesis: ['the', 'pri@@', 'm@@', 'ary', 'Minist@@', 'er', 'Indi@@', 'a', 'and', 'J@@', 'ap@@', 'an', ',', 'in', 'T@@', 'ok@@', 'i@@', 'o', '.', '</s>']
2026-05-11 19:31:49,315 - INFO - joeynmt.training - 	Source:     die Premierminister Indiens und Japans trafen sich in Tokio .
2026-05-11 19:31:49,315 - INFO - joeynmt.training - 	Reference:  India and Japan prime ministers meet in Tokyo
2026-05-11 19:31:49,315 - INFO - joeynmt.training - 	Hypothesis: the primary Minister India and Japan , in Tokio .
2026-05-11 19:31:49,315 - INFO - joeynmt.training - Example #1
2026-05-11 19:31:49,315 - DEBUG - joeynmt.training - 	Tokenized source:     ['Indi@@', 'ens', 'neu@@', 'er', 'Pre@@', 'mi@@', 'er@@', 'minist@@', 'er', 'N@@', 'ar@@', 'end@@', 'ra', 'Mo@@', 'd@@', 'i', 'tri@@', 'fft', 'bei', 's@@', 'einem', 'ersten', 'wichti@@', 'gen', 'Aus@@', 'land@@', 's@@', 'bes@@', 'u@@', 'ch', 'seit', 's@@', 'einem', 'W@@', 'ah@@', 'l@@', 'si@@', 'e@@', 'g', 'im', 'Ma@@', 'i', 'seinen', 'j@@', 'ap@@', 'an@@', 'ischen', 'Am@@', 'ts@@', 'k@@', 'olle@@', 'gen', 'S@@', 'hin@@', 'z@@', 'o', 'A@@', 'be', 'in', 'T@@', 'ok@@', 'o', ',', 'um', 'wirtschaf@@', 'tliche', 'und', 'sicher@@', 'heits@@', 'politische', 'Be@@', 'zieh@@', 'ungen', 'zu', 'bes@@', 'pre@@', 'chen', '.']
2026-05-11 19:31:49,315 - DEBUG - joeynmt.training - 	Tokenized reference:  ['Indi@@', 'a', '&apos;s', 'new', 'pri@@', 'me', 'minist@@', 'er', ',', 'N@@', 'ar@@', 'end@@', 'ra', 'Mo@@', 'd@@', 'i', ',', 'is', 'me@@', 'eting', 'his', 'J@@', 'ap@@', 'an@@', 'ese', 'coun@@', 'ter@@', 'part', ',', 'S@@', 'hin@@', 'z@@', 'o', 'A@@', 'be', ',', 'in', 'T@@', 'ok@@', 'y@@', 'o', 'to', 'disc@@', 'uss', 'economic', 'and', 'security', 'ties', ',', 'on', 'his', 'first', 'major', 'fore@@', 'ign', 'visi@@', 't', 'since', 'w@@', 'inn@@', 'ing', 'Ma@@', 'y', '&apos;s', 'elec@@', 'tion', '.']
2026-05-11 19:31:49,315 - DEBUG - joeynmt.training - 	Tokenized hypothesis: ['Indi@@', 'a', '&apos;s', 'lat@@', 'est', 'Minist@@', 'er', 'N@@', 'ar@@', 'end@@', 'ra', 'Mo@@', 'd@@', 'i', ',', 'the', 'first', 'important', 'ex@@', 'change', 'of', 'ag@@', 'ri@@', 'cultural', ',', 'has', 'been', 'a', 'new', 'pri@@', 'm@@', 'ari@@', 'ly', 'in', 'Ma@@', 'y', ',', 'the', 'M@@', 'at@@', 'ri@@', 'an', 'Am@@', 'ts@@', 'k@@', 'colle@@', 'c@@', 'tive', 'and', 'saf@@', 'ety', '.', '</s>']
2026-05-11 19:31:49,316 - INFO - joeynmt.training - 	Source:     Indiens neuer Premierminister Narendra Modi trifft bei seinem ersten wichtigen Auslandsbesuch seit seinem Wahlsieg im Mai seinen japanischen Amtskollegen Shinzo Abe in Toko , um wirtschaftliche und sicherheitspolitische Beziehungen zu besprechen .
2026-05-11 19:31:49,316 - INFO - joeynmt.training - 	Reference:  India &apos;s new prime minister , Narendra Modi , is meeting his Japanese counterpart , Shinzo Abe , in Tokyo to discuss economic and security ties , on his first major foreign visit since winning May &apos;s election .
2026-05-11 19:31:49,316 - INFO - joeynmt.training - 	Hypothesis: India &apos;s latest Minister Narendra Modi , the first important exchange of agricultural , has been a new primarily in May , the Matrian Amtskcollective and safety .
2026-05-11 19:31:49,316 - INFO - joeynmt.training - Example #2
2026-05-11 19:31:49,316 - DEBUG - joeynmt.training - 	Tokenized source:     ['Herr', 'Mo@@', 'd@@', 'i', 'befindet', 'sich', 'auf', 'einer', 'fü@@', 'n@@', 'f@@', 'tä@@', 'gi@@', 'gen', 'Rei@@', 'se', 'nach', 'J@@', 'ap@@', 'an', ',', 'um', 'die', 'wirtschaf@@', 'tlichen', 'Be@@', 'zieh@@', 'ungen', 'mit', 'der', 'd@@', 'rit@@', 't@@', 'größ@@', 'ten', 'Wirtschafts@@', 'n@@', 'ation', 'der', 'Welt', 'zu', 'fes@@', 'tigen', '.']
2026-05-11 19:31:49,316 - DEBUG - joeynmt.training - 	Tokenized reference:  ['Mr', 'Mo@@', 'd@@', 'i', 'is', 'on', 'a', 'fi@@', 've', '@@@', '-@@', '@', 'day', 'tri@@', 'p', 'to', 'J@@', 'ap@@', 'an', 'to', 'streng@@', 'then', 'economic', 'ties', 'with', 'the', 'third', 'lar@@', 'ges@@', 't', 'econom@@', 'y', 'in', 'the', 'world', '.']
2026-05-11 19:31:49,316 - DEBUG - joeynmt.training - 	Tokenized hypothesis: ['Mr', 'Mo@@', 'd@@', 'i', 'is', 'located', 'on', 'a', 'fi@@', 'f@@', 'te@@', 'en', 'to', 'J@@', 'ap@@', 'an', ',', 'to', 'J@@', 'ap@@', 'an', ',', 'to', 'the', 'economic', 'rel@@', 'ations', 'with', 'the', 'third', 'lar@@', 'ges@@', 't', 'economic', 'n@@', 'ation', '.', '</s>']
2026-05-11 19:31:49,316 - INFO - joeynmt.training - 	Source:     Herr Modi befindet sich auf einer fünftägigen Reise nach Japan , um die wirtschaftlichen Beziehungen mit der drittgrößten Wirtschaftsnation der Welt zu festigen .
2026-05-11 19:31:49,316 - INFO - joeynmt.training - 	Reference:  Mr Modi is on a five @-@ day trip to Japan to strengthen economic ties with the third largest economy in the world .
2026-05-11 19:31:49,316 - INFO - joeynmt.training - 	Hypothesis: Mr Modi is located on a fifteen to Japan , to Japan , to the economic relations with the third largest economic nation .
2026-05-11 19:31:49,316 - INFO - joeynmt.training - Example #3
2026-05-11 19:31:49,316 - DEBUG - joeynmt.training - 	Tokenized source:     ['P@@', 'län@@', 'e', 'für', 'eine', 'stärk@@', 'ere', 'k@@', 'ern@@', 'techn@@', 'ische', 'Zusammenarbeit', 'stehen', 'ganz', 'ob@@', 'en', 'auf', 'der', 'Tag@@', 'es@@', 'ordnung', '.']
2026-05-11 19:31:49,316 - DEBUG - joeynmt.training - 	Tokenized reference:  ['high', 'on', 'the', 'agen@@', 'da', 'are', 'pl@@', 'ans', 'for', 'gre@@', 'ater', 'nu@@', 'clear', 'c@@', 'o', '@@@', '-@@', '@', 'operation', '.']
2026-05-11 19:31:49,316 - DEBUG - joeynmt.training - 	Tokenized hypothesis: ['p@@', 'an@@', 'el', 'for', 'a', 'gre@@', 'ater', 'seri@@', 'ous', 'techn@@', 'ical', 'cooperation', 'are', 'very', 'ob@@', 'li@@', 'g@@', 'ations', 'on', 'the', 'agen@@', 'da', '.', '</s>']
2026-05-11 19:31:49,316 - INFO - joeynmt.training - 	Source:     Pläne für eine stärkere kerntechnische Zusammenarbeit stehen ganz oben auf der Tagesordnung .
2026-05-11 19:31:49,316 - INFO - joeynmt.training - 	Reference:  high on the agenda are plans for greater nuclear co @-@ operation .
2026-05-11 19:31:49,317 - INFO - joeynmt.training - 	Hypothesis: panel for a greater serious technical cooperation are very obligations on the agenda .
2026-05-11 19:31:49,317 - INFO - joeynmt.training - Example #4
2026-05-11 19:31:49,317 - DEBUG - joeynmt.training - 	Tokenized source:     ['Berich@@', 'ten', 'zu@@', 'fol@@', 'ge', 'ho@@', 'fft', 'Indi@@', 'en', 'darüber', 'hinaus', 'auf', 'einen', 'Ver@@', 'trag', 'zur', 'Ver@@', 'tei@@', 'dig@@', 'ungs@@', 'zusammen@@', 'arbeit', 'zwischen', 'den', 'beiden', 'N@@', 'ationen', '.']
2026-05-11 19:31:49,317 - DEBUG - joeynmt.training - 	Tokenized reference:  ['Indi@@', 'a', 'is', 'also', 're@@', 'porte@@', 'dly', 'hop@@', 'ing', 'for', 'a', 'de@@', 'al', 'on', 'def@@', 'ence', 'c@@', 'oll@@', 'ab@@', 'or@@', 'ation', 'between', 'the', 'two', 'n@@', 'ations', '.']
2026-05-11 19:31:49,317 - DEBUG - joeynmt.training - 	Tokenized hypothesis: ['the', 'following', 'following', 'the', 'succ@@', 'ess@@', 'ful', 'Indi@@', 'a', '&apos;s', 'succ@@', 'ess@@', 'ful', 'work', 'on', 'a', 'con@@', 'tra@@', 'ct', 'cooperation', 'between', 'the', 'two', 'N@@', 'ations', '.', '</s>']
2026-05-11 19:31:49,317 - INFO - joeynmt.training - 	Source:     Berichten zufolge hofft Indien darüber hinaus auf einen Vertrag zur Verteidigungszusammenarbeit zwischen den beiden Nationen .
2026-05-11 19:31:49,317 - INFO - joeynmt.training - 	Reference:  India is also reportedly hoping for a deal on defence collaboration between the two nations .
2026-05-11 19:31:49,317 - INFO - joeynmt.training - 	Hypothesis: the following following the successful India &apos;s successful work on a contract cooperation between the two Nations .
2026-05-11 19:32:15,472 - INFO - joeynmt.training - Epoch   4, Step:    12600, Batch Loss:     1.857300, Batch Acc: 0.477774, Tokens per Sec:     3514, Lr: 0.000300
2026-05-11 19:32:41,562 - INFO - joeynmt.training - Epoch   4, Step:    12700, Batch Loss:     1.898088, Batch Acc: 0.476942, Tokens per Sec:     3464, Lr: 0.000300
2026-05-11 19:33:08,042 - INFO - joeynmt.training - Epoch   4, Step:    12800, Batch Loss:     1.733224, Batch Acc: 0.478766, Tokens per Sec:     3467, Lr: 0.000300
2026-05-11 19:33:34,187 - INFO - joeynmt.training - Epoch   4, Step:    12900, Batch Loss:     1.723719, Batch Acc: 0.483806, Tokens per Sec:     3504, Lr: 0.000300
2026-05-11 19:34:00,482 - INFO - joeynmt.training - Epoch   4, Step:    13000, Batch Loss:     2.073203, Batch Acc: 0.476299, Tokens per Sec:     3473, Lr: 0.000300
2026-05-11 19:34:00,483 - INFO - joeynmt.prediction - Predicting 500 example(s)... (Greedy decoding with min_output_length=1, max_output_length=-1, return_prob='none', generate_unk=True, repetition_penalty=-1, no_repeat_ngram_size=-1)
2026-05-11 19:34:35,543 - INFO - joeynmt.prediction - Evaluation result (greedy) loss:   2.26, ppl:   9.60, acc:   0.42, generation: 35.0522[sec], evaluation: 0.0000[sec]
2026-05-11 19:34:35,545 - INFO - joeynmt.training - Hooray! New best validation result [ppl]!
2026-05-11 19:34:35,710 - INFO - joeynmt.helpers - delete models/deen_transformer_pre/10500.ckpt
2026-05-11 19:34:35,715 - INFO - joeynmt.training - Example #0
2026-05-11 19:34:35,715 - DEBUG - joeynmt.training - 	Tokenized source:     ['die', 'Pre@@', 'mi@@', 'er@@', 'minist@@', 'er', 'Indi@@', 'ens', 'und', 'J@@', 'ap@@', 'ans', 'tra@@', 'fen', 'sich', 'in', 'T@@', 'ok@@', 'i@@', 'o', '.']
2026-05-11 19:34:35,715 - DEBUG - joeynmt.training - 	Tokenized reference:  ['Indi@@', 'a', 'and', 'J@@', 'ap@@', 'an', 'pri@@', 'me', 'minist@@', 'ers', 'me@@', 'et', 'in', 'T@@', 'ok@@', 'y@@', 'o']
2026-05-11 19:34:35,715 - DEBUG - joeynmt.training - 	Tokenized hypothesis: ['the', 'Pre@@', 'mi@@', 'er', 'Indi@@', 'a', 'and', 'J@@', 'ap@@', 'an', 'A@@', 'i@@', 'o', '.', '</s>']
2026-05-11 19:34:35,715 - INFO - joeynmt.training - 	Source:     die Premierminister Indiens und Japans trafen sich in Tokio .
2026-05-11 19:34:35,715 - INFO - joeynmt.training - 	Reference:  India and Japan prime ministers meet in Tokyo
2026-05-11 19:34:35,715 - INFO - joeynmt.training - 	Hypothesis: the Premier India and Japan Aio .
2026-05-11 19:34:35,715 - INFO - joeynmt.training - Example #1
2026-05-11 19:34:35,715 - DEBUG - joeynmt.training - 	Tokenized source:     ['Indi@@', 'ens', 'neu@@', 'er', 'Pre@@', 'mi@@', 'er@@', 'minist@@', 'er', 'N@@', 'ar@@', 'end@@', 'ra', 'Mo@@', 'd@@', 'i', 'tri@@', 'fft', 'bei', 's@@', 'einem', 'ersten', 'wichti@@', 'gen', 'Aus@@', 'land@@', 's@@', 'bes@@', 'u@@', 'ch', 'seit', 's@@', 'einem', 'W@@', 'ah@@', 'l@@', 'si@@', 'e@@', 'g', 'im', 'Ma@@', 'i', 'seinen', 'j@@', 'ap@@', 'an@@', 'ischen', 'Am@@', 'ts@@', 'k@@', 'olle@@', 'gen', 'S@@', 'hin@@', 'z@@', 'o', 'A@@', 'be', 'in', 'T@@', 'ok@@', 'o', ',', 'um', 'wirtschaf@@', 'tliche', 'und', 'sicher@@', 'heits@@', 'politische', 'Be@@', 'zieh@@', 'ungen', 'zu', 'bes@@', 'pre@@', 'chen', '.']
2026-05-11 19:34:35,715 - DEBUG - joeynmt.training - 	Tokenized reference:  ['Indi@@', 'a', '&apos;s', 'new', 'pri@@', 'me', 'minist@@', 'er', ',', 'N@@', 'ar@@', 'end@@', 'ra', 'Mo@@', 'd@@', 'i', ',', 'is', 'me@@', 'eting', 'his', 'J@@', 'ap@@', 'an@@', 'ese', 'coun@@', 'ter@@', 'part', ',', 'S@@', 'hin@@', 'z@@', 'o', 'A@@', 'be', ',', 'in', 'T@@', 'ok@@', 'y@@', 'o', 'to', 'disc@@', 'uss', 'economic', 'and', 'security', 'ties', ',', 'on', 'his', 'first', 'major', 'fore@@', 'ign', 'visi@@', 't', 'since', 'w@@', 'inn@@', 'ing', 'Ma@@', 'y', '&apos;s', 'elec@@', 'tion', '.']
2026-05-11 19:34:35,715 - DEBUG - joeynmt.training - 	Tokenized hypothesis: ['Indi@@', 'a', '&apos;s', 'Ne@@', 'ther@@', 'land@@', 's', 'minist@@', 'er', 'N@@', 'ar@@', 'end@@', 'ra', 'Mo@@', 'd@@', 'i', ',', 'the', 'first', 'important', 'ex@@', 'change', 'of', 'the', 'A@@', 'mer@@', 'ic@@', 'a', '&apos;s', 'E@@', 'l@@', 'si@@', 'e@@', 'g', 'in', 'Ma@@', 'y', ',', 'the', 'M@@', 'or@@', 'occ@@', 'o', 'A@@', 'i@@', 'r', ',', 'the', 'S@@', 'hin@@', 'z@@', 'z@@', 'z@@', 'z@@', 'o', 'A@@', 'be', 'in', 'T@@', 'ok@@', 'o', 'A@@', 'be', 'in', 'T@@', 'ok@@', 'o', 'A@@', 'be', 'in', 'T@@', 'ok@@', 'o', '.', '</s>']
2026-05-11 19:34:35,716 - INFO - joeynmt.training - 	Source:     Indiens neuer Premierminister Narendra Modi trifft bei seinem ersten wichtigen Auslandsbesuch seit seinem Wahlsieg im Mai seinen japanischen Amtskollegen Shinzo Abe in Toko , um wirtschaftliche und sicherheitspolitische Beziehungen zu besprechen .
2026-05-11 19:34:35,716 - INFO - joeynmt.training - 	Reference:  India &apos;s new prime minister , Narendra Modi , is meeting his Japanese counterpart , Shinzo Abe , in Tokyo to discuss economic and security ties , on his first major foreign visit since winning May &apos;s election .
2026-05-11 19:34:35,716 - INFO - joeynmt.training - 	Hypothesis: India &apos;s Netherlands minister Narendra Modi , the first important exchange of the America &apos;s Elsieg in May , the Morocco Air , the Shinzzzzo Abe in Toko Abe in Toko Abe in Toko .
2026-05-11 19:34:35,716 - INFO - joeynmt.training - Example #2
2026-05-11 19:34:35,716 - DEBUG - joeynmt.training - 	Tokenized source:     ['Herr', 'Mo@@', 'd@@', 'i', 'befindet', 'sich', 'auf', 'einer', 'fü@@', 'n@@', 'f@@', 'tä@@', 'gi@@', 'gen', 'Rei@@', 'se', 'nach', 'J@@', 'ap@@', 'an', ',', 'um', 'die', 'wirtschaf@@', 'tlichen', 'Be@@', 'zieh@@', 'ungen', 'mit', 'der', 'd@@', 'rit@@', 't@@', 'größ@@', 'ten', 'Wirtschafts@@', 'n@@', 'ation', 'der', 'Welt', 'zu', 'fes@@', 'tigen', '.']
2026-05-11 19:34:35,716 - DEBUG - joeynmt.training - 	Tokenized reference:  ['Mr', 'Mo@@', 'd@@', 'i', 'is', 'on', 'a', 'fi@@', 've', '@@@', '-@@', '@', 'day', 'tri@@', 'p', 'to', 'J@@', 'ap@@', 'an', 'to', 'streng@@', 'then', 'economic', 'ties', 'with', 'the', 'third', 'lar@@', 'ges@@', 't', 'econom@@', 'y', 'in', 'the', 'world', '.']
2026-05-11 19:34:35,716 - DEBUG - joeynmt.training - 	Tokenized hypothesis: ['Mr', 'Mo@@', 'd@@', 'i', 'is', 'on', 'a', 'fi@@', 'f@@', 'th', 'of', 'a', 'fi@@', 'f@@', 'th', 'of', 'the', 'world', '&apos;s', 'economic', 'rel@@', 'ations', 'with', 'the', 'third', 'lar@@', 'ges@@', 't', 'economic', 'rel@@', 'ations', 'with', 'the', 'third', 'lar@@', 'ges@@', 't', 'economic', 'rel@@', 'ations', '.', '</s>']
2026-05-11 19:34:35,716 - INFO - joeynmt.training - 	Source:     Herr Modi befindet sich auf einer fünftägigen Reise nach Japan , um die wirtschaftlichen Beziehungen mit der drittgrößten Wirtschaftsnation der Welt zu festigen .
2026-05-11 19:34:35,716 - INFO - joeynmt.training - 	Reference:  Mr Modi is on a five @-@ day trip to Japan to strengthen economic ties with the third largest economy in the world .
2026-05-11 19:34:35,716 - INFO - joeynmt.training - 	Hypothesis: Mr Modi is on a fifth of a fifth of the world &apos;s economic relations with the third largest economic relations with the third largest economic relations .
2026-05-11 19:34:35,716 - INFO - joeynmt.training - Example #3
2026-05-11 19:34:35,716 - DEBUG - joeynmt.training - 	Tokenized source:     ['P@@', 'län@@', 'e', 'für', 'eine', 'stärk@@', 'ere', 'k@@', 'ern@@', 'techn@@', 'ische', 'Zusammenarbeit', 'stehen', 'ganz', 'ob@@', 'en', 'auf', 'der', 'Tag@@', 'es@@', 'ordnung', '.']
2026-05-11 19:34:35,716 - DEBUG - joeynmt.training - 	Tokenized reference:  ['high', 'on', 'the', 'agen@@', 'da', 'are', 'pl@@', 'ans', 'for', 'gre@@', 'ater', 'nu@@', 'clear', 'c@@', 'o', '@@@', '-@@', '@', 'operation', '.']
2026-05-11 19:34:35,716 - DEBUG - joeynmt.training - 	Tokenized hypothesis: ['p@@', 'ass@@', 'ed', 'for', 'more', 'seri@@', 'ous', 'techn@@', 'ical', 'cooperation', 'are', 'very', 'ob@@', 'vi@@', 'ously', 'on', 'the', 'agen@@', 'da', '.', '</s>']
2026-05-11 19:34:35,716 - INFO - joeynmt.training - 	Source:     Pläne für eine stärkere kerntechnische Zusammenarbeit stehen ganz oben auf der Tagesordnung .
2026-05-11 19:34:35,716 - INFO - joeynmt.training - 	Reference:  high on the agenda are plans for greater nuclear co @-@ operation .
2026-05-11 19:34:35,716 - INFO - joeynmt.training - 	Hypothesis: passed for more serious technical cooperation are very obviously on the agenda .
2026-05-11 19:34:35,716 - INFO - joeynmt.training - Example #4
2026-05-11 19:34:35,717 - DEBUG - joeynmt.training - 	Tokenized source:     ['Berich@@', 'ten', 'zu@@', 'fol@@', 'ge', 'ho@@', 'fft', 'Indi@@', 'en', 'darüber', 'hinaus', 'auf', 'einen', 'Ver@@', 'trag', 'zur', 'Ver@@', 'tei@@', 'dig@@', 'ungs@@', 'zusammen@@', 'arbeit', 'zwischen', 'den', 'beiden', 'N@@', 'ationen', '.']
2026-05-11 19:34:35,717 - DEBUG - joeynmt.training - 	Tokenized reference:  ['Indi@@', 'a', 'is', 'also', 're@@', 'porte@@', 'dly', 'hop@@', 'ing', 'for', 'a', 'de@@', 'al', 'on', 'def@@', 'ence', 'c@@', 'oll@@', 'ab@@', 'or@@', 'ation', 'between', 'the', 'two', 'n@@', 'ations', '.']
2026-05-11 19:34:35,717 - DEBUG - joeynmt.training - 	Tokenized hypothesis: ['the', 'following', 'succ@@', 'ess@@', 'ful', 'Indi@@', 'a', '&apos;s', 'ad@@', 'di@@', 'tional', 'cooperation', 'between', 'the', 'two', 'N@@', 'ations', '.', '</s>']
2026-05-11 19:34:35,717 - INFO - joeynmt.training - 	Source:     Berichten zufolge hofft Indien darüber hinaus auf einen Vertrag zur Verteidigungszusammenarbeit zwischen den beiden Nationen .
2026-05-11 19:34:35,717 - INFO - joeynmt.training - 	Reference:  India is also reportedly hoping for a deal on defence collaboration between the two nations .
2026-05-11 19:34:35,717 - INFO - joeynmt.training - 	Hypothesis: the following successful India &apos;s additional cooperation between the two Nations .
2026-05-11 19:35:02,657 - INFO - joeynmt.training - Epoch   4, Step:    13100, Batch Loss:     2.031539, Batch Acc: 0.482005, Tokens per Sec:     3387, Lr: 0.000300
2026-05-11 19:35:30,228 - INFO - joeynmt.training - Epoch   4, Step:    13200, Batch Loss:     1.911674, Batch Acc: 0.484297, Tokens per Sec:     3330, Lr: 0.000300
2026-05-11 19:35:56,321 - INFO - joeynmt.training - Epoch   4, Step:    13300, Batch Loss:     2.021553, Batch Acc: 0.479915, Tokens per Sec:     3512, Lr: 0.000300
2026-05-11 19:36:22,579 - INFO - joeynmt.training - Epoch   4, Step:    13400, Batch Loss:     1.946195, Batch Acc: 0.482340, Tokens per Sec:     3485, Lr: 0.000300
2026-05-11 19:36:49,419 - INFO - joeynmt.training - Epoch   4, Step:    13500, Batch Loss:     2.253873, Batch Acc: 0.483161, Tokens per Sec:     3437, Lr: 0.000300
2026-05-11 19:36:49,420 - INFO - joeynmt.prediction - Predicting 500 example(s)... (Greedy decoding with min_output_length=1, max_output_length=-1, return_prob='none', generate_unk=True, repetition_penalty=-1, no_repeat_ngram_size=-1)
2026-05-11 19:37:25,244 - INFO - joeynmt.prediction - Evaluation result (greedy) loss:   2.25, ppl:   9.47, acc:   0.42, generation: 35.8160[sec], evaluation: 0.0000[sec]
2026-05-11 19:37:25,246 - INFO - joeynmt.training - Hooray! New best validation result [ppl]!
2026-05-11 19:37:25,407 - INFO - joeynmt.helpers - delete models/deen_transformer_pre/11000.ckpt
2026-05-11 19:37:25,413 - INFO - joeynmt.training - Example #0
2026-05-11 19:37:25,413 - DEBUG - joeynmt.training - 	Tokenized source:     ['die', 'Pre@@', 'mi@@', 'er@@', 'minist@@', 'er', 'Indi@@', 'ens', 'und', 'J@@', 'ap@@', 'ans', 'tra@@', 'fen', 'sich', 'in', 'T@@', 'ok@@', 'i@@', 'o', '.']
2026-05-11 19:37:25,413 - DEBUG - joeynmt.training - 	Tokenized reference:  ['Indi@@', 'a', 'and', 'J@@', 'ap@@', 'an', 'pri@@', 'me', 'minist@@', 'ers', 'me@@', 'et', 'in', 'T@@', 'ok@@', 'y@@', 'o']
2026-05-11 19:37:25,413 - DEBUG - joeynmt.training - 	Tokenized hypothesis: ['the', 'pri@@', 'm@@', 'ary', 'Minist@@', 'er', 'Indi@@', 'a', 'and', 'J@@', 'ap@@', 'ans', 'in', 'T@@', 'ok@@', 'i@@', 'o', '.', '</s>']
2026-05-11 19:37:25,413 - INFO - joeynmt.training - 	Source:     die Premierminister Indiens und Japans trafen sich in Tokio .
2026-05-11 19:37:25,413 - INFO - joeynmt.training - 	Reference:  India and Japan prime ministers meet in Tokyo
2026-05-11 19:37:25,413 - INFO - joeynmt.training - 	Hypothesis: the primary Minister India and Japans in Tokio .
2026-05-11 19:37:25,413 - INFO - joeynmt.training - Example #1
2026-05-11 19:37:25,413 - DEBUG - joeynmt.training - 	Tokenized source:     ['Indi@@', 'ens', 'neu@@', 'er', 'Pre@@', 'mi@@', 'er@@', 'minist@@', 'er', 'N@@', 'ar@@', 'end@@', 'ra', 'Mo@@', 'd@@', 'i', 'tri@@', 'fft', 'bei', 's@@', 'einem', 'ersten', 'wichti@@', 'gen', 'Aus@@', 'land@@', 's@@', 'bes@@', 'u@@', 'ch', 'seit', 's@@', 'einem', 'W@@', 'ah@@', 'l@@', 'si@@', 'e@@', 'g', 'im', 'Ma@@', 'i', 'seinen', 'j@@', 'ap@@', 'an@@', 'ischen', 'Am@@', 'ts@@', 'k@@', 'olle@@', 'gen', 'S@@', 'hin@@', 'z@@', 'o', 'A@@', 'be', 'in', 'T@@', 'ok@@', 'o', ',', 'um', 'wirtschaf@@', 'tliche', 'und', 'sicher@@', 'heits@@', 'politische', 'Be@@', 'zieh@@', 'ungen', 'zu', 'bes@@', 'pre@@', 'chen', '.']
2026-05-11 19:37:25,413 - DEBUG - joeynmt.training - 	Tokenized reference:  ['Indi@@', 'a', '&apos;s', 'new', 'pri@@', 'me', 'minist@@', 'er', ',', 'N@@', 'ar@@', 'end@@', 'ra', 'Mo@@', 'd@@', 'i', ',', 'is', 'me@@', 'eting', 'his', 'J@@', 'ap@@', 'an@@', 'ese', 'coun@@', 'ter@@', 'part', ',', 'S@@', 'hin@@', 'z@@', 'o', 'A@@', 'be', ',', 'in', 'T@@', 'ok@@', 'y@@', 'o', 'to', 'disc@@', 'uss', 'economic', 'and', 'security', 'ties', ',', 'on', 'his', 'first', 'major', 'fore@@', 'ign', 'visi@@', 't', 'since', 'w@@', 'inn@@', 'ing', 'Ma@@', 'y', '&apos;s', 'elec@@', 'tion', '.']
2026-05-11 19:37:25,413 - DEBUG - joeynmt.training - 	Tokenized hypothesis: ['Indi@@', 'a', 'new', 'pri@@', 'm@@', 'ary', 'N@@', 'ar@@', 'end@@', 'ra', 'Mo@@', 'd@@', 'i', ',', 'in', 'his', 'first', 'important', 'ex@@', 'change', 'of', 'the', 'H@@', 'ig@@', 'h', '&apos;s', 'first', 'important', 'ex@@', 'change', 'of', 'the', 'M@@', 'or@@', 'occ@@', 'o', 'A@@', 'mer@@', 'ic@@', 'a', 'in', 'T@@', 'ok@@', 'o', 'A@@', 'mer@@', 'ic@@', 'a', 'in', 'T@@', 'ok@@', 'o', 'A@@', 'be', 'in', 'T@@', 'ok@@', 'o', 'A@@', 'be', 'in', 'T@@', 'ok@@', 'o', 'A@@', 'be', 'in', 'T@@', 'ok@@', 'o', 'A@@', 'be', 'in', 'T@@', 'ok@@', 'o', 'A@@', 'gen@@', 'cy', '.', '</s>']
2026-05-11 19:37:25,414 - INFO - joeynmt.training - 	Source:     Indiens neuer Premierminister Narendra Modi trifft bei seinem ersten wichtigen Auslandsbesuch seit seinem Wahlsieg im Mai seinen japanischen Amtskollegen Shinzo Abe in Toko , um wirtschaftliche und sicherheitspolitische Beziehungen zu besprechen .
2026-05-11 19:37:25,414 - INFO - joeynmt.training - 	Reference:  India &apos;s new prime minister , Narendra Modi , is meeting his Japanese counterpart , Shinzo Abe , in Tokyo to discuss economic and security ties , on his first major foreign visit since winning May &apos;s election .
2026-05-11 19:37:25,414 - INFO - joeynmt.training - 	Hypothesis: India new primary Narendra Modi , in his first important exchange of the High &apos;s first important exchange of the Morocco America in Toko America in Toko Abe in Toko Abe in Toko Abe in Toko Abe in Toko Agency .
2026-05-11 19:37:25,414 - INFO - joeynmt.training - Example #2
2026-05-11 19:37:25,414 - DEBUG - joeynmt.training - 	Tokenized source:     ['Herr', 'Mo@@', 'd@@', 'i', 'befindet', 'sich', 'auf', 'einer', 'fü@@', 'n@@', 'f@@', 'tä@@', 'gi@@', 'gen', 'Rei@@', 'se', 'nach', 'J@@', 'ap@@', 'an', ',', 'um', 'die', 'wirtschaf@@', 'tlichen', 'Be@@', 'zieh@@', 'ungen', 'mit', 'der', 'd@@', 'rit@@', 't@@', 'größ@@', 'ten', 'Wirtschafts@@', 'n@@', 'ation', 'der', 'Welt', 'zu', 'fes@@', 'tigen', '.']
2026-05-11 19:37:25,414 - DEBUG - joeynmt.training - 	Tokenized reference:  ['Mr', 'Mo@@', 'd@@', 'i', 'is', 'on', 'a', 'fi@@', 've', '@@@', '-@@', '@', 'day', 'tri@@', 'p', 'to', 'J@@', 'ap@@', 'an', 'to', 'streng@@', 'then', 'economic', 'ties', 'with', 'the', 'third', 'lar@@', 'ges@@', 't', 'econom@@', 'y', 'in', 'the', 'world', '.']
2026-05-11 19:37:25,414 - DEBUG - joeynmt.training - 	Tokenized hypothesis: ['Mr', 'Mo@@', 'd@@', 'i', 'is', 'in', 'a', 'fi@@', 'f@@', 'th', 'of', 'a', 'f@@', 'ap@@', 'er', 'to', 'J@@', 'ap@@', 'an', ',', 'to', 'the', 'economic', 'rel@@', 'ations', 'with', 'the', 'third', 'lar@@', 'ges@@', 't', 'economic', 'rel@@', 'ations', 'with', 'the', 'third', 'lar@@', 'ger', 'economic', 'rel@@', 'ations', '.', '</s>']
2026-05-11 19:37:25,414 - INFO - joeynmt.training - 	Source:     Herr Modi befindet sich auf einer fünftägigen Reise nach Japan , um die wirtschaftlichen Beziehungen mit der drittgrößten Wirtschaftsnation der Welt zu festigen .
2026-05-11 19:37:25,414 - INFO - joeynmt.training - 	Reference:  Mr Modi is on a five @-@ day trip to Japan to strengthen economic ties with the third largest economy in the world .
2026-05-11 19:37:25,414 - INFO - joeynmt.training - 	Hypothesis: Mr Modi is in a fifth of a faper to Japan , to the economic relations with the third largest economic relations with the third larger economic relations .
2026-05-11 19:37:25,414 - INFO - joeynmt.training - Example #3
2026-05-11 19:37:25,414 - DEBUG - joeynmt.training - 	Tokenized source:     ['P@@', 'län@@', 'e', 'für', 'eine', 'stärk@@', 'ere', 'k@@', 'ern@@', 'techn@@', 'ische', 'Zusammenarbeit', 'stehen', 'ganz', 'ob@@', 'en', 'auf', 'der', 'Tag@@', 'es@@', 'ordnung', '.']
2026-05-11 19:37:25,414 - DEBUG - joeynmt.training - 	Tokenized reference:  ['high', 'on', 'the', 'agen@@', 'da', 'are', 'pl@@', 'ans', 'for', 'gre@@', 'ater', 'nu@@', 'clear', 'c@@', 'o', '@@@', '-@@', '@', 'operation', '.']
2026-05-11 19:37:25,414 - DEBUG - joeynmt.training - 	Tokenized hypothesis: ['p@@', 'ass@@', 'ed', 'for', 'a', 'more', 'seri@@', 'ous', 'techn@@', 'ical', 'cooperation', 'are', 'ob@@', 'vi@@', 'ous', 'in', 'the', 'agen@@', 'da', '.', '</s>']
2026-05-11 19:37:25,414 - INFO - joeynmt.training - 	Source:     Pläne für eine stärkere kerntechnische Zusammenarbeit stehen ganz oben auf der Tagesordnung .
2026-05-11 19:37:25,414 - INFO - joeynmt.training - 	Reference:  high on the agenda are plans for greater nuclear co @-@ operation .
2026-05-11 19:37:25,414 - INFO - joeynmt.training - 	Hypothesis: passed for a more serious technical cooperation are obvious in the agenda .
2026-05-11 19:37:25,414 - INFO - joeynmt.training - Example #4
2026-05-11 19:37:25,415 - DEBUG - joeynmt.training - 	Tokenized source:     ['Berich@@', 'ten', 'zu@@', 'fol@@', 'ge', 'ho@@', 'fft', 'Indi@@', 'en', 'darüber', 'hinaus', 'auf', 'einen', 'Ver@@', 'trag', 'zur', 'Ver@@', 'tei@@', 'dig@@', 'ungs@@', 'zusammen@@', 'arbeit', 'zwischen', 'den', 'beiden', 'N@@', 'ationen', '.']
2026-05-11 19:37:25,415 - DEBUG - joeynmt.training - 	Tokenized reference:  ['Indi@@', 'a', 'is', 'also', 're@@', 'porte@@', 'dly', 'hop@@', 'ing', 'for', 'a', 'de@@', 'al', 'on', 'def@@', 'ence', 'c@@', 'oll@@', 'ab@@', 'or@@', 'ation', 'between', 'the', 'two', 'n@@', 'ations', '.']
2026-05-11 19:37:25,415 - DEBUG - joeynmt.training - 	Tokenized hypothesis: ['re@@', 'ports', ',', 'Indi@@', 'a', '&apos;s', 'ad@@', 'minist@@', 'ration', 'of', 'the', 'proposal', 'for', 'a', 'con@@', 'tra@@', 'ct', 'on', 'the', 'con@@', 'tra@@', 'ct', 'of', 'work', 'between', 'both', 'N@@', 'ations', '.', '</s>']
2026-05-11 19:37:25,415 - INFO - joeynmt.training - 	Source:     Berichten zufolge hofft Indien darüber hinaus auf einen Vertrag zur Verteidigungszusammenarbeit zwischen den beiden Nationen .
2026-05-11 19:37:25,415 - INFO - joeynmt.training - 	Reference:  India is also reportedly hoping for a deal on defence collaboration between the two nations .
2026-05-11 19:37:25,415 - INFO - joeynmt.training - 	Hypothesis: reports , India &apos;s administration of the proposal for a contract on the contract of work between both Nations .
2026-05-11 19:37:51,498 - INFO - joeynmt.training - Epoch   4, Step:    13600, Batch Loss:     1.940504, Batch Acc: 0.479802, Tokens per Sec:     3490, Lr: 0.000300
2026-05-11 19:38:17,113 - INFO - joeynmt.training - Epoch   4, Step:    13700, Batch Loss:     1.763533, Batch Acc: 0.480057, Tokens per Sec:     3582, Lr: 0.000300
2026-05-11 19:38:42,899 - INFO - joeynmt.training - Epoch   4, Step:    13800, Batch Loss:     1.975778, Batch Acc: 0.480312, Tokens per Sec:     3560, Lr: 0.000300
2026-05-11 19:39:08,609 - INFO - joeynmt.training - Epoch   4, Step:    13900, Batch Loss:     1.964749, Batch Acc: 0.484439, Tokens per Sec:     3482, Lr: 0.000300
2026-05-11 19:39:34,179 - INFO - joeynmt.training - Epoch   4, Step:    14000, Batch Loss:     2.050900, Batch Acc: 0.485870, Tokens per Sec:     3627, Lr: 0.000300
2026-05-11 19:39:34,180 - INFO - joeynmt.prediction - Predicting 500 example(s)... (Greedy decoding with min_output_length=1, max_output_length=-1, return_prob='none', generate_unk=True, repetition_penalty=-1, no_repeat_ngram_size=-1)
2026-05-11 19:40:07,652 - INFO - joeynmt.prediction - Evaluation result (greedy) loss:   2.25, ppl:   9.46, acc:   0.42, generation: 33.4651[sec], evaluation: 0.0000[sec]
2026-05-11 19:40:07,654 - INFO - joeynmt.training - Hooray! New best validation result [ppl]!
2026-05-11 19:40:07,812 - INFO - joeynmt.helpers - delete models/deen_transformer_pre/11500.ckpt
2026-05-11 19:40:07,817 - INFO - joeynmt.training - Example #0
2026-05-11 19:40:07,817 - DEBUG - joeynmt.training - 	Tokenized source:     ['die', 'Pre@@', 'mi@@', 'er@@', 'minist@@', 'er', 'Indi@@', 'ens', 'und', 'J@@', 'ap@@', 'ans', 'tra@@', 'fen', 'sich', 'in', 'T@@', 'ok@@', 'i@@', 'o', '.']
2026-05-11 19:40:07,817 - DEBUG - joeynmt.training - 	Tokenized reference:  ['Indi@@', 'a', 'and', 'J@@', 'ap@@', 'an', 'pri@@', 'me', 'minist@@', 'ers', 'me@@', 'et', 'in', 'T@@', 'ok@@', 'y@@', 'o']
2026-05-11 19:40:07,817 - DEBUG - joeynmt.training - 	Tokenized hypothesis: ['the', 'pri@@', 'm@@', 'ari@@', 'ly', 'Indi@@', 'a', 'and', 'J@@', 'ap@@', 'an', '&apos;s', 'pri@@', 'me', 'to', 'have', 'the', 'to@@', 'wn', 'of', 'T@@', 'ok@@', 'i@@', 'o', '.', '</s>']
2026-05-11 19:40:07,817 - INFO - joeynmt.training - 	Source:     die Premierminister Indiens und Japans trafen sich in Tokio .
2026-05-11 19:40:07,818 - INFO - joeynmt.training - 	Reference:  India and Japan prime ministers meet in Tokyo
2026-05-11 19:40:07,818 - INFO - joeynmt.training - 	Hypothesis: the primarily India and Japan &apos;s prime to have the town of Tokio .
2026-05-11 19:40:07,818 - INFO - joeynmt.training - Example #1
2026-05-11 19:40:07,818 - DEBUG - joeynmt.training - 	Tokenized source:     ['Indi@@', 'ens', 'neu@@', 'er', 'Pre@@', 'mi@@', 'er@@', 'minist@@', 'er', 'N@@', 'ar@@', 'end@@', 'ra', 'Mo@@', 'd@@', 'i', 'tri@@', 'fft', 'bei', 's@@', 'einem', 'ersten', 'wichti@@', 'gen', 'Aus@@', 'land@@', 's@@', 'bes@@', 'u@@', 'ch', 'seit', 's@@', 'einem', 'W@@', 'ah@@', 'l@@', 'si@@', 'e@@', 'g', 'im', 'Ma@@', 'i', 'seinen', 'j@@', 'ap@@', 'an@@', 'ischen', 'Am@@', 'ts@@', 'k@@', 'olle@@', 'gen', 'S@@', 'hin@@', 'z@@', 'o', 'A@@', 'be', 'in', 'T@@', 'ok@@', 'o', ',', 'um', 'wirtschaf@@', 'tliche', 'und', 'sicher@@', 'heits@@', 'politische', 'Be@@', 'zieh@@', 'ungen', 'zu', 'bes@@', 'pre@@', 'chen', '.']
2026-05-11 19:40:07,818 - DEBUG - joeynmt.training - 	Tokenized reference:  ['Indi@@', 'a', '&apos;s', 'new', 'pri@@', 'me', 'minist@@', 'er', ',', 'N@@', 'ar@@', 'end@@', 'ra', 'Mo@@', 'd@@', 'i', ',', 'is', 'me@@', 'eting', 'his', 'J@@', 'ap@@', 'an@@', 'ese', 'coun@@', 'ter@@', 'part', ',', 'S@@', 'hin@@', 'z@@', 'o', 'A@@', 'be', ',', 'in', 'T@@', 'ok@@', 'y@@', 'o', 'to', 'disc@@', 'uss', 'economic', 'and', 'security', 'ties', ',', 'on', 'his', 'first', 'major', 'fore@@', 'ign', 'visi@@', 't', 'since', 'w@@', 'inn@@', 'ing', 'Ma@@', 'y', '&apos;s', 'elec@@', 'tion', '.']
2026-05-11 19:40:07,818 - DEBUG - joeynmt.training - 	Tokenized hypothesis: ['Indi@@', 'a', '&apos;s', 'lat@@', 'est', 'Pri@@', 'me', 'Minist@@', 'er', 'N@@', 'ar@@', 'end@@', 'ra', 'Mo@@', 'd@@', 'i', ',', 'in', 'his', 'first', 'first', 'important', 'ex@@', 'tern@@', 'al', 'ex@@', 'tern@@', 'al', 'to', 'the', 'J@@', 'ap@@', 'an@@', 'ese', 'Am@@', 'ster@@', 'dam', ',', 'the', 'S@@', 'hin@@', 'z@@', 'o', 'A@@', 'as', 'a', 'result', 'of', 'the', 'S@@', 'hin@@', 'z@@', 'o', 'A@@', 'as', ',', 'S@@', 'hin@@', 'z@@', 'o', 'A@@', 'as', ',', 'S@@', 'hin@@', 'z@@', 'o', 'A@@', 'as', '.', '</s>']
2026-05-11 19:40:07,818 - INFO - joeynmt.training - 	Source:     Indiens neuer Premierminister Narendra Modi trifft bei seinem ersten wichtigen Auslandsbesuch seit seinem Wahlsieg im Mai seinen japanischen Amtskollegen Shinzo Abe in Toko , um wirtschaftliche und sicherheitspolitische Beziehungen zu besprechen .
2026-05-11 19:40:07,818 - INFO - joeynmt.training - 	Reference:  India &apos;s new prime minister , Narendra Modi , is meeting his Japanese counterpart , Shinzo Abe , in Tokyo to discuss economic and security ties , on his first major foreign visit since winning May &apos;s election .
2026-05-11 19:40:07,818 - INFO - joeynmt.training - 	Hypothesis: India &apos;s latest Prime Minister Narendra Modi , in his first first important external external to the Japanese Amsterdam , the Shinzo Aas a result of the Shinzo Aas , Shinzo Aas , Shinzo Aas .
2026-05-11 19:40:07,818 - INFO - joeynmt.training - Example #2
2026-05-11 19:40:07,818 - DEBUG - joeynmt.training - 	Tokenized source:     ['Herr', 'Mo@@', 'd@@', 'i', 'befindet', 'sich', 'auf', 'einer', 'fü@@', 'n@@', 'f@@', 'tä@@', 'gi@@', 'gen', 'Rei@@', 'se', 'nach', 'J@@', 'ap@@', 'an', ',', 'um', 'die', 'wirtschaf@@', 'tlichen', 'Be@@', 'zieh@@', 'ungen', 'mit', 'der', 'd@@', 'rit@@', 't@@', 'größ@@', 'ten', 'Wirtschafts@@', 'n@@', 'ation', 'der', 'Welt', 'zu', 'fes@@', 'tigen', '.']
2026-05-11 19:40:07,818 - DEBUG - joeynmt.training - 	Tokenized reference:  ['Mr', 'Mo@@', 'd@@', 'i', 'is', 'on', 'a', 'fi@@', 've', '@@@', '-@@', '@', 'day', 'tri@@', 'p', 'to', 'J@@', 'ap@@', 'an', 'to', 'streng@@', 'then', 'economic', 'ties', 'with', 'the', 'third', 'lar@@', 'ges@@', 't', 'econom@@', 'y', 'in', 'the', 'world', '.']
2026-05-11 19:40:07,818 - DEBUG - joeynmt.training - 	Tokenized hypothesis: ['Mr', 'Mo@@', 'd@@', 'i', 'is', 'one', 'fi@@', 'f@@', 'ty', 'to', 'J@@', 'ap@@', 'an', ',', 'to', 'J@@', 'ap@@', 'an', ',', 'to', 'the', 'economic', 'rel@@', 'ation@@', 'ship', 'with', 'the', 'third', 'lar@@', 'ges@@', 't', 'economic', 'rel@@', 'ation@@', 'ship', '.', '</s>']
2026-05-11 19:40:07,818 - INFO - joeynmt.training - 	Source:     Herr Modi befindet sich auf einer fünftägigen Reise nach Japan , um die wirtschaftlichen Beziehungen mit der drittgrößten Wirtschaftsnation der Welt zu festigen .
2026-05-11 19:40:07,818 - INFO - joeynmt.training - 	Reference:  Mr Modi is on a five @-@ day trip to Japan to strengthen economic ties with the third largest economy in the world .
2026-05-11 19:40:07,818 - INFO - joeynmt.training - 	Hypothesis: Mr Modi is one fifty to Japan , to Japan , to the economic relationship with the third largest economic relationship .
2026-05-11 19:40:07,818 - INFO - joeynmt.training - Example #3
2026-05-11 19:40:07,819 - DEBUG - joeynmt.training - 	Tokenized source:     ['P@@', 'län@@', 'e', 'für', 'eine', 'stärk@@', 'ere', 'k@@', 'ern@@', 'techn@@', 'ische', 'Zusammenarbeit', 'stehen', 'ganz', 'ob@@', 'en', 'auf', 'der', 'Tag@@', 'es@@', 'ordnung', '.']
2026-05-11 19:40:07,819 - DEBUG - joeynmt.training - 	Tokenized reference:  ['high', 'on', 'the', 'agen@@', 'da', 'are', 'pl@@', 'ans', 'for', 'gre@@', 'ater', 'nu@@', 'clear', 'c@@', 'o', '@@@', '-@@', '@', 'operation', '.']
2026-05-11 19:40:07,819 - DEBUG - joeynmt.training - 	Tokenized hypothesis: ['P@@', 'ru@@', 'e', 'for', 'more', 'more', 'more', 'seri@@', 'ous', 'techn@@', 'ical', 'cooperation', 'are', 'ob@@', 'vi@@', 'ous', 'to', 'the', 'agen@@', 'da', '.', '</s>']
2026-05-11 19:40:07,819 - INFO - joeynmt.training - 	Source:     Pläne für eine stärkere kerntechnische Zusammenarbeit stehen ganz oben auf der Tagesordnung .
2026-05-11 19:40:07,819 - INFO - joeynmt.training - 	Reference:  high on the agenda are plans for greater nuclear co @-@ operation .
2026-05-11 19:40:07,819 - INFO - joeynmt.training - 	Hypothesis: Prue for more more more serious technical cooperation are obvious to the agenda .
2026-05-11 19:40:07,819 - INFO - joeynmt.training - Example #4
2026-05-11 19:40:07,819 - DEBUG - joeynmt.training - 	Tokenized source:     ['Berich@@', 'ten', 'zu@@', 'fol@@', 'ge', 'ho@@', 'fft', 'Indi@@', 'en', 'darüber', 'hinaus', 'auf', 'einen', 'Ver@@', 'trag', 'zur', 'Ver@@', 'tei@@', 'dig@@', 'ungs@@', 'zusammen@@', 'arbeit', 'zwischen', 'den', 'beiden', 'N@@', 'ationen', '.']
2026-05-11 19:40:07,819 - DEBUG - joeynmt.training - 	Tokenized reference:  ['Indi@@', 'a', 'is', 'also', 're@@', 'porte@@', 'dly', 'hop@@', 'ing', 'for', 'a', 'de@@', 'al', 'on', 'def@@', 'ence', 'c@@', 'oll@@', 'ab@@', 'or@@', 'ation', 'between', 'the', 'two', 'n@@', 'ations', '.']
2026-05-11 19:40:07,819 - DEBUG - joeynmt.training - 	Tokenized hypothesis: ['re@@', 'ports', ',', 'Indi@@', 'a', 'is', 'also', 'to', 'be', 'ad@@', 'ded', 'to', 'a', 'Tre@@', 'aty', 'on', 'the', 'con@@', 'tra@@', 'ct', 'cooperation', 'between', 'the', 'two', 'N@@', 'ations', '.', '</s>']
2026-05-11 19:40:07,819 - INFO - joeynmt.training - 	Source:     Berichten zufolge hofft Indien darüber hinaus auf einen Vertrag zur Verteidigungszusammenarbeit zwischen den beiden Nationen .
2026-05-11 19:40:07,819 - INFO - joeynmt.training - 	Reference:  India is also reportedly hoping for a deal on defence collaboration between the two nations .
2026-05-11 19:40:07,819 - INFO - joeynmt.training - 	Hypothesis: reports , India is also to be added to a Treaty on the contract cooperation between the two Nations .
2026-05-11 19:40:33,765 - INFO - joeynmt.training - Epoch   4, Step:    14100, Batch Loss:     1.865753, Batch Acc: 0.482872, Tokens per Sec:     3619, Lr: 0.000300
2026-05-11 19:40:59,830 - INFO - joeynmt.training - Epoch   4, Step:    14200, Batch Loss:     1.819354, Batch Acc: 0.489594, Tokens per Sec:     3508, Lr: 0.000300
2026-05-11 19:41:25,351 - INFO - joeynmt.training - Epoch   4, Step:    14300, Batch Loss:     1.897063, Batch Acc: 0.482658, Tokens per Sec:     3616, Lr: 0.000300
2026-05-11 19:41:51,334 - INFO - joeynmt.training - Epoch   4, Step:    14400, Batch Loss:     2.012373, Batch Acc: 0.478768, Tokens per Sec:     3577, Lr: 0.000300
2026-05-11 19:42:17,167 - INFO - joeynmt.training - Epoch   4, Step:    14500, Batch Loss:     2.073555, Batch Acc: 0.485292, Tokens per Sec:     3469, Lr: 0.000300
2026-05-11 19:42:17,168 - INFO - joeynmt.prediction - Predicting 500 example(s)... (Greedy decoding with min_output_length=1, max_output_length=-1, return_prob='none', generate_unk=True, repetition_penalty=-1, no_repeat_ngram_size=-1)
2026-05-11 19:42:54,862 - INFO - joeynmt.prediction - Evaluation result (greedy) loss:   2.23, ppl:   9.29, acc:   0.43, generation: 37.6859[sec], evaluation: 0.0000[sec]
2026-05-11 19:42:54,863 - INFO - joeynmt.training - Hooray! New best validation result [ppl]!
2026-05-11 19:42:55,029 - INFO - joeynmt.helpers - delete models/deen_transformer_pre/12000.ckpt
2026-05-11 19:42:55,036 - INFO - joeynmt.training - Example #0
2026-05-11 19:42:55,036 - DEBUG - joeynmt.training - 	Tokenized source:     ['die', 'Pre@@', 'mi@@', 'er@@', 'minist@@', 'er', 'Indi@@', 'ens', 'und', 'J@@', 'ap@@', 'ans', 'tra@@', 'fen', 'sich', 'in', 'T@@', 'ok@@', 'i@@', 'o', '.']
2026-05-11 19:42:55,036 - DEBUG - joeynmt.training - 	Tokenized reference:  ['Indi@@', 'a', 'and', 'J@@', 'ap@@', 'an', 'pri@@', 'me', 'minist@@', 'ers', 'me@@', 'et', 'in', 'T@@', 'ok@@', 'y@@', 'o']
2026-05-11 19:42:55,036 - DEBUG - joeynmt.training - 	Tokenized hypothesis: ['the', 'pri@@', 'm@@', 'ari@@', 'ly', 'Indi@@', 'a', 'and', 'J@@', 'ap@@', 'an', '.', '</s>']
2026-05-11 19:42:55,037 - INFO - joeynmt.training - 	Source:     die Premierminister Indiens und Japans trafen sich in Tokio .
2026-05-11 19:42:55,037 - INFO - joeynmt.training - 	Reference:  India and Japan prime ministers meet in Tokyo
2026-05-11 19:42:55,037 - INFO - joeynmt.training - 	Hypothesis: the primarily India and Japan .
2026-05-11 19:42:55,037 - INFO - joeynmt.training - Example #1
2026-05-11 19:42:55,037 - DEBUG - joeynmt.training - 	Tokenized source:     ['Indi@@', 'ens', 'neu@@', 'er', 'Pre@@', 'mi@@', 'er@@', 'minist@@', 'er', 'N@@', 'ar@@', 'end@@', 'ra', 'Mo@@', 'd@@', 'i', 'tri@@', 'fft', 'bei', 's@@', 'einem', 'ersten', 'wichti@@', 'gen', 'Aus@@', 'land@@', 's@@', 'bes@@', 'u@@', 'ch', 'seit', 's@@', 'einem', 'W@@', 'ah@@', 'l@@', 'si@@', 'e@@', 'g', 'im', 'Ma@@', 'i', 'seinen', 'j@@', 'ap@@', 'an@@', 'ischen', 'Am@@', 'ts@@', 'k@@', 'olle@@', 'gen', 'S@@', 'hin@@', 'z@@', 'o', 'A@@', 'be', 'in', 'T@@', 'ok@@', 'o', ',', 'um', 'wirtschaf@@', 'tliche', 'und', 'sicher@@', 'heits@@', 'politische', 'Be@@', 'zieh@@', 'ungen', 'zu', 'bes@@', 'pre@@', 'chen', '.']
2026-05-11 19:42:55,037 - DEBUG - joeynmt.training - 	Tokenized reference:  ['Indi@@', 'a', '&apos;s', 'new', 'pri@@', 'me', 'minist@@', 'er', ',', 'N@@', 'ar@@', 'end@@', 'ra', 'Mo@@', 'd@@', 'i', ',', 'is', 'me@@', 'eting', 'his', 'J@@', 'ap@@', 'an@@', 'ese', 'coun@@', 'ter@@', 'part', ',', 'S@@', 'hin@@', 'z@@', 'o', 'A@@', 'be', ',', 'in', 'T@@', 'ok@@', 'y@@', 'o', 'to', 'disc@@', 'uss', 'economic', 'and', 'security', 'ties', ',', 'on', 'his', 'first', 'major', 'fore@@', 'ign', 'visi@@', 't', 'since', 'w@@', 'inn@@', 'ing', 'Ma@@', 'y', '&apos;s', 'elec@@', 'tion', '.']
2026-05-11 19:42:55,037 - DEBUG - joeynmt.training - 	Tokenized hypothesis: ['Indi@@', 'a', '&apos;s', 'new', 'pri@@', 'm@@', 'ari@@', 'ly', ',', 'the', 'M@@', 'er@@', 't@@', 'i', '&apos;s', 'first', 'important', 'ex@@', 'change', 'of', 'ag@@', 'ri@@', 'cultural', 'c@@', 'al@@', 'cul@@', 'ation', ',', 'since', 'his', 'first', 'major', 'ex@@', 'tern@@', 'al', 'of', 'the', 'M@@', 'or@@', 'occ@@', 'o', 'A@@', 'be', 'in', 'T@@', 'ok@@', 'o', 'A@@', 'be', 'in', 'T@@', 'ok@@', 'o', 'A@@', 'be', 'in', 'T@@', 'ok@@', 'o', 'A@@', 'be', 'in', 'T@@', 'ok@@', 'o', ',', 'in', 'T@@', 'ok@@', 'o', ',', 'and', 'S@@', 'hin@@', 'z@@', 'on@@', 't@@', 'ory', '.', '</s>']
2026-05-11 19:42:55,037 - INFO - joeynmt.training - 	Source:     Indiens neuer Premierminister Narendra Modi trifft bei seinem ersten wichtigen Auslandsbesuch seit seinem Wahlsieg im Mai seinen japanischen Amtskollegen Shinzo Abe in Toko , um wirtschaftliche und sicherheitspolitische Beziehungen zu besprechen .
2026-05-11 19:42:55,037 - INFO - joeynmt.training - 	Reference:  India &apos;s new prime minister , Narendra Modi , is meeting his Japanese counterpart , Shinzo Abe , in Tokyo to discuss economic and security ties , on his first major foreign visit since winning May &apos;s election .
2026-05-11 19:42:55,037 - INFO - joeynmt.training - 	Hypothesis: India &apos;s new primarily , the Merti &apos;s first important exchange of agricultural calculation , since his first major external of the Morocco Abe in Toko Abe in Toko Abe in Toko Abe in Toko , in Toko , and Shinzontory .
2026-05-11 19:42:55,037 - INFO - joeynmt.training - Example #2
2026-05-11 19:42:55,037 - DEBUG - joeynmt.training - 	Tokenized source:     ['Herr', 'Mo@@', 'd@@', 'i', 'befindet', 'sich', 'auf', 'einer', 'fü@@', 'n@@', 'f@@', 'tä@@', 'gi@@', 'gen', 'Rei@@', 'se', 'nach', 'J@@', 'ap@@', 'an', ',', 'um', 'die', 'wirtschaf@@', 'tlichen', 'Be@@', 'zieh@@', 'ungen', 'mit', 'der', 'd@@', 'rit@@', 't@@', 'größ@@', 'ten', 'Wirtschafts@@', 'n@@', 'ation', 'der', 'Welt', 'zu', 'fes@@', 'tigen', '.']
2026-05-11 19:42:55,037 - DEBUG - joeynmt.training - 	Tokenized reference:  ['Mr', 'Mo@@', 'd@@', 'i', 'is', 'on', 'a', 'fi@@', 've', '@@@', '-@@', '@', 'day', 'tri@@', 'p', 'to', 'J@@', 'ap@@', 'an', 'to', 'streng@@', 'then', 'economic', 'ties', 'with', 'the', 'third', 'lar@@', 'ges@@', 't', 'econom@@', 'y', 'in', 'the', 'world', '.']
2026-05-11 19:42:55,037 - DEBUG - joeynmt.training - 	Tokenized hypothesis: ['Mr', 'Mo@@', 'd@@', 'i', 'is', 'on', 'a', 'fi@@', 'f@@', 'ty', 'of', 'a', 'fi@@', 'f@@', 'ty', 'of', 'the', 'world', '&apos;s', 'economic', 'rel@@', 'ations', 'with', 'the', 'third', 'lar@@', 'ges@@', 't', 'economic', 'rel@@', 'ations', '.', '</s>']
2026-05-11 19:42:55,038 - INFO - joeynmt.training - 	Source:     Herr Modi befindet sich auf einer fünftägigen Reise nach Japan , um die wirtschaftlichen Beziehungen mit der drittgrößten Wirtschaftsnation der Welt zu festigen .
2026-05-11 19:42:55,038 - INFO - joeynmt.training - 	Reference:  Mr Modi is on a five @-@ day trip to Japan to strengthen economic ties with the third largest economy in the world .
2026-05-11 19:42:55,038 - INFO - joeynmt.training - 	Hypothesis: Mr Modi is on a fifty of a fifty of the world &apos;s economic relations with the third largest economic relations .
2026-05-11 19:42:55,038 - INFO - joeynmt.training - Example #3
2026-05-11 19:42:55,038 - DEBUG - joeynmt.training - 	Tokenized source:     ['P@@', 'län@@', 'e', 'für', 'eine', 'stärk@@', 'ere', 'k@@', 'ern@@', 'techn@@', 'ische', 'Zusammenarbeit', 'stehen', 'ganz', 'ob@@', 'en', 'auf', 'der', 'Tag@@', 'es@@', 'ordnung', '.']
2026-05-11 19:42:55,038 - DEBUG - joeynmt.training - 	Tokenized reference:  ['high', 'on', 'the', 'agen@@', 'da', 'are', 'pl@@', 'ans', 'for', 'gre@@', 'ater', 'nu@@', 'clear', 'c@@', 'o', '@@@', '-@@', '@', 'operation', '.']
2026-05-11 19:42:55,038 - DEBUG - joeynmt.training - 	Tokenized hypothesis: ['p@@', 'ass@@', 'ing', 'for', 'a', 'more', 'seri@@', 'ous', 'techn@@', 'ical', 'cooperation', 'are', 'ob@@', 'vi@@', 'ous', 'on', 'the', 'agen@@', 'da', '.', '</s>']
2026-05-11 19:42:55,038 - INFO - joeynmt.training - 	Source:     Pläne für eine stärkere kerntechnische Zusammenarbeit stehen ganz oben auf der Tagesordnung .
2026-05-11 19:42:55,038 - INFO - joeynmt.training - 	Reference:  high on the agenda are plans for greater nuclear co @-@ operation .
2026-05-11 19:42:55,038 - INFO - joeynmt.training - 	Hypothesis: passing for a more serious technical cooperation are obvious on the agenda .
2026-05-11 19:42:55,038 - INFO - joeynmt.training - Example #4
2026-05-11 19:42:55,038 - DEBUG - joeynmt.training - 	Tokenized source:     ['Berich@@', 'ten', 'zu@@', 'fol@@', 'ge', 'ho@@', 'fft', 'Indi@@', 'en', 'darüber', 'hinaus', 'auf', 'einen', 'Ver@@', 'trag', 'zur', 'Ver@@', 'tei@@', 'dig@@', 'ungs@@', 'zusammen@@', 'arbeit', 'zwischen', 'den', 'beiden', 'N@@', 'ationen', '.']
2026-05-11 19:42:55,038 - DEBUG - joeynmt.training - 	Tokenized reference:  ['Indi@@', 'a', 'is', 'also', 're@@', 'porte@@', 'dly', 'hop@@', 'ing', 'for', 'a', 'de@@', 'al', 'on', 'def@@', 'ence', 'c@@', 'oll@@', 'ab@@', 'or@@', 'ation', 'between', 'the', 'two', 'n@@', 'ations', '.']
2026-05-11 19:42:55,038 - DEBUG - joeynmt.training - 	Tokenized hypothesis: ['the', 'following', 'succ@@', 'ess', 'of', 'the', 'pres@@', 'sure', 'of', 'the', 'Commission', '&apos;s', 'ad@@', 'minist@@', 'ration', '.', '</s>']
2026-05-11 19:42:55,038 - INFO - joeynmt.training - 	Source:     Berichten zufolge hofft Indien darüber hinaus auf einen Vertrag zur Verteidigungszusammenarbeit zwischen den beiden Nationen .
2026-05-11 19:42:55,039 - INFO - joeynmt.training - 	Reference:  India is also reportedly hoping for a deal on defence collaboration between the two nations .
2026-05-11 19:42:55,039 - INFO - joeynmt.training - 	Hypothesis: the following success of the pressure of the Commission &apos;s administration .
2026-05-11 19:43:20,836 - INFO - joeynmt.training - Epoch   4, Step:    14600, Batch Loss:     2.023333, Batch Acc: 0.489319, Tokens per Sec:     3509, Lr: 0.000300
2026-05-11 19:43:46,626 - INFO - joeynmt.training - Epoch   4, Step:    14700, Batch Loss:     1.913025, Batch Acc: 0.482287, Tokens per Sec:     3541, Lr: 0.000300
2026-05-11 19:44:12,800 - INFO - joeynmt.training - Epoch   4, Step:    14800, Batch Loss:     1.683938, Batch Acc: 0.479779, Tokens per Sec:     3512, Lr: 0.000300
2026-05-11 19:44:38,490 - INFO - joeynmt.training - Epoch   4, Step:    14900, Batch Loss:     1.770271, Batch Acc: 0.478113, Tokens per Sec:     3567, Lr: 0.000300
2026-05-11 19:45:04,654 - INFO - joeynmt.training - Epoch   4, Step:    15000, Batch Loss:     1.683373, Batch Acc: 0.486398, Tokens per Sec:     3445, Lr: 0.000300
2026-05-11 19:45:04,655 - INFO - joeynmt.prediction - Predicting 500 example(s)... (Greedy decoding with min_output_length=1, max_output_length=-1, return_prob='none', generate_unk=True, repetition_penalty=-1, no_repeat_ngram_size=-1)
2026-05-11 19:45:47,350 - INFO - joeynmt.prediction - Evaluation result (greedy) loss:   2.22, ppl:   9.20, acc:   0.43, generation: 42.6878[sec], evaluation: 0.0000[sec]
2026-05-11 19:45:47,353 - INFO - joeynmt.training - Hooray! New best validation result [ppl]!
2026-05-11 19:45:47,521 - INFO - joeynmt.helpers - delete models/deen_transformer_pre/12500.ckpt
2026-05-11 19:45:47,527 - INFO - joeynmt.training - Example #0
2026-05-11 19:45:47,527 - DEBUG - joeynmt.training - 	Tokenized source:     ['die', 'Pre@@', 'mi@@', 'er@@', 'minist@@', 'er', 'Indi@@', 'ens', 'und', 'J@@', 'ap@@', 'ans', 'tra@@', 'fen', 'sich', 'in', 'T@@', 'ok@@', 'i@@', 'o', '.']
2026-05-11 19:45:47,527 - DEBUG - joeynmt.training - 	Tokenized reference:  ['Indi@@', 'a', 'and', 'J@@', 'ap@@', 'an', 'pri@@', 'me', 'minist@@', 'ers', 'me@@', 'et', 'in', 'T@@', 'ok@@', 'y@@', 'o']
2026-05-11 19:45:47,527 - DEBUG - joeynmt.training - 	Tokenized hypothesis: ['the', 'pri@@', 'm@@', 'ari@@', 'ly', 'Indi@@', 'a', 'and', 'J@@', 'ap@@', 'an', 'and', 'J@@', 'ap@@', 'an', '.', '</s>']
2026-05-11 19:45:47,527 - INFO - joeynmt.training - 	Source:     die Premierminister Indiens und Japans trafen sich in Tokio .
2026-05-11 19:45:47,527 - INFO - joeynmt.training - 	Reference:  India and Japan prime ministers meet in Tokyo
2026-05-11 19:45:47,527 - INFO - joeynmt.training - 	Hypothesis: the primarily India and Japan and Japan .
2026-05-11 19:45:47,527 - INFO - joeynmt.training - Example #1
2026-05-11 19:45:47,527 - DEBUG - joeynmt.training - 	Tokenized source:     ['Indi@@', 'ens', 'neu@@', 'er', 'Pre@@', 'mi@@', 'er@@', 'minist@@', 'er', 'N@@', 'ar@@', 'end@@', 'ra', 'Mo@@', 'd@@', 'i', 'tri@@', 'fft', 'bei', 's@@', 'einem', 'ersten', 'wichti@@', 'gen', 'Aus@@', 'land@@', 's@@', 'bes@@', 'u@@', 'ch', 'seit', 's@@', 'einem', 'W@@', 'ah@@', 'l@@', 'si@@', 'e@@', 'g', 'im', 'Ma@@', 'i', 'seinen', 'j@@', 'ap@@', 'an@@', 'ischen', 'Am@@', 'ts@@', 'k@@', 'olle@@', 'gen', 'S@@', 'hin@@', 'z@@', 'o', 'A@@', 'be', 'in', 'T@@', 'ok@@', 'o', ',', 'um', 'wirtschaf@@', 'tliche', 'und', 'sicher@@', 'heits@@', 'politische', 'Be@@', 'zieh@@', 'ungen', 'zu', 'bes@@', 'pre@@', 'chen', '.']
2026-05-11 19:45:47,527 - DEBUG - joeynmt.training - 	Tokenized reference:  ['Indi@@', 'a', '&apos;s', 'new', 'pri@@', 'me', 'minist@@', 'er', ',', 'N@@', 'ar@@', 'end@@', 'ra', 'Mo@@', 'd@@', 'i', ',', 'is', 'me@@', 'eting', 'his', 'J@@', 'ap@@', 'an@@', 'ese', 'coun@@', 'ter@@', 'part', ',', 'S@@', 'hin@@', 'z@@', 'o', 'A@@', 'be', ',', 'in', 'T@@', 'ok@@', 'y@@', 'o', 'to', 'disc@@', 'uss', 'economic', 'and', 'security', 'ties', ',', 'on', 'his', 'first', 'major', 'fore@@', 'ign', 'visi@@', 't', 'since', 'w@@', 'inn@@', 'ing', 'Ma@@', 'y', '&apos;s', 'elec@@', 'tion', '.']
2026-05-11 19:45:47,527 - DEBUG - joeynmt.training - 	Tokenized hypothesis: ['Indi@@', 'a', '&apos;s', 'new', 'pri@@', 'me', 'minist@@', 'er', 'N@@', 'ar@@', 'end@@', 'ra', 'Mo@@', 'd@@', 'i', ',', 'in', 'his', 'first', 'first', 'important', 'ex@@', 'tern@@', 'al', 'ex@@', 'change', 'in', 'Ma@@', 'y', ',', 'since', 'his', 'J@@', 'ap@@', 'an@@', 'ese', 'Am@@', 'ts@@', 'k@@', 'o', 'A@@', 'be', 'in', 'T@@', 'ok@@', 'o', 'A@@', 'be', 'in', 'T@@', 'ok@@', 'o', 'A@@', 'be', 'in', 'T@@', 'ok@@', 'ok@@', 'o', 'A@@', 'be', 'in', 'T@@', 'ok@@', 'o', 'A@@', 'be', 'in', 'T@@', 'ok@@', 'o', 'A@@', 'be', 'in', 'T@@', 'ok@@', 'o', 'A@@', 'be', 'in', 'T@@', 'ok@@', 'o', 'A@@', 'sia', '.', '</s>']
2026-05-11 19:45:47,528 - INFO - joeynmt.training - 	Source:     Indiens neuer Premierminister Narendra Modi trifft bei seinem ersten wichtigen Auslandsbesuch seit seinem Wahlsieg im Mai seinen japanischen Amtskollegen Shinzo Abe in Toko , um wirtschaftliche und sicherheitspolitische Beziehungen zu besprechen .
2026-05-11 19:45:47,528 - INFO - joeynmt.training - 	Reference:  India &apos;s new prime minister , Narendra Modi , is meeting his Japanese counterpart , Shinzo Abe , in Tokyo to discuss economic and security ties , on his first major foreign visit since winning May &apos;s election .
2026-05-11 19:45:47,528 - INFO - joeynmt.training - 	Hypothesis: India &apos;s new prime minister Narendra Modi , in his first first important external exchange in May , since his Japanese Amtsko Abe in Toko Abe in Toko Abe in Tokoko Abe in Toko Abe in Toko Abe in Toko Abe in Toko Asia .
2026-05-11 19:45:47,528 - INFO - joeynmt.training - Example #2
2026-05-11 19:45:47,528 - DEBUG - joeynmt.training - 	Tokenized source:     ['Herr', 'Mo@@', 'd@@', 'i', 'befindet', 'sich', 'auf', 'einer', 'fü@@', 'n@@', 'f@@', 'tä@@', 'gi@@', 'gen', 'Rei@@', 'se', 'nach', 'J@@', 'ap@@', 'an', ',', 'um', 'die', 'wirtschaf@@', 'tlichen', 'Be@@', 'zieh@@', 'ungen', 'mit', 'der', 'd@@', 'rit@@', 't@@', 'größ@@', 'ten', 'Wirtschafts@@', 'n@@', 'ation', 'der', 'Welt', 'zu', 'fes@@', 'tigen', '.']
2026-05-11 19:45:47,528 - DEBUG - joeynmt.training - 	Tokenized reference:  ['Mr', 'Mo@@', 'd@@', 'i', 'is', 'on', 'a', 'fi@@', 've', '@@@', '-@@', '@', 'day', 'tri@@', 'p', 'to', 'J@@', 'ap@@', 'an', 'to', 'streng@@', 'then', 'economic', 'ties', 'with', 'the', 'third', 'lar@@', 'ges@@', 't', 'econom@@', 'y', 'in', 'the', 'world', '.']
2026-05-11 19:45:47,528 - DEBUG - joeynmt.training - 	Tokenized hypothesis: ['Mr', 'Mo@@', 'del', 'is', 'one', 'fi@@', 'f@@', 'ty', 'of', 'a', 'fi@@', 'f@@', 'ty', 'tra@@', 'v@@', 'el', 'to', 'J@@', 'ap@@', 'an', ',', 'to', 'j@@', 'ap@@', 'an', ',', 'to', 'be', 'a', 'f@@', 'air', 'economic', 'rel@@', 'ations', 'with', 'the', 'third', 'lar@@', 'ges@@', 't', 'economic', 'rel@@', 'ations', '.', '</s>']
2026-05-11 19:45:47,528 - INFO - joeynmt.training - 	Source:     Herr Modi befindet sich auf einer fünftägigen Reise nach Japan , um die wirtschaftlichen Beziehungen mit der drittgrößten Wirtschaftsnation der Welt zu festigen .
2026-05-11 19:45:47,528 - INFO - joeynmt.training - 	Reference:  Mr Modi is on a five @-@ day trip to Japan to strengthen economic ties with the third largest economy in the world .
2026-05-11 19:45:47,528 - INFO - joeynmt.training - 	Hypothesis: Mr Model is one fifty of a fifty travel to Japan , to japan , to be a fair economic relations with the third largest economic relations .
2026-05-11 19:45:47,528 - INFO - joeynmt.training - Example #3
2026-05-11 19:45:47,528 - DEBUG - joeynmt.training - 	Tokenized source:     ['P@@', 'län@@', 'e', 'für', 'eine', 'stärk@@', 'ere', 'k@@', 'ern@@', 'techn@@', 'ische', 'Zusammenarbeit', 'stehen', 'ganz', 'ob@@', 'en', 'auf', 'der', 'Tag@@', 'es@@', 'ordnung', '.']
2026-05-11 19:45:47,528 - DEBUG - joeynmt.training - 	Tokenized reference:  ['high', 'on', 'the', 'agen@@', 'da', 'are', 'pl@@', 'ans', 'for', 'gre@@', 'ater', 'nu@@', 'clear', 'c@@', 'o', '@@@', '-@@', '@', 'operation', '.']
2026-05-11 19:45:47,528 - DEBUG - joeynmt.training - 	Tokenized hypothesis: ['p@@', 'ass@@', 'ing', 'for', 'a', 'more', 'seri@@', 'ous', 'techn@@', 'ical', 'cooperation', ',', 'and', 'we', 'are', 'going', 'on', 'the', 'agen@@', 'da', '.', '</s>']
2026-05-11 19:45:47,528 - INFO - joeynmt.training - 	Source:     Pläne für eine stärkere kerntechnische Zusammenarbeit stehen ganz oben auf der Tagesordnung .
2026-05-11 19:45:47,528 - INFO - joeynmt.training - 	Reference:  high on the agenda are plans for greater nuclear co @-@ operation .
2026-05-11 19:45:47,528 - INFO - joeynmt.training - 	Hypothesis: passing for a more serious technical cooperation , and we are going on the agenda .
2026-05-11 19:45:47,528 - INFO - joeynmt.training - Example #4
2026-05-11 19:45:47,529 - DEBUG - joeynmt.training - 	Tokenized source:     ['Berich@@', 'ten', 'zu@@', 'fol@@', 'ge', 'ho@@', 'fft', 'Indi@@', 'en', 'darüber', 'hinaus', 'auf', 'einen', 'Ver@@', 'trag', 'zur', 'Ver@@', 'tei@@', 'dig@@', 'ungs@@', 'zusammen@@', 'arbeit', 'zwischen', 'den', 'beiden', 'N@@', 'ationen', '.']
2026-05-11 19:45:47,529 - DEBUG - joeynmt.training - 	Tokenized reference:  ['Indi@@', 'a', 'is', 'also', 're@@', 'porte@@', 'dly', 'hop@@', 'ing', 'for', 'a', 'de@@', 'al', 'on', 'def@@', 'ence', 'c@@', 'oll@@', 'ab@@', 'or@@', 'ation', 'between', 'the', 'two', 'n@@', 'ations', '.']
2026-05-11 19:45:47,529 - DEBUG - joeynmt.training - 	Tokenized hypothesis: ['re@@', 'ports', ',', 'the', 'succ@@', 'ess', 'of', 'the', 'following', 'a', 'Tre@@', 'aty', 'on', 'a', 'Tre@@', 'aty', 'on', 'the', 'basis', 'of', 'the', 'two', 'N@@', 'ations', '.', '</s>']
2026-05-11 19:45:47,529 - INFO - joeynmt.training - 	Source:     Berichten zufolge hofft Indien darüber hinaus auf einen Vertrag zur Verteidigungszusammenarbeit zwischen den beiden Nationen .
2026-05-11 19:45:47,529 - INFO - joeynmt.training - 	Reference:  India is also reportedly hoping for a deal on defence collaboration between the two nations .
2026-05-11 19:45:47,529 - INFO - joeynmt.training - 	Hypothesis: reports , the success of the following a Treaty on a Treaty on the basis of the two Nations .
2026-05-11 19:46:13,628 - INFO - joeynmt.training - Epoch   4, Step:    15100, Batch Loss:     1.969445, Batch Acc: 0.488220, Tokens per Sec:     3474, Lr: 0.000300
2026-05-11 19:46:39,263 - INFO - joeynmt.training - Epoch   4, Step:    15200, Batch Loss:     1.744307, Batch Acc: 0.489007, Tokens per Sec:     3556, Lr: 0.000300
2026-05-11 19:47:05,256 - INFO - joeynmt.training - Epoch   4, Step:    15300, Batch Loss:     1.913067, Batch Acc: 0.483888, Tokens per Sec:     3559, Lr: 0.000300
2026-05-11 19:47:31,377 - INFO - joeynmt.training - Epoch   4, Step:    15400, Batch Loss:     1.948630, Batch Acc: 0.485890, Tokens per Sec:     3503, Lr: 0.000300
2026-05-11 19:47:57,480 - INFO - joeynmt.training - Epoch   4, Step:    15500, Batch Loss:     1.901248, Batch Acc: 0.488860, Tokens per Sec:     3549, Lr: 0.000300
2026-05-11 19:47:57,480 - INFO - joeynmt.prediction - Predicting 500 example(s)... (Greedy decoding with min_output_length=1, max_output_length=-1, return_prob='none', generate_unk=True, repetition_penalty=-1, no_repeat_ngram_size=-1)
2026-05-11 19:48:34,153 - INFO - joeynmt.prediction - Evaluation result (greedy) loss:   2.22, ppl:   9.23, acc:   0.42, generation: 36.6646[sec], evaluation: 0.0000[sec]
2026-05-11 19:48:34,318 - INFO - joeynmt.helpers - delete models/deen_transformer_pre/13000.ckpt
2026-05-11 19:48:34,326 - INFO - joeynmt.training - Example #0
2026-05-11 19:48:34,326 - DEBUG - joeynmt.training - 	Tokenized source:     ['die', 'Pre@@', 'mi@@', 'er@@', 'minist@@', 'er', 'Indi@@', 'ens', 'und', 'J@@', 'ap@@', 'ans', 'tra@@', 'fen', 'sich', 'in', 'T@@', 'ok@@', 'i@@', 'o', '.']
2026-05-11 19:48:34,326 - DEBUG - joeynmt.training - 	Tokenized reference:  ['Indi@@', 'a', 'and', 'J@@', 'ap@@', 'an', 'pri@@', 'me', 'minist@@', 'ers', 'me@@', 'et', 'in', 'T@@', 'ok@@', 'y@@', 'o']
2026-05-11 19:48:34,326 - DEBUG - joeynmt.training - 	Tokenized hypothesis: ['the', 'price', 'of', 'the', 'price', 'minist@@', 'er', 'Indi@@', 'a', 'and', 'J@@', 'ap@@', 'an', '&apos;s', 'pri@@', 'me', 'to', 'have', 'been', 'in', 'T@@', 'ok@@', 'i@@', 'o', '.', '</s>']
2026-05-11 19:48:34,327 - INFO - joeynmt.training - 	Source:     die Premierminister Indiens und Japans trafen sich in Tokio .
2026-05-11 19:48:34,327 - INFO - joeynmt.training - 	Reference:  India and Japan prime ministers meet in Tokyo
2026-05-11 19:48:34,327 - INFO - joeynmt.training - 	Hypothesis: the price of the price minister India and Japan &apos;s prime to have been in Tokio .
2026-05-11 19:48:34,327 - INFO - joeynmt.training - Example #1
2026-05-11 19:48:34,327 - DEBUG - joeynmt.training - 	Tokenized source:     ['Indi@@', 'ens', 'neu@@', 'er', 'Pre@@', 'mi@@', 'er@@', 'minist@@', 'er', 'N@@', 'ar@@', 'end@@', 'ra', 'Mo@@', 'd@@', 'i', 'tri@@', 'fft', 'bei', 's@@', 'einem', 'ersten', 'wichti@@', 'gen', 'Aus@@', 'land@@', 's@@', 'bes@@', 'u@@', 'ch', 'seit', 's@@', 'einem', 'W@@', 'ah@@', 'l@@', 'si@@', 'e@@', 'g', 'im', 'Ma@@', 'i', 'seinen', 'j@@', 'ap@@', 'an@@', 'ischen', 'Am@@', 'ts@@', 'k@@', 'olle@@', 'gen', 'S@@', 'hin@@', 'z@@', 'o', 'A@@', 'be', 'in', 'T@@', 'ok@@', 'o', ',', 'um', 'wirtschaf@@', 'tliche', 'und', 'sicher@@', 'heits@@', 'politische', 'Be@@', 'zieh@@', 'ungen', 'zu', 'bes@@', 'pre@@', 'chen', '.']
2026-05-11 19:48:34,327 - DEBUG - joeynmt.training - 	Tokenized reference:  ['Indi@@', 'a', '&apos;s', 'new', 'pri@@', 'me', 'minist@@', 'er', ',', 'N@@', 'ar@@', 'end@@', 'ra', 'Mo@@', 'd@@', 'i', ',', 'is', 'me@@', 'eting', 'his', 'J@@', 'ap@@', 'an@@', 'ese', 'coun@@', 'ter@@', 'part', ',', 'S@@', 'hin@@', 'z@@', 'o', 'A@@', 'be', ',', 'in', 'T@@', 'ok@@', 'y@@', 'o', 'to', 'disc@@', 'uss', 'economic', 'and', 'security', 'ties', ',', 'on', 'his', 'first', 'major', 'fore@@', 'ign', 'visi@@', 't', 'since', 'w@@', 'inn@@', 'ing', 'Ma@@', 'y', '&apos;s', 'elec@@', 'tion', '.']
2026-05-11 19:48:34,327 - DEBUG - joeynmt.training - 	Tokenized hypothesis: ['the', 'new', 'price', 'of', 'the', 'Ne@@', 'w', 'Pri@@', 'me', 'Minist@@', 'er', 'N@@', 'ar@@', 'end@@', 'ra', 'Mo@@', 'd@@', 'i', ',', 'in', 'his', 'first', 'important', 'ex@@', 'change', ',', 'the', 'first', 'important', 'ex@@', 'change', 'of', 'the', 'new', 'pri@@', 'vi@@', 'leg@@', 'ed', 'to', 'the', 'J@@', 'ap@@', 'an', 'A@@', 'an', 'A@@', 'be', '&apos;s', 'J@@', 'ap@@', 'an', 'A@@', 'be', 'in', 'T@@', 'ok@@', 'o', ',', 'economic', 'and', 'saf@@', 'ety', ',', 'and', 'saf@@', 'ety', 'political', 'rel@@', 'ations', '.', '</s>']
2026-05-11 19:48:34,327 - INFO - joeynmt.training - 	Source:     Indiens neuer Premierminister Narendra Modi trifft bei seinem ersten wichtigen Auslandsbesuch seit seinem Wahlsieg im Mai seinen japanischen Amtskollegen Shinzo Abe in Toko , um wirtschaftliche und sicherheitspolitische Beziehungen zu besprechen .
2026-05-11 19:48:34,327 - INFO - joeynmt.training - 	Reference:  India &apos;s new prime minister , Narendra Modi , is meeting his Japanese counterpart , Shinzo Abe , in Tokyo to discuss economic and security ties , on his first major foreign visit since winning May &apos;s election .
2026-05-11 19:48:34,327 - INFO - joeynmt.training - 	Hypothesis: the new price of the New Prime Minister Narendra Modi , in his first important exchange , the first important exchange of the new privileged to the Japan Aan Abe &apos;s Japan Abe in Toko , economic and safety , and safety political relations .
2026-05-11 19:48:34,327 - INFO - joeynmt.training - Example #2
2026-05-11 19:48:34,327 - DEBUG - joeynmt.training - 	Tokenized source:     ['Herr', 'Mo@@', 'd@@', 'i', 'befindet', 'sich', 'auf', 'einer', 'fü@@', 'n@@', 'f@@', 'tä@@', 'gi@@', 'gen', 'Rei@@', 'se', 'nach', 'J@@', 'ap@@', 'an', ',', 'um', 'die', 'wirtschaf@@', 'tlichen', 'Be@@', 'zieh@@', 'ungen', 'mit', 'der', 'd@@', 'rit@@', 't@@', 'größ@@', 'ten', 'Wirtschafts@@', 'n@@', 'ation', 'der', 'Welt', 'zu', 'fes@@', 'tigen', '.']
2026-05-11 19:48:34,327 - DEBUG - joeynmt.training - 	Tokenized reference:  ['Mr', 'Mo@@', 'd@@', 'i', 'is', 'on', 'a', 'fi@@', 've', '@@@', '-@@', '@', 'day', 'tri@@', 'p', 'to', 'J@@', 'ap@@', 'an', 'to', 'streng@@', 'then', 'economic', 'ties', 'with', 'the', 'third', 'lar@@', 'ges@@', 't', 'econom@@', 'y', 'in', 'the', 'world', '.']
2026-05-11 19:48:34,327 - DEBUG - joeynmt.training - 	Tokenized hypothesis: ['Mr', 'Mo@@', 'd@@', 'i', 'is', 'located', 'on', 'a', 'fi@@', 'f@@', 'th', 'of', 'a', 'fi@@', 'f@@', 'th', 'of', 'the', 'world', '&apos;s', 'economic', 'rel@@', 'ations', 'with', 'the', 'third', 'lar@@', 'ges@@', 't', 'economic', 'rel@@', 'ations', '.', '</s>']
2026-05-11 19:48:34,328 - INFO - joeynmt.training - 	Source:     Herr Modi befindet sich auf einer fünftägigen Reise nach Japan , um die wirtschaftlichen Beziehungen mit der drittgrößten Wirtschaftsnation der Welt zu festigen .
2026-05-11 19:48:34,328 - INFO - joeynmt.training - 	Reference:  Mr Modi is on a five @-@ day trip to Japan to strengthen economic ties with the third largest economy in the world .
2026-05-11 19:48:34,328 - INFO - joeynmt.training - 	Hypothesis: Mr Modi is located on a fifth of a fifth of the world &apos;s economic relations with the third largest economic relations .
2026-05-11 19:48:34,328 - INFO - joeynmt.training - Example #3
2026-05-11 19:48:34,328 - DEBUG - joeynmt.training - 	Tokenized source:     ['P@@', 'län@@', 'e', 'für', 'eine', 'stärk@@', 'ere', 'k@@', 'ern@@', 'techn@@', 'ische', 'Zusammenarbeit', 'stehen', 'ganz', 'ob@@', 'en', 'auf', 'der', 'Tag@@', 'es@@', 'ordnung', '.']
2026-05-11 19:48:34,328 - DEBUG - joeynmt.training - 	Tokenized reference:  ['high', 'on', 'the', 'agen@@', 'da', 'are', 'pl@@', 'ans', 'for', 'gre@@', 'ater', 'nu@@', 'clear', 'c@@', 'o', '@@@', '-@@', '@', 'operation', '.']
2026-05-11 19:48:34,328 - DEBUG - joeynmt.training - 	Tokenized hypothesis: ['p@@', 'ass@@', 'ed', 'for', 'more', 'seri@@', 'ous', 'techn@@', 'ical', 'cooperation', 'are', 'very', 'ob@@', 'vi@@', 'ously', 'on', 'the', 'agen@@', 'da', '.', '</s>']
2026-05-11 19:48:34,328 - INFO - joeynmt.training - 	Source:     Pläne für eine stärkere kerntechnische Zusammenarbeit stehen ganz oben auf der Tagesordnung .
2026-05-11 19:48:34,328 - INFO - joeynmt.training - 	Reference:  high on the agenda are plans for greater nuclear co @-@ operation .
2026-05-11 19:48:34,328 - INFO - joeynmt.training - 	Hypothesis: passed for more serious technical cooperation are very obviously on the agenda .
2026-05-11 19:48:34,328 - INFO - joeynmt.training - Example #4
2026-05-11 19:48:34,328 - DEBUG - joeynmt.training - 	Tokenized source:     ['Berich@@', 'ten', 'zu@@', 'fol@@', 'ge', 'ho@@', 'fft', 'Indi@@', 'en', 'darüber', 'hinaus', 'auf', 'einen', 'Ver@@', 'trag', 'zur', 'Ver@@', 'tei@@', 'dig@@', 'ungs@@', 'zusammen@@', 'arbeit', 'zwischen', 'den', 'beiden', 'N@@', 'ationen', '.']
2026-05-11 19:48:34,328 - DEBUG - joeynmt.training - 	Tokenized reference:  ['Indi@@', 'a', 'is', 'also', 're@@', 'porte@@', 'dly', 'hop@@', 'ing', 'for', 'a', 'de@@', 'al', 'on', 'def@@', 'ence', 'c@@', 'oll@@', 'ab@@', 'or@@', 'ation', 'between', 'the', 'two', 'n@@', 'ations', '.']
2026-05-11 19:48:34,328 - DEBUG - joeynmt.training - 	Tokenized hypothesis: ['the', 'following', 'deta@@', 'ils', 'of', 'the', 'following', 'deta@@', 'ils', 'on', 'a', 'con@@', 'tra@@', 'ct', 'on', 'the', 'con@@', 'tra@@', 'ct', 'cooperation', 'between', 'the', 'two', 'N@@', 'ations', '.', '</s>']
2026-05-11 19:48:34,328 - INFO - joeynmt.training - 	Source:     Berichten zufolge hofft Indien darüber hinaus auf einen Vertrag zur Verteidigungszusammenarbeit zwischen den beiden Nationen .
2026-05-11 19:48:34,328 - INFO - joeynmt.training - 	Reference:  India is also reportedly hoping for a deal on defence collaboration between the two nations .
2026-05-11 19:48:34,329 - INFO - joeynmt.training - 	Hypothesis: the following details of the following details on a contract on the contract cooperation between the two Nations .
2026-05-11 19:48:59,708 - INFO - joeynmt.training - Epoch   4, Step:    15600, Batch Loss:     1.825824, Batch Acc: 0.487509, Tokens per Sec:     3575, Lr: 0.000300
2026-05-11 19:49:26,041 - INFO - joeynmt.training - Epoch   4, Step:    15700, Batch Loss:     1.845569, Batch Acc: 0.484357, Tokens per Sec:     3518, Lr: 0.000300
2026-05-11 19:49:51,724 - INFO - joeynmt.training - Epoch   4, Step:    15800, Batch Loss:     1.802717, Batch Acc: 0.490234, Tokens per Sec:     3574, Lr: 0.000300
2026-05-11 19:50:17,870 - INFO - joeynmt.training - Epoch   4, Step:    15900, Batch Loss:     1.904743, Batch Acc: 0.484596, Tokens per Sec:     3555, Lr: 0.000300
2026-05-11 19:50:43,814 - INFO - joeynmt.training - Epoch   4, Step:    16000, Batch Loss:     1.699268, Batch Acc: 0.485257, Tokens per Sec:     3558, Lr: 0.000300
2026-05-11 19:50:43,814 - INFO - joeynmt.prediction - Predicting 500 example(s)... (Greedy decoding with min_output_length=1, max_output_length=-1, return_prob='none', generate_unk=True, repetition_penalty=-1, no_repeat_ngram_size=-1)
2026-05-11 19:51:21,092 - INFO - joeynmt.prediction - Evaluation result (greedy) loss:   2.19, ppl:   8.93, acc:   0.44, generation: 37.2692[sec], evaluation: 0.0000[sec]
2026-05-11 19:51:21,095 - INFO - joeynmt.training - Hooray! New best validation result [ppl]!
2026-05-11 19:51:21,259 - INFO - joeynmt.helpers - delete models/deen_transformer_pre/13500.ckpt
2026-05-11 19:51:21,263 - INFO - joeynmt.training - Example #0
2026-05-11 19:51:21,263 - DEBUG - joeynmt.training - 	Tokenized source:     ['die', 'Pre@@', 'mi@@', 'er@@', 'minist@@', 'er', 'Indi@@', 'ens', 'und', 'J@@', 'ap@@', 'ans', 'tra@@', 'fen', 'sich', 'in', 'T@@', 'ok@@', 'i@@', 'o', '.']
2026-05-11 19:51:21,263 - DEBUG - joeynmt.training - 	Tokenized reference:  ['Indi@@', 'a', 'and', 'J@@', 'ap@@', 'an', 'pri@@', 'me', 'minist@@', 'ers', 'me@@', 'et', 'in', 'T@@', 'ok@@', 'y@@', 'o']
2026-05-11 19:51:21,263 - DEBUG - joeynmt.training - 	Tokenized hypothesis: ['the', 'Pri@@', 'me', 'Minist@@', 'er', 'Indi@@', 'a', 'and', 'J@@', 'ap@@', 'an', 'is', 'tra@@', 'ining', 'in', 'T@@', 'ok@@', 'i@@', 'o', '.', '</s>']
2026-05-11 19:51:21,264 - INFO - joeynmt.training - 	Source:     die Premierminister Indiens und Japans trafen sich in Tokio .
2026-05-11 19:51:21,264 - INFO - joeynmt.training - 	Reference:  India and Japan prime ministers meet in Tokyo
2026-05-11 19:51:21,264 - INFO - joeynmt.training - 	Hypothesis: the Prime Minister India and Japan is training in Tokio .
2026-05-11 19:51:21,264 - INFO - joeynmt.training - Example #1
2026-05-11 19:51:21,264 - DEBUG - joeynmt.training - 	Tokenized source:     ['Indi@@', 'ens', 'neu@@', 'er', 'Pre@@', 'mi@@', 'er@@', 'minist@@', 'er', 'N@@', 'ar@@', 'end@@', 'ra', 'Mo@@', 'd@@', 'i', 'tri@@', 'fft', 'bei', 's@@', 'einem', 'ersten', 'wichti@@', 'gen', 'Aus@@', 'land@@', 's@@', 'bes@@', 'u@@', 'ch', 'seit', 's@@', 'einem', 'W@@', 'ah@@', 'l@@', 'si@@', 'e@@', 'g', 'im', 'Ma@@', 'i', 'seinen', 'j@@', 'ap@@', 'an@@', 'ischen', 'Am@@', 'ts@@', 'k@@', 'olle@@', 'gen', 'S@@', 'hin@@', 'z@@', 'o', 'A@@', 'be', 'in', 'T@@', 'ok@@', 'o', ',', 'um', 'wirtschaf@@', 'tliche', 'und', 'sicher@@', 'heits@@', 'politische', 'Be@@', 'zieh@@', 'ungen', 'zu', 'bes@@', 'pre@@', 'chen', '.']
2026-05-11 19:51:21,264 - DEBUG - joeynmt.training - 	Tokenized reference:  ['Indi@@', 'a', '&apos;s', 'new', 'pri@@', 'me', 'minist@@', 'er', ',', 'N@@', 'ar@@', 'end@@', 'ra', 'Mo@@', 'd@@', 'i', ',', 'is', 'me@@', 'eting', 'his', 'J@@', 'ap@@', 'an@@', 'ese', 'coun@@', 'ter@@', 'part', ',', 'S@@', 'hin@@', 'z@@', 'o', 'A@@', 'be', ',', 'in', 'T@@', 'ok@@', 'y@@', 'o', 'to', 'disc@@', 'uss', 'economic', 'and', 'security', 'ties', ',', 'on', 'his', 'first', 'major', 'fore@@', 'ign', 'visi@@', 't', 'since', 'w@@', 'inn@@', 'ing', 'Ma@@', 'y', '&apos;s', 'elec@@', 'tion', '.']
2026-05-11 19:51:21,264 - DEBUG - joeynmt.training - 	Tokenized hypothesis: ['Indi@@', 'a', '&apos;s', 'Ne@@', 'w', 'Pri@@', 'me', 'Minist@@', 'er', 'N@@', 'ar@@', 'end@@', 'ra', 'Mo@@', 'd@@', 'i', ',', 'in', 'his', 'first', 'first', 'important', 'ex@@', 'tern@@', 'al', 'ex@@', 'tern@@', 'al', ',', 'since', 'his', 'J@@', 'ap@@', 'an', 'A@@', 'be', 'in', 'Ma@@', 'y', ',', 'the', 'J@@', 'ap@@', 'an@@', 'ese', 'of', 'S@@', 'hin@@', 'z@@', 'z@@', 'o', 'A@@', 'be', 'in', 'T@@', 'ok@@', 'o', 'A@@', 'be', 'in', 'T@@', 'ok@@', 'o', ',', 'in', 'T@@', 'ok@@', 'o', ',', 'in', 'T@@', 'ok@@', 'o', ',', 'in', 'order', 'to', 're@@', 'duce', 'economic', 'and', 'saf@@', 'ety', '.', '</s>']
2026-05-11 19:51:21,264 - INFO - joeynmt.training - 	Source:     Indiens neuer Premierminister Narendra Modi trifft bei seinem ersten wichtigen Auslandsbesuch seit seinem Wahlsieg im Mai seinen japanischen Amtskollegen Shinzo Abe in Toko , um wirtschaftliche und sicherheitspolitische Beziehungen zu besprechen .
2026-05-11 19:51:21,264 - INFO - joeynmt.training - 	Reference:  India &apos;s new prime minister , Narendra Modi , is meeting his Japanese counterpart , Shinzo Abe , in Tokyo to discuss economic and security ties , on his first major foreign visit since winning May &apos;s election .
2026-05-11 19:51:21,264 - INFO - joeynmt.training - 	Hypothesis: India &apos;s New Prime Minister Narendra Modi , in his first first important external external , since his Japan Abe in May , the Japanese of Shinzzo Abe in Toko Abe in Toko , in Toko , in Toko , in order to reduce economic and safety .
2026-05-11 19:51:21,264 - INFO - joeynmt.training - Example #2
2026-05-11 19:51:21,264 - DEBUG - joeynmt.training - 	Tokenized source:     ['Herr', 'Mo@@', 'd@@', 'i', 'befindet', 'sich', 'auf', 'einer', 'fü@@', 'n@@', 'f@@', 'tä@@', 'gi@@', 'gen', 'Rei@@', 'se', 'nach', 'J@@', 'ap@@', 'an', ',', 'um', 'die', 'wirtschaf@@', 'tlichen', 'Be@@', 'zieh@@', 'ungen', 'mit', 'der', 'd@@', 'rit@@', 't@@', 'größ@@', 'ten', 'Wirtschafts@@', 'n@@', 'ation', 'der', 'Welt', 'zu', 'fes@@', 'tigen', '.']
2026-05-11 19:51:21,264 - DEBUG - joeynmt.training - 	Tokenized reference:  ['Mr', 'Mo@@', 'd@@', 'i', 'is', 'on', 'a', 'fi@@', 've', '@@@', '-@@', '@', 'day', 'tri@@', 'p', 'to', 'J@@', 'ap@@', 'an', 'to', 'streng@@', 'then', 'economic', 'ties', 'with', 'the', 'third', 'lar@@', 'ges@@', 't', 'econom@@', 'y', 'in', 'the', 'world', '.']
2026-05-11 19:51:21,264 - DEBUG - joeynmt.training - 	Tokenized hypothesis: ['Mr', 'Mo@@', 'del', 'is', 'one', 'of', 'the', 'fi@@', 'f@@', 'ty', 'of', 'the', 'world', '&apos;s', 'economic', 'rel@@', 'ation@@', 'ship', 'with', 'the', 'third', 'lar@@', 'ges@@', 't', 'economic', 'rel@@', 'ation@@', 'ship', 'with', 'the', 'third', 'lar@@', 'ges@@', 't', 'economic', 'rel@@', 'ation@@', 'ship', 'with', 'the', 'third', 'lar@@', 'ges@@', 't', 'economic', 'rel@@', 'ation@@', 'ship', '.', '</s>']
2026-05-11 19:51:21,265 - INFO - joeynmt.training - 	Source:     Herr Modi befindet sich auf einer fünftägigen Reise nach Japan , um die wirtschaftlichen Beziehungen mit der drittgrößten Wirtschaftsnation der Welt zu festigen .
2026-05-11 19:51:21,265 - INFO - joeynmt.training - 	Reference:  Mr Modi is on a five @-@ day trip to Japan to strengthen economic ties with the third largest economy in the world .
2026-05-11 19:51:21,265 - INFO - joeynmt.training - 	Hypothesis: Mr Model is one of the fifty of the world &apos;s economic relationship with the third largest economic relationship with the third largest economic relationship with the third largest economic relationship .
2026-05-11 19:51:21,265 - INFO - joeynmt.training - Example #3
2026-05-11 19:51:21,265 - DEBUG - joeynmt.training - 	Tokenized source:     ['P@@', 'län@@', 'e', 'für', 'eine', 'stärk@@', 'ere', 'k@@', 'ern@@', 'techn@@', 'ische', 'Zusammenarbeit', 'stehen', 'ganz', 'ob@@', 'en', 'auf', 'der', 'Tag@@', 'es@@', 'ordnung', '.']
2026-05-11 19:51:21,265 - DEBUG - joeynmt.training - 	Tokenized reference:  ['high', 'on', 'the', 'agen@@', 'da', 'are', 'pl@@', 'ans', 'for', 'gre@@', 'ater', 'nu@@', 'clear', 'c@@', 'o', '@@@', '-@@', '@', 'operation', '.']
2026-05-11 19:51:21,265 - DEBUG - joeynmt.training - 	Tokenized hypothesis: ['p@@', 'ru@@', 'd@@', 'ent', 'for', 'more', 'more', 'seri@@', 'ous', 'techn@@', 'ical', 'cooperation', 'are', 'ob@@', 'vi@@', 'ously', 'on', 'the', 'agen@@', 'da', '.', '</s>']
2026-05-11 19:51:21,265 - INFO - joeynmt.training - 	Source:     Pläne für eine stärkere kerntechnische Zusammenarbeit stehen ganz oben auf der Tagesordnung .
2026-05-11 19:51:21,265 - INFO - joeynmt.training - 	Reference:  high on the agenda are plans for greater nuclear co @-@ operation .
2026-05-11 19:51:21,265 - INFO - joeynmt.training - 	Hypothesis: prudent for more more serious technical cooperation are obviously on the agenda .
2026-05-11 19:51:21,265 - INFO - joeynmt.training - Example #4
2026-05-11 19:51:21,265 - DEBUG - joeynmt.training - 	Tokenized source:     ['Berich@@', 'ten', 'zu@@', 'fol@@', 'ge', 'ho@@', 'fft', 'Indi@@', 'en', 'darüber', 'hinaus', 'auf', 'einen', 'Ver@@', 'trag', 'zur', 'Ver@@', 'tei@@', 'dig@@', 'ungs@@', 'zusammen@@', 'arbeit', 'zwischen', 'den', 'beiden', 'N@@', 'ationen', '.']
2026-05-11 19:51:21,265 - DEBUG - joeynmt.training - 	Tokenized reference:  ['Indi@@', 'a', 'is', 'also', 're@@', 'porte@@', 'dly', 'hop@@', 'ing', 'for', 'a', 'de@@', 'al', 'on', 'def@@', 'ence', 'c@@', 'oll@@', 'ab@@', 'or@@', 'ation', 'between', 'the', 'two', 'n@@', 'ations', '.']
2026-05-11 19:51:21,265 - DEBUG - joeynmt.training - 	Tokenized hypothesis: ['re@@', 'ports', ',', 'the', 'following', 'succ@@', 'ess', 'of', 'the', 'fact', 'that', 'the', 'con@@', 'tra@@', 'ct', 'on', 'the', 'con@@', 'tra@@', 'ct', '.', '</s>']
2026-05-11 19:51:21,265 - INFO - joeynmt.training - 	Source:     Berichten zufolge hofft Indien darüber hinaus auf einen Vertrag zur Verteidigungszusammenarbeit zwischen den beiden Nationen .
2026-05-11 19:51:21,265 - INFO - joeynmt.training - 	Reference:  India is also reportedly hoping for a deal on defence collaboration between the two nations .
2026-05-11 19:51:21,265 - INFO - joeynmt.training - 	Hypothesis: reports , the following success of the fact that the contract on the contract .
2026-05-11 19:51:47,266 - INFO - joeynmt.training - Epoch   4, Step:    16100, Batch Loss:     1.995270, Batch Acc: 0.486822, Tokens per Sec:     3501, Lr: 0.000300
2026-05-11 19:52:13,443 - INFO - joeynmt.training - Epoch   4, Step:    16200, Batch Loss:     1.922276, Batch Acc: 0.491125, Tokens per Sec:     3560, Lr: 0.000300
2026-05-11 19:52:30,390 - INFO - joeynmt.training - Epoch   4: total training loss 7773.87
2026-05-11 19:52:30,390 - INFO - joeynmt.training - EPOCH 5
2026-05-11 19:52:39,723 - INFO - joeynmt.training - Epoch   5, Step:    16300, Batch Loss:     1.865545, Batch Acc: 0.502739, Tokens per Sec:     3521, Lr: 0.000300
2026-05-11 19:53:06,117 - INFO - joeynmt.training - Epoch   5, Step:    16400, Batch Loss:     1.751034, Batch Acc: 0.507626, Tokens per Sec:     3480, Lr: 0.000300
2026-05-11 19:53:32,174 - INFO - joeynmt.training - Epoch   5, Step:    16500, Batch Loss:     1.952782, Batch Acc: 0.504938, Tokens per Sec:     3575, Lr: 0.000300
2026-05-11 19:53:32,174 - INFO - joeynmt.prediction - Predicting 500 example(s)... (Greedy decoding with min_output_length=1, max_output_length=-1, return_prob='none', generate_unk=True, repetition_penalty=-1, no_repeat_ngram_size=-1)
2026-05-11 19:54:12,136 - INFO - joeynmt.prediction - Evaluation result (greedy) loss:   2.20, ppl:   9.06, acc:   0.43, generation: 39.9533[sec], evaluation: 0.0000[sec]
2026-05-11 19:54:12,291 - INFO - joeynmt.helpers - delete models/deen_transformer_pre/14000.ckpt
2026-05-11 19:54:12,298 - INFO - joeynmt.training - Example #0
2026-05-11 19:54:12,298 - DEBUG - joeynmt.training - 	Tokenized source:     ['die', 'Pre@@', 'mi@@', 'er@@', 'minist@@', 'er', 'Indi@@', 'ens', 'und', 'J@@', 'ap@@', 'ans', 'tra@@', 'fen', 'sich', 'in', 'T@@', 'ok@@', 'i@@', 'o', '.']
2026-05-11 19:54:12,298 - DEBUG - joeynmt.training - 	Tokenized reference:  ['Indi@@', 'a', 'and', 'J@@', 'ap@@', 'an', 'pri@@', 'me', 'minist@@', 'ers', 'me@@', 'et', 'in', 'T@@', 'ok@@', 'y@@', 'o']
2026-05-11 19:54:12,299 - DEBUG - joeynmt.training - 	Tokenized hypothesis: ['the', 'Pri@@', 'me', 'Minist@@', 'er', 'Indi@@', 'a', 'and', 'J@@', 'ap@@', 'an', '&apos;s', 'A@@', 's@@', 'soci@@', 'ation', '.', '</s>']
2026-05-11 19:54:12,299 - INFO - joeynmt.training - 	Source:     die Premierminister Indiens und Japans trafen sich in Tokio .
2026-05-11 19:54:12,299 - INFO - joeynmt.training - 	Reference:  India and Japan prime ministers meet in Tokyo
2026-05-11 19:54:12,299 - INFO - joeynmt.training - 	Hypothesis: the Prime Minister India and Japan &apos;s Association .
2026-05-11 19:54:12,299 - INFO - joeynmt.training - Example #1
2026-05-11 19:54:12,299 - DEBUG - joeynmt.training - 	Tokenized source:     ['Indi@@', 'ens', 'neu@@', 'er', 'Pre@@', 'mi@@', 'er@@', 'minist@@', 'er', 'N@@', 'ar@@', 'end@@', 'ra', 'Mo@@', 'd@@', 'i', 'tri@@', 'fft', 'bei', 's@@', 'einem', 'ersten', 'wichti@@', 'gen', 'Aus@@', 'land@@', 's@@', 'bes@@', 'u@@', 'ch', 'seit', 's@@', 'einem', 'W@@', 'ah@@', 'l@@', 'si@@', 'e@@', 'g', 'im', 'Ma@@', 'i', 'seinen', 'j@@', 'ap@@', 'an@@', 'ischen', 'Am@@', 'ts@@', 'k@@', 'olle@@', 'gen', 'S@@', 'hin@@', 'z@@', 'o', 'A@@', 'be', 'in', 'T@@', 'ok@@', 'o', ',', 'um', 'wirtschaf@@', 'tliche', 'und', 'sicher@@', 'heits@@', 'politische', 'Be@@', 'zieh@@', 'ungen', 'zu', 'bes@@', 'pre@@', 'chen', '.']
2026-05-11 19:54:12,299 - DEBUG - joeynmt.training - 	Tokenized reference:  ['Indi@@', 'a', '&apos;s', 'new', 'pri@@', 'me', 'minist@@', 'er', ',', 'N@@', 'ar@@', 'end@@', 'ra', 'Mo@@', 'd@@', 'i', ',', 'is', 'me@@', 'eting', 'his', 'J@@', 'ap@@', 'an@@', 'ese', 'coun@@', 'ter@@', 'part', ',', 'S@@', 'hin@@', 'z@@', 'o', 'A@@', 'be', ',', 'in', 'T@@', 'ok@@', 'y@@', 'o', 'to', 'disc@@', 'uss', 'economic', 'and', 'security', 'ties', ',', 'on', 'his', 'first', 'major', 'fore@@', 'ign', 'visi@@', 't', 'since', 'w@@', 'inn@@', 'ing', 'Ma@@', 'y', '&apos;s', 'elec@@', 'tion', '.']
2026-05-11 19:54:12,299 - DEBUG - joeynmt.training - 	Tokenized hypothesis: ['Indi@@', 'a', '&apos;s', 'lat@@', 'er', 'Pri@@', 'me', 'Minist@@', 'er', 'N@@', 'ar@@', 'end@@', 'ra', 'Mo@@', 'd@@', 'i', ',', 'in', 'his', 'first', 'important', 'ex@@', 'tern@@', 'al', 'ex@@', 'tern@@', 'al', 'ex@@', 'tern@@', 'al', ',', 'since', 'his', 'J@@', 'ap@@', 'an@@', 'ese', 'of', 'the', 'M@@', 'ini@@', 'stry', 'of', 'S@@', 'hin@@', 'z@@', 'o', 'A@@', 'be', 'in', 'T@@', 'ok@@', 'o', 'A@@', 'be', 'in', 'T@@', 'ok@@', 'o', 'A@@', 'be', 'in', 'T@@', 'ok@@', 'o', 'A@@', 'be', 'in', 'T@@', 'ok@@', 'o', ',', 'and', 'S@@', 'hin@@', 'z@@', 'z@@', 'a', ',', 'and', 'saf@@', 'ety', 'of', 'the', 'political', 'rel@@', 'ations', '.', '</s>']
2026-05-11 19:54:12,299 - INFO - joeynmt.training - 	Source:     Indiens neuer Premierminister Narendra Modi trifft bei seinem ersten wichtigen Auslandsbesuch seit seinem Wahlsieg im Mai seinen japanischen Amtskollegen Shinzo Abe in Toko , um wirtschaftliche und sicherheitspolitische Beziehungen zu besprechen .
2026-05-11 19:54:12,299 - INFO - joeynmt.training - 	Reference:  India &apos;s new prime minister , Narendra Modi , is meeting his Japanese counterpart , Shinzo Abe , in Tokyo to discuss economic and security ties , on his first major foreign visit since winning May &apos;s election .
2026-05-11 19:54:12,299 - INFO - joeynmt.training - 	Hypothesis: India &apos;s later Prime Minister Narendra Modi , in his first important external external external , since his Japanese of the Ministry of Shinzo Abe in Toko Abe in Toko Abe in Toko Abe in Toko , and Shinzza , and safety of the political relations .
2026-05-11 19:54:12,299 - INFO - joeynmt.training - Example #2
2026-05-11 19:54:12,300 - DEBUG - joeynmt.training - 	Tokenized source:     ['Herr', 'Mo@@', 'd@@', 'i', 'befindet', 'sich', 'auf', 'einer', 'fü@@', 'n@@', 'f@@', 'tä@@', 'gi@@', 'gen', 'Rei@@', 'se', 'nach', 'J@@', 'ap@@', 'an', ',', 'um', 'die', 'wirtschaf@@', 'tlichen', 'Be@@', 'zieh@@', 'ungen', 'mit', 'der', 'd@@', 'rit@@', 't@@', 'größ@@', 'ten', 'Wirtschafts@@', 'n@@', 'ation', 'der', 'Welt', 'zu', 'fes@@', 'tigen', '.']
2026-05-11 19:54:12,300 - DEBUG - joeynmt.training - 	Tokenized reference:  ['Mr', 'Mo@@', 'd@@', 'i', 'is', 'on', 'a', 'fi@@', 've', '@@@', '-@@', '@', 'day', 'tri@@', 'p', 'to', 'J@@', 'ap@@', 'an', 'to', 'streng@@', 'then', 'economic', 'ties', 'with', 'the', 'third', 'lar@@', 'ges@@', 't', 'econom@@', 'y', 'in', 'the', 'world', '.']
2026-05-11 19:54:12,300 - DEBUG - joeynmt.training - 	Tokenized hypothesis: ['Mr', 'Mo@@', 'd@@', 'i', 'is', 'on', 'a', 'fi@@', 'f@@', 'ty', 'of', 'a', 'fi@@', 'f@@', 'te@@', 'en', 'tra@@', 'ff@@', 'i@@', 'ck@@', 'ing', 'to', 'the', 'economic', 'rel@@', 'ations', 'with', 'the', 'third', 'lar@@', 'ges@@', 't', 'economic', 'rel@@', 'ations', 'with', 'the', 'third', 'lar@@', 'ges@@', 't', 'economic', 'rel@@', 'ations', '.', '</s>']
2026-05-11 19:54:12,300 - INFO - joeynmt.training - 	Source:     Herr Modi befindet sich auf einer fünftägigen Reise nach Japan , um die wirtschaftlichen Beziehungen mit der drittgrößten Wirtschaftsnation der Welt zu festigen .
2026-05-11 19:54:12,300 - INFO - joeynmt.training - 	Reference:  Mr Modi is on a five @-@ day trip to Japan to strengthen economic ties with the third largest economy in the world .
2026-05-11 19:54:12,300 - INFO - joeynmt.training - 	Hypothesis: Mr Modi is on a fifty of a fifteen trafficking to the economic relations with the third largest economic relations with the third largest economic relations .
2026-05-11 19:54:12,300 - INFO - joeynmt.training - Example #3
2026-05-11 19:54:12,300 - DEBUG - joeynmt.training - 	Tokenized source:     ['P@@', 'län@@', 'e', 'für', 'eine', 'stärk@@', 'ere', 'k@@', 'ern@@', 'techn@@', 'ische', 'Zusammenarbeit', 'stehen', 'ganz', 'ob@@', 'en', 'auf', 'der', 'Tag@@', 'es@@', 'ordnung', '.']
2026-05-11 19:54:12,300 - DEBUG - joeynmt.training - 	Tokenized reference:  ['high', 'on', 'the', 'agen@@', 'da', 'are', 'pl@@', 'ans', 'for', 'gre@@', 'ater', 'nu@@', 'clear', 'c@@', 'o', '@@@', '-@@', '@', 'operation', '.']
2026-05-11 19:54:12,300 - DEBUG - joeynmt.training - 	Tokenized hypothesis: ['p@@', 'an@@', 'els', 'for', 'more', 'seri@@', 'ous', 'techn@@', 'ical', 'cooperation', 'are', 'qu@@', 'ite', 'ob@@', 'tain@@', 'ed', 'on', 'the', 'agen@@', 'da', '.', '</s>']
2026-05-11 19:54:12,300 - INFO - joeynmt.training - 	Source:     Pläne für eine stärkere kerntechnische Zusammenarbeit stehen ganz oben auf der Tagesordnung .
2026-05-11 19:54:12,300 - INFO - joeynmt.training - 	Reference:  high on the agenda are plans for greater nuclear co @-@ operation .
2026-05-11 19:54:12,300 - INFO - joeynmt.training - 	Hypothesis: panels for more serious technical cooperation are quite obtained on the agenda .
2026-05-11 19:54:12,300 - INFO - joeynmt.training - Example #4
2026-05-11 19:54:12,300 - DEBUG - joeynmt.training - 	Tokenized source:     ['Berich@@', 'ten', 'zu@@', 'fol@@', 'ge', 'ho@@', 'fft', 'Indi@@', 'en', 'darüber', 'hinaus', 'auf', 'einen', 'Ver@@', 'trag', 'zur', 'Ver@@', 'tei@@', 'dig@@', 'ungs@@', 'zusammen@@', 'arbeit', 'zwischen', 'den', 'beiden', 'N@@', 'ationen', '.']
2026-05-11 19:54:12,300 - DEBUG - joeynmt.training - 	Tokenized reference:  ['Indi@@', 'a', 'is', 'also', 're@@', 'porte@@', 'dly', 'hop@@', 'ing', 'for', 'a', 'de@@', 'al', 'on', 'def@@', 'ence', 'c@@', 'oll@@', 'ab@@', 'or@@', 'ation', 'between', 'the', 'two', 'n@@', 'ations', '.']
2026-05-11 19:54:12,300 - DEBUG - joeynmt.training - 	Tokenized hypothesis: ['the', 'following', 'sign@@', 's', ',', 'Indi@@', 'a', '&apos;s', 'ad@@', 'di@@', 'tional', 'way', 'to', 'a', 'con@@', 'dem@@', 'n', 'on', 'a', 'con@@', 'dem@@', 'ning', 'ning', 'ning', 'ning', 'rel@@', 'ations', '.', '</s>']
2026-05-11 19:54:12,301 - INFO - joeynmt.training - 	Source:     Berichten zufolge hofft Indien darüber hinaus auf einen Vertrag zur Verteidigungszusammenarbeit zwischen den beiden Nationen .
2026-05-11 19:54:12,301 - INFO - joeynmt.training - 	Reference:  India is also reportedly hoping for a deal on defence collaboration between the two nations .
2026-05-11 19:54:12,301 - INFO - joeynmt.training - 	Hypothesis: the following signs , India &apos;s additional way to a condemn on a condemning ning ning ning relations .
2026-05-11 19:54:37,871 - INFO - joeynmt.training - Epoch   5, Step:    16600, Batch Loss:     1.919238, Batch Acc: 0.501090, Tokens per Sec:     3548, Lr: 0.000300
2026-05-11 19:55:03,981 - INFO - joeynmt.training - Epoch   5, Step:    16700, Batch Loss:     1.904360, Batch Acc: 0.504438, Tokens per Sec:     3504, Lr: 0.000300
2026-05-11 19:55:30,374 - INFO - joeynmt.training - Epoch   5, Step:    16800, Batch Loss:     1.752033, Batch Acc: 0.503915, Tokens per Sec:     3532, Lr: 0.000300
2026-05-11 19:55:56,442 - INFO - joeynmt.training - Epoch   5, Step:    16900, Batch Loss:     1.760649, Batch Acc: 0.506821, Tokens per Sec:     3532, Lr: 0.000300
2026-05-11 19:56:25,584 - INFO - joeynmt.training - Epoch   5, Step:    17000, Batch Loss:     1.786141, Batch Acc: 0.498936, Tokens per Sec:     3241, Lr: 0.000300
2026-05-11 19:56:25,585 - INFO - joeynmt.prediction - Predicting 500 example(s)... (Greedy decoding with min_output_length=1, max_output_length=-1, return_prob='none', generate_unk=True, repetition_penalty=-1, no_repeat_ngram_size=-1)
2026-05-11 19:57:13,140 - INFO - joeynmt.prediction - Evaluation result (greedy) loss:   2.19, ppl:   8.96, acc:   0.44, generation: 47.5464[sec], evaluation: 0.0000[sec]
2026-05-11 19:57:13,304 - INFO - joeynmt.helpers - delete models/deen_transformer_pre/14500.ckpt
2026-05-11 19:57:13,310 - INFO - joeynmt.training - Example #0
2026-05-11 19:57:13,310 - DEBUG - joeynmt.training - 	Tokenized source:     ['die', 'Pre@@', 'mi@@', 'er@@', 'minist@@', 'er', 'Indi@@', 'ens', 'und', 'J@@', 'ap@@', 'ans', 'tra@@', 'fen', 'sich', 'in', 'T@@', 'ok@@', 'i@@', 'o', '.']
2026-05-11 19:57:13,310 - DEBUG - joeynmt.training - 	Tokenized reference:  ['Indi@@', 'a', 'and', 'J@@', 'ap@@', 'an', 'pri@@', 'me', 'minist@@', 'ers', 'me@@', 'et', 'in', 'T@@', 'ok@@', 'y@@', 'o']
2026-05-11 19:57:13,310 - DEBUG - joeynmt.training - 	Tokenized hypothesis: ['the', 'pri@@', 'me', 'minist@@', 'er', 'Indi@@', 'a', 'and', 'J@@', 'ap@@', 'an', ',', 'in', 'T@@', 'ok@@', 'i@@', 'o', '.', '</s>']
2026-05-11 19:57:13,310 - INFO - joeynmt.training - 	Source:     die Premierminister Indiens und Japans trafen sich in Tokio .
2026-05-11 19:57:13,310 - INFO - joeynmt.training - 	Reference:  India and Japan prime ministers meet in Tokyo
2026-05-11 19:57:13,310 - INFO - joeynmt.training - 	Hypothesis: the prime minister India and Japan , in Tokio .
2026-05-11 19:57:13,310 - INFO - joeynmt.training - Example #1
2026-05-11 19:57:13,311 - DEBUG - joeynmt.training - 	Tokenized source:     ['Indi@@', 'ens', 'neu@@', 'er', 'Pre@@', 'mi@@', 'er@@', 'minist@@', 'er', 'N@@', 'ar@@', 'end@@', 'ra', 'Mo@@', 'd@@', 'i', 'tri@@', 'fft', 'bei', 's@@', 'einem', 'ersten', 'wichti@@', 'gen', 'Aus@@', 'land@@', 's@@', 'bes@@', 'u@@', 'ch', 'seit', 's@@', 'einem', 'W@@', 'ah@@', 'l@@', 'si@@', 'e@@', 'g', 'im', 'Ma@@', 'i', 'seinen', 'j@@', 'ap@@', 'an@@', 'ischen', 'Am@@', 'ts@@', 'k@@', 'olle@@', 'gen', 'S@@', 'hin@@', 'z@@', 'o', 'A@@', 'be', 'in', 'T@@', 'ok@@', 'o', ',', 'um', 'wirtschaf@@', 'tliche', 'und', 'sicher@@', 'heits@@', 'politische', 'Be@@', 'zieh@@', 'ungen', 'zu', 'bes@@', 'pre@@', 'chen', '.']
2026-05-11 19:57:13,311 - DEBUG - joeynmt.training - 	Tokenized reference:  ['Indi@@', 'a', '&apos;s', 'new', 'pri@@', 'me', 'minist@@', 'er', ',', 'N@@', 'ar@@', 'end@@', 'ra', 'Mo@@', 'd@@', 'i', ',', 'is', 'me@@', 'eting', 'his', 'J@@', 'ap@@', 'an@@', 'ese', 'coun@@', 'ter@@', 'part', ',', 'S@@', 'hin@@', 'z@@', 'o', 'A@@', 'be', ',', 'in', 'T@@', 'ok@@', 'y@@', 'o', 'to', 'disc@@', 'uss', 'economic', 'and', 'security', 'ties', ',', 'on', 'his', 'first', 'major', 'fore@@', 'ign', 'visi@@', 't', 'since', 'w@@', 'inn@@', 'ing', 'Ma@@', 'y', '&apos;s', 'elec@@', 'tion', '.']
2026-05-11 19:57:13,311 - DEBUG - joeynmt.training - 	Tokenized hypothesis: ['Indi@@', 'a', '&apos;s', 'lat@@', 'er', 'Pri@@', 'me', 'Minist@@', 'er', 'N@@', 'ar@@', 'end@@', 'ra', 'Mo@@', 'd@@', 'i', ',', 'in', 'his', 'first', 'first', 'of', 'all', ',', 'since', 'his', 'elec@@', 'tion', ',', 'he', 'was', 'a', 'first', 'important', 'ex@@', 'change', 'of', 'its', 'J@@', 'ap@@', 'an@@', 'ese', 'S@@', 'hin@@', 'z@@', 'o', 'A@@', 'be', 'in', 'T@@', 'ok@@', 'o', 'A@@', 'be', 'in', 'T@@', 'ok@@', 'o', 'A@@', 'be', 'in', 'T@@', 'ok@@', 'o', 'A@@', 'be', 'in', 'T@@', 'ok@@', 'o', ',', 'and', 'the', 'S@@', 'hin@@', 'z@@', 'o', 'A@@', 'be', 'in', 'T@@', 'ok@@', 'o', '.', '</s>']
2026-05-11 19:57:13,311 - INFO - joeynmt.training - 	Source:     Indiens neuer Premierminister Narendra Modi trifft bei seinem ersten wichtigen Auslandsbesuch seit seinem Wahlsieg im Mai seinen japanischen Amtskollegen Shinzo Abe in Toko , um wirtschaftliche und sicherheitspolitische Beziehungen zu besprechen .
2026-05-11 19:57:13,311 - INFO - joeynmt.training - 	Reference:  India &apos;s new prime minister , Narendra Modi , is meeting his Japanese counterpart , Shinzo Abe , in Tokyo to discuss economic and security ties , on his first major foreign visit since winning May &apos;s election .
2026-05-11 19:57:13,311 - INFO - joeynmt.training - 	Hypothesis: India &apos;s later Prime Minister Narendra Modi , in his first first of all , since his election , he was a first important exchange of its Japanese Shinzo Abe in Toko Abe in Toko Abe in Toko Abe in Toko , and the Shinzo Abe in Toko .
2026-05-11 19:57:13,311 - INFO - joeynmt.training - Example #2
2026-05-11 19:57:13,311 - DEBUG - joeynmt.training - 	Tokenized source:     ['Herr', 'Mo@@', 'd@@', 'i', 'befindet', 'sich', 'auf', 'einer', 'fü@@', 'n@@', 'f@@', 'tä@@', 'gi@@', 'gen', 'Rei@@', 'se', 'nach', 'J@@', 'ap@@', 'an', ',', 'um', 'die', 'wirtschaf@@', 'tlichen', 'Be@@', 'zieh@@', 'ungen', 'mit', 'der', 'd@@', 'rit@@', 't@@', 'größ@@', 'ten', 'Wirtschafts@@', 'n@@', 'ation', 'der', 'Welt', 'zu', 'fes@@', 'tigen', '.']
2026-05-11 19:57:13,311 - DEBUG - joeynmt.training - 	Tokenized reference:  ['Mr', 'Mo@@', 'd@@', 'i', 'is', 'on', 'a', 'fi@@', 've', '@@@', '-@@', '@', 'day', 'tri@@', 'p', 'to', 'J@@', 'ap@@', 'an', 'to', 'streng@@', 'then', 'economic', 'ties', 'with', 'the', 'third', 'lar@@', 'ges@@', 't', 'econom@@', 'y', 'in', 'the', 'world', '.']
2026-05-11 19:57:13,311 - DEBUG - joeynmt.training - 	Tokenized hypothesis: ['Mr', 'Mo@@', 'd@@', 'i', 'is', 'on', 'a', 'fi@@', 'f@@', 'ty', 'number', 'of', 'people', 'to', 'J@@', 'ap@@', 'an', 'to', 'be', 'able', 'to', 'comm@@', 'er@@', 'cial', 'rel@@', 'ations', 'with', 'the', 'third', 'lar@@', 'ges@@', 't', 'economic', 'rel@@', 'ations', 'with', 'the', 'third', 'lar@@', 'ges@@', 't', 'economic', 'rel@@', 'ations', '.', '</s>']
2026-05-11 19:57:13,311 - INFO - joeynmt.training - 	Source:     Herr Modi befindet sich auf einer fünftägigen Reise nach Japan , um die wirtschaftlichen Beziehungen mit der drittgrößten Wirtschaftsnation der Welt zu festigen .
2026-05-11 19:57:13,311 - INFO - joeynmt.training - 	Reference:  Mr Modi is on a five @-@ day trip to Japan to strengthen economic ties with the third largest economy in the world .
2026-05-11 19:57:13,311 - INFO - joeynmt.training - 	Hypothesis: Mr Modi is on a fifty number of people to Japan to be able to commercial relations with the third largest economic relations with the third largest economic relations .
2026-05-11 19:57:13,311 - INFO - joeynmt.training - Example #3
2026-05-11 19:57:13,311 - DEBUG - joeynmt.training - 	Tokenized source:     ['P@@', 'län@@', 'e', 'für', 'eine', 'stärk@@', 'ere', 'k@@', 'ern@@', 'techn@@', 'ische', 'Zusammenarbeit', 'stehen', 'ganz', 'ob@@', 'en', 'auf', 'der', 'Tag@@', 'es@@', 'ordnung', '.']
2026-05-11 19:57:13,312 - DEBUG - joeynmt.training - 	Tokenized reference:  ['high', 'on', 'the', 'agen@@', 'da', 'are', 'pl@@', 'ans', 'for', 'gre@@', 'ater', 'nu@@', 'clear', 'c@@', 'o', '@@@', '-@@', '@', 'operation', '.']
2026-05-11 19:57:13,312 - DEBUG - joeynmt.training - 	Tokenized hypothesis: ['p@@', 'ass@@', 'ing', 'for', 'more', 'seri@@', 'ous', 'techn@@', 'ical', 'cooperation', 'are', 'ob@@', 'vi@@', 'ously', 'on', 'the', 'agen@@', 'da', '.', '</s>']
2026-05-11 19:57:13,312 - INFO - joeynmt.training - 	Source:     Pläne für eine stärkere kerntechnische Zusammenarbeit stehen ganz oben auf der Tagesordnung .
2026-05-11 19:57:13,312 - INFO - joeynmt.training - 	Reference:  high on the agenda are plans for greater nuclear co @-@ operation .
2026-05-11 19:57:13,312 - INFO - joeynmt.training - 	Hypothesis: passing for more serious technical cooperation are obviously on the agenda .
2026-05-11 19:57:13,312 - INFO - joeynmt.training - Example #4
2026-05-11 19:57:13,312 - DEBUG - joeynmt.training - 	Tokenized source:     ['Berich@@', 'ten', 'zu@@', 'fol@@', 'ge', 'ho@@', 'fft', 'Indi@@', 'en', 'darüber', 'hinaus', 'auf', 'einen', 'Ver@@', 'trag', 'zur', 'Ver@@', 'tei@@', 'dig@@', 'ungs@@', 'zusammen@@', 'arbeit', 'zwischen', 'den', 'beiden', 'N@@', 'ationen', '.']
2026-05-11 19:57:13,312 - DEBUG - joeynmt.training - 	Tokenized reference:  ['Indi@@', 'a', 'is', 'also', 're@@', 'porte@@', 'dly', 'hop@@', 'ing', 'for', 'a', 'de@@', 'al', 'on', 'def@@', 'ence', 'c@@', 'oll@@', 'ab@@', 'or@@', 'ation', 'between', 'the', 'two', 'n@@', 'ations', '.']
2026-05-11 19:57:13,312 - DEBUG - joeynmt.training - 	Tokenized hypothesis: ['the', 'following', 'high@@', 'est', 'Indi@@', 'a', '&apos;s', 'con@@', 'tra@@', 'ct', 'on', 'a', 'con@@', 'tra@@', 'ct', 'on', 'the', 'con@@', 'tra@@', 'ct', 'cooperation', 'between', 'the', 'two', 'N@@', 'ations', '.', '</s>']
2026-05-11 19:57:13,312 - INFO - joeynmt.training - 	Source:     Berichten zufolge hofft Indien darüber hinaus auf einen Vertrag zur Verteidigungszusammenarbeit zwischen den beiden Nationen .
2026-05-11 19:57:13,312 - INFO - joeynmt.training - 	Reference:  India is also reportedly hoping for a deal on defence collaboration between the two nations .
2026-05-11 19:57:13,312 - INFO - joeynmt.training - 	Hypothesis: the following highest India &apos;s contract on a contract on the contract cooperation between the two Nations .
2026-05-11 19:57:39,292 - INFO - joeynmt.training - Epoch   5, Step:    17100, Batch Loss:     1.733701, Batch Acc: 0.500681, Tokens per Sec:     3479, Lr: 0.000300
2026-05-11 19:58:04,784 - INFO - joeynmt.training - Epoch   5, Step:    17200, Batch Loss:     1.892562, Batch Acc: 0.504000, Tokens per Sec:     3560, Lr: 0.000300
2026-05-11 19:58:30,597 - INFO - joeynmt.training - Epoch   5, Step:    17300, Batch Loss:     1.993606, Batch Acc: 0.501576, Tokens per Sec:     3577, Lr: 0.000300
2026-05-11 19:58:56,463 - INFO - joeynmt.training - Epoch   5, Step:    17400, Batch Loss:     2.265960, Batch Acc: 0.506097, Tokens per Sec:     3535, Lr: 0.000300
2026-05-11 19:59:22,045 - INFO - joeynmt.training - Epoch   5, Step:    17500, Batch Loss:     1.848983, Batch Acc: 0.502524, Tokens per Sec:     3647, Lr: 0.000300
2026-05-11 19:59:22,046 - INFO - joeynmt.prediction - Predicting 500 example(s)... (Greedy decoding with min_output_length=1, max_output_length=-1, return_prob='none', generate_unk=True, repetition_penalty=-1, no_repeat_ngram_size=-1)
2026-05-11 20:00:02,699 - INFO - joeynmt.prediction - Evaluation result (greedy) loss:   2.18, ppl:   8.89, acc:   0.44, generation: 40.6449[sec], evaluation: 0.0000[sec]
2026-05-11 20:00:02,702 - INFO - joeynmt.training - Hooray! New best validation result [ppl]!
2026-05-11 20:00:02,873 - INFO - joeynmt.helpers - delete models/deen_transformer_pre/15500.ckpt
2026-05-11 20:00:02,877 - INFO - joeynmt.training - Example #0
2026-05-11 20:00:02,877 - DEBUG - joeynmt.training - 	Tokenized source:     ['die', 'Pre@@', 'mi@@', 'er@@', 'minist@@', 'er', 'Indi@@', 'ens', 'und', 'J@@', 'ap@@', 'ans', 'tra@@', 'fen', 'sich', 'in', 'T@@', 'ok@@', 'i@@', 'o', '.']
2026-05-11 20:00:02,877 - DEBUG - joeynmt.training - 	Tokenized reference:  ['Indi@@', 'a', 'and', 'J@@', 'ap@@', 'an', 'pri@@', 'me', 'minist@@', 'ers', 'me@@', 'et', 'in', 'T@@', 'ok@@', 'y@@', 'o']
2026-05-11 20:00:02,877 - DEBUG - joeynmt.training - 	Tokenized hypothesis: ['the', 'price', 'of', 'Indi@@', 'a', 'and', 'J@@', 'ap@@', 'an', '&apos;s', '&apos;s', 'pre@@', 'mi@@', 'gration', '.', '</s>']
2026-05-11 20:00:02,877 - INFO - joeynmt.training - 	Source:     die Premierminister Indiens und Japans trafen sich in Tokio .
2026-05-11 20:00:02,878 - INFO - joeynmt.training - 	Reference:  India and Japan prime ministers meet in Tokyo
2026-05-11 20:00:02,878 - INFO - joeynmt.training - 	Hypothesis: the price of India and Japan &apos;s &apos;s premigration .
2026-05-11 20:00:02,878 - INFO - joeynmt.training - Example #1
2026-05-11 20:00:02,878 - DEBUG - joeynmt.training - 	Tokenized source:     ['Indi@@', 'ens', 'neu@@', 'er', 'Pre@@', 'mi@@', 'er@@', 'minist@@', 'er', 'N@@', 'ar@@', 'end@@', 'ra', 'Mo@@', 'd@@', 'i', 'tri@@', 'fft', 'bei', 's@@', 'einem', 'ersten', 'wichti@@', 'gen', 'Aus@@', 'land@@', 's@@', 'bes@@', 'u@@', 'ch', 'seit', 's@@', 'einem', 'W@@', 'ah@@', 'l@@', 'si@@', 'e@@', 'g', 'im', 'Ma@@', 'i', 'seinen', 'j@@', 'ap@@', 'an@@', 'ischen', 'Am@@', 'ts@@', 'k@@', 'olle@@', 'gen', 'S@@', 'hin@@', 'z@@', 'o', 'A@@', 'be', 'in', 'T@@', 'ok@@', 'o', ',', 'um', 'wirtschaf@@', 'tliche', 'und', 'sicher@@', 'heits@@', 'politische', 'Be@@', 'zieh@@', 'ungen', 'zu', 'bes@@', 'pre@@', 'chen', '.']
2026-05-11 20:00:02,878 - DEBUG - joeynmt.training - 	Tokenized reference:  ['Indi@@', 'a', '&apos;s', 'new', 'pri@@', 'me', 'minist@@', 'er', ',', 'N@@', 'ar@@', 'end@@', 'ra', 'Mo@@', 'd@@', 'i', ',', 'is', 'me@@', 'eting', 'his', 'J@@', 'ap@@', 'an@@', 'ese', 'coun@@', 'ter@@', 'part', ',', 'S@@', 'hin@@', 'z@@', 'o', 'A@@', 'be', ',', 'in', 'T@@', 'ok@@', 'y@@', 'o', 'to', 'disc@@', 'uss', 'economic', 'and', 'security', 'ties', ',', 'on', 'his', 'first', 'major', 'fore@@', 'ign', 'visi@@', 't', 'since', 'w@@', 'inn@@', 'ing', 'Ma@@', 'y', '&apos;s', 'elec@@', 'tion', '.']
2026-05-11 20:00:02,878 - DEBUG - joeynmt.training - 	Tokenized hypothesis: ['Indi@@', 'a', '&apos;s', 'lat@@', 'er', 'Pri@@', 'me', 'Minist@@', 'er', 'N@@', 'ar@@', 'end@@', 'ra', 'Mo@@', 'd@@', 'i', ',', 'in', 'his', 'first', 'important', 'ex@@', 'tern@@', 'al', 'ex@@', 'tern@@', 'al', ',', 'since', 'his', 'elec@@', 'tion', ',', 'the', 'first', 'important', 'ex@@', 'tern@@', 'al', 'colle@@', 'ction', 'of', 'the', 'A@@', 'be', 'in', 'M@@', 'or@@', 'occ@@', 'o', 'A@@', 'be', 'in', 'T@@', 'ok@@', 'o', 'A@@', 'be', 'in', 'T@@', 'ok@@', 'o', ',', 'in', 'order', 'to', 're@@', 'duce', 'economic', 'and', 'saf@@', 'ety', 'policy', 'rel@@', 'ation@@', 'ship', '.', '</s>']
2026-05-11 20:00:02,878 - INFO - joeynmt.training - 	Source:     Indiens neuer Premierminister Narendra Modi trifft bei seinem ersten wichtigen Auslandsbesuch seit seinem Wahlsieg im Mai seinen japanischen Amtskollegen Shinzo Abe in Toko , um wirtschaftliche und sicherheitspolitische Beziehungen zu besprechen .
2026-05-11 20:00:02,878 - INFO - joeynmt.training - 	Reference:  India &apos;s new prime minister , Narendra Modi , is meeting his Japanese counterpart , Shinzo Abe , in Tokyo to discuss economic and security ties , on his first major foreign visit since winning May &apos;s election .
2026-05-11 20:00:02,878 - INFO - joeynmt.training - 	Hypothesis: India &apos;s later Prime Minister Narendra Modi , in his first important external external , since his election , the first important external collection of the Abe in Morocco Abe in Toko Abe in Toko , in order to reduce economic and safety policy relationship .
2026-05-11 20:00:02,878 - INFO - joeynmt.training - Example #2
2026-05-11 20:00:02,878 - DEBUG - joeynmt.training - 	Tokenized source:     ['Herr', 'Mo@@', 'd@@', 'i', 'befindet', 'sich', 'auf', 'einer', 'fü@@', 'n@@', 'f@@', 'tä@@', 'gi@@', 'gen', 'Rei@@', 'se', 'nach', 'J@@', 'ap@@', 'an', ',', 'um', 'die', 'wirtschaf@@', 'tlichen', 'Be@@', 'zieh@@', 'ungen', 'mit', 'der', 'd@@', 'rit@@', 't@@', 'größ@@', 'ten', 'Wirtschafts@@', 'n@@', 'ation', 'der', 'Welt', 'zu', 'fes@@', 'tigen', '.']
2026-05-11 20:00:02,878 - DEBUG - joeynmt.training - 	Tokenized reference:  ['Mr', 'Mo@@', 'd@@', 'i', 'is', 'on', 'a', 'fi@@', 've', '@@@', '-@@', '@', 'day', 'tri@@', 'p', 'to', 'J@@', 'ap@@', 'an', 'to', 'streng@@', 'then', 'economic', 'ties', 'with', 'the', 'third', 'lar@@', 'ges@@', 't', 'econom@@', 'y', 'in', 'the', 'world', '.']
2026-05-11 20:00:02,878 - DEBUG - joeynmt.training - 	Tokenized hypothesis: ['Mr', 'Mo@@', 'd@@', 'i', 'is', 'on', 'a', 'fi@@', 'f@@', 'ty', 'of', 'a', 'fi@@', 'f@@', 'ty', 'of', 'j@@', 'ap@@', 'an', 'to', 'the', 'economic', 'rel@@', 'ation@@', 'ship', 'with', 'the', 'third', 'lar@@', 'ges@@', 't', 'economic', 'rel@@', 'ation@@', 'ship', '.', '</s>']
2026-05-11 20:00:02,878 - INFO - joeynmt.training - 	Source:     Herr Modi befindet sich auf einer fünftägigen Reise nach Japan , um die wirtschaftlichen Beziehungen mit der drittgrößten Wirtschaftsnation der Welt zu festigen .
2026-05-11 20:00:02,878 - INFO - joeynmt.training - 	Reference:  Mr Modi is on a five @-@ day trip to Japan to strengthen economic ties with the third largest economy in the world .
2026-05-11 20:00:02,879 - INFO - joeynmt.training - 	Hypothesis: Mr Modi is on a fifty of a fifty of japan to the economic relationship with the third largest economic relationship .
2026-05-11 20:00:02,879 - INFO - joeynmt.training - Example #3
2026-05-11 20:00:02,879 - DEBUG - joeynmt.training - 	Tokenized source:     ['P@@', 'län@@', 'e', 'für', 'eine', 'stärk@@', 'ere', 'k@@', 'ern@@', 'techn@@', 'ische', 'Zusammenarbeit', 'stehen', 'ganz', 'ob@@', 'en', 'auf', 'der', 'Tag@@', 'es@@', 'ordnung', '.']
2026-05-11 20:00:02,879 - DEBUG - joeynmt.training - 	Tokenized reference:  ['high', 'on', 'the', 'agen@@', 'da', 'are', 'pl@@', 'ans', 'for', 'gre@@', 'ater', 'nu@@', 'clear', 'c@@', 'o', '@@@', '-@@', '@', 'operation', '.']
2026-05-11 20:00:02,879 - DEBUG - joeynmt.training - 	Tokenized hypothesis: ['p@@', 'ass@@', 'ing', 'for', 'more', 'more', 'seri@@', 'ous', 'techn@@', 'ical', 'cooperation', ',', 'we', 'are', 'in', 'the', 'agen@@', 'da', '.', '</s>']
2026-05-11 20:00:02,879 - INFO - joeynmt.training - 	Source:     Pläne für eine stärkere kerntechnische Zusammenarbeit stehen ganz oben auf der Tagesordnung .
2026-05-11 20:00:02,879 - INFO - joeynmt.training - 	Reference:  high on the agenda are plans for greater nuclear co @-@ operation .
2026-05-11 20:00:02,879 - INFO - joeynmt.training - 	Hypothesis: passing for more more serious technical cooperation , we are in the agenda .
2026-05-11 20:00:02,879 - INFO - joeynmt.training - Example #4
2026-05-11 20:00:02,879 - DEBUG - joeynmt.training - 	Tokenized source:     ['Berich@@', 'ten', 'zu@@', 'fol@@', 'ge', 'ho@@', 'fft', 'Indi@@', 'en', 'darüber', 'hinaus', 'auf', 'einen', 'Ver@@', 'trag', 'zur', 'Ver@@', 'tei@@', 'dig@@', 'ungs@@', 'zusammen@@', 'arbeit', 'zwischen', 'den', 'beiden', 'N@@', 'ationen', '.']
2026-05-11 20:00:02,879 - DEBUG - joeynmt.training - 	Tokenized reference:  ['Indi@@', 'a', 'is', 'also', 're@@', 'porte@@', 'dly', 'hop@@', 'ing', 'for', 'a', 'de@@', 'al', 'on', 'def@@', 'ence', 'c@@', 'oll@@', 'ab@@', 'or@@', 'ation', 'between', 'the', 'two', 'n@@', 'ations', '.']
2026-05-11 20:00:02,879 - DEBUG - joeynmt.training - 	Tokenized hypothesis: ['the', 'following', 'no@@', 'tice', 'of', 'the', 'con@@', 'tra@@', 'ct', 'on', 'the', 'con@@', 'tra@@', 'ct', ',', 'on', 'the', 'con@@', 'tra@@', 'ct', ',', 'the', 'two', 'n@@', 'ations', '.', '</s>']
2026-05-11 20:00:02,879 - INFO - joeynmt.training - 	Source:     Berichten zufolge hofft Indien darüber hinaus auf einen Vertrag zur Verteidigungszusammenarbeit zwischen den beiden Nationen .
2026-05-11 20:00:02,879 - INFO - joeynmt.training - 	Reference:  India is also reportedly hoping for a deal on defence collaboration between the two nations .
2026-05-11 20:00:02,879 - INFO - joeynmt.training - 	Hypothesis: the following notice of the contract on the contract , on the contract , the two nations .
2026-05-11 20:00:28,279 - INFO - joeynmt.training - Epoch   5, Step:    17600, Batch Loss:     1.796514, Batch Acc: 0.505923, Tokens per Sec:     3538, Lr: 0.000300
2026-05-11 20:00:54,034 - INFO - joeynmt.training - Epoch   5, Step:    17700, Batch Loss:     1.957927, Batch Acc: 0.500439, Tokens per Sec:     3536, Lr: 0.000300
2026-05-11 20:01:19,738 - INFO - joeynmt.training - Epoch   5, Step:    17800, Batch Loss:     1.735456, Batch Acc: 0.500237, Tokens per Sec:     3607, Lr: 0.000300
2026-05-11 20:01:45,708 - INFO - joeynmt.training - Epoch   5, Step:    17900, Batch Loss:     1.733838, Batch Acc: 0.503369, Tokens per Sec:     3549, Lr: 0.000300
2026-05-11 20:02:11,229 - INFO - joeynmt.training - Epoch   5, Step:    18000, Batch Loss:     1.938044, Batch Acc: 0.506215, Tokens per Sec:     3594, Lr: 0.000300
2026-05-11 20:02:11,230 - INFO - joeynmt.prediction - Predicting 500 example(s)... (Greedy decoding with min_output_length=1, max_output_length=-1, return_prob='none', generate_unk=True, repetition_penalty=-1, no_repeat_ngram_size=-1)
2026-05-11 20:02:50,867 - INFO - joeynmt.prediction - Evaluation result (greedy) loss:   2.19, ppl:   8.91, acc:   0.44, generation: 39.6291[sec], evaluation: 0.0000[sec]
2026-05-11 20:02:51,038 - INFO - joeynmt.helpers - delete models/deen_transformer_pre/15000.ckpt
2026-05-11 20:02:51,045 - INFO - joeynmt.training - Example #0
2026-05-11 20:02:51,046 - DEBUG - joeynmt.training - 	Tokenized source:     ['die', 'Pre@@', 'mi@@', 'er@@', 'minist@@', 'er', 'Indi@@', 'ens', 'und', 'J@@', 'ap@@', 'ans', 'tra@@', 'fen', 'sich', 'in', 'T@@', 'ok@@', 'i@@', 'o', '.']
2026-05-11 20:02:51,046 - DEBUG - joeynmt.training - 	Tokenized reference:  ['Indi@@', 'a', 'and', 'J@@', 'ap@@', 'an', 'pri@@', 'me', 'minist@@', 'ers', 'me@@', 'et', 'in', 'T@@', 'ok@@', 'y@@', 'o']
2026-05-11 20:02:51,046 - DEBUG - joeynmt.training - 	Tokenized hypothesis: ['the', 'Pri@@', 'me', 'Minist@@', 'er', 'Indi@@', 'a', 'and', 'J@@', 'ap@@', 'an', '&apos;s', 'Pri@@', 'me', 'Minist@@', 'er', 'of', 'T@@', 'ok@@', 'i@@', 'o', '.', '</s>']
2026-05-11 20:02:51,046 - INFO - joeynmt.training - 	Source:     die Premierminister Indiens und Japans trafen sich in Tokio .
2026-05-11 20:02:51,046 - INFO - joeynmt.training - 	Reference:  India and Japan prime ministers meet in Tokyo
2026-05-11 20:02:51,046 - INFO - joeynmt.training - 	Hypothesis: the Prime Minister India and Japan &apos;s Prime Minister of Tokio .
2026-05-11 20:02:51,046 - INFO - joeynmt.training - Example #1
2026-05-11 20:02:51,046 - DEBUG - joeynmt.training - 	Tokenized source:     ['Indi@@', 'ens', 'neu@@', 'er', 'Pre@@', 'mi@@', 'er@@', 'minist@@', 'er', 'N@@', 'ar@@', 'end@@', 'ra', 'Mo@@', 'd@@', 'i', 'tri@@', 'fft', 'bei', 's@@', 'einem', 'ersten', 'wichti@@', 'gen', 'Aus@@', 'land@@', 's@@', 'bes@@', 'u@@', 'ch', 'seit', 's@@', 'einem', 'W@@', 'ah@@', 'l@@', 'si@@', 'e@@', 'g', 'im', 'Ma@@', 'i', 'seinen', 'j@@', 'ap@@', 'an@@', 'ischen', 'Am@@', 'ts@@', 'k@@', 'olle@@', 'gen', 'S@@', 'hin@@', 'z@@', 'o', 'A@@', 'be', 'in', 'T@@', 'ok@@', 'o', ',', 'um', 'wirtschaf@@', 'tliche', 'und', 'sicher@@', 'heits@@', 'politische', 'Be@@', 'zieh@@', 'ungen', 'zu', 'bes@@', 'pre@@', 'chen', '.']
2026-05-11 20:02:51,046 - DEBUG - joeynmt.training - 	Tokenized reference:  ['Indi@@', 'a', '&apos;s', 'new', 'pri@@', 'me', 'minist@@', 'er', ',', 'N@@', 'ar@@', 'end@@', 'ra', 'Mo@@', 'd@@', 'i', ',', 'is', 'me@@', 'eting', 'his', 'J@@', 'ap@@', 'an@@', 'ese', 'coun@@', 'ter@@', 'part', ',', 'S@@', 'hin@@', 'z@@', 'o', 'A@@', 'be', ',', 'in', 'T@@', 'ok@@', 'y@@', 'o', 'to', 'disc@@', 'uss', 'economic', 'and', 'security', 'ties', ',', 'on', 'his', 'first', 'major', 'fore@@', 'ign', 'visi@@', 't', 'since', 'w@@', 'inn@@', 'ing', 'Ma@@', 'y', '&apos;s', 'elec@@', 'tion', '.']
2026-05-11 20:02:51,046 - DEBUG - joeynmt.training - 	Tokenized hypothesis: ['Indi@@', 'a', '&apos;s', 'lat@@', 'er', 'Pri@@', 'me', 'Minist@@', 'er', 'N@@', 'ar@@', 'end@@', 'ra', 'Mo@@', 'd@@', 'i', ',', 'in', 'his', 'first', 'important', 'ex@@', 'tern@@', 'al', 'ex@@', 'tern@@', 'al', ',', 'since', 'his', 'first', 'of', 'the', 'M@@', 'ini@@', 'stry', 'of', 'S@@', 'hin@@', 'z@@', 'z@@', 'o', 'A@@', 'be', 'in', 'T@@', 'ok@@', 'o', 'A@@', 'be', 'in', 'T@@', 'ok@@', 'o', 'A@@', 'be', 'in', 'T@@', 'ok@@', 'o', 'A@@', 'be', 'in', 'T@@', 'ok@@', 'o', ',', 'in', 'T@@', 'ok@@', 'o', ',', 'in', 'order', 'to', 're@@', 'ad', 'economic', 'and', 'saf@@', 'ety', 'policy', 'rel@@', 'ations', '.', '</s>']
2026-05-11 20:02:51,046 - INFO - joeynmt.training - 	Source:     Indiens neuer Premierminister Narendra Modi trifft bei seinem ersten wichtigen Auslandsbesuch seit seinem Wahlsieg im Mai seinen japanischen Amtskollegen Shinzo Abe in Toko , um wirtschaftliche und sicherheitspolitische Beziehungen zu besprechen .
2026-05-11 20:02:51,046 - INFO - joeynmt.training - 	Reference:  India &apos;s new prime minister , Narendra Modi , is meeting his Japanese counterpart , Shinzo Abe , in Tokyo to discuss economic and security ties , on his first major foreign visit since winning May &apos;s election .
2026-05-11 20:02:51,046 - INFO - joeynmt.training - 	Hypothesis: India &apos;s later Prime Minister Narendra Modi , in his first important external external , since his first of the Ministry of Shinzzo Abe in Toko Abe in Toko Abe in Toko Abe in Toko , in Toko , in order to read economic and safety policy relations .
2026-05-11 20:02:51,046 - INFO - joeynmt.training - Example #2
2026-05-11 20:02:51,047 - DEBUG - joeynmt.training - 	Tokenized source:     ['Herr', 'Mo@@', 'd@@', 'i', 'befindet', 'sich', 'auf', 'einer', 'fü@@', 'n@@', 'f@@', 'tä@@', 'gi@@', 'gen', 'Rei@@', 'se', 'nach', 'J@@', 'ap@@', 'an', ',', 'um', 'die', 'wirtschaf@@', 'tlichen', 'Be@@', 'zieh@@', 'ungen', 'mit', 'der', 'd@@', 'rit@@', 't@@', 'größ@@', 'ten', 'Wirtschafts@@', 'n@@', 'ation', 'der', 'Welt', 'zu', 'fes@@', 'tigen', '.']
2026-05-11 20:02:51,047 - DEBUG - joeynmt.training - 	Tokenized reference:  ['Mr', 'Mo@@', 'd@@', 'i', 'is', 'on', 'a', 'fi@@', 've', '@@@', '-@@', '@', 'day', 'tri@@', 'p', 'to', 'J@@', 'ap@@', 'an', 'to', 'streng@@', 'then', 'economic', 'ties', 'with', 'the', 'third', 'lar@@', 'ges@@', 't', 'econom@@', 'y', 'in', 'the', 'world', '.']
2026-05-11 20:02:51,047 - DEBUG - joeynmt.training - 	Tokenized hypothesis: ['Mr', 'Mo@@', 'del', 'is', 'located', 'on', 'a', 'fi@@', 'f@@', 'ty', 'of', 'the', 'world', '&apos;s', 'most', 'fi@@', 'f@@', 'ty', ',', 'in', 'order', 'to', 're@@', 'duce', 'the', 'economic', 'rel@@', 'ations', 'with', 'the', 'third', 'lar@@', 'ges@@', 't', 'economic', 'rel@@', 'ations', '.', '</s>']
2026-05-11 20:02:51,047 - INFO - joeynmt.training - 	Source:     Herr Modi befindet sich auf einer fünftägigen Reise nach Japan , um die wirtschaftlichen Beziehungen mit der drittgrößten Wirtschaftsnation der Welt zu festigen .
2026-05-11 20:02:51,047 - INFO - joeynmt.training - 	Reference:  Mr Modi is on a five @-@ day trip to Japan to strengthen economic ties with the third largest economy in the world .
2026-05-11 20:02:51,047 - INFO - joeynmt.training - 	Hypothesis: Mr Model is located on a fifty of the world &apos;s most fifty , in order to reduce the economic relations with the third largest economic relations .
2026-05-11 20:02:51,047 - INFO - joeynmt.training - Example #3
2026-05-11 20:02:51,047 - DEBUG - joeynmt.training - 	Tokenized source:     ['P@@', 'län@@', 'e', 'für', 'eine', 'stärk@@', 'ere', 'k@@', 'ern@@', 'techn@@', 'ische', 'Zusammenarbeit', 'stehen', 'ganz', 'ob@@', 'en', 'auf', 'der', 'Tag@@', 'es@@', 'ordnung', '.']
2026-05-11 20:02:51,047 - DEBUG - joeynmt.training - 	Tokenized reference:  ['high', 'on', 'the', 'agen@@', 'da', 'are', 'pl@@', 'ans', 'for', 'gre@@', 'ater', 'nu@@', 'clear', 'c@@', 'o', '@@@', '-@@', '@', 'operation', '.']
2026-05-11 20:02:51,047 - DEBUG - joeynmt.training - 	Tokenized hypothesis: ['p@@', 'ass@@', 'ed', 'for', 'more', 'seri@@', 'ous', 'seri@@', 'ous', 'techn@@', 'ical', 'cooperation', 'are', 'ob@@', 'vi@@', 'ous', 'on', 'the', 'agen@@', 'da', '.', '</s>']
2026-05-11 20:02:51,047 - INFO - joeynmt.training - 	Source:     Pläne für eine stärkere kerntechnische Zusammenarbeit stehen ganz oben auf der Tagesordnung .
2026-05-11 20:02:51,047 - INFO - joeynmt.training - 	Reference:  high on the agenda are plans for greater nuclear co @-@ operation .
2026-05-11 20:02:51,047 - INFO - joeynmt.training - 	Hypothesis: passed for more serious serious technical cooperation are obvious on the agenda .
2026-05-11 20:02:51,047 - INFO - joeynmt.training - Example #4
2026-05-11 20:02:51,047 - DEBUG - joeynmt.training - 	Tokenized source:     ['Berich@@', 'ten', 'zu@@', 'fol@@', 'ge', 'ho@@', 'fft', 'Indi@@', 'en', 'darüber', 'hinaus', 'auf', 'einen', 'Ver@@', 'trag', 'zur', 'Ver@@', 'tei@@', 'dig@@', 'ungs@@', 'zusammen@@', 'arbeit', 'zwischen', 'den', 'beiden', 'N@@', 'ationen', '.']
2026-05-11 20:02:51,047 - DEBUG - joeynmt.training - 	Tokenized reference:  ['Indi@@', 'a', 'is', 'also', 're@@', 'porte@@', 'dly', 'hop@@', 'ing', 'for', 'a', 'de@@', 'al', 'on', 'def@@', 'ence', 'c@@', 'oll@@', 'ab@@', 'or@@', 'ation', 'between', 'the', 'two', 'n@@', 'ations', '.']
2026-05-11 20:02:51,047 - DEBUG - joeynmt.training - 	Tokenized hypothesis: ['the', 'following', 'high@@', 'est', 'Indi@@', 'a', 'is', 'also', 'the', 'case', 'on', 'a', 'con@@', 'tra@@', 'ct', 'on', 'the', 'con@@', 'tr@@', 'ary', 'to', 'the', 'two', 'N@@', 'ations', '.', '</s>']
2026-05-11 20:02:51,048 - INFO - joeynmt.training - 	Source:     Berichten zufolge hofft Indien darüber hinaus auf einen Vertrag zur Verteidigungszusammenarbeit zwischen den beiden Nationen .
2026-05-11 20:02:51,048 - INFO - joeynmt.training - 	Reference:  India is also reportedly hoping for a deal on defence collaboration between the two nations .
2026-05-11 20:02:51,048 - INFO - joeynmt.training - 	Hypothesis: the following highest India is also the case on a contract on the contrary to the two Nations .
2026-05-11 20:03:16,561 - INFO - joeynmt.training - Epoch   5, Step:    18100, Batch Loss:     1.850292, Batch Acc: 0.499453, Tokens per Sec:     3556, Lr: 0.000300
2026-05-11 20:03:43,064 - INFO - joeynmt.training - Epoch   5, Step:    18200, Batch Loss:     1.815783, Batch Acc: 0.504029, Tokens per Sec:     3437, Lr: 0.000300
2026-05-11 20:04:09,465 - INFO - joeynmt.training - Epoch   5, Step:    18300, Batch Loss:     1.924543, Batch Acc: 0.495655, Tokens per Sec:     3496, Lr: 0.000300
2026-05-11 20:04:35,826 - INFO - joeynmt.training - Epoch   5, Step:    18400, Batch Loss:     2.055236, Batch Acc: 0.495188, Tokens per Sec:     3493, Lr: 0.000300
2026-05-11 20:05:02,039 - INFO - joeynmt.training - Epoch   5, Step:    18500, Batch Loss:     1.837558, Batch Acc: 0.496557, Tokens per Sec:     3557, Lr: 0.000300
2026-05-11 20:05:02,040 - INFO - joeynmt.prediction - Predicting 500 example(s)... (Greedy decoding with min_output_length=1, max_output_length=-1, return_prob='none', generate_unk=True, repetition_penalty=-1, no_repeat_ngram_size=-1)
2026-05-11 20:05:33,924 - INFO - joeynmt.prediction - Evaluation result (greedy) loss:   2.17, ppl:   8.80, acc:   0.43, generation: 31.8770[sec], evaluation: 0.0000[sec]
2026-05-11 20:05:33,925 - INFO - joeynmt.training - Hooray! New best validation result [ppl]!
2026-05-11 20:05:34,080 - INFO - joeynmt.helpers - delete models/deen_transformer_pre/16500.ckpt
2026-05-11 20:05:34,084 - INFO - joeynmt.training - Example #0
2026-05-11 20:05:34,084 - DEBUG - joeynmt.training - 	Tokenized source:     ['die', 'Pre@@', 'mi@@', 'er@@', 'minist@@', 'er', 'Indi@@', 'ens', 'und', 'J@@', 'ap@@', 'ans', 'tra@@', 'fen', 'sich', 'in', 'T@@', 'ok@@', 'i@@', 'o', '.']
2026-05-11 20:05:34,084 - DEBUG - joeynmt.training - 	Tokenized reference:  ['Indi@@', 'a', 'and', 'J@@', 'ap@@', 'an', 'pri@@', 'me', 'minist@@', 'ers', 'me@@', 'et', 'in', 'T@@', 'ok@@', 'y@@', 'o']
2026-05-11 20:05:34,084 - DEBUG - joeynmt.training - 	Tokenized hypothesis: ['Pri@@', 'me', 'Minist@@', 'er', 'Indi@@', 'a', 'and', 'J@@', 'ap@@', 'an', '&apos;s', '&apos;s', 'Pri@@', 'me', 'Minist@@', 'er', '.', '</s>']
2026-05-11 20:05:34,084 - INFO - joeynmt.training - 	Source:     die Premierminister Indiens und Japans trafen sich in Tokio .
2026-05-11 20:05:34,084 - INFO - joeynmt.training - 	Reference:  India and Japan prime ministers meet in Tokyo
2026-05-11 20:05:34,085 - INFO - joeynmt.training - 	Hypothesis: Prime Minister India and Japan &apos;s &apos;s Prime Minister .
2026-05-11 20:05:34,085 - INFO - joeynmt.training - Example #1
2026-05-11 20:05:34,085 - DEBUG - joeynmt.training - 	Tokenized source:     ['Indi@@', 'ens', 'neu@@', 'er', 'Pre@@', 'mi@@', 'er@@', 'minist@@', 'er', 'N@@', 'ar@@', 'end@@', 'ra', 'Mo@@', 'd@@', 'i', 'tri@@', 'fft', 'bei', 's@@', 'einem', 'ersten', 'wichti@@', 'gen', 'Aus@@', 'land@@', 's@@', 'bes@@', 'u@@', 'ch', 'seit', 's@@', 'einem', 'W@@', 'ah@@', 'l@@', 'si@@', 'e@@', 'g', 'im', 'Ma@@', 'i', 'seinen', 'j@@', 'ap@@', 'an@@', 'ischen', 'Am@@', 'ts@@', 'k@@', 'olle@@', 'gen', 'S@@', 'hin@@', 'z@@', 'o', 'A@@', 'be', 'in', 'T@@', 'ok@@', 'o', ',', 'um', 'wirtschaf@@', 'tliche', 'und', 'sicher@@', 'heits@@', 'politische', 'Be@@', 'zieh@@', 'ungen', 'zu', 'bes@@', 'pre@@', 'chen', '.']
2026-05-11 20:05:34,085 - DEBUG - joeynmt.training - 	Tokenized reference:  ['Indi@@', 'a', '&apos;s', 'new', 'pri@@', 'me', 'minist@@', 'er', ',', 'N@@', 'ar@@', 'end@@', 'ra', 'Mo@@', 'd@@', 'i', ',', 'is', 'me@@', 'eting', 'his', 'J@@', 'ap@@', 'an@@', 'ese', 'coun@@', 'ter@@', 'part', ',', 'S@@', 'hin@@', 'z@@', 'o', 'A@@', 'be', ',', 'in', 'T@@', 'ok@@', 'y@@', 'o', 'to', 'disc@@', 'uss', 'economic', 'and', 'security', 'ties', ',', 'on', 'his', 'first', 'major', 'fore@@', 'ign', 'visi@@', 't', 'since', 'w@@', 'inn@@', 'ing', 'Ma@@', 'y', '&apos;s', 'elec@@', 'tion', '.']
2026-05-11 20:05:34,085 - DEBUG - joeynmt.training - 	Tokenized hypothesis: ['Indi@@', 'a', '&apos;s', 'lat@@', 'est', 'Pri@@', 'me', 'Minist@@', 'er', 'N@@', 'ar@@', 'end@@', 'ra', 'Mo@@', 'd@@', 'i', ',', 'in', 'his', 'first', 'important', 'ex@@', 'ag@@', 'ger@@', 'ation', 'of', 'the', 'A@@', 'mer@@', 'ic@@', 'a', '&apos;s', 'J@@', 'ap@@', 'an', 'A@@', 'be', 'in', 'M@@', 'il@@', 'an', 'A@@', 'be', 'in', 'T@@', 'ok@@', 'o', 'A@@', 'be', 'in', 'T@@', 'ok@@', 'o', 'A@@', 'be', 'in', 'T@@', 'ok@@', 'o', 'A@@', 'be', 'in', 'T@@', 'ok@@', 'o', 'A@@', 'be', 'in', 'T@@', 'ok@@', 'o', 'A@@', 'be', 'in', 'T@@', 'ok@@', 'o', 'A@@', 'be', 'in', 'T@@', 'ok@@', 'o', '.', '</s>']
2026-05-11 20:05:34,085 - INFO - joeynmt.training - 	Source:     Indiens neuer Premierminister Narendra Modi trifft bei seinem ersten wichtigen Auslandsbesuch seit seinem Wahlsieg im Mai seinen japanischen Amtskollegen Shinzo Abe in Toko , um wirtschaftliche und sicherheitspolitische Beziehungen zu besprechen .
2026-05-11 20:05:34,085 - INFO - joeynmt.training - 	Reference:  India &apos;s new prime minister , Narendra Modi , is meeting his Japanese counterpart , Shinzo Abe , in Tokyo to discuss economic and security ties , on his first major foreign visit since winning May &apos;s election .
2026-05-11 20:05:34,085 - INFO - joeynmt.training - 	Hypothesis: India &apos;s latest Prime Minister Narendra Modi , in his first important exaggeration of the America &apos;s Japan Abe in Milan Abe in Toko Abe in Toko Abe in Toko Abe in Toko Abe in Toko Abe in Toko Abe in Toko .
2026-05-11 20:05:34,085 - INFO - joeynmt.training - Example #2
2026-05-11 20:05:34,085 - DEBUG - joeynmt.training - 	Tokenized source:     ['Herr', 'Mo@@', 'd@@', 'i', 'befindet', 'sich', 'auf', 'einer', 'fü@@', 'n@@', 'f@@', 'tä@@', 'gi@@', 'gen', 'Rei@@', 'se', 'nach', 'J@@', 'ap@@', 'an', ',', 'um', 'die', 'wirtschaf@@', 'tlichen', 'Be@@', 'zieh@@', 'ungen', 'mit', 'der', 'd@@', 'rit@@', 't@@', 'größ@@', 'ten', 'Wirtschafts@@', 'n@@', 'ation', 'der', 'Welt', 'zu', 'fes@@', 'tigen', '.']
2026-05-11 20:05:34,085 - DEBUG - joeynmt.training - 	Tokenized reference:  ['Mr', 'Mo@@', 'd@@', 'i', 'is', 'on', 'a', 'fi@@', 've', '@@@', '-@@', '@', 'day', 'tri@@', 'p', 'to', 'J@@', 'ap@@', 'an', 'to', 'streng@@', 'then', 'economic', 'ties', 'with', 'the', 'third', 'lar@@', 'ges@@', 't', 'econom@@', 'y', 'in', 'the', 'world', '.']
2026-05-11 20:05:34,085 - DEBUG - joeynmt.training - 	Tokenized hypothesis: ['Mr', 'Mo@@', 'd@@', 'i', 'is', 'located', 'on', 'a', 'fi@@', 'f@@', 'ty', 'of', 'the', 'world', '&apos;s', 'economic', 'rel@@', 'ations', 'with', 'the', 'third', 'lar@@', 'ges@@', 't', 'economic', 'rel@@', 'ations', 'with', 'the', 'third', 'lar@@', 'ges@@', 't', 'economic', 'rel@@', 'ations', '.', '</s>']
2026-05-11 20:05:34,085 - INFO - joeynmt.training - 	Source:     Herr Modi befindet sich auf einer fünftägigen Reise nach Japan , um die wirtschaftlichen Beziehungen mit der drittgrößten Wirtschaftsnation der Welt zu festigen .
2026-05-11 20:05:34,085 - INFO - joeynmt.training - 	Reference:  Mr Modi is on a five @-@ day trip to Japan to strengthen economic ties with the third largest economy in the world .
2026-05-11 20:05:34,085 - INFO - joeynmt.training - 	Hypothesis: Mr Modi is located on a fifty of the world &apos;s economic relations with the third largest economic relations with the third largest economic relations .
2026-05-11 20:05:34,085 - INFO - joeynmt.training - Example #3
2026-05-11 20:05:34,086 - DEBUG - joeynmt.training - 	Tokenized source:     ['P@@', 'län@@', 'e', 'für', 'eine', 'stärk@@', 'ere', 'k@@', 'ern@@', 'techn@@', 'ische', 'Zusammenarbeit', 'stehen', 'ganz', 'ob@@', 'en', 'auf', 'der', 'Tag@@', 'es@@', 'ordnung', '.']
2026-05-11 20:05:34,086 - DEBUG - joeynmt.training - 	Tokenized reference:  ['high', 'on', 'the', 'agen@@', 'da', 'are', 'pl@@', 'ans', 'for', 'gre@@', 'ater', 'nu@@', 'clear', 'c@@', 'o', '@@@', '-@@', '@', 'operation', '.']
2026-05-11 20:05:34,086 - DEBUG - joeynmt.training - 	Tokenized hypothesis: ['p@@', 'ans', 'for', 'more', 'more', 'seri@@', 'ous', 'techn@@', 'ical', 'cooperation', 'are', 'ob@@', 'vi@@', 'ously', 'ob@@', 'vi@@', 'ously', '.', '</s>']
2026-05-11 20:05:34,086 - INFO - joeynmt.training - 	Source:     Pläne für eine stärkere kerntechnische Zusammenarbeit stehen ganz oben auf der Tagesordnung .
2026-05-11 20:05:34,086 - INFO - joeynmt.training - 	Reference:  high on the agenda are plans for greater nuclear co @-@ operation .
2026-05-11 20:05:34,086 - INFO - joeynmt.training - 	Hypothesis: pans for more more serious technical cooperation are obviously obviously .
2026-05-11 20:05:34,086 - INFO - joeynmt.training - Example #4
2026-05-11 20:05:34,086 - DEBUG - joeynmt.training - 	Tokenized source:     ['Berich@@', 'ten', 'zu@@', 'fol@@', 'ge', 'ho@@', 'fft', 'Indi@@', 'en', 'darüber', 'hinaus', 'auf', 'einen', 'Ver@@', 'trag', 'zur', 'Ver@@', 'tei@@', 'dig@@', 'ungs@@', 'zusammen@@', 'arbeit', 'zwischen', 'den', 'beiden', 'N@@', 'ationen', '.']
2026-05-11 20:05:34,086 - DEBUG - joeynmt.training - 	Tokenized reference:  ['Indi@@', 'a', 'is', 'also', 're@@', 'porte@@', 'dly', 'hop@@', 'ing', 'for', 'a', 'de@@', 'al', 'on', 'def@@', 'ence', 'c@@', 'oll@@', 'ab@@', 'or@@', 'ation', 'between', 'the', 'two', 'n@@', 'ations', '.']
2026-05-11 20:05:34,086 - DEBUG - joeynmt.training - 	Tokenized hypothesis: ['the', 're@@', 'ports', ',', 'Indi@@', 'a', '&apos;s', 'con@@', 'tra@@', 'ct', 'on', 'the', 'con@@', 'tr@@', 'ary', 'to', 'the', 'def@@', 'ence', 'of', 'the', 'two', 'N@@', 'ations', '.', '</s>']
2026-05-11 20:05:34,086 - INFO - joeynmt.training - 	Source:     Berichten zufolge hofft Indien darüber hinaus auf einen Vertrag zur Verteidigungszusammenarbeit zwischen den beiden Nationen .
2026-05-11 20:05:34,086 - INFO - joeynmt.training - 	Reference:  India is also reportedly hoping for a deal on defence collaboration between the two nations .
2026-05-11 20:05:34,086 - INFO - joeynmt.training - 	Hypothesis: the reports , India &apos;s contract on the contrary to the defence of the two Nations .
2026-05-11 20:05:59,996 - INFO - joeynmt.training - Epoch   5, Step:    18600, Batch Loss:     1.726737, Batch Acc: 0.498318, Tokens per Sec:     3524, Lr: 0.000300
2026-05-11 20:06:25,769 - INFO - joeynmt.training - Epoch   5, Step:    18700, Batch Loss:     1.764070, Batch Acc: 0.501545, Tokens per Sec:     3530, Lr: 0.000300
2026-05-11 20:06:52,274 - INFO - joeynmt.training - Epoch   5, Step:    18800, Batch Loss:     1.763939, Batch Acc: 0.502015, Tokens per Sec:     3454, Lr: 0.000300
2026-05-11 20:07:18,672 - INFO - joeynmt.training - Epoch   5, Step:    18900, Batch Loss:     1.859847, Batch Acc: 0.497509, Tokens per Sec:     3566, Lr: 0.000300
2026-05-11 20:07:45,852 - INFO - joeynmt.training - Epoch   5, Step:    19000, Batch Loss:     1.764884, Batch Acc: 0.500100, Tokens per Sec:     3326, Lr: 0.000300
2026-05-11 20:07:45,853 - INFO - joeynmt.prediction - Predicting 500 example(s)... (Greedy decoding with min_output_length=1, max_output_length=-1, return_prob='none', generate_unk=True, repetition_penalty=-1, no_repeat_ngram_size=-1)
2026-05-11 20:08:21,760 - INFO - joeynmt.prediction - Evaluation result (greedy) loss:   2.17, ppl:   8.78, acc:   0.44, generation: 35.8996[sec], evaluation: 0.0000[sec]
2026-05-11 20:08:21,763 - INFO - joeynmt.training - Hooray! New best validation result [ppl]!
2026-05-11 20:08:21,931 - INFO - joeynmt.helpers - delete models/deen_transformer_pre/17000.ckpt
2026-05-11 20:08:21,937 - INFO - joeynmt.training - Example #0
2026-05-11 20:08:21,937 - DEBUG - joeynmt.training - 	Tokenized source:     ['die', 'Pre@@', 'mi@@', 'er@@', 'minist@@', 'er', 'Indi@@', 'ens', 'und', 'J@@', 'ap@@', 'ans', 'tra@@', 'fen', 'sich', 'in', 'T@@', 'ok@@', 'i@@', 'o', '.']
2026-05-11 20:08:21,937 - DEBUG - joeynmt.training - 	Tokenized reference:  ['Indi@@', 'a', 'and', 'J@@', 'ap@@', 'an', 'pri@@', 'me', 'minist@@', 'ers', 'me@@', 'et', 'in', 'T@@', 'ok@@', 'y@@', 'o']
2026-05-11 20:08:21,937 - DEBUG - joeynmt.training - 	Tokenized hypothesis: ['the', 'Pri@@', 'me', 'Minist@@', 'er', 'Indi@@', 'a', 'and', 'J@@', 'ap@@', 'an', ',', 'the', 'Pri@@', 'me', 'Minist@@', 'er', 'of', 'T@@', 'ok@@', 'i@@', 'o', '.', '</s>']
2026-05-11 20:08:21,937 - INFO - joeynmt.training - 	Source:     die Premierminister Indiens und Japans trafen sich in Tokio .
2026-05-11 20:08:21,937 - INFO - joeynmt.training - 	Reference:  India and Japan prime ministers meet in Tokyo
2026-05-11 20:08:21,937 - INFO - joeynmt.training - 	Hypothesis: the Prime Minister India and Japan , the Prime Minister of Tokio .
2026-05-11 20:08:21,937 - INFO - joeynmt.training - Example #1
2026-05-11 20:08:21,937 - DEBUG - joeynmt.training - 	Tokenized source:     ['Indi@@', 'ens', 'neu@@', 'er', 'Pre@@', 'mi@@', 'er@@', 'minist@@', 'er', 'N@@', 'ar@@', 'end@@', 'ra', 'Mo@@', 'd@@', 'i', 'tri@@', 'fft', 'bei', 's@@', 'einem', 'ersten', 'wichti@@', 'gen', 'Aus@@', 'land@@', 's@@', 'bes@@', 'u@@', 'ch', 'seit', 's@@', 'einem', 'W@@', 'ah@@', 'l@@', 'si@@', 'e@@', 'g', 'im', 'Ma@@', 'i', 'seinen', 'j@@', 'ap@@', 'an@@', 'ischen', 'Am@@', 'ts@@', 'k@@', 'olle@@', 'gen', 'S@@', 'hin@@', 'z@@', 'o', 'A@@', 'be', 'in', 'T@@', 'ok@@', 'o', ',', 'um', 'wirtschaf@@', 'tliche', 'und', 'sicher@@', 'heits@@', 'politische', 'Be@@', 'zieh@@', 'ungen', 'zu', 'bes@@', 'pre@@', 'chen', '.']
2026-05-11 20:08:21,937 - DEBUG - joeynmt.training - 	Tokenized reference:  ['Indi@@', 'a', '&apos;s', 'new', 'pri@@', 'me', 'minist@@', 'er', ',', 'N@@', 'ar@@', 'end@@', 'ra', 'Mo@@', 'd@@', 'i', ',', 'is', 'me@@', 'eting', 'his', 'J@@', 'ap@@', 'an@@', 'ese', 'coun@@', 'ter@@', 'part', ',', 'S@@', 'hin@@', 'z@@', 'o', 'A@@', 'be', ',', 'in', 'T@@', 'ok@@', 'y@@', 'o', 'to', 'disc@@', 'uss', 'economic', 'and', 'security', 'ties', ',', 'on', 'his', 'first', 'major', 'fore@@', 'ign', 'visi@@', 't', 'since', 'w@@', 'inn@@', 'ing', 'Ma@@', 'y', '&apos;s', 'elec@@', 'tion', '.']
2026-05-11 20:08:21,937 - DEBUG - joeynmt.training - 	Tokenized hypothesis: ['Indi@@', 'a', '&apos;s', 'Ne@@', 'w', 'Pri@@', 'me', 'Minist@@', 'er', 'N@@', 'ar@@', 'end@@', 'ra', 'Mo@@', 'd@@', 'i', ',', 'the', 'S@@', 'hin@@', 'z@@', 'z@@', 'o', 'A@@', 'be', 'in', 'M@@', 'il@@', 'an', 'A@@', 'le@@', '-@@', 'O@@', 'ld', 'S@@', 'hin@@', 'z@@', 'z@@', 'o', 'A@@', 'be', 'in', 'the', 'M@@', 'il@@', 'an', 'A@@', 'le@@', '-@@', 'O@@', 'ld', 'S@@', 'hin@@', 'z@@', 'o', 'A@@', 'be', 'in', 'T@@', 'ok@@', 'o', 'A@@', 'be', 'in', 'T@@', 'ok@@', 'o', ',', 'in', 'the', 'C@@', 'hr@@', 'is@@', 'ti@@', 'an', 'A@@', 'be', 'in', 'T@@', 'ok@@', 'o', '.', '</s>']
2026-05-11 20:08:21,938 - INFO - joeynmt.training - 	Source:     Indiens neuer Premierminister Narendra Modi trifft bei seinem ersten wichtigen Auslandsbesuch seit seinem Wahlsieg im Mai seinen japanischen Amtskollegen Shinzo Abe in Toko , um wirtschaftliche und sicherheitspolitische Beziehungen zu besprechen .
2026-05-11 20:08:21,938 - INFO - joeynmt.training - 	Reference:  India &apos;s new prime minister , Narendra Modi , is meeting his Japanese counterpart , Shinzo Abe , in Tokyo to discuss economic and security ties , on his first major foreign visit since winning May &apos;s election .
2026-05-11 20:08:21,938 - INFO - joeynmt.training - 	Hypothesis: India &apos;s New Prime Minister Narendra Modi , the Shinzzo Abe in Milan Ale-Old Shinzzo Abe in the Milan Ale-Old Shinzo Abe in Toko Abe in Toko , in the Christian Abe in Toko .
2026-05-11 20:08:21,938 - INFO - joeynmt.training - Example #2
2026-05-11 20:08:21,938 - DEBUG - joeynmt.training - 	Tokenized source:     ['Herr', 'Mo@@', 'd@@', 'i', 'befindet', 'sich', 'auf', 'einer', 'fü@@', 'n@@', 'f@@', 'tä@@', 'gi@@', 'gen', 'Rei@@', 'se', 'nach', 'J@@', 'ap@@', 'an', ',', 'um', 'die', 'wirtschaf@@', 'tlichen', 'Be@@', 'zieh@@', 'ungen', 'mit', 'der', 'd@@', 'rit@@', 't@@', 'größ@@', 'ten', 'Wirtschafts@@', 'n@@', 'ation', 'der', 'Welt', 'zu', 'fes@@', 'tigen', '.']
2026-05-11 20:08:21,938 - DEBUG - joeynmt.training - 	Tokenized reference:  ['Mr', 'Mo@@', 'd@@', 'i', 'is', 'on', 'a', 'fi@@', 've', '@@@', '-@@', '@', 'day', 'tri@@', 'p', 'to', 'J@@', 'ap@@', 'an', 'to', 'streng@@', 'then', 'economic', 'ties', 'with', 'the', 'third', 'lar@@', 'ges@@', 't', 'econom@@', 'y', 'in', 'the', 'world', '.']
2026-05-11 20:08:21,938 - DEBUG - joeynmt.training - 	Tokenized hypothesis: ['Mr', 'Mo@@', 'd@@', 'i', 'is', 'located', 'on', 'a', 'fi@@', 'f@@', 'ty', 'tra@@', 'ding', 'to', 'J@@', 'ap@@', 'an', ',', 'to', 'J@@', 'ap@@', 'an', ',', 'to', 'the', 'economic', 'rel@@', 'ations', 'with', 'the', 'third', 'lar@@', 'ges@@', 't', 'economic', 'rel@@', 'ations', '.', '</s>']
2026-05-11 20:08:21,938 - INFO - joeynmt.training - 	Source:     Herr Modi befindet sich auf einer fünftägigen Reise nach Japan , um die wirtschaftlichen Beziehungen mit der drittgrößten Wirtschaftsnation der Welt zu festigen .
2026-05-11 20:08:21,938 - INFO - joeynmt.training - 	Reference:  Mr Modi is on a five @-@ day trip to Japan to strengthen economic ties with the third largest economy in the world .
2026-05-11 20:08:21,938 - INFO - joeynmt.training - 	Hypothesis: Mr Modi is located on a fifty trading to Japan , to Japan , to the economic relations with the third largest economic relations .
2026-05-11 20:08:21,938 - INFO - joeynmt.training - Example #3
2026-05-11 20:08:21,938 - DEBUG - joeynmt.training - 	Tokenized source:     ['P@@', 'län@@', 'e', 'für', 'eine', 'stärk@@', 'ere', 'k@@', 'ern@@', 'techn@@', 'ische', 'Zusammenarbeit', 'stehen', 'ganz', 'ob@@', 'en', 'auf', 'der', 'Tag@@', 'es@@', 'ordnung', '.']
2026-05-11 20:08:21,938 - DEBUG - joeynmt.training - 	Tokenized reference:  ['high', 'on', 'the', 'agen@@', 'da', 'are', 'pl@@', 'ans', 'for', 'gre@@', 'ater', 'nu@@', 'clear', 'c@@', 'o', '@@@', '-@@', '@', 'operation', '.']
2026-05-11 20:08:21,938 - DEBUG - joeynmt.training - 	Tokenized hypothesis: ['p@@', 'an@@', 'el', 'for', 'more', 'more', 'seri@@', 'ous', 'techn@@', 'ical', 'cooperation', ',', 'it', 'is', 'a', 'matter', 'of', 'the', 'agen@@', 'da', '.', '</s>']
2026-05-11 20:08:21,938 - INFO - joeynmt.training - 	Source:     Pläne für eine stärkere kerntechnische Zusammenarbeit stehen ganz oben auf der Tagesordnung .
2026-05-11 20:08:21,938 - INFO - joeynmt.training - 	Reference:  high on the agenda are plans for greater nuclear co @-@ operation .
2026-05-11 20:08:21,938 - INFO - joeynmt.training - 	Hypothesis: panel for more more serious technical cooperation , it is a matter of the agenda .
2026-05-11 20:08:21,939 - INFO - joeynmt.training - Example #4
2026-05-11 20:08:21,939 - DEBUG - joeynmt.training - 	Tokenized source:     ['Berich@@', 'ten', 'zu@@', 'fol@@', 'ge', 'ho@@', 'fft', 'Indi@@', 'en', 'darüber', 'hinaus', 'auf', 'einen', 'Ver@@', 'trag', 'zur', 'Ver@@', 'tei@@', 'dig@@', 'ungs@@', 'zusammen@@', 'arbeit', 'zwischen', 'den', 'beiden', 'N@@', 'ationen', '.']
2026-05-11 20:08:21,939 - DEBUG - joeynmt.training - 	Tokenized reference:  ['Indi@@', 'a', 'is', 'also', 're@@', 'porte@@', 'dly', 'hop@@', 'ing', 'for', 'a', 'de@@', 'al', 'on', 'def@@', 'ence', 'c@@', 'oll@@', 'ab@@', 'or@@', 'ation', 'between', 'the', 'two', 'n@@', 'ations', '.']
2026-05-11 20:08:21,939 - DEBUG - joeynmt.training - 	Tokenized hypothesis: ['re@@', 'ports', ',', 'the', 'following', 'a', 'Tre@@', 'aty', 'on', 'the', 'con@@', 'tra@@', 'ct', 'of', 'the', 'def@@', 'ence', 'cooperation', 'cooperation', 'between', 'the', 'two', 'N@@', 'ations', '.', '</s>']
2026-05-11 20:08:21,939 - INFO - joeynmt.training - 	Source:     Berichten zufolge hofft Indien darüber hinaus auf einen Vertrag zur Verteidigungszusammenarbeit zwischen den beiden Nationen .
2026-05-11 20:08:21,939 - INFO - joeynmt.training - 	Reference:  India is also reportedly hoping for a deal on defence collaboration between the two nations .
2026-05-11 20:08:21,939 - INFO - joeynmt.training - 	Hypothesis: reports , the following a Treaty on the contract of the defence cooperation cooperation between the two Nations .
2026-05-11 20:08:48,415 - INFO - joeynmt.training - Epoch   5, Step:    19100, Batch Loss:     1.558598, Batch Acc: 0.502890, Tokens per Sec:     3421, Lr: 0.000300
2026-05-11 20:09:20,053 - INFO - joeynmt.training - Epoch   5, Step:    19200, Batch Loss:     1.603300, Batch Acc: 0.503662, Tokens per Sec:     2887, Lr: 0.000300
2026-05-11 20:09:46,277 - INFO - joeynmt.training - Epoch   5, Step:    19300, Batch Loss:     1.715303, Batch Acc: 0.499555, Tokens per Sec:     3470, Lr: 0.000300
2026-05-11 20:10:16,871 - INFO - joeynmt.training - Epoch   5, Step:    19400, Batch Loss:     2.011455, Batch Acc: 0.500632, Tokens per Sec:     2972, Lr: 0.000300
2026-05-11 20:10:47,506 - INFO - joeynmt.training - Epoch   5, Step:    19500, Batch Loss:     1.713528, Batch Acc: 0.501282, Tokens per Sec:     3017, Lr: 0.000300
2026-05-11 20:10:47,506 - INFO - joeynmt.prediction - Predicting 500 example(s)... (Greedy decoding with min_output_length=1, max_output_length=-1, return_prob='none', generate_unk=True, repetition_penalty=-1, no_repeat_ngram_size=-1)
2026-05-11 20:11:33,162 - INFO - joeynmt.prediction - Evaluation result (greedy) loss:   2.16, ppl:   8.67, acc:   0.44, generation: 45.6465[sec], evaluation: 0.0000[sec]
2026-05-11 20:11:33,166 - INFO - joeynmt.training - Hooray! New best validation result [ppl]!
2026-05-11 20:11:33,351 - INFO - joeynmt.helpers - delete models/deen_transformer_pre/16000.ckpt
2026-05-11 20:11:33,355 - INFO - joeynmt.training - Example #0
2026-05-11 20:11:33,355 - DEBUG - joeynmt.training - 	Tokenized source:     ['die', 'Pre@@', 'mi@@', 'er@@', 'minist@@', 'er', 'Indi@@', 'ens', 'und', 'J@@', 'ap@@', 'ans', 'tra@@', 'fen', 'sich', 'in', 'T@@', 'ok@@', 'i@@', 'o', '.']
2026-05-11 20:11:33,355 - DEBUG - joeynmt.training - 	Tokenized reference:  ['Indi@@', 'a', 'and', 'J@@', 'ap@@', 'an', 'pri@@', 'me', 'minist@@', 'ers', 'me@@', 'et', 'in', 'T@@', 'ok@@', 'y@@', 'o']
2026-05-11 20:11:33,355 - DEBUG - joeynmt.training - 	Tokenized hypothesis: ['the', 'Pri@@', 'me', 'Minist@@', 'er', 'Indi@@', 'a', 'and', 'J@@', 'ap@@', 'an', '&apos;s', 'pri@@', 'me', 'minist@@', 'er', '.', '</s>']
2026-05-11 20:11:33,355 - INFO - joeynmt.training - 	Source:     die Premierminister Indiens und Japans trafen sich in Tokio .
2026-05-11 20:11:33,355 - INFO - joeynmt.training - 	Reference:  India and Japan prime ministers meet in Tokyo
2026-05-11 20:11:33,356 - INFO - joeynmt.training - 	Hypothesis: the Prime Minister India and Japan &apos;s prime minister .
2026-05-11 20:11:33,356 - INFO - joeynmt.training - Example #1
2026-05-11 20:11:33,356 - DEBUG - joeynmt.training - 	Tokenized source:     ['Indi@@', 'ens', 'neu@@', 'er', 'Pre@@', 'mi@@', 'er@@', 'minist@@', 'er', 'N@@', 'ar@@', 'end@@', 'ra', 'Mo@@', 'd@@', 'i', 'tri@@', 'fft', 'bei', 's@@', 'einem', 'ersten', 'wichti@@', 'gen', 'Aus@@', 'land@@', 's@@', 'bes@@', 'u@@', 'ch', 'seit', 's@@', 'einem', 'W@@', 'ah@@', 'l@@', 'si@@', 'e@@', 'g', 'im', 'Ma@@', 'i', 'seinen', 'j@@', 'ap@@', 'an@@', 'ischen', 'Am@@', 'ts@@', 'k@@', 'olle@@', 'gen', 'S@@', 'hin@@', 'z@@', 'o', 'A@@', 'be', 'in', 'T@@', 'ok@@', 'o', ',', 'um', 'wirtschaf@@', 'tliche', 'und', 'sicher@@', 'heits@@', 'politische', 'Be@@', 'zieh@@', 'ungen', 'zu', 'bes@@', 'pre@@', 'chen', '.']
2026-05-11 20:11:33,356 - DEBUG - joeynmt.training - 	Tokenized reference:  ['Indi@@', 'a', '&apos;s', 'new', 'pri@@', 'me', 'minist@@', 'er', ',', 'N@@', 'ar@@', 'end@@', 'ra', 'Mo@@', 'd@@', 'i', ',', 'is', 'me@@', 'eting', 'his', 'J@@', 'ap@@', 'an@@', 'ese', 'coun@@', 'ter@@', 'part', ',', 'S@@', 'hin@@', 'z@@', 'o', 'A@@', 'be', ',', 'in', 'T@@', 'ok@@', 'y@@', 'o', 'to', 'disc@@', 'uss', 'economic', 'and', 'security', 'ties', ',', 'on', 'his', 'first', 'major', 'fore@@', 'ign', 'visi@@', 't', 'since', 'w@@', 'inn@@', 'ing', 'Ma@@', 'y', '&apos;s', 'elec@@', 'tion', '.']
2026-05-11 20:11:33,356 - DEBUG - joeynmt.training - 	Tokenized hypothesis: ['Indi@@', 'a', '&apos;s', 'lat@@', 'er', 'Pri@@', 'me', 'Minist@@', 'er', 'N@@', 'ar@@', 'end@@', 'ra', 'Mo@@', 'd@@', 'i', ',', 'in', 'his', 'first', 'important', 'ex@@', 'land@@', 'sc@@', 'ap@@', 'e', ',', 'since', 'his', 'elec@@', 'tion', ',', 'his', 'J@@', 'ap@@', 'an@@', 'ese', 'off@@', 'ic@@', 'es', 'S@@', 'hin@@', 'z@@', 'z@@', 'o', 'A@@', 'be', 'in', 'T@@', 'ok@@', 'o', 'A@@', 'be', 'in', 'T@@', 'ok@@', 'o', 'A@@', 'be', 'in', 'T@@', 'ok@@', 'o', ',', 'in', 'T@@', 'ok@@', 'o', ',', 'in', 'T@@', 'ok@@', 'o', ',', 'in', 'order', 'to', 'visi@@', 't', '.', '</s>']
2026-05-11 20:11:33,356 - INFO - joeynmt.training - 	Source:     Indiens neuer Premierminister Narendra Modi trifft bei seinem ersten wichtigen Auslandsbesuch seit seinem Wahlsieg im Mai seinen japanischen Amtskollegen Shinzo Abe in Toko , um wirtschaftliche und sicherheitspolitische Beziehungen zu besprechen .
2026-05-11 20:11:33,356 - INFO - joeynmt.training - 	Reference:  India &apos;s new prime minister , Narendra Modi , is meeting his Japanese counterpart , Shinzo Abe , in Tokyo to discuss economic and security ties , on his first major foreign visit since winning May &apos;s election .
2026-05-11 20:11:33,356 - INFO - joeynmt.training - 	Hypothesis: India &apos;s later Prime Minister Narendra Modi , in his first important exlandscape , since his election , his Japanese offices Shinzzo Abe in Toko Abe in Toko Abe in Toko , in Toko , in Toko , in order to visit .
2026-05-11 20:11:33,356 - INFO - joeynmt.training - Example #2
2026-05-11 20:11:33,356 - DEBUG - joeynmt.training - 	Tokenized source:     ['Herr', 'Mo@@', 'd@@', 'i', 'befindet', 'sich', 'auf', 'einer', 'fü@@', 'n@@', 'f@@', 'tä@@', 'gi@@', 'gen', 'Rei@@', 'se', 'nach', 'J@@', 'ap@@', 'an', ',', 'um', 'die', 'wirtschaf@@', 'tlichen', 'Be@@', 'zieh@@', 'ungen', 'mit', 'der', 'd@@', 'rit@@', 't@@', 'größ@@', 'ten', 'Wirtschafts@@', 'n@@', 'ation', 'der', 'Welt', 'zu', 'fes@@', 'tigen', '.']
2026-05-11 20:11:33,356 - DEBUG - joeynmt.training - 	Tokenized reference:  ['Mr', 'Mo@@', 'd@@', 'i', 'is', 'on', 'a', 'fi@@', 've', '@@@', '-@@', '@', 'day', 'tri@@', 'p', 'to', 'J@@', 'ap@@', 'an', 'to', 'streng@@', 'then', 'economic', 'ties', 'with', 'the', 'third', 'lar@@', 'ges@@', 't', 'econom@@', 'y', 'in', 'the', 'world', '.']
2026-05-11 20:11:33,356 - DEBUG - joeynmt.training - 	Tokenized hypothesis: ['Mr', 'Mo@@', 'd@@', 'i', 'is', 'on', 'a', 'fi@@', 'f@@', 'ty', 'of', 'a', 'fi@@', 'f@@', 'ty', 'of', 'the', 'world', '&apos;s', 'economic', 'rel@@', 'ations', 'with', 'the', 'third', 'lar@@', 'ges@@', 't', 'economic', 'rel@@', 'ations', 'with', 'the', 'third', 'lar@@', 'ges@@', 't', 'economic', 'rel@@', 'ations', 'with', 'the', 'third', 'lar@@', 'ges@@', 't', 'economic', 'rel@@', 'ations', 'with', 'the', 'third', 'lar@@', 'ges@@', 't', 'economic', 'rel@@', 'ations', '.', '</s>']
2026-05-11 20:11:33,356 - INFO - joeynmt.training - 	Source:     Herr Modi befindet sich auf einer fünftägigen Reise nach Japan , um die wirtschaftlichen Beziehungen mit der drittgrößten Wirtschaftsnation der Welt zu festigen .
2026-05-11 20:11:33,356 - INFO - joeynmt.training - 	Reference:  Mr Modi is on a five @-@ day trip to Japan to strengthen economic ties with the third largest economy in the world .
2026-05-11 20:11:33,356 - INFO - joeynmt.training - 	Hypothesis: Mr Modi is on a fifty of a fifty of the world &apos;s economic relations with the third largest economic relations with the third largest economic relations with the third largest economic relations with the third largest economic relations .
2026-05-11 20:11:33,356 - INFO - joeynmt.training - Example #3
2026-05-11 20:11:33,357 - DEBUG - joeynmt.training - 	Tokenized source:     ['P@@', 'län@@', 'e', 'für', 'eine', 'stärk@@', 'ere', 'k@@', 'ern@@', 'techn@@', 'ische', 'Zusammenarbeit', 'stehen', 'ganz', 'ob@@', 'en', 'auf', 'der', 'Tag@@', 'es@@', 'ordnung', '.']
2026-05-11 20:11:33,357 - DEBUG - joeynmt.training - 	Tokenized reference:  ['high', 'on', 'the', 'agen@@', 'da', 'are', 'pl@@', 'ans', 'for', 'gre@@', 'ater', 'nu@@', 'clear', 'c@@', 'o', '@@@', '-@@', '@', 'operation', '.']
2026-05-11 20:11:33,357 - DEBUG - joeynmt.training - 	Tokenized hypothesis: ['p@@', 'ass@@', 'ing', 'for', 'more', 'seri@@', 'ous', 'techn@@', 'ical', 'cooperation', 'are', 'ob@@', 'vi@@', 'ously', 'on', 'the', 'agen@@', 'da', '.', '</s>']
2026-05-11 20:11:33,357 - INFO - joeynmt.training - 	Source:     Pläne für eine stärkere kerntechnische Zusammenarbeit stehen ganz oben auf der Tagesordnung .
2026-05-11 20:11:33,357 - INFO - joeynmt.training - 	Reference:  high on the agenda are plans for greater nuclear co @-@ operation .
2026-05-11 20:11:33,357 - INFO - joeynmt.training - 	Hypothesis: passing for more serious technical cooperation are obviously on the agenda .
2026-05-11 20:11:33,357 - INFO - joeynmt.training - Example #4
2026-05-11 20:11:33,357 - DEBUG - joeynmt.training - 	Tokenized source:     ['Berich@@', 'ten', 'zu@@', 'fol@@', 'ge', 'ho@@', 'fft', 'Indi@@', 'en', 'darüber', 'hinaus', 'auf', 'einen', 'Ver@@', 'trag', 'zur', 'Ver@@', 'tei@@', 'dig@@', 'ungs@@', 'zusammen@@', 'arbeit', 'zwischen', 'den', 'beiden', 'N@@', 'ationen', '.']
2026-05-11 20:11:33,357 - DEBUG - joeynmt.training - 	Tokenized reference:  ['Indi@@', 'a', 'is', 'also', 're@@', 'porte@@', 'dly', 'hop@@', 'ing', 'for', 'a', 'de@@', 'al', 'on', 'def@@', 'ence', 'c@@', 'oll@@', 'ab@@', 'or@@', 'ation', 'between', 'the', 'two', 'n@@', 'ations', '.']
2026-05-11 20:11:33,357 - DEBUG - joeynmt.training - 	Tokenized hypothesis: ['the', 'following', 're@@', 'ports', 'is', 'that', 'there', 'is', 'a', 'con@@', 'tra@@', 'ct', 'on', 'the', 'con@@', 'tr@@', 'ary', 'cooperation', 'between', 'the', 'two', 'n@@', 'ations', '.', '</s>']
2026-05-11 20:11:33,357 - INFO - joeynmt.training - 	Source:     Berichten zufolge hofft Indien darüber hinaus auf einen Vertrag zur Verteidigungszusammenarbeit zwischen den beiden Nationen .
2026-05-11 20:11:33,357 - INFO - joeynmt.training - 	Reference:  India is also reportedly hoping for a deal on defence collaboration between the two nations .
2026-05-11 20:11:33,357 - INFO - joeynmt.training - 	Hypothesis: the following reports is that there is a contract on the contrary cooperation between the two nations .
2026-05-11 20:12:01,252 - INFO - joeynmt.training - Epoch   5, Step:    19600, Batch Loss:     1.882893, Batch Acc: 0.502253, Tokens per Sec:     3287, Lr: 0.000300
2026-05-11 20:12:27,978 - INFO - joeynmt.training - Epoch   5, Step:    19700, Batch Loss:     1.870963, Batch Acc: 0.504149, Tokens per Sec:     3508, Lr: 0.000300
2026-05-11 20:12:54,653 - INFO - joeynmt.training - Epoch   5, Step:    19800, Batch Loss:     1.801049, Batch Acc: 0.500930, Tokens per Sec:     3446, Lr: 0.000300
2026-05-11 20:13:22,833 - INFO - joeynmt.training - Epoch   5, Step:    19900, Batch Loss:     1.724810, Batch Acc: 0.498622, Tokens per Sec:     3295, Lr: 0.000300
2026-05-11 20:13:50,730 - INFO - joeynmt.training - Epoch   5, Step:    20000, Batch Loss:     1.807477, Batch Acc: 0.504004, Tokens per Sec:     3308, Lr: 0.000300
2026-05-11 20:13:50,731 - INFO - joeynmt.prediction - Predicting 500 example(s)... (Greedy decoding with min_output_length=1, max_output_length=-1, return_prob='none', generate_unk=True, repetition_penalty=-1, no_repeat_ngram_size=-1)
2026-05-11 20:14:28,200 - INFO - joeynmt.prediction - Evaluation result (greedy) loss:   2.14, ppl:   8.54, acc:   0.44, generation: 37.4611[sec], evaluation: 0.0000[sec]
2026-05-11 20:14:28,203 - INFO - joeynmt.training - Hooray! New best validation result [ppl]!
2026-05-11 20:14:28,373 - INFO - joeynmt.helpers - delete models/deen_transformer_pre/18000.ckpt
2026-05-11 20:14:28,375 - INFO - joeynmt.training - Example #0
2026-05-11 20:14:28,375 - DEBUG - joeynmt.training - 	Tokenized source:     ['die', 'Pre@@', 'mi@@', 'er@@', 'minist@@', 'er', 'Indi@@', 'ens', 'und', 'J@@', 'ap@@', 'ans', 'tra@@', 'fen', 'sich', 'in', 'T@@', 'ok@@', 'i@@', 'o', '.']
2026-05-11 20:14:28,375 - DEBUG - joeynmt.training - 	Tokenized reference:  ['Indi@@', 'a', 'and', 'J@@', 'ap@@', 'an', 'pri@@', 'me', 'minist@@', 'ers', 'me@@', 'et', 'in', 'T@@', 'ok@@', 'y@@', 'o']
2026-05-11 20:14:28,375 - DEBUG - joeynmt.training - 	Tokenized hypothesis: ['the', 'Pre@@', 'mi@@', 'er', 'Indi@@', 'a', 'and', 'J@@', 'ap@@', 'an', '&apos;s', 'pri@@', 'ority', 'to', 'the', 'A@@', 'men@@', 'd@@', 'ment', '.', '</s>']
2026-05-11 20:14:28,375 - INFO - joeynmt.training - 	Source:     die Premierminister Indiens und Japans trafen sich in Tokio .
2026-05-11 20:14:28,375 - INFO - joeynmt.training - 	Reference:  India and Japan prime ministers meet in Tokyo
2026-05-11 20:14:28,375 - INFO - joeynmt.training - 	Hypothesis: the Premier India and Japan &apos;s priority to the Amendment .
2026-05-11 20:14:28,375 - INFO - joeynmt.training - Example #1
2026-05-11 20:14:28,376 - DEBUG - joeynmt.training - 	Tokenized source:     ['Indi@@', 'ens', 'neu@@', 'er', 'Pre@@', 'mi@@', 'er@@', 'minist@@', 'er', 'N@@', 'ar@@', 'end@@', 'ra', 'Mo@@', 'd@@', 'i', 'tri@@', 'fft', 'bei', 's@@', 'einem', 'ersten', 'wichti@@', 'gen', 'Aus@@', 'land@@', 's@@', 'bes@@', 'u@@', 'ch', 'seit', 's@@', 'einem', 'W@@', 'ah@@', 'l@@', 'si@@', 'e@@', 'g', 'im', 'Ma@@', 'i', 'seinen', 'j@@', 'ap@@', 'an@@', 'ischen', 'Am@@', 'ts@@', 'k@@', 'olle@@', 'gen', 'S@@', 'hin@@', 'z@@', 'o', 'A@@', 'be', 'in', 'T@@', 'ok@@', 'o', ',', 'um', 'wirtschaf@@', 'tliche', 'und', 'sicher@@', 'heits@@', 'politische', 'Be@@', 'zieh@@', 'ungen', 'zu', 'bes@@', 'pre@@', 'chen', '.']
2026-05-11 20:14:28,376 - DEBUG - joeynmt.training - 	Tokenized reference:  ['Indi@@', 'a', '&apos;s', 'new', 'pri@@', 'me', 'minist@@', 'er', ',', 'N@@', 'ar@@', 'end@@', 'ra', 'Mo@@', 'd@@', 'i', ',', 'is', 'me@@', 'eting', 'his', 'J@@', 'ap@@', 'an@@', 'ese', 'coun@@', 'ter@@', 'part', ',', 'S@@', 'hin@@', 'z@@', 'o', 'A@@', 'be', ',', 'in', 'T@@', 'ok@@', 'y@@', 'o', 'to', 'disc@@', 'uss', 'economic', 'and', 'security', 'ties', ',', 'on', 'his', 'first', 'major', 'fore@@', 'ign', 'visi@@', 't', 'since', 'w@@', 'inn@@', 'ing', 'Ma@@', 'y', '&apos;s', 'elec@@', 'tion', '.']
2026-05-11 20:14:28,376 - DEBUG - joeynmt.training - 	Tokenized hypothesis: ['Indi@@', 'a', '&apos;s', 'new', 'pri@@', 'me', 'minist@@', 'er', 'N@@', 'ar@@', 'end@@', 'ra', 'Mo@@', 'd@@', 'i', ',', 'in', 'his', 'first', 'important', 'ex@@', 'tern@@', 'al', 'ex@@', 'tern@@', 'al', 'ex@@', 'tern@@', 'al', ',', 'the', 'first', 'of', 'all', 'of', 'the', 'M@@', 'ini@@', 'stry', 'of', 'S@@', 'hin@@', 'z@@', 'z@@', 'o', 'A@@', 'be', 'in', 'T@@', 'ok@@', 'o', 'A@@', 'be', 'in', 'T@@', 'ok@@', 'o', 'A@@', 'be', 'in', 'T@@', 'ok@@', 'o', 'A@@', 'be', 'in', 'T@@', 'ok@@', 'o', ',', 'and', 'S@@', 'hin@@', 'z@@', 'z@@', 'o', 'A@@', 'be', 'in', 'T@@', 'ok@@', 'o', '.', '</s>']
2026-05-11 20:14:28,376 - INFO - joeynmt.training - 	Source:     Indiens neuer Premierminister Narendra Modi trifft bei seinem ersten wichtigen Auslandsbesuch seit seinem Wahlsieg im Mai seinen japanischen Amtskollegen Shinzo Abe in Toko , um wirtschaftliche und sicherheitspolitische Beziehungen zu besprechen .
2026-05-11 20:14:28,376 - INFO - joeynmt.training - 	Reference:  India &apos;s new prime minister , Narendra Modi , is meeting his Japanese counterpart , Shinzo Abe , in Tokyo to discuss economic and security ties , on his first major foreign visit since winning May &apos;s election .
2026-05-11 20:14:28,376 - INFO - joeynmt.training - 	Hypothesis: India &apos;s new prime minister Narendra Modi , in his first important external external external , the first of all of the Ministry of Shinzzo Abe in Toko Abe in Toko Abe in Toko Abe in Toko , and Shinzzo Abe in Toko .
2026-05-11 20:14:28,376 - INFO - joeynmt.training - Example #2
2026-05-11 20:14:28,376 - DEBUG - joeynmt.training - 	Tokenized source:     ['Herr', 'Mo@@', 'd@@', 'i', 'befindet', 'sich', 'auf', 'einer', 'fü@@', 'n@@', 'f@@', 'tä@@', 'gi@@', 'gen', 'Rei@@', 'se', 'nach', 'J@@', 'ap@@', 'an', ',', 'um', 'die', 'wirtschaf@@', 'tlichen', 'Be@@', 'zieh@@', 'ungen', 'mit', 'der', 'd@@', 'rit@@', 't@@', 'größ@@', 'ten', 'Wirtschafts@@', 'n@@', 'ation', 'der', 'Welt', 'zu', 'fes@@', 'tigen', '.']
2026-05-11 20:14:28,376 - DEBUG - joeynmt.training - 	Tokenized reference:  ['Mr', 'Mo@@', 'd@@', 'i', 'is', 'on', 'a', 'fi@@', 've', '@@@', '-@@', '@', 'day', 'tri@@', 'p', 'to', 'J@@', 'ap@@', 'an', 'to', 'streng@@', 'then', 'economic', 'ties', 'with', 'the', 'third', 'lar@@', 'ges@@', 't', 'econom@@', 'y', 'in', 'the', 'world', '.']
2026-05-11 20:14:28,376 - DEBUG - joeynmt.training - 	Tokenized hypothesis: ['Mr', 'Mo@@', 'd@@', 'i', 'is', 'a', 'fi@@', 'f@@', 'ty', 'of', 'a', 'fi@@', 'f@@', 'ty', 'to', 'J@@', 'ap@@', 'an', 'to', 'jo@@', 'in', 'the', 'world', '&apos;s', 'economic', 'rel@@', 'ations', 'with', 'the', 'third', 'lar@@', 'ges@@', 't', 'economic', 'rel@@', 'ations', '.', '</s>']
2026-05-11 20:14:28,376 - INFO - joeynmt.training - 	Source:     Herr Modi befindet sich auf einer fünftägigen Reise nach Japan , um die wirtschaftlichen Beziehungen mit der drittgrößten Wirtschaftsnation der Welt zu festigen .
2026-05-11 20:14:28,376 - INFO - joeynmt.training - 	Reference:  Mr Modi is on a five @-@ day trip to Japan to strengthen economic ties with the third largest economy in the world .
2026-05-11 20:14:28,376 - INFO - joeynmt.training - 	Hypothesis: Mr Modi is a fifty of a fifty to Japan to join the world &apos;s economic relations with the third largest economic relations .
2026-05-11 20:14:28,376 - INFO - joeynmt.training - Example #3
2026-05-11 20:14:28,377 - DEBUG - joeynmt.training - 	Tokenized source:     ['P@@', 'län@@', 'e', 'für', 'eine', 'stärk@@', 'ere', 'k@@', 'ern@@', 'techn@@', 'ische', 'Zusammenarbeit', 'stehen', 'ganz', 'ob@@', 'en', 'auf', 'der', 'Tag@@', 'es@@', 'ordnung', '.']
2026-05-11 20:14:28,377 - DEBUG - joeynmt.training - 	Tokenized reference:  ['high', 'on', 'the', 'agen@@', 'da', 'are', 'pl@@', 'ans', 'for', 'gre@@', 'ater', 'nu@@', 'clear', 'c@@', 'o', '@@@', '-@@', '@', 'operation', '.']
2026-05-11 20:14:28,377 - DEBUG - joeynmt.training - 	Tokenized hypothesis: ['P@@', 'ru@@', 'e', 'for', 'more', 'more', 'more', 'more', 'more', 'more', 'more', 'more', 'more', 'more', 'more', 'more', 'more', 'more', 'more', 'than', 'the', 'agen@@', 'da', '.', '</s>']
2026-05-11 20:14:28,377 - INFO - joeynmt.training - 	Source:     Pläne für eine stärkere kerntechnische Zusammenarbeit stehen ganz oben auf der Tagesordnung .
2026-05-11 20:14:28,377 - INFO - joeynmt.training - 	Reference:  high on the agenda are plans for greater nuclear co @-@ operation .
2026-05-11 20:14:28,377 - INFO - joeynmt.training - 	Hypothesis: Prue for more more more more more more more more more more more more more more more than the agenda .
2026-05-11 20:14:28,377 - INFO - joeynmt.training - Example #4
2026-05-11 20:14:28,377 - DEBUG - joeynmt.training - 	Tokenized source:     ['Berich@@', 'ten', 'zu@@', 'fol@@', 'ge', 'ho@@', 'fft', 'Indi@@', 'en', 'darüber', 'hinaus', 'auf', 'einen', 'Ver@@', 'trag', 'zur', 'Ver@@', 'tei@@', 'dig@@', 'ungs@@', 'zusammen@@', 'arbeit', 'zwischen', 'den', 'beiden', 'N@@', 'ationen', '.']
2026-05-11 20:14:28,377 - DEBUG - joeynmt.training - 	Tokenized reference:  ['Indi@@', 'a', 'is', 'also', 're@@', 'porte@@', 'dly', 'hop@@', 'ing', 'for', 'a', 'de@@', 'al', 'on', 'def@@', 'ence', 'c@@', 'oll@@', 'ab@@', 'or@@', 'ation', 'between', 'the', 'two', 'n@@', 'ations', '.']
2026-05-11 20:14:28,377 - DEBUG - joeynmt.training - 	Tokenized hypothesis: ['re@@', 'ports', ',', 'the', 'succ@@', 'ess', 'of', 'the', 'S@@', 'ec@@', 'tion', 'of', 'the', 'Con@@', 't@@', 'ent', 'on', 'the', 'con@@', 'tr@@', 'ary', 'cooperation', 'between', 'the', 'two', 'N@@', 'ations', '.', '</s>']
2026-05-11 20:14:28,377 - INFO - joeynmt.training - 	Source:     Berichten zufolge hofft Indien darüber hinaus auf einen Vertrag zur Verteidigungszusammenarbeit zwischen den beiden Nationen .
2026-05-11 20:14:28,377 - INFO - joeynmt.training - 	Reference:  India is also reportedly hoping for a deal on defence collaboration between the two nations .
2026-05-11 20:14:28,377 - INFO - joeynmt.training - 	Hypothesis: reports , the success of the Section of the Content on the contrary cooperation between the two Nations .
2026-05-11 20:14:54,991 - INFO - joeynmt.training - Epoch   5, Step:    20100, Batch Loss:     1.744781, Batch Acc: 0.502363, Tokens per Sec:     3436, Lr: 0.000300
2026-05-11 20:15:21,826 - INFO - joeynmt.training - Epoch   5, Step:    20200, Batch Loss:     1.746812, Batch Acc: 0.506714, Tokens per Sec:     3441, Lr: 0.000300
2026-05-11 20:15:48,567 - INFO - joeynmt.training - Epoch   5, Step:    20300, Batch Loss:     1.870013, Batch Acc: 0.498605, Tokens per Sec:     3391, Lr: 0.000300
2026-05-11 20:15:56,028 - INFO - joeynmt.training - Epoch   5: total training loss 7459.93
2026-05-11 20:15:56,029 - INFO - joeynmt.training - EPOCH 6
2026-05-11 20:16:15,110 - INFO - joeynmt.training - Epoch   6, Step:    20400, Batch Loss:     1.988772, Batch Acc: 0.529102, Tokens per Sec:     3456, Lr: 0.000300
2026-05-11 20:16:41,496 - INFO - joeynmt.training - Epoch   6, Step:    20500, Batch Loss:     1.601029, Batch Acc: 0.521753, Tokens per Sec:     3470, Lr: 0.000300
2026-05-11 20:16:41,497 - INFO - joeynmt.prediction - Predicting 500 example(s)... (Greedy decoding with min_output_length=1, max_output_length=-1, return_prob='none', generate_unk=True, repetition_penalty=-1, no_repeat_ngram_size=-1)
2026-05-11 20:17:18,741 - INFO - joeynmt.prediction - Evaluation result (greedy) loss:   2.16, ppl:   8.67, acc:   0.44, generation: 37.2361[sec], evaluation: 0.0000[sec]
2026-05-11 20:17:18,905 - INFO - joeynmt.helpers - delete models/deen_transformer_pre/17500.ckpt
2026-05-11 20:17:18,908 - INFO - joeynmt.training - Example #0
2026-05-11 20:17:18,908 - DEBUG - joeynmt.training - 	Tokenized source:     ['die', 'Pre@@', 'mi@@', 'er@@', 'minist@@', 'er', 'Indi@@', 'ens', 'und', 'J@@', 'ap@@', 'ans', 'tra@@', 'fen', 'sich', 'in', 'T@@', 'ok@@', 'i@@', 'o', '.']
2026-05-11 20:17:18,908 - DEBUG - joeynmt.training - 	Tokenized reference:  ['Indi@@', 'a', 'and', 'J@@', 'ap@@', 'an', 'pri@@', 'me', 'minist@@', 'ers', 'me@@', 'et', 'in', 'T@@', 'ok@@', 'y@@', 'o']
2026-05-11 20:17:18,908 - DEBUG - joeynmt.training - 	Tokenized hypothesis: ['the', 'pri@@', 'me', 'minist@@', 'er', 'Indi@@', 'a', 'and', 'J@@', 'ap@@', 'ans', 'are', 'tra@@', 'v@@', 'ell@@', 'ed', 'in', 'T@@', 'ok@@', 'i@@', 'o', '.', '</s>']
2026-05-11 20:17:18,908 - INFO - joeynmt.training - 	Source:     die Premierminister Indiens und Japans trafen sich in Tokio .
2026-05-11 20:17:18,909 - INFO - joeynmt.training - 	Reference:  India and Japan prime ministers meet in Tokyo
2026-05-11 20:17:18,909 - INFO - joeynmt.training - 	Hypothesis: the prime minister India and Japans are travelled in Tokio .
2026-05-11 20:17:18,909 - INFO - joeynmt.training - Example #1
2026-05-11 20:17:18,909 - DEBUG - joeynmt.training - 	Tokenized source:     ['Indi@@', 'ens', 'neu@@', 'er', 'Pre@@', 'mi@@', 'er@@', 'minist@@', 'er', 'N@@', 'ar@@', 'end@@', 'ra', 'Mo@@', 'd@@', 'i', 'tri@@', 'fft', 'bei', 's@@', 'einem', 'ersten', 'wichti@@', 'gen', 'Aus@@', 'land@@', 's@@', 'bes@@', 'u@@', 'ch', 'seit', 's@@', 'einem', 'W@@', 'ah@@', 'l@@', 'si@@', 'e@@', 'g', 'im', 'Ma@@', 'i', 'seinen', 'j@@', 'ap@@', 'an@@', 'ischen', 'Am@@', 'ts@@', 'k@@', 'olle@@', 'gen', 'S@@', 'hin@@', 'z@@', 'o', 'A@@', 'be', 'in', 'T@@', 'ok@@', 'o', ',', 'um', 'wirtschaf@@', 'tliche', 'und', 'sicher@@', 'heits@@', 'politische', 'Be@@', 'zieh@@', 'ungen', 'zu', 'bes@@', 'pre@@', 'chen', '.']
2026-05-11 20:17:18,909 - DEBUG - joeynmt.training - 	Tokenized reference:  ['Indi@@', 'a', '&apos;s', 'new', 'pri@@', 'me', 'minist@@', 'er', ',', 'N@@', 'ar@@', 'end@@', 'ra', 'Mo@@', 'd@@', 'i', ',', 'is', 'me@@', 'eting', 'his', 'J@@', 'ap@@', 'an@@', 'ese', 'coun@@', 'ter@@', 'part', ',', 'S@@', 'hin@@', 'z@@', 'o', 'A@@', 'be', ',', 'in', 'T@@', 'ok@@', 'y@@', 'o', 'to', 'disc@@', 'uss', 'economic', 'and', 'security', 'ties', ',', 'on', 'his', 'first', 'major', 'fore@@', 'ign', 'visi@@', 't', 'since', 'w@@', 'inn@@', 'ing', 'Ma@@', 'y', '&apos;s', 'elec@@', 'tion', '.']
2026-05-11 20:17:18,909 - DEBUG - joeynmt.training - 	Tokenized hypothesis: ['Indi@@', 'a', '&apos;s', 'lat@@', 'est', 'Pri@@', 'me', 'Minist@@', 'er', 'N@@', 'ar@@', 'end@@', 'ra', 'Mo@@', 'd@@', 'i', ',', 'in', 'his', 'first', 'important', 'ex@@', 'tern@@', 'al', 'ex@@', 'tern@@', 'al', 'ex@@', 'tern@@', 'al', 'to', 'the', 'first', 'important', 'ex@@', 'change', 'of', 'the', 'J@@', 'ap@@', 'an@@', 'ese', 'Pre@@', 'siden@@', 'cy', 'of', 'S@@', 'hin@@', 'z@@', 'z@@', 'o', 'A@@', 'be', 'in', 'T@@', 'ok@@', 'o', 'A@@', 'be', 'in', 'T@@', 'ok@@', 'o', 'A@@', 'be', 'in', 'T@@', 'ok@@', 'o', '.', '</s>']
2026-05-11 20:17:18,909 - INFO - joeynmt.training - 	Source:     Indiens neuer Premierminister Narendra Modi trifft bei seinem ersten wichtigen Auslandsbesuch seit seinem Wahlsieg im Mai seinen japanischen Amtskollegen Shinzo Abe in Toko , um wirtschaftliche und sicherheitspolitische Beziehungen zu besprechen .
2026-05-11 20:17:18,909 - INFO - joeynmt.training - 	Reference:  India &apos;s new prime minister , Narendra Modi , is meeting his Japanese counterpart , Shinzo Abe , in Tokyo to discuss economic and security ties , on his first major foreign visit since winning May &apos;s election .
2026-05-11 20:17:18,909 - INFO - joeynmt.training - 	Hypothesis: India &apos;s latest Prime Minister Narendra Modi , in his first important external external external to the first important exchange of the Japanese Presidency of Shinzzo Abe in Toko Abe in Toko Abe in Toko .
2026-05-11 20:17:18,909 - INFO - joeynmt.training - Example #2
2026-05-11 20:17:18,909 - DEBUG - joeynmt.training - 	Tokenized source:     ['Herr', 'Mo@@', 'd@@', 'i', 'befindet', 'sich', 'auf', 'einer', 'fü@@', 'n@@', 'f@@', 'tä@@', 'gi@@', 'gen', 'Rei@@', 'se', 'nach', 'J@@', 'ap@@', 'an', ',', 'um', 'die', 'wirtschaf@@', 'tlichen', 'Be@@', 'zieh@@', 'ungen', 'mit', 'der', 'd@@', 'rit@@', 't@@', 'größ@@', 'ten', 'Wirtschafts@@', 'n@@', 'ation', 'der', 'Welt', 'zu', 'fes@@', 'tigen', '.']
2026-05-11 20:17:18,909 - DEBUG - joeynmt.training - 	Tokenized reference:  ['Mr', 'Mo@@', 'd@@', 'i', 'is', 'on', 'a', 'fi@@', 've', '@@@', '-@@', '@', 'day', 'tri@@', 'p', 'to', 'J@@', 'ap@@', 'an', 'to', 'streng@@', 'then', 'economic', 'ties', 'with', 'the', 'third', 'lar@@', 'ges@@', 't', 'econom@@', 'y', 'in', 'the', 'world', '.']
2026-05-11 20:17:18,909 - DEBUG - joeynmt.training - 	Tokenized hypothesis: ['Mr', 'Mo@@', 'd@@', 'i', 'is', 'located', 'on', 'a', 'fi@@', 'f@@', 'ty', 'of', 'ad@@', 'ded', 'tra@@', 'v@@', 'el', 'to', 'J@@', 'ap@@', 'an', ',', 'to', 'the', 'economic', 'rel@@', 'ations', 'with', 'the', 'third', 'lar@@', 'ges@@', 't', 'economic', 'rel@@', 'ations', 'with', 'the', 'third', 'lar@@', 'ges@@', 't', 'economic', 'rel@@', 'ations', '.', '</s>']
2026-05-11 20:17:18,909 - INFO - joeynmt.training - 	Source:     Herr Modi befindet sich auf einer fünftägigen Reise nach Japan , um die wirtschaftlichen Beziehungen mit der drittgrößten Wirtschaftsnation der Welt zu festigen .
2026-05-11 20:17:18,909 - INFO - joeynmt.training - 	Reference:  Mr Modi is on a five @-@ day trip to Japan to strengthen economic ties with the third largest economy in the world .
2026-05-11 20:17:18,909 - INFO - joeynmt.training - 	Hypothesis: Mr Modi is located on a fifty of added travel to Japan , to the economic relations with the third largest economic relations with the third largest economic relations .
2026-05-11 20:17:18,909 - INFO - joeynmt.training - Example #3
2026-05-11 20:17:18,910 - DEBUG - joeynmt.training - 	Tokenized source:     ['P@@', 'län@@', 'e', 'für', 'eine', 'stärk@@', 'ere', 'k@@', 'ern@@', 'techn@@', 'ische', 'Zusammenarbeit', 'stehen', 'ganz', 'ob@@', 'en', 'auf', 'der', 'Tag@@', 'es@@', 'ordnung', '.']
2026-05-11 20:17:18,910 - DEBUG - joeynmt.training - 	Tokenized reference:  ['high', 'on', 'the', 'agen@@', 'da', 'are', 'pl@@', 'ans', 'for', 'gre@@', 'ater', 'nu@@', 'clear', 'c@@', 'o', '@@@', '-@@', '@', 'operation', '.']
2026-05-11 20:17:18,910 - DEBUG - joeynmt.training - 	Tokenized hypothesis: ['P@@', 'ans', 'for', 'more', 'more', 'seri@@', 'ous', 'techn@@', 'ical', 'cooperation', 'are', 'very', 'ob@@', 'vi@@', 'ously', 'on', 'the', 'agen@@', 'da', '.', '</s>']
2026-05-11 20:17:18,910 - INFO - joeynmt.training - 	Source:     Pläne für eine stärkere kerntechnische Zusammenarbeit stehen ganz oben auf der Tagesordnung .
2026-05-11 20:17:18,910 - INFO - joeynmt.training - 	Reference:  high on the agenda are plans for greater nuclear co @-@ operation .
2026-05-11 20:17:18,910 - INFO - joeynmt.training - 	Hypothesis: Pans for more more serious technical cooperation are very obviously on the agenda .
2026-05-11 20:17:18,910 - INFO - joeynmt.training - Example #4
2026-05-11 20:17:18,910 - DEBUG - joeynmt.training - 	Tokenized source:     ['Berich@@', 'ten', 'zu@@', 'fol@@', 'ge', 'ho@@', 'fft', 'Indi@@', 'en', 'darüber', 'hinaus', 'auf', 'einen', 'Ver@@', 'trag', 'zur', 'Ver@@', 'tei@@', 'dig@@', 'ungs@@', 'zusammen@@', 'arbeit', 'zwischen', 'den', 'beiden', 'N@@', 'ationen', '.']
2026-05-11 20:17:18,910 - DEBUG - joeynmt.training - 	Tokenized reference:  ['Indi@@', 'a', 'is', 'also', 're@@', 'porte@@', 'dly', 'hop@@', 'ing', 'for', 'a', 'de@@', 'al', 'on', 'def@@', 'ence', 'c@@', 'oll@@', 'ab@@', 'or@@', 'ation', 'between', 'the', 'two', 'n@@', 'ations', '.']
2026-05-11 20:17:18,910 - DEBUG - joeynmt.training - 	Tokenized hypothesis: ['the', 're@@', 'ports', 'are', 'also', 'a@@', 'ware', 'of', 'the', 'fact', 'that', 'Indi@@', 'a', '&apos;s', 'work', 'between', 'the', 'two', 'n@@', 'ations', '.', '</s>']
2026-05-11 20:17:18,910 - INFO - joeynmt.training - 	Source:     Berichten zufolge hofft Indien darüber hinaus auf einen Vertrag zur Verteidigungszusammenarbeit zwischen den beiden Nationen .
2026-05-11 20:17:18,910 - INFO - joeynmt.training - 	Reference:  India is also reportedly hoping for a deal on defence collaboration between the two nations .
2026-05-11 20:17:18,910 - INFO - joeynmt.training - 	Hypothesis: the reports are also aware of the fact that India &apos;s work between the two nations .
2026-05-11 20:17:45,123 - INFO - joeynmt.training - Epoch   6, Step:    20600, Batch Loss:     1.794356, Batch Acc: 0.525304, Tokens per Sec:     3511, Lr: 0.000300
2026-05-11 20:18:11,875 - INFO - joeynmt.training - Epoch   6, Step:    20700, Batch Loss:     1.466546, Batch Acc: 0.515596, Tokens per Sec:     3462, Lr: 0.000300
2026-05-11 20:18:38,281 - INFO - joeynmt.training - Epoch   6, Step:    20800, Batch Loss:     1.797443, Batch Acc: 0.520788, Tokens per Sec:     3451, Lr: 0.000300
2026-05-11 20:19:04,848 - INFO - joeynmt.training - Epoch   6, Step:    20900, Batch Loss:     1.767846, Batch Acc: 0.519770, Tokens per Sec:     3497, Lr: 0.000300
2026-05-11 20:19:30,987 - INFO - joeynmt.training - Epoch   6, Step:    21000, Batch Loss:     1.615895, Batch Acc: 0.522496, Tokens per Sec:     3546, Lr: 0.000300
2026-05-11 20:19:30,987 - INFO - joeynmt.prediction - Predicting 500 example(s)... (Greedy decoding with min_output_length=1, max_output_length=-1, return_prob='none', generate_unk=True, repetition_penalty=-1, no_repeat_ngram_size=-1)
2026-05-11 20:20:04,107 - INFO - joeynmt.prediction - Evaluation result (greedy) loss:   2.15, ppl:   8.61, acc:   0.45, generation: 33.1114[sec], evaluation: 0.0000[sec]
2026-05-11 20:20:04,278 - INFO - joeynmt.helpers - delete models/deen_transformer_pre/18500.ckpt
2026-05-11 20:20:04,289 - INFO - joeynmt.training - Example #0
2026-05-11 20:20:04,289 - DEBUG - joeynmt.training - 	Tokenized source:     ['die', 'Pre@@', 'mi@@', 'er@@', 'minist@@', 'er', 'Indi@@', 'ens', 'und', 'J@@', 'ap@@', 'ans', 'tra@@', 'fen', 'sich', 'in', 'T@@', 'ok@@', 'i@@', 'o', '.']
2026-05-11 20:20:04,289 - DEBUG - joeynmt.training - 	Tokenized reference:  ['Indi@@', 'a', 'and', 'J@@', 'ap@@', 'an', 'pri@@', 'me', 'minist@@', 'ers', 'me@@', 'et', 'in', 'T@@', 'ok@@', 'y@@', 'o']
2026-05-11 20:20:04,289 - DEBUG - joeynmt.training - 	Tokenized hypothesis: ['the', 'Pri@@', 'me', 'Minist@@', 'er', 'Indi@@', 'a', 'and', 'J@@', 'ap@@', 'ans', 'are', 'tra@@', 'v@@', 'ell@@', 'ing', 'in', 'T@@', 'ok@@', 'i@@', 'o', '.', '</s>']
2026-05-11 20:20:04,289 - INFO - joeynmt.training - 	Source:     die Premierminister Indiens und Japans trafen sich in Tokio .
2026-05-11 20:20:04,289 - INFO - joeynmt.training - 	Reference:  India and Japan prime ministers meet in Tokyo
2026-05-11 20:20:04,289 - INFO - joeynmt.training - 	Hypothesis: the Prime Minister India and Japans are travelling in Tokio .
2026-05-11 20:20:04,289 - INFO - joeynmt.training - Example #1
2026-05-11 20:20:04,290 - DEBUG - joeynmt.training - 	Tokenized source:     ['Indi@@', 'ens', 'neu@@', 'er', 'Pre@@', 'mi@@', 'er@@', 'minist@@', 'er', 'N@@', 'ar@@', 'end@@', 'ra', 'Mo@@', 'd@@', 'i', 'tri@@', 'fft', 'bei', 's@@', 'einem', 'ersten', 'wichti@@', 'gen', 'Aus@@', 'land@@', 's@@', 'bes@@', 'u@@', 'ch', 'seit', 's@@', 'einem', 'W@@', 'ah@@', 'l@@', 'si@@', 'e@@', 'g', 'im', 'Ma@@', 'i', 'seinen', 'j@@', 'ap@@', 'an@@', 'ischen', 'Am@@', 'ts@@', 'k@@', 'olle@@', 'gen', 'S@@', 'hin@@', 'z@@', 'o', 'A@@', 'be', 'in', 'T@@', 'ok@@', 'o', ',', 'um', 'wirtschaf@@', 'tliche', 'und', 'sicher@@', 'heits@@', 'politische', 'Be@@', 'zieh@@', 'ungen', 'zu', 'bes@@', 'pre@@', 'chen', '.']
2026-05-11 20:20:04,290 - DEBUG - joeynmt.training - 	Tokenized reference:  ['Indi@@', 'a', '&apos;s', 'new', 'pri@@', 'me', 'minist@@', 'er', ',', 'N@@', 'ar@@', 'end@@', 'ra', 'Mo@@', 'd@@', 'i', ',', 'is', 'me@@', 'eting', 'his', 'J@@', 'ap@@', 'an@@', 'ese', 'coun@@', 'ter@@', 'part', ',', 'S@@', 'hin@@', 'z@@', 'o', 'A@@', 'be', ',', 'in', 'T@@', 'ok@@', 'y@@', 'o', 'to', 'disc@@', 'uss', 'economic', 'and', 'security', 'ties', ',', 'on', 'his', 'first', 'major', 'fore@@', 'ign', 'visi@@', 't', 'since', 'w@@', 'inn@@', 'ing', 'Ma@@', 'y', '&apos;s', 'elec@@', 'tion', '.']
2026-05-11 20:20:04,290 - DEBUG - joeynmt.training - 	Tokenized hypothesis: ['Indi@@', 'a', '&apos;s', 'lat@@', 'er', 'Pri@@', 'me', 'Minist@@', 'er', 'N@@', 'ar@@', 'end@@', 'ra', 'Mo@@', 'd@@', 'i', ',', 'in', 'his', 'first', 'important', 'ex@@', 'tern@@', 'al', 'fore@@', 'ign', 'and', 'to', 'make', 'it', 'a', 'great', 'de@@', 'al', 'of', 'the', 'J@@', 'ap@@', 'an@@', 'ese', 'Am@@', 'ts@@', 'k@@', 'ir@@', 'ts', ',', 'S@@', 'hin@@', 'z@@', 'o', 'A@@', 'be', 'in', 'T@@', 'ok@@', 'o', 'A@@', 'be', 'in', 'T@@', 'ok@@', 'o', 'A@@', 'be', 'in', 'T@@', 'ok@@', 'o', 'A@@', 'be', 'in', 'T@@', 'ok@@', 'o', '.', '</s>']
2026-05-11 20:20:04,290 - INFO - joeynmt.training - 	Source:     Indiens neuer Premierminister Narendra Modi trifft bei seinem ersten wichtigen Auslandsbesuch seit seinem Wahlsieg im Mai seinen japanischen Amtskollegen Shinzo Abe in Toko , um wirtschaftliche und sicherheitspolitische Beziehungen zu besprechen .
2026-05-11 20:20:04,290 - INFO - joeynmt.training - 	Reference:  India &apos;s new prime minister , Narendra Modi , is meeting his Japanese counterpart , Shinzo Abe , in Tokyo to discuss economic and security ties , on his first major foreign visit since winning May &apos;s election .
2026-05-11 20:20:04,290 - INFO - joeynmt.training - 	Hypothesis: India &apos;s later Prime Minister Narendra Modi , in his first important external foreign and to make it a great deal of the Japanese Amtskirts , Shinzo Abe in Toko Abe in Toko Abe in Toko Abe in Toko .
2026-05-11 20:20:04,290 - INFO - joeynmt.training - Example #2
2026-05-11 20:20:04,290 - DEBUG - joeynmt.training - 	Tokenized source:     ['Herr', 'Mo@@', 'd@@', 'i', 'befindet', 'sich', 'auf', 'einer', 'fü@@', 'n@@', 'f@@', 'tä@@', 'gi@@', 'gen', 'Rei@@', 'se', 'nach', 'J@@', 'ap@@', 'an', ',', 'um', 'die', 'wirtschaf@@', 'tlichen', 'Be@@', 'zieh@@', 'ungen', 'mit', 'der', 'd@@', 'rit@@', 't@@', 'größ@@', 'ten', 'Wirtschafts@@', 'n@@', 'ation', 'der', 'Welt', 'zu', 'fes@@', 'tigen', '.']
2026-05-11 20:20:04,290 - DEBUG - joeynmt.training - 	Tokenized reference:  ['Mr', 'Mo@@', 'd@@', 'i', 'is', 'on', 'a', 'fi@@', 've', '@@@', '-@@', '@', 'day', 'tri@@', 'p', 'to', 'J@@', 'ap@@', 'an', 'to', 'streng@@', 'then', 'economic', 'ties', 'with', 'the', 'third', 'lar@@', 'ges@@', 't', 'econom@@', 'y', 'in', 'the', 'world', '.']
2026-05-11 20:20:04,290 - DEBUG - joeynmt.training - 	Tokenized hypothesis: ['Mr', 'Mo@@', 'd@@', 'i', 'is', 'located', 'on', 'a', 'fe@@', 'f@@', 'ap@@', 'er', 'tra@@', 'v@@', 'ell@@', 'ing', 'for', 'J@@', 'ap@@', 'an', ',', 'to', 're@@', 'ach', 'the', 'economic', 'rel@@', 'ations', 'with', 'the', 'third', 'lar@@', 'ges@@', 't', 'economic', 'rel@@', 'ations', '.', '</s>']
2026-05-11 20:20:04,290 - INFO - joeynmt.training - 	Source:     Herr Modi befindet sich auf einer fünftägigen Reise nach Japan , um die wirtschaftlichen Beziehungen mit der drittgrößten Wirtschaftsnation der Welt zu festigen .
2026-05-11 20:20:04,290 - INFO - joeynmt.training - 	Reference:  Mr Modi is on a five @-@ day trip to Japan to strengthen economic ties with the third largest economy in the world .
2026-05-11 20:20:04,290 - INFO - joeynmt.training - 	Hypothesis: Mr Modi is located on a fefaper travelling for Japan , to reach the economic relations with the third largest economic relations .
2026-05-11 20:20:04,290 - INFO - joeynmt.training - Example #3
2026-05-11 20:20:04,290 - DEBUG - joeynmt.training - 	Tokenized source:     ['P@@', 'län@@', 'e', 'für', 'eine', 'stärk@@', 'ere', 'k@@', 'ern@@', 'techn@@', 'ische', 'Zusammenarbeit', 'stehen', 'ganz', 'ob@@', 'en', 'auf', 'der', 'Tag@@', 'es@@', 'ordnung', '.']
2026-05-11 20:20:04,290 - DEBUG - joeynmt.training - 	Tokenized reference:  ['high', 'on', 'the', 'agen@@', 'da', 'are', 'pl@@', 'ans', 'for', 'gre@@', 'ater', 'nu@@', 'clear', 'c@@', 'o', '@@@', '-@@', '@', 'operation', '.']
2026-05-11 20:20:04,290 - DEBUG - joeynmt.training - 	Tokenized hypothesis: ['P@@', 'lan@@', 'k@@', 'ers', 'for', 'more', 'more', 'seri@@', 'ous', 'techn@@', 'ical', 'cooperation', ',', 'there', 'is', 'a', 'very', 'close', 'to', 'the', 'agen@@', 'da', '.', '</s>']
2026-05-11 20:20:04,291 - INFO - joeynmt.training - 	Source:     Pläne für eine stärkere kerntechnische Zusammenarbeit stehen ganz oben auf der Tagesordnung .
2026-05-11 20:20:04,291 - INFO - joeynmt.training - 	Reference:  high on the agenda are plans for greater nuclear co @-@ operation .
2026-05-11 20:20:04,291 - INFO - joeynmt.training - 	Hypothesis: Plankers for more more serious technical cooperation , there is a very close to the agenda .
2026-05-11 20:20:04,291 - INFO - joeynmt.training - Example #4
2026-05-11 20:20:04,291 - DEBUG - joeynmt.training - 	Tokenized source:     ['Berich@@', 'ten', 'zu@@', 'fol@@', 'ge', 'ho@@', 'fft', 'Indi@@', 'en', 'darüber', 'hinaus', 'auf', 'einen', 'Ver@@', 'trag', 'zur', 'Ver@@', 'tei@@', 'dig@@', 'ungs@@', 'zusammen@@', 'arbeit', 'zwischen', 'den', 'beiden', 'N@@', 'ationen', '.']
2026-05-11 20:20:04,291 - DEBUG - joeynmt.training - 	Tokenized reference:  ['Indi@@', 'a', 'is', 'also', 're@@', 'porte@@', 'dly', 'hop@@', 'ing', 'for', 'a', 'de@@', 'al', 'on', 'def@@', 'ence', 'c@@', 'oll@@', 'ab@@', 'or@@', 'ation', 'between', 'the', 'two', 'n@@', 'ations', '.']
2026-05-11 20:20:04,291 - DEBUG - joeynmt.training - 	Tokenized hypothesis: ['the', 'following', 're@@', 'ports', ',', 'Indi@@', 'a', 'is', 'also', 'the', 'fact', 'that', 'it', 'is', 'a', 'con@@', 'tra@@', 'ct', 'on', 'the', 'basis', 'of', 'the', 'two', 'n@@', 'ations', '.', '</s>']
2026-05-11 20:20:04,291 - INFO - joeynmt.training - 	Source:     Berichten zufolge hofft Indien darüber hinaus auf einen Vertrag zur Verteidigungszusammenarbeit zwischen den beiden Nationen .
2026-05-11 20:20:04,291 - INFO - joeynmt.training - 	Reference:  India is also reportedly hoping for a deal on defence collaboration between the two nations .
2026-05-11 20:20:04,291 - INFO - joeynmt.training - 	Hypothesis: the following reports , India is also the fact that it is a contract on the basis of the two nations .
2026-05-11 20:20:30,491 - INFO - joeynmt.training - Epoch   6, Step:    21100, Batch Loss:     1.761211, Batch Acc: 0.520391, Tokens per Sec:     3414, Lr: 0.000300
2026-05-11 20:20:56,533 - INFO - joeynmt.training - Epoch   6, Step:    21200, Batch Loss:     1.933813, Batch Acc: 0.513260, Tokens per Sec:     3539, Lr: 0.000300
2026-05-11 20:21:22,876 - INFO - joeynmt.training - Epoch   6, Step:    21300, Batch Loss:     1.898185, Batch Acc: 0.517610, Tokens per Sec:     3536, Lr: 0.000300
2026-05-11 20:21:49,140 - INFO - joeynmt.training - Epoch   6, Step:    21400, Batch Loss:     1.715682, Batch Acc: 0.516086, Tokens per Sec:     3456, Lr: 0.000300
2026-05-11 20:22:16,802 - INFO - joeynmt.training - Epoch   6, Step:    21500, Batch Loss:     1.711425, Batch Acc: 0.517607, Tokens per Sec:     3309, Lr: 0.000300
2026-05-11 20:22:16,803 - INFO - joeynmt.prediction - Predicting 500 example(s)... (Greedy decoding with min_output_length=1, max_output_length=-1, return_prob='none', generate_unk=True, repetition_penalty=-1, no_repeat_ngram_size=-1)
2026-05-11 20:22:51,174 - INFO - joeynmt.prediction - Evaluation result (greedy) loss:   2.15, ppl:   8.55, acc:   0.44, generation: 34.3632[sec], evaluation: 0.0000[sec]
2026-05-11 20:22:51,348 - INFO - joeynmt.helpers - delete models/deen_transformer_pre/19000.ckpt
2026-05-11 20:22:51,352 - INFO - joeynmt.training - Example #0
2026-05-11 20:22:51,352 - DEBUG - joeynmt.training - 	Tokenized source:     ['die', 'Pre@@', 'mi@@', 'er@@', 'minist@@', 'er', 'Indi@@', 'ens', 'und', 'J@@', 'ap@@', 'ans', 'tra@@', 'fen', 'sich', 'in', 'T@@', 'ok@@', 'i@@', 'o', '.']
2026-05-11 20:22:51,352 - DEBUG - joeynmt.training - 	Tokenized reference:  ['Indi@@', 'a', 'and', 'J@@', 'ap@@', 'an', 'pri@@', 'me', 'minist@@', 'ers', 'me@@', 'et', 'in', 'T@@', 'ok@@', 'y@@', 'o']
2026-05-11 20:22:51,352 - DEBUG - joeynmt.training - 	Tokenized hypothesis: ['the', 'Pri@@', 'me', 'Minist@@', 'er', 'Indi@@', 'a', 'and', 'J@@', 'ap@@', 'an', 'is', 'tra@@', 'ck', 'in', 'T@@', 'ok@@', 'i@@', 'o', '.', '</s>']
2026-05-11 20:22:51,352 - INFO - joeynmt.training - 	Source:     die Premierminister Indiens und Japans trafen sich in Tokio .
2026-05-11 20:22:51,353 - INFO - joeynmt.training - 	Reference:  India and Japan prime ministers meet in Tokyo
2026-05-11 20:22:51,353 - INFO - joeynmt.training - 	Hypothesis: the Prime Minister India and Japan is track in Tokio .
2026-05-11 20:22:51,353 - INFO - joeynmt.training - Example #1
2026-05-11 20:22:51,353 - DEBUG - joeynmt.training - 	Tokenized source:     ['Indi@@', 'ens', 'neu@@', 'er', 'Pre@@', 'mi@@', 'er@@', 'minist@@', 'er', 'N@@', 'ar@@', 'end@@', 'ra', 'Mo@@', 'd@@', 'i', 'tri@@', 'fft', 'bei', 's@@', 'einem', 'ersten', 'wichti@@', 'gen', 'Aus@@', 'land@@', 's@@', 'bes@@', 'u@@', 'ch', 'seit', 's@@', 'einem', 'W@@', 'ah@@', 'l@@', 'si@@', 'e@@', 'g', 'im', 'Ma@@', 'i', 'seinen', 'j@@', 'ap@@', 'an@@', 'ischen', 'Am@@', 'ts@@', 'k@@', 'olle@@', 'gen', 'S@@', 'hin@@', 'z@@', 'o', 'A@@', 'be', 'in', 'T@@', 'ok@@', 'o', ',', 'um', 'wirtschaf@@', 'tliche', 'und', 'sicher@@', 'heits@@', 'politische', 'Be@@', 'zieh@@', 'ungen', 'zu', 'bes@@', 'pre@@', 'chen', '.']
2026-05-11 20:22:51,353 - DEBUG - joeynmt.training - 	Tokenized reference:  ['Indi@@', 'a', '&apos;s', 'new', 'pri@@', 'me', 'minist@@', 'er', ',', 'N@@', 'ar@@', 'end@@', 'ra', 'Mo@@', 'd@@', 'i', ',', 'is', 'me@@', 'eting', 'his', 'J@@', 'ap@@', 'an@@', 'ese', 'coun@@', 'ter@@', 'part', ',', 'S@@', 'hin@@', 'z@@', 'o', 'A@@', 'be', ',', 'in', 'T@@', 'ok@@', 'y@@', 'o', 'to', 'disc@@', 'uss', 'economic', 'and', 'security', 'ties', ',', 'on', 'his', 'first', 'major', 'fore@@', 'ign', 'visi@@', 't', 'since', 'w@@', 'inn@@', 'ing', 'Ma@@', 'y', '&apos;s', 'elec@@', 'tion', '.']
2026-05-11 20:22:51,353 - DEBUG - joeynmt.training - 	Tokenized hypothesis: ['Indi@@', 'a', '&apos;s', 'lat@@', 'est', 'Pri@@', 'me', 'Minist@@', 'er', 'N@@', 'ar@@', 'end@@', 'ra', 'Mo@@', 'd@@', 'i', ',', 'in', 'his', 'first', 'important', 'ex@@', 'tern@@', 'al', 'ex@@', 'tern@@', 'al', 'ex@@', 'tern@@', 'al', ',', 'the', 'J@@', 'ap@@', 'an', 'S@@', 'hin@@', 'z@@', 'z@@', 'o', 'A@@', 'be', 'in', 'T@@', 'ok@@', 'o', 'A@@', 'be', 'in', 'T@@', 'ok@@', 'o', ',', 'in', 'T@@', 'ok@@', 'o', ',', 'in', 'order', 'to', 're@@', 'duce', 'economic', 'and', 'security', 'policy', 'rel@@', 'ations', '.', '</s>']
2026-05-11 20:22:51,353 - INFO - joeynmt.training - 	Source:     Indiens neuer Premierminister Narendra Modi trifft bei seinem ersten wichtigen Auslandsbesuch seit seinem Wahlsieg im Mai seinen japanischen Amtskollegen Shinzo Abe in Toko , um wirtschaftliche und sicherheitspolitische Beziehungen zu besprechen .
2026-05-11 20:22:51,353 - INFO - joeynmt.training - 	Reference:  India &apos;s new prime minister , Narendra Modi , is meeting his Japanese counterpart , Shinzo Abe , in Tokyo to discuss economic and security ties , on his first major foreign visit since winning May &apos;s election .
2026-05-11 20:22:51,353 - INFO - joeynmt.training - 	Hypothesis: India &apos;s latest Prime Minister Narendra Modi , in his first important external external external , the Japan Shinzzo Abe in Toko Abe in Toko , in Toko , in order to reduce economic and security policy relations .
2026-05-11 20:22:51,353 - INFO - joeynmt.training - Example #2
2026-05-11 20:22:51,353 - DEBUG - joeynmt.training - 	Tokenized source:     ['Herr', 'Mo@@', 'd@@', 'i', 'befindet', 'sich', 'auf', 'einer', 'fü@@', 'n@@', 'f@@', 'tä@@', 'gi@@', 'gen', 'Rei@@', 'se', 'nach', 'J@@', 'ap@@', 'an', ',', 'um', 'die', 'wirtschaf@@', 'tlichen', 'Be@@', 'zieh@@', 'ungen', 'mit', 'der', 'd@@', 'rit@@', 't@@', 'größ@@', 'ten', 'Wirtschafts@@', 'n@@', 'ation', 'der', 'Welt', 'zu', 'fes@@', 'tigen', '.']
2026-05-11 20:22:51,353 - DEBUG - joeynmt.training - 	Tokenized reference:  ['Mr', 'Mo@@', 'd@@', 'i', 'is', 'on', 'a', 'fi@@', 've', '@@@', '-@@', '@', 'day', 'tri@@', 'p', 'to', 'J@@', 'ap@@', 'an', 'to', 'streng@@', 'then', 'economic', 'ties', 'with', 'the', 'third', 'lar@@', 'ges@@', 't', 'econom@@', 'y', 'in', 'the', 'world', '.']
2026-05-11 20:22:51,353 - DEBUG - joeynmt.training - 	Tokenized hypothesis: ['Mr', 'Mo@@', 'd@@', 'i', 'is', 'located', 'on', 'a', 'fi@@', 'f@@', 'ty', 'of', 'a', 'fe@@', 'ar', 'to', 'J@@', 'ap@@', 'an', ',', 'to', 'the', 'economic', 'rel@@', 'ations', 'with', 'the', 'third', 'lar@@', 'ges@@', 't', 'economic', 'rel@@', 'ations', 'with', 'the', 'third', 'lar@@', 'ges@@', 't', 'economic', 'rel@@', 'ations', 'with', 'the', 'third', 'lar@@', 'ges@@', 't', 'economic', 'rel@@', 'ations', 'with', 'the', 'third', 'lar@@', 'ges@@', 't', 'economic', 'rel@@', 'ations', 'with', 'the', 'third', 'lar@@', 'ges@@', 't', 'economic', 'rel@@', 'ations', 'with', 'the', 'third', 'lar@@', 'ges@@', 't', 'economic', 'rel@@', 'ations', 'with', 'the', 'third', 'lar@@', 'ges@@', 't', 'economic', 'n@@', 'ations', '.', '</s>']
2026-05-11 20:22:51,353 - INFO - joeynmt.training - 	Source:     Herr Modi befindet sich auf einer fünftägigen Reise nach Japan , um die wirtschaftlichen Beziehungen mit der drittgrößten Wirtschaftsnation der Welt zu festigen .
2026-05-11 20:22:51,353 - INFO - joeynmt.training - 	Reference:  Mr Modi is on a five @-@ day trip to Japan to strengthen economic ties with the third largest economy in the world .
2026-05-11 20:22:51,353 - INFO - joeynmt.training - 	Hypothesis: Mr Modi is located on a fifty of a fear to Japan , to the economic relations with the third largest economic relations with the third largest economic relations with the third largest economic relations with the third largest economic relations with the third largest economic relations with the third largest economic relations with the third largest economic nations .
2026-05-11 20:22:51,354 - INFO - joeynmt.training - Example #3
2026-05-11 20:22:51,354 - DEBUG - joeynmt.training - 	Tokenized source:     ['P@@', 'län@@', 'e', 'für', 'eine', 'stärk@@', 'ere', 'k@@', 'ern@@', 'techn@@', 'ische', 'Zusammenarbeit', 'stehen', 'ganz', 'ob@@', 'en', 'auf', 'der', 'Tag@@', 'es@@', 'ordnung', '.']
2026-05-11 20:22:51,354 - DEBUG - joeynmt.training - 	Tokenized reference:  ['high', 'on', 'the', 'agen@@', 'da', 'are', 'pl@@', 'ans', 'for', 'gre@@', 'ater', 'nu@@', 'clear', 'c@@', 'o', '@@@', '-@@', '@', 'operation', '.']
2026-05-11 20:22:51,354 - DEBUG - joeynmt.training - 	Tokenized hypothesis: ['pl@@', 'ans', 'for', 'more', 'more', 'seri@@', 'ous', 'techn@@', 'ical', 'cooperation', 'are', 'ob@@', 'vi@@', 'ously', 'on', 'the', 'agen@@', 'da', '.', '</s>']
2026-05-11 20:22:51,354 - INFO - joeynmt.training - 	Source:     Pläne für eine stärkere kerntechnische Zusammenarbeit stehen ganz oben auf der Tagesordnung .
2026-05-11 20:22:51,354 - INFO - joeynmt.training - 	Reference:  high on the agenda are plans for greater nuclear co @-@ operation .
2026-05-11 20:22:51,354 - INFO - joeynmt.training - 	Hypothesis: plans for more more serious technical cooperation are obviously on the agenda .
2026-05-11 20:22:51,354 - INFO - joeynmt.training - Example #4
2026-05-11 20:22:51,354 - DEBUG - joeynmt.training - 	Tokenized source:     ['Berich@@', 'ten', 'zu@@', 'fol@@', 'ge', 'ho@@', 'fft', 'Indi@@', 'en', 'darüber', 'hinaus', 'auf', 'einen', 'Ver@@', 'trag', 'zur', 'Ver@@', 'tei@@', 'dig@@', 'ungs@@', 'zusammen@@', 'arbeit', 'zwischen', 'den', 'beiden', 'N@@', 'ationen', '.']
2026-05-11 20:22:51,354 - DEBUG - joeynmt.training - 	Tokenized reference:  ['Indi@@', 'a', 'is', 'also', 're@@', 'porte@@', 'dly', 'hop@@', 'ing', 'for', 'a', 'de@@', 'al', 'on', 'def@@', 'ence', 'c@@', 'oll@@', 'ab@@', 'or@@', 'ation', 'between', 'the', 'two', 'n@@', 'ations', '.']
2026-05-11 20:22:51,354 - DEBUG - joeynmt.training - 	Tokenized hypothesis: ['the', 'following', 're@@', 'ports', ',', 'the', 'fact', 'that', 'the', 'two', 'n@@', 'ations', 'are', 'also', 'a@@', 'ware', 'of', 'the', 'two', 'n@@', 'ations', '.', '</s>']
2026-05-11 20:22:51,354 - INFO - joeynmt.training - 	Source:     Berichten zufolge hofft Indien darüber hinaus auf einen Vertrag zur Verteidigungszusammenarbeit zwischen den beiden Nationen .
2026-05-11 20:22:51,354 - INFO - joeynmt.training - 	Reference:  India is also reportedly hoping for a deal on defence collaboration between the two nations .
2026-05-11 20:22:51,354 - INFO - joeynmt.training - 	Hypothesis: the following reports , the fact that the two nations are also aware of the two nations .
2026-05-11 20:23:17,839 - INFO - joeynmt.training - Epoch   6, Step:    21600, Batch Loss:     1.770912, Batch Acc: 0.511637, Tokens per Sec:     3365, Lr: 0.000300
2026-05-11 20:23:44,806 - INFO - joeynmt.training - Epoch   6, Step:    21700, Batch Loss:     1.802915, Batch Acc: 0.518342, Tokens per Sec:     3369, Lr: 0.000300
2026-05-11 20:24:11,491 - INFO - joeynmt.training - Epoch   6, Step:    21800, Batch Loss:     1.780699, Batch Acc: 0.513741, Tokens per Sec:     3453, Lr: 0.000300
2026-05-11 20:24:37,412 - INFO - joeynmt.training - Epoch   6, Step:    21900, Batch Loss:     1.919852, Batch Acc: 0.515647, Tokens per Sec:     3589, Lr: 0.000300
2026-05-11 20:25:03,125 - INFO - joeynmt.training - Epoch   6, Step:    22000, Batch Loss:     1.601036, Batch Acc: 0.512971, Tokens per Sec:     3529, Lr: 0.000300
2026-05-11 20:25:03,126 - INFO - joeynmt.prediction - Predicting 500 example(s)... (Greedy decoding with min_output_length=1, max_output_length=-1, return_prob='none', generate_unk=True, repetition_penalty=-1, no_repeat_ngram_size=-1)
2026-05-11 20:25:44,835 - INFO - joeynmt.prediction - Evaluation result (greedy) loss:   2.14, ppl:   8.50, acc:   0.45, generation: 41.7006[sec], evaluation: 0.0000[sec]
2026-05-11 20:25:44,837 - INFO - joeynmt.training - Hooray! New best validation result [ppl]!
2026-05-11 20:25:45,006 - INFO - joeynmt.helpers - delete models/deen_transformer_pre/20500.ckpt
2026-05-11 20:25:45,011 - INFO - joeynmt.training - Example #0
2026-05-11 20:25:45,011 - DEBUG - joeynmt.training - 	Tokenized source:     ['die', 'Pre@@', 'mi@@', 'er@@', 'minist@@', 'er', 'Indi@@', 'ens', 'und', 'J@@', 'ap@@', 'ans', 'tra@@', 'fen', 'sich', 'in', 'T@@', 'ok@@', 'i@@', 'o', '.']
2026-05-11 20:25:45,011 - DEBUG - joeynmt.training - 	Tokenized reference:  ['Indi@@', 'a', 'and', 'J@@', 'ap@@', 'an', 'pri@@', 'me', 'minist@@', 'ers', 'me@@', 'et', 'in', 'T@@', 'ok@@', 'y@@', 'o']
2026-05-11 20:25:45,011 - DEBUG - joeynmt.training - 	Tokenized hypothesis: ['the', 'Pri@@', 'me', 'Minist@@', 'er', 'Indi@@', 'a', 'and', 'J@@', 'ap@@', 'an', '&apos;s', 'Pri@@', 'me', 'Minist@@', 'er', 'of', 'M@@', 'or@@', 'e', '.', '</s>']
2026-05-11 20:25:45,012 - INFO - joeynmt.training - 	Source:     die Premierminister Indiens und Japans trafen sich in Tokio .
2026-05-11 20:25:45,012 - INFO - joeynmt.training - 	Reference:  India and Japan prime ministers meet in Tokyo
2026-05-11 20:25:45,012 - INFO - joeynmt.training - 	Hypothesis: the Prime Minister India and Japan &apos;s Prime Minister of More .
2026-05-11 20:25:45,012 - INFO - joeynmt.training - Example #1
2026-05-11 20:25:45,012 - DEBUG - joeynmt.training - 	Tokenized source:     ['Indi@@', 'ens', 'neu@@', 'er', 'Pre@@', 'mi@@', 'er@@', 'minist@@', 'er', 'N@@', 'ar@@', 'end@@', 'ra', 'Mo@@', 'd@@', 'i', 'tri@@', 'fft', 'bei', 's@@', 'einem', 'ersten', 'wichti@@', 'gen', 'Aus@@', 'land@@', 's@@', 'bes@@', 'u@@', 'ch', 'seit', 's@@', 'einem', 'W@@', 'ah@@', 'l@@', 'si@@', 'e@@', 'g', 'im', 'Ma@@', 'i', 'seinen', 'j@@', 'ap@@', 'an@@', 'ischen', 'Am@@', 'ts@@', 'k@@', 'olle@@', 'gen', 'S@@', 'hin@@', 'z@@', 'o', 'A@@', 'be', 'in', 'T@@', 'ok@@', 'o', ',', 'um', 'wirtschaf@@', 'tliche', 'und', 'sicher@@', 'heits@@', 'politische', 'Be@@', 'zieh@@', 'ungen', 'zu', 'bes@@', 'pre@@', 'chen', '.']
2026-05-11 20:25:45,012 - DEBUG - joeynmt.training - 	Tokenized reference:  ['Indi@@', 'a', '&apos;s', 'new', 'pri@@', 'me', 'minist@@', 'er', ',', 'N@@', 'ar@@', 'end@@', 'ra', 'Mo@@', 'd@@', 'i', ',', 'is', 'me@@', 'eting', 'his', 'J@@', 'ap@@', 'an@@', 'ese', 'coun@@', 'ter@@', 'part', ',', 'S@@', 'hin@@', 'z@@', 'o', 'A@@', 'be', ',', 'in', 'T@@', 'ok@@', 'y@@', 'o', 'to', 'disc@@', 'uss', 'economic', 'and', 'security', 'ties', ',', 'on', 'his', 'first', 'major', 'fore@@', 'ign', 'visi@@', 't', 'since', 'w@@', 'inn@@', 'ing', 'Ma@@', 'y', '&apos;s', 'elec@@', 'tion', '.']
2026-05-11 20:25:45,012 - DEBUG - joeynmt.training - 	Tokenized hypothesis: ['Indi@@', 'a', '&apos;s', 'Ne@@', 'w', 'Pri@@', 'me', 'Minist@@', 'er', 'N@@', 'ar@@', 'end@@', 'ra', 'Mo@@', 'del', ',', 'in', 'his', 'first', 'important', 'ex@@', 'ec@@', 'ution', 'in', 'Ma@@', 'y', ',', 'in', 'the', 'M@@', 'or@@', 'e', ',', 'S@@', 'hin@@', 'z@@', 'o', 'A@@', 'be', 'in', 'T@@', 'ok@@', 'o', 'A@@', 'be', 'in', 'T@@', 'ok@@', 'o', 'A@@', 'be', 'in', 'T@@', 'ok@@', 'o', 'A@@', 'be', 'in', 'T@@', 'ok@@', 'o', 'A@@', 'be', 'in', 'T@@', 'ok@@', 'o', 'A@@', 'be', 'in', 'T@@', 'ok@@', 'o', 'A@@', 'be', 'in', 'T@@', 'ok@@', 'o', 'A@@', 'be', 'in', 'T@@', 'ok@@', 'o', 'A@@', 'be', 'in', 'T@@', 'ok@@', 'o', 'A@@', 'be', '.', '</s>']
2026-05-11 20:25:45,012 - INFO - joeynmt.training - 	Source:     Indiens neuer Premierminister Narendra Modi trifft bei seinem ersten wichtigen Auslandsbesuch seit seinem Wahlsieg im Mai seinen japanischen Amtskollegen Shinzo Abe in Toko , um wirtschaftliche und sicherheitspolitische Beziehungen zu besprechen .
2026-05-11 20:25:45,012 - INFO - joeynmt.training - 	Reference:  India &apos;s new prime minister , Narendra Modi , is meeting his Japanese counterpart , Shinzo Abe , in Tokyo to discuss economic and security ties , on his first major foreign visit since winning May &apos;s election .
2026-05-11 20:25:45,012 - INFO - joeynmt.training - 	Hypothesis: India &apos;s New Prime Minister Narendra Model , in his first important execution in May , in the More , Shinzo Abe in Toko Abe in Toko Abe in Toko Abe in Toko Abe in Toko Abe in Toko Abe in Toko Abe in Toko Abe in Toko Abe .
2026-05-11 20:25:45,012 - INFO - joeynmt.training - Example #2
2026-05-11 20:25:45,012 - DEBUG - joeynmt.training - 	Tokenized source:     ['Herr', 'Mo@@', 'd@@', 'i', 'befindet', 'sich', 'auf', 'einer', 'fü@@', 'n@@', 'f@@', 'tä@@', 'gi@@', 'gen', 'Rei@@', 'se', 'nach', 'J@@', 'ap@@', 'an', ',', 'um', 'die', 'wirtschaf@@', 'tlichen', 'Be@@', 'zieh@@', 'ungen', 'mit', 'der', 'd@@', 'rit@@', 't@@', 'größ@@', 'ten', 'Wirtschafts@@', 'n@@', 'ation', 'der', 'Welt', 'zu', 'fes@@', 'tigen', '.']
2026-05-11 20:25:45,012 - DEBUG - joeynmt.training - 	Tokenized reference:  ['Mr', 'Mo@@', 'd@@', 'i', 'is', 'on', 'a', 'fi@@', 've', '@@@', '-@@', '@', 'day', 'tri@@', 'p', 'to', 'J@@', 'ap@@', 'an', 'to', 'streng@@', 'then', 'economic', 'ties', 'with', 'the', 'third', 'lar@@', 'ges@@', 't', 'econom@@', 'y', 'in', 'the', 'world', '.']
2026-05-11 20:25:45,012 - DEBUG - joeynmt.training - 	Tokenized hypothesis: ['Mr', 'Mo@@', 'del', 'is', 'on', 'a', 'fi@@', 'f@@', 'ty', 'of', 'a', 'fi@@', 'f@@', 'ty', ',', 'in', 'order', 'to', 'j@@', 'ap@@', 'an', 'to', 'J@@', 'ap@@', 'an', ',', 'to', 're@@', 'fle@@', 'ct', 'the', 'economic', 'rel@@', 'ations', 'with', 'the', 'third', 'lar@@', 'ges@@', 't', 'economic', 'rel@@', 'ations', 'with', 'the', 'third', 'lar@@', 'ges@@', 't', 'economic', 'rel@@', 'ations', 'with', 'the', 'third', 'lar@@', 'ges@@', 't', 'economic', 'rel@@', 'ations', 'with', 'the', 'third', 'lar@@', 'ges@@', 'tion', '.', '</s>']
2026-05-11 20:25:45,012 - INFO - joeynmt.training - 	Source:     Herr Modi befindet sich auf einer fünftägigen Reise nach Japan , um die wirtschaftlichen Beziehungen mit der drittgrößten Wirtschaftsnation der Welt zu festigen .
2026-05-11 20:25:45,013 - INFO - joeynmt.training - 	Reference:  Mr Modi is on a five @-@ day trip to Japan to strengthen economic ties with the third largest economy in the world .
2026-05-11 20:25:45,013 - INFO - joeynmt.training - 	Hypothesis: Mr Model is on a fifty of a fifty , in order to japan to Japan , to reflect the economic relations with the third largest economic relations with the third largest economic relations with the third largest economic relations with the third largestion .
2026-05-11 20:25:45,013 - INFO - joeynmt.training - Example #3
2026-05-11 20:25:45,013 - DEBUG - joeynmt.training - 	Tokenized source:     ['P@@', 'län@@', 'e', 'für', 'eine', 'stärk@@', 'ere', 'k@@', 'ern@@', 'techn@@', 'ische', 'Zusammenarbeit', 'stehen', 'ganz', 'ob@@', 'en', 'auf', 'der', 'Tag@@', 'es@@', 'ordnung', '.']
2026-05-11 20:25:45,013 - DEBUG - joeynmt.training - 	Tokenized reference:  ['high', 'on', 'the', 'agen@@', 'da', 'are', 'pl@@', 'ans', 'for', 'gre@@', 'ater', 'nu@@', 'clear', 'c@@', 'o', '@@@', '-@@', '@', 'operation', '.']
2026-05-11 20:25:45,013 - DEBUG - joeynmt.training - 	Tokenized hypothesis: ['P@@', 'ans', 'for', 'more', 'more', 'seri@@', 'ous', 'techn@@', 'ical', 'cooperation', 'are', 'very', 'ob@@', 'vi@@', 'ously', 'on', 'the', 'agen@@', 'da', '.', '</s>']
2026-05-11 20:25:45,013 - INFO - joeynmt.training - 	Source:     Pläne für eine stärkere kerntechnische Zusammenarbeit stehen ganz oben auf der Tagesordnung .
2026-05-11 20:25:45,013 - INFO - joeynmt.training - 	Reference:  high on the agenda are plans for greater nuclear co @-@ operation .
2026-05-11 20:25:45,013 - INFO - joeynmt.training - 	Hypothesis: Pans for more more serious technical cooperation are very obviously on the agenda .
2026-05-11 20:25:45,013 - INFO - joeynmt.training - Example #4
2026-05-11 20:25:45,013 - DEBUG - joeynmt.training - 	Tokenized source:     ['Berich@@', 'ten', 'zu@@', 'fol@@', 'ge', 'ho@@', 'fft', 'Indi@@', 'en', 'darüber', 'hinaus', 'auf', 'einen', 'Ver@@', 'trag', 'zur', 'Ver@@', 'tei@@', 'dig@@', 'ungs@@', 'zusammen@@', 'arbeit', 'zwischen', 'den', 'beiden', 'N@@', 'ationen', '.']
2026-05-11 20:25:45,013 - DEBUG - joeynmt.training - 	Tokenized reference:  ['Indi@@', 'a', 'is', 'also', 're@@', 'porte@@', 'dly', 'hop@@', 'ing', 'for', 'a', 'de@@', 'al', 'on', 'def@@', 'ence', 'c@@', 'oll@@', 'ab@@', 'or@@', 'ation', 'between', 'the', 'two', 'n@@', 'ations', '.']
2026-05-11 20:25:45,013 - DEBUG - joeynmt.training - 	Tokenized hypothesis: ['the', 'following', 'no@@', 'tice', 'of', 'the', 'following', 'sign@@', 'ific@@', 'ant', ',', 'Indi@@', 'a', '&apos;s', 'con@@', 'tra@@', 'ct', 'on', 'the', 'con@@', 'tra@@', 'ct', 'between', 'the', 'two', 'n@@', 'ations', '.', '</s>']
2026-05-11 20:25:45,013 - INFO - joeynmt.training - 	Source:     Berichten zufolge hofft Indien darüber hinaus auf einen Vertrag zur Verteidigungszusammenarbeit zwischen den beiden Nationen .
2026-05-11 20:25:45,013 - INFO - joeynmt.training - 	Reference:  India is also reportedly hoping for a deal on defence collaboration between the two nations .
2026-05-11 20:25:45,013 - INFO - joeynmt.training - 	Hypothesis: the following notice of the following significant , India &apos;s contract on the contract between the two nations .
2026-05-11 20:26:11,178 - INFO - joeynmt.training - Epoch   6, Step:    22100, Batch Loss:     1.687160, Batch Acc: 0.511526, Tokens per Sec:     3463, Lr: 0.000300
2026-05-11 20:26:38,016 - INFO - joeynmt.training - Epoch   6, Step:    22200, Batch Loss:     1.889782, Batch Acc: 0.514940, Tokens per Sec:     3431, Lr: 0.000300
2026-05-11 20:27:04,577 - INFO - joeynmt.training - Epoch   6, Step:    22300, Batch Loss:     1.817323, Batch Acc: 0.508110, Tokens per Sec:     3510, Lr: 0.000300
2026-05-11 20:27:31,438 - INFO - joeynmt.training - Epoch   6, Step:    22400, Batch Loss:     2.075101, Batch Acc: 0.511923, Tokens per Sec:     3386, Lr: 0.000300
2026-05-11 20:27:58,013 - INFO - joeynmt.training - Epoch   6, Step:    22500, Batch Loss:     1.934061, Batch Acc: 0.509757, Tokens per Sec:     3492, Lr: 0.000300
2026-05-11 20:27:58,014 - INFO - joeynmt.prediction - Predicting 500 example(s)... (Greedy decoding with min_output_length=1, max_output_length=-1, return_prob='none', generate_unk=True, repetition_penalty=-1, no_repeat_ngram_size=-1)
2026-05-11 20:28:40,340 - INFO - joeynmt.prediction - Evaluation result (greedy) loss:   2.15, ppl:   8.57, acc:   0.45, generation: 42.3173[sec], evaluation: 0.0000[sec]
2026-05-11 20:28:40,502 - INFO - joeynmt.helpers - delete models/deen_transformer_pre/19500.ckpt
2026-05-11 20:28:40,508 - INFO - joeynmt.training - Example #0
2026-05-11 20:28:40,508 - DEBUG - joeynmt.training - 	Tokenized source:     ['die', 'Pre@@', 'mi@@', 'er@@', 'minist@@', 'er', 'Indi@@', 'ens', 'und', 'J@@', 'ap@@', 'ans', 'tra@@', 'fen', 'sich', 'in', 'T@@', 'ok@@', 'i@@', 'o', '.']
2026-05-11 20:28:40,508 - DEBUG - joeynmt.training - 	Tokenized reference:  ['Indi@@', 'a', 'and', 'J@@', 'ap@@', 'an', 'pri@@', 'me', 'minist@@', 'ers', 'me@@', 'et', 'in', 'T@@', 'ok@@', 'y@@', 'o']
2026-05-11 20:28:40,508 - DEBUG - joeynmt.training - 	Tokenized hypothesis: ['the', 'pri@@', 'me', 'minist@@', 'er', 'Indi@@', 'a', 'and', 'J@@', 'ap@@', 'ans', 'are', 'tra@@', 'ck', 'in', 'T@@', 'ok@@', 'i@@', 'o', '.', '</s>']
2026-05-11 20:28:40,509 - INFO - joeynmt.training - 	Source:     die Premierminister Indiens und Japans trafen sich in Tokio .
2026-05-11 20:28:40,509 - INFO - joeynmt.training - 	Reference:  India and Japan prime ministers meet in Tokyo
2026-05-11 20:28:40,509 - INFO - joeynmt.training - 	Hypothesis: the prime minister India and Japans are track in Tokio .
2026-05-11 20:28:40,509 - INFO - joeynmt.training - Example #1
2026-05-11 20:28:40,509 - DEBUG - joeynmt.training - 	Tokenized source:     ['Indi@@', 'ens', 'neu@@', 'er', 'Pre@@', 'mi@@', 'er@@', 'minist@@', 'er', 'N@@', 'ar@@', 'end@@', 'ra', 'Mo@@', 'd@@', 'i', 'tri@@', 'fft', 'bei', 's@@', 'einem', 'ersten', 'wichti@@', 'gen', 'Aus@@', 'land@@', 's@@', 'bes@@', 'u@@', 'ch', 'seit', 's@@', 'einem', 'W@@', 'ah@@', 'l@@', 'si@@', 'e@@', 'g', 'im', 'Ma@@', 'i', 'seinen', 'j@@', 'ap@@', 'an@@', 'ischen', 'Am@@', 'ts@@', 'k@@', 'olle@@', 'gen', 'S@@', 'hin@@', 'z@@', 'o', 'A@@', 'be', 'in', 'T@@', 'ok@@', 'o', ',', 'um', 'wirtschaf@@', 'tliche', 'und', 'sicher@@', 'heits@@', 'politische', 'Be@@', 'zieh@@', 'ungen', 'zu', 'bes@@', 'pre@@', 'chen', '.']
2026-05-11 20:28:40,509 - DEBUG - joeynmt.training - 	Tokenized reference:  ['Indi@@', 'a', '&apos;s', 'new', 'pri@@', 'me', 'minist@@', 'er', ',', 'N@@', 'ar@@', 'end@@', 'ra', 'Mo@@', 'd@@', 'i', ',', 'is', 'me@@', 'eting', 'his', 'J@@', 'ap@@', 'an@@', 'ese', 'coun@@', 'ter@@', 'part', ',', 'S@@', 'hin@@', 'z@@', 'o', 'A@@', 'be', ',', 'in', 'T@@', 'ok@@', 'y@@', 'o', 'to', 'disc@@', 'uss', 'economic', 'and', 'security', 'ties', ',', 'on', 'his', 'first', 'major', 'fore@@', 'ign', 'visi@@', 't', 'since', 'w@@', 'inn@@', 'ing', 'Ma@@', 'y', '&apos;s', 'elec@@', 'tion', '.']
2026-05-11 20:28:40,509 - DEBUG - joeynmt.training - 	Tokenized hypothesis: ['Indi@@', 'a', '&apos;s', 'lat@@', 'er', 'Pri@@', 'me', 'Minist@@', 'er', 'N@@', 'ar@@', 'end@@', 'ra', 'Mo@@', 'd@@', 'i', ',', 'in', 'the', 'first', 'important', 'fore@@', 'ign', ',', 'in', 'the', 'first', 'of', 'all', 'of', 'the', 'elec@@', 'tion', 'of', 'J@@', 'ap@@', 'an@@', 'ese', 'Am@@', 'ts@@', 'k@@', 'o', 'A@@', 'be', 'in', 'T@@', 'ok@@', 'o', 'A@@', 'be', 'in', 'T@@', 'ok@@', 'o', ',', 'in', 'order', 'to', 'visi@@', 't', 'the', 'economic', 'and', 'saf@@', 'ety', 'political', 'rel@@', 'ation@@', 'ship', 'with', 'the', 'pre@@', 'mi@@', 'um', 'of', 'the', 'lat@@', 'est', '.', '</s>']
2026-05-11 20:28:40,509 - INFO - joeynmt.training - 	Source:     Indiens neuer Premierminister Narendra Modi trifft bei seinem ersten wichtigen Auslandsbesuch seit seinem Wahlsieg im Mai seinen japanischen Amtskollegen Shinzo Abe in Toko , um wirtschaftliche und sicherheitspolitische Beziehungen zu besprechen .
2026-05-11 20:28:40,509 - INFO - joeynmt.training - 	Reference:  India &apos;s new prime minister , Narendra Modi , is meeting his Japanese counterpart , Shinzo Abe , in Tokyo to discuss economic and security ties , on his first major foreign visit since winning May &apos;s election .
2026-05-11 20:28:40,509 - INFO - joeynmt.training - 	Hypothesis: India &apos;s later Prime Minister Narendra Modi , in the first important foreign , in the first of all of the election of Japanese Amtsko Abe in Toko Abe in Toko , in order to visit the economic and safety political relationship with the premium of the latest .
2026-05-11 20:28:40,509 - INFO - joeynmt.training - Example #2
2026-05-11 20:28:40,509 - DEBUG - joeynmt.training - 	Tokenized source:     ['Herr', 'Mo@@', 'd@@', 'i', 'befindet', 'sich', 'auf', 'einer', 'fü@@', 'n@@', 'f@@', 'tä@@', 'gi@@', 'gen', 'Rei@@', 'se', 'nach', 'J@@', 'ap@@', 'an', ',', 'um', 'die', 'wirtschaf@@', 'tlichen', 'Be@@', 'zieh@@', 'ungen', 'mit', 'der', 'd@@', 'rit@@', 't@@', 'größ@@', 'ten', 'Wirtschafts@@', 'n@@', 'ation', 'der', 'Welt', 'zu', 'fes@@', 'tigen', '.']
2026-05-11 20:28:40,509 - DEBUG - joeynmt.training - 	Tokenized reference:  ['Mr', 'Mo@@', 'd@@', 'i', 'is', 'on', 'a', 'fi@@', 've', '@@@', '-@@', '@', 'day', 'tri@@', 'p', 'to', 'J@@', 'ap@@', 'an', 'to', 'streng@@', 'then', 'economic', 'ties', 'with', 'the', 'third', 'lar@@', 'ges@@', 't', 'econom@@', 'y', 'in', 'the', 'world', '.']
2026-05-11 20:28:40,509 - DEBUG - joeynmt.training - 	Tokenized hypothesis: ['Mr', 'Mo@@', 'd@@', 'i', 'is', 'located', 'on', 'a', 'fi@@', 'f@@', 'ty', 'of', 'a', 'fi@@', 'f@@', 'ty', 'of', 'the', 'world', '&apos;s', 'economic', 'rel@@', 'ations', 'with', 'the', 'third', 'lar@@', 'ges@@', 't', 'economic', 'rel@@', 'ation@@', 'ship', '.', '</s>']
2026-05-11 20:28:40,510 - INFO - joeynmt.training - 	Source:     Herr Modi befindet sich auf einer fünftägigen Reise nach Japan , um die wirtschaftlichen Beziehungen mit der drittgrößten Wirtschaftsnation der Welt zu festigen .
2026-05-11 20:28:40,510 - INFO - joeynmt.training - 	Reference:  Mr Modi is on a five @-@ day trip to Japan to strengthen economic ties with the third largest economy in the world .
2026-05-11 20:28:40,510 - INFO - joeynmt.training - 	Hypothesis: Mr Modi is located on a fifty of a fifty of the world &apos;s economic relations with the third largest economic relationship .
2026-05-11 20:28:40,510 - INFO - joeynmt.training - Example #3
2026-05-11 20:28:40,510 - DEBUG - joeynmt.training - 	Tokenized source:     ['P@@', 'län@@', 'e', 'für', 'eine', 'stärk@@', 'ere', 'k@@', 'ern@@', 'techn@@', 'ische', 'Zusammenarbeit', 'stehen', 'ganz', 'ob@@', 'en', 'auf', 'der', 'Tag@@', 'es@@', 'ordnung', '.']
2026-05-11 20:28:40,510 - DEBUG - joeynmt.training - 	Tokenized reference:  ['high', 'on', 'the', 'agen@@', 'da', 'are', 'pl@@', 'ans', 'for', 'gre@@', 'ater', 'nu@@', 'clear', 'c@@', 'o', '@@@', '-@@', '@', 'operation', '.']
2026-05-11 20:28:40,510 - DEBUG - joeynmt.training - 	Tokenized hypothesis: ['p@@', 'ass@@', 'ing', 'for', 'more', 'more', 'seri@@', 'ous', 'techn@@', 'ical', 'cooperation', 'are', 'very', 'ob@@', 'vi@@', 'ous', 'to', 'the', 'agen@@', 'da', '.', '</s>']
2026-05-11 20:28:40,510 - INFO - joeynmt.training - 	Source:     Pläne für eine stärkere kerntechnische Zusammenarbeit stehen ganz oben auf der Tagesordnung .
2026-05-11 20:28:40,510 - INFO - joeynmt.training - 	Reference:  high on the agenda are plans for greater nuclear co @-@ operation .
2026-05-11 20:28:40,510 - INFO - joeynmt.training - 	Hypothesis: passing for more more serious technical cooperation are very obvious to the agenda .
2026-05-11 20:28:40,510 - INFO - joeynmt.training - Example #4
2026-05-11 20:28:40,510 - DEBUG - joeynmt.training - 	Tokenized source:     ['Berich@@', 'ten', 'zu@@', 'fol@@', 'ge', 'ho@@', 'fft', 'Indi@@', 'en', 'darüber', 'hinaus', 'auf', 'einen', 'Ver@@', 'trag', 'zur', 'Ver@@', 'tei@@', 'dig@@', 'ungs@@', 'zusammen@@', 'arbeit', 'zwischen', 'den', 'beiden', 'N@@', 'ationen', '.']
2026-05-11 20:28:40,510 - DEBUG - joeynmt.training - 	Tokenized reference:  ['Indi@@', 'a', 'is', 'also', 're@@', 'porte@@', 'dly', 'hop@@', 'ing', 'for', 'a', 'de@@', 'al', 'on', 'def@@', 'ence', 'c@@', 'oll@@', 'ab@@', 'or@@', 'ation', 'between', 'the', 'two', 'n@@', 'ations', '.']
2026-05-11 20:28:40,510 - DEBUG - joeynmt.training - 	Tokenized hypothesis: ['the', 're@@', 'ports', ',', 'the', 'following', 're@@', 'ports', ',', 'the', 'following', 'a', 'con@@', 'tra@@', 'ct', 'on', 'the', 'con@@', 'tr@@', 'ary', 'cooperation', 'between', 'the', 'two', 'n@@', 'ations', '.', '</s>']
2026-05-11 20:28:40,510 - INFO - joeynmt.training - 	Source:     Berichten zufolge hofft Indien darüber hinaus auf einen Vertrag zur Verteidigungszusammenarbeit zwischen den beiden Nationen .
2026-05-11 20:28:40,510 - INFO - joeynmt.training - 	Reference:  India is also reportedly hoping for a deal on defence collaboration between the two nations .
2026-05-11 20:28:40,510 - INFO - joeynmt.training - 	Hypothesis: the reports , the following reports , the following a contract on the contrary cooperation between the two nations .
2026-05-11 20:29:06,680 - INFO - joeynmt.training - Epoch   6, Step:    22600, Batch Loss:     1.705253, Batch Acc: 0.509114, Tokens per Sec:     3477, Lr: 0.000300
2026-05-11 20:29:32,857 - INFO - joeynmt.training - Epoch   6, Step:    22700, Batch Loss:     1.869047, Batch Acc: 0.512802, Tokens per Sec:     3493, Lr: 0.000300
2026-05-11 20:29:59,027 - INFO - joeynmt.training - Epoch   6, Step:    22800, Batch Loss:     1.855590, Batch Acc: 0.513412, Tokens per Sec:     3499, Lr: 0.000300
2026-05-11 20:30:25,557 - INFO - joeynmt.training - Epoch   6, Step:    22900, Batch Loss:     1.880575, Batch Acc: 0.513322, Tokens per Sec:     3509, Lr: 0.000300
2026-05-11 20:30:51,925 - INFO - joeynmt.training - Epoch   6, Step:    23000, Batch Loss:     1.651844, Batch Acc: 0.511977, Tokens per Sec:     3466, Lr: 0.000300
2026-05-11 20:30:51,926 - INFO - joeynmt.prediction - Predicting 500 example(s)... (Greedy decoding with min_output_length=1, max_output_length=-1, return_prob='none', generate_unk=True, repetition_penalty=-1, no_repeat_ngram_size=-1)
2026-05-11 20:31:29,133 - INFO - joeynmt.prediction - Evaluation result (greedy) loss:   2.13, ppl:   8.41, acc:   0.45, generation: 37.1988[sec], evaluation: 0.0000[sec]
2026-05-11 20:31:29,137 - INFO - joeynmt.training - Hooray! New best validation result [ppl]!
2026-05-11 20:31:29,303 - INFO - joeynmt.helpers - delete models/deen_transformer_pre/21000.ckpt
2026-05-11 20:31:29,309 - INFO - joeynmt.training - Example #0
2026-05-11 20:31:29,309 - DEBUG - joeynmt.training - 	Tokenized source:     ['die', 'Pre@@', 'mi@@', 'er@@', 'minist@@', 'er', 'Indi@@', 'ens', 'und', 'J@@', 'ap@@', 'ans', 'tra@@', 'fen', 'sich', 'in', 'T@@', 'ok@@', 'i@@', 'o', '.']
2026-05-11 20:31:29,309 - DEBUG - joeynmt.training - 	Tokenized reference:  ['Indi@@', 'a', 'and', 'J@@', 'ap@@', 'an', 'pri@@', 'me', 'minist@@', 'ers', 'me@@', 'et', 'in', 'T@@', 'ok@@', 'y@@', 'o']
2026-05-11 20:31:29,309 - DEBUG - joeynmt.training - 	Tokenized hypothesis: ['the', 'Pri@@', 'me', 'Minist@@', 'er', 'Indi@@', 'a', 'and', 'J@@', 'ap@@', 'an', '&apos;s', '&apos;s', 'pri@@', 'me', 'minist@@', 'er', 'in', 'T@@', 'ok@@', 'i@@', 'o', '.', '</s>']
2026-05-11 20:31:29,310 - INFO - joeynmt.training - 	Source:     die Premierminister Indiens und Japans trafen sich in Tokio .
2026-05-11 20:31:29,310 - INFO - joeynmt.training - 	Reference:  India and Japan prime ministers meet in Tokyo
2026-05-11 20:31:29,310 - INFO - joeynmt.training - 	Hypothesis: the Prime Minister India and Japan &apos;s &apos;s prime minister in Tokio .
2026-05-11 20:31:29,310 - INFO - joeynmt.training - Example #1
2026-05-11 20:31:29,310 - DEBUG - joeynmt.training - 	Tokenized source:     ['Indi@@', 'ens', 'neu@@', 'er', 'Pre@@', 'mi@@', 'er@@', 'minist@@', 'er', 'N@@', 'ar@@', 'end@@', 'ra', 'Mo@@', 'd@@', 'i', 'tri@@', 'fft', 'bei', 's@@', 'einem', 'ersten', 'wichti@@', 'gen', 'Aus@@', 'land@@', 's@@', 'bes@@', 'u@@', 'ch', 'seit', 's@@', 'einem', 'W@@', 'ah@@', 'l@@', 'si@@', 'e@@', 'g', 'im', 'Ma@@', 'i', 'seinen', 'j@@', 'ap@@', 'an@@', 'ischen', 'Am@@', 'ts@@', 'k@@', 'olle@@', 'gen', 'S@@', 'hin@@', 'z@@', 'o', 'A@@', 'be', 'in', 'T@@', 'ok@@', 'o', ',', 'um', 'wirtschaf@@', 'tliche', 'und', 'sicher@@', 'heits@@', 'politische', 'Be@@', 'zieh@@', 'ungen', 'zu', 'bes@@', 'pre@@', 'chen', '.']
2026-05-11 20:31:29,310 - DEBUG - joeynmt.training - 	Tokenized reference:  ['Indi@@', 'a', '&apos;s', 'new', 'pri@@', 'me', 'minist@@', 'er', ',', 'N@@', 'ar@@', 'end@@', 'ra', 'Mo@@', 'd@@', 'i', ',', 'is', 'me@@', 'eting', 'his', 'J@@', 'ap@@', 'an@@', 'ese', 'coun@@', 'ter@@', 'part', ',', 'S@@', 'hin@@', 'z@@', 'o', 'A@@', 'be', ',', 'in', 'T@@', 'ok@@', 'y@@', 'o', 'to', 'disc@@', 'uss', 'economic', 'and', 'security', 'ties', ',', 'on', 'his', 'first', 'major', 'fore@@', 'ign', 'visi@@', 't', 'since', 'w@@', 'inn@@', 'ing', 'Ma@@', 'y', '&apos;s', 'elec@@', 'tion', '.']
2026-05-11 20:31:29,310 - DEBUG - joeynmt.training - 	Tokenized hypothesis: ['Indi@@', 'a', '&apos;s', 'first', 'in@@', 'struc@@', 'tive', 'of', 'the', 'M@@', 'ini@@', 'stry', 'of', 'N@@', 'ar@@', 'end@@', 'ra', 'Mo@@', 'd@@', 'i', ',', 'in', 'his', 'first', 'important', 'ex@@', 'tern@@', 'al', 'land@@', 'sc@@', 'ap@@', 'e', 'of', 'his', 'J@@', 'ap@@', 'an@@', 'ese', 'Pre@@', 'mi@@', 'er', ',', 'S@@', 'hin@@', 'z@@', 'z@@', 'o', 'A@@', 'be', 'in', 'T@@', 'ok@@', 'o', ',', 'to', 're@@', 'mo@@', 've', 'economic', 'and', 'saf@@', 'ety', '.', '</s>']
2026-05-11 20:31:29,310 - INFO - joeynmt.training - 	Source:     Indiens neuer Premierminister Narendra Modi trifft bei seinem ersten wichtigen Auslandsbesuch seit seinem Wahlsieg im Mai seinen japanischen Amtskollegen Shinzo Abe in Toko , um wirtschaftliche und sicherheitspolitische Beziehungen zu besprechen .
2026-05-11 20:31:29,310 - INFO - joeynmt.training - 	Reference:  India &apos;s new prime minister , Narendra Modi , is meeting his Japanese counterpart , Shinzo Abe , in Tokyo to discuss economic and security ties , on his first major foreign visit since winning May &apos;s election .
2026-05-11 20:31:29,310 - INFO - joeynmt.training - 	Hypothesis: India &apos;s first instructive of the Ministry of Narendra Modi , in his first important external landscape of his Japanese Premier , Shinzzo Abe in Toko , to remove economic and safety .
2026-05-11 20:31:29,310 - INFO - joeynmt.training - Example #2
2026-05-11 20:31:29,310 - DEBUG - joeynmt.training - 	Tokenized source:     ['Herr', 'Mo@@', 'd@@', 'i', 'befindet', 'sich', 'auf', 'einer', 'fü@@', 'n@@', 'f@@', 'tä@@', 'gi@@', 'gen', 'Rei@@', 'se', 'nach', 'J@@', 'ap@@', 'an', ',', 'um', 'die', 'wirtschaf@@', 'tlichen', 'Be@@', 'zieh@@', 'ungen', 'mit', 'der', 'd@@', 'rit@@', 't@@', 'größ@@', 'ten', 'Wirtschafts@@', 'n@@', 'ation', 'der', 'Welt', 'zu', 'fes@@', 'tigen', '.']
2026-05-11 20:31:29,310 - DEBUG - joeynmt.training - 	Tokenized reference:  ['Mr', 'Mo@@', 'd@@', 'i', 'is', 'on', 'a', 'fi@@', 've', '@@@', '-@@', '@', 'day', 'tri@@', 'p', 'to', 'J@@', 'ap@@', 'an', 'to', 'streng@@', 'then', 'economic', 'ties', 'with', 'the', 'third', 'lar@@', 'ges@@', 't', 'econom@@', 'y', 'in', 'the', 'world', '.']
2026-05-11 20:31:29,310 - DEBUG - joeynmt.training - 	Tokenized hypothesis: ['Mr', 'Mo@@', 'd@@', 'i', 'is', 'one', 'of', 'the', 'fi@@', 'f@@', 'ty', 'of', 'the', 'world', '&apos;s', 'economic', 'rel@@', 'ations', 'with', 'the', 'third', 'lar@@', 'ges@@', 't', 'economic', 'rel@@', 'ations', 'with', 'the', 'third', 'lar@@', 'ges@@', 't', 'economic', 'rel@@', 'ations', '.', '</s>']
2026-05-11 20:31:29,311 - INFO - joeynmt.training - 	Source:     Herr Modi befindet sich auf einer fünftägigen Reise nach Japan , um die wirtschaftlichen Beziehungen mit der drittgrößten Wirtschaftsnation der Welt zu festigen .
2026-05-11 20:31:29,311 - INFO - joeynmt.training - 	Reference:  Mr Modi is on a five @-@ day trip to Japan to strengthen economic ties with the third largest economy in the world .
2026-05-11 20:31:29,311 - INFO - joeynmt.training - 	Hypothesis: Mr Modi is one of the fifty of the world &apos;s economic relations with the third largest economic relations with the third largest economic relations .
2026-05-11 20:31:29,311 - INFO - joeynmt.training - Example #3
2026-05-11 20:31:29,311 - DEBUG - joeynmt.training - 	Tokenized source:     ['P@@', 'län@@', 'e', 'für', 'eine', 'stärk@@', 'ere', 'k@@', 'ern@@', 'techn@@', 'ische', 'Zusammenarbeit', 'stehen', 'ganz', 'ob@@', 'en', 'auf', 'der', 'Tag@@', 'es@@', 'ordnung', '.']
2026-05-11 20:31:29,311 - DEBUG - joeynmt.training - 	Tokenized reference:  ['high', 'on', 'the', 'agen@@', 'da', 'are', 'pl@@', 'ans', 'for', 'gre@@', 'ater', 'nu@@', 'clear', 'c@@', 'o', '@@@', '-@@', '@', 'operation', '.']
2026-05-11 20:31:29,311 - DEBUG - joeynmt.training - 	Tokenized hypothesis: ['p@@', 'ass@@', 'ing', 'for', 'a', 'more', 'seri@@', 'ous', 'techn@@', 'ical', 'cooperation', 'are', 'ob@@', 'vi@@', 'ously', 'on', 'the', 'agen@@', 'da', '.', '</s>']
2026-05-11 20:31:29,311 - INFO - joeynmt.training - 	Source:     Pläne für eine stärkere kerntechnische Zusammenarbeit stehen ganz oben auf der Tagesordnung .
2026-05-11 20:31:29,311 - INFO - joeynmt.training - 	Reference:  high on the agenda are plans for greater nuclear co @-@ operation .
2026-05-11 20:31:29,311 - INFO - joeynmt.training - 	Hypothesis: passing for a more serious technical cooperation are obviously on the agenda .
2026-05-11 20:31:29,311 - INFO - joeynmt.training - Example #4
2026-05-11 20:31:29,311 - DEBUG - joeynmt.training - 	Tokenized source:     ['Berich@@', 'ten', 'zu@@', 'fol@@', 'ge', 'ho@@', 'fft', 'Indi@@', 'en', 'darüber', 'hinaus', 'auf', 'einen', 'Ver@@', 'trag', 'zur', 'Ver@@', 'tei@@', 'dig@@', 'ungs@@', 'zusammen@@', 'arbeit', 'zwischen', 'den', 'beiden', 'N@@', 'ationen', '.']
2026-05-11 20:31:29,311 - DEBUG - joeynmt.training - 	Tokenized reference:  ['Indi@@', 'a', 'is', 'also', 're@@', 'porte@@', 'dly', 'hop@@', 'ing', 'for', 'a', 'de@@', 'al', 'on', 'def@@', 'ence', 'c@@', 'oll@@', 'ab@@', 'or@@', 'ation', 'between', 'the', 'two', 'n@@', 'ations', '.']
2026-05-11 20:31:29,311 - DEBUG - joeynmt.training - 	Tokenized hypothesis: ['the', 'following', 're@@', 'ports', ',', 'the', 'fact', 'that', 'the', 'Commission', 'is', 'also', 'a', 'con@@', 'tra@@', 'ct', 'on', 'the', 'con@@', 'tr@@', 'ary', 'cooperation', 'between', 'the', 'two', 'n@@', 'ations', '.', '</s>']
2026-05-11 20:31:29,311 - INFO - joeynmt.training - 	Source:     Berichten zufolge hofft Indien darüber hinaus auf einen Vertrag zur Verteidigungszusammenarbeit zwischen den beiden Nationen .
2026-05-11 20:31:29,311 - INFO - joeynmt.training - 	Reference:  India is also reportedly hoping for a deal on defence collaboration between the two nations .
2026-05-11 20:31:29,311 - INFO - joeynmt.training - 	Hypothesis: the following reports , the fact that the Commission is also a contract on the contrary cooperation between the two nations .
2026-05-11 20:31:55,531 - INFO - joeynmt.training - Epoch   6, Step:    23100, Batch Loss:     1.892818, Batch Acc: 0.514767, Tokens per Sec:     3500, Lr: 0.000300
2026-05-11 20:32:22,113 - INFO - joeynmt.training - Epoch   6, Step:    23200, Batch Loss:     1.918657, Batch Acc: 0.517384, Tokens per Sec:     3509, Lr: 0.000300
2026-05-11 20:32:48,400 - INFO - joeynmt.training - Epoch   6, Step:    23300, Batch Loss:     1.916812, Batch Acc: 0.515565, Tokens per Sec:     3454, Lr: 0.000300
2026-05-11 20:33:14,698 - INFO - joeynmt.training - Epoch   6, Step:    23400, Batch Loss:     1.819573, Batch Acc: 0.508414, Tokens per Sec:     3421, Lr: 0.000300
2026-05-11 20:33:42,436 - INFO - joeynmt.training - Epoch   6, Step:    23500, Batch Loss:     1.780810, Batch Acc: 0.515641, Tokens per Sec:     3333, Lr: 0.000300
2026-05-11 20:33:42,436 - INFO - joeynmt.prediction - Predicting 500 example(s)... (Greedy decoding with min_output_length=1, max_output_length=-1, return_prob='none', generate_unk=True, repetition_penalty=-1, no_repeat_ngram_size=-1)
2026-05-11 20:34:18,805 - INFO - joeynmt.prediction - Evaluation result (greedy) loss:   2.13, ppl:   8.40, acc:   0.45, generation: 36.3604[sec], evaluation: 0.0000[sec]
2026-05-11 20:34:18,807 - INFO - joeynmt.training - Hooray! New best validation result [ppl]!
2026-05-11 20:34:18,983 - INFO - joeynmt.helpers - delete models/deen_transformer_pre/22500.ckpt
2026-05-11 20:34:18,988 - INFO - joeynmt.training - Example #0
2026-05-11 20:34:18,988 - DEBUG - joeynmt.training - 	Tokenized source:     ['die', 'Pre@@', 'mi@@', 'er@@', 'minist@@', 'er', 'Indi@@', 'ens', 'und', 'J@@', 'ap@@', 'ans', 'tra@@', 'fen', 'sich', 'in', 'T@@', 'ok@@', 'i@@', 'o', '.']
2026-05-11 20:34:18,988 - DEBUG - joeynmt.training - 	Tokenized reference:  ['Indi@@', 'a', 'and', 'J@@', 'ap@@', 'an', 'pri@@', 'me', 'minist@@', 'ers', 'me@@', 'et', 'in', 'T@@', 'ok@@', 'y@@', 'o']
2026-05-11 20:34:18,988 - DEBUG - joeynmt.training - 	Tokenized hypothesis: ['Pri@@', 'me', 'Minist@@', 'er', 'Indi@@', 'a', 'and', 'J@@', 'ap@@', 'an', '&apos;s', 'lea@@', 'der', 'in', 'T@@', 'ok@@', 'i@@', 'o', '.', '</s>']
2026-05-11 20:34:18,988 - INFO - joeynmt.training - 	Source:     die Premierminister Indiens und Japans trafen sich in Tokio .
2026-05-11 20:34:18,988 - INFO - joeynmt.training - 	Reference:  India and Japan prime ministers meet in Tokyo
2026-05-11 20:34:18,988 - INFO - joeynmt.training - 	Hypothesis: Prime Minister India and Japan &apos;s leader in Tokio .
2026-05-11 20:34:18,989 - INFO - joeynmt.training - Example #1
2026-05-11 20:34:18,989 - DEBUG - joeynmt.training - 	Tokenized source:     ['Indi@@', 'ens', 'neu@@', 'er', 'Pre@@', 'mi@@', 'er@@', 'minist@@', 'er', 'N@@', 'ar@@', 'end@@', 'ra', 'Mo@@', 'd@@', 'i', 'tri@@', 'fft', 'bei', 's@@', 'einem', 'ersten', 'wichti@@', 'gen', 'Aus@@', 'land@@', 's@@', 'bes@@', 'u@@', 'ch', 'seit', 's@@', 'einem', 'W@@', 'ah@@', 'l@@', 'si@@', 'e@@', 'g', 'im', 'Ma@@', 'i', 'seinen', 'j@@', 'ap@@', 'an@@', 'ischen', 'Am@@', 'ts@@', 'k@@', 'olle@@', 'gen', 'S@@', 'hin@@', 'z@@', 'o', 'A@@', 'be', 'in', 'T@@', 'ok@@', 'o', ',', 'um', 'wirtschaf@@', 'tliche', 'und', 'sicher@@', 'heits@@', 'politische', 'Be@@', 'zieh@@', 'ungen', 'zu', 'bes@@', 'pre@@', 'chen', '.']
2026-05-11 20:34:18,989 - DEBUG - joeynmt.training - 	Tokenized reference:  ['Indi@@', 'a', '&apos;s', 'new', 'pri@@', 'me', 'minist@@', 'er', ',', 'N@@', 'ar@@', 'end@@', 'ra', 'Mo@@', 'd@@', 'i', ',', 'is', 'me@@', 'eting', 'his', 'J@@', 'ap@@', 'an@@', 'ese', 'coun@@', 'ter@@', 'part', ',', 'S@@', 'hin@@', 'z@@', 'o', 'A@@', 'be', ',', 'in', 'T@@', 'ok@@', 'y@@', 'o', 'to', 'disc@@', 'uss', 'economic', 'and', 'security', 'ties', ',', 'on', 'his', 'first', 'major', 'fore@@', 'ign', 'visi@@', 't', 'since', 'w@@', 'inn@@', 'ing', 'Ma@@', 'y', '&apos;s', 'elec@@', 'tion', '.']
2026-05-11 20:34:18,989 - DEBUG - joeynmt.training - 	Tokenized hypothesis: ['Indi@@', 'a', '&apos;s', 'lat@@', 'est', 'Pri@@', 'me', 'Minist@@', 'er', 'N@@', 'ar@@', 'end@@', 'ra', 'Mo@@', 'd@@', 'i', ',', 'in', 'his', 'first', 'important', 'ex@@', 'tern@@', 'al', 'ex@@', 'tern@@', 'al', 'ex@@', 'tern@@', 'al', ',', 'the', 'S@@', 'hin@@', 'z@@', 'e@@', 'g', 'in', 'Ma@@', 'y', 'J@@', 'ap@@', 'an@@', 'ese', 'of', 'S@@', 'hin@@', 'z@@', 'o', 'A@@', 'be', 'in', 'T@@', 'ok@@', 'o', ',', 'in', 'order', 'to', 're@@', 'duce', 'economic', 'and', 'security', 'policy', 'rel@@', 'ation@@', 'ship', '.', '</s>']
2026-05-11 20:34:18,989 - INFO - joeynmt.training - 	Source:     Indiens neuer Premierminister Narendra Modi trifft bei seinem ersten wichtigen Auslandsbesuch seit seinem Wahlsieg im Mai seinen japanischen Amtskollegen Shinzo Abe in Toko , um wirtschaftliche und sicherheitspolitische Beziehungen zu besprechen .
2026-05-11 20:34:18,989 - INFO - joeynmt.training - 	Reference:  India &apos;s new prime minister , Narendra Modi , is meeting his Japanese counterpart , Shinzo Abe , in Tokyo to discuss economic and security ties , on his first major foreign visit since winning May &apos;s election .
2026-05-11 20:34:18,989 - INFO - joeynmt.training - 	Hypothesis: India &apos;s latest Prime Minister Narendra Modi , in his first important external external external , the Shinzeg in May Japanese of Shinzo Abe in Toko , in order to reduce economic and security policy relationship .
2026-05-11 20:34:18,989 - INFO - joeynmt.training - Example #2
2026-05-11 20:34:18,989 - DEBUG - joeynmt.training - 	Tokenized source:     ['Herr', 'Mo@@', 'd@@', 'i', 'befindet', 'sich', 'auf', 'einer', 'fü@@', 'n@@', 'f@@', 'tä@@', 'gi@@', 'gen', 'Rei@@', 'se', 'nach', 'J@@', 'ap@@', 'an', ',', 'um', 'die', 'wirtschaf@@', 'tlichen', 'Be@@', 'zieh@@', 'ungen', 'mit', 'der', 'd@@', 'rit@@', 't@@', 'größ@@', 'ten', 'Wirtschafts@@', 'n@@', 'ation', 'der', 'Welt', 'zu', 'fes@@', 'tigen', '.']
2026-05-11 20:34:18,989 - DEBUG - joeynmt.training - 	Tokenized reference:  ['Mr', 'Mo@@', 'd@@', 'i', 'is', 'on', 'a', 'fi@@', 've', '@@@', '-@@', '@', 'day', 'tri@@', 'p', 'to', 'J@@', 'ap@@', 'an', 'to', 'streng@@', 'then', 'economic', 'ties', 'with', 'the', 'third', 'lar@@', 'ges@@', 't', 'econom@@', 'y', 'in', 'the', 'world', '.']
2026-05-11 20:34:18,989 - DEBUG - joeynmt.training - 	Tokenized hypothesis: ['Mr', 'Mo@@', 'd@@', 'i', 'is', 'located', 'on', 'a', 'fi@@', 'f@@', 'ty', 'of', 'a', 'fi@@', 'f@@', 'ty', 'of', 'the', 'world', '&apos;s', 'economic', 'rel@@', 'ations', 'with', 'the', 'third', 'lar@@', 'ges@@', 't', 'economic', 'rel@@', 'ation@@', 'ship', 'with', 'the', 'third', 'lar@@', 'ges@@', 't', 'economic', 'rel@@', 'ation@@', 'ship', '.', '</s>']
2026-05-11 20:34:18,989 - INFO - joeynmt.training - 	Source:     Herr Modi befindet sich auf einer fünftägigen Reise nach Japan , um die wirtschaftlichen Beziehungen mit der drittgrößten Wirtschaftsnation der Welt zu festigen .
2026-05-11 20:34:18,989 - INFO - joeynmt.training - 	Reference:  Mr Modi is on a five @-@ day trip to Japan to strengthen economic ties with the third largest economy in the world .
2026-05-11 20:34:18,989 - INFO - joeynmt.training - 	Hypothesis: Mr Modi is located on a fifty of a fifty of the world &apos;s economic relations with the third largest economic relationship with the third largest economic relationship .
2026-05-11 20:34:18,989 - INFO - joeynmt.training - Example #3
2026-05-11 20:34:18,990 - DEBUG - joeynmt.training - 	Tokenized source:     ['P@@', 'län@@', 'e', 'für', 'eine', 'stärk@@', 'ere', 'k@@', 'ern@@', 'techn@@', 'ische', 'Zusammenarbeit', 'stehen', 'ganz', 'ob@@', 'en', 'auf', 'der', 'Tag@@', 'es@@', 'ordnung', '.']
2026-05-11 20:34:18,990 - DEBUG - joeynmt.training - 	Tokenized reference:  ['high', 'on', 'the', 'agen@@', 'da', 'are', 'pl@@', 'ans', 'for', 'gre@@', 'ater', 'nu@@', 'clear', 'c@@', 'o', '@@@', '-@@', '@', 'operation', '.']
2026-05-11 20:34:18,990 - DEBUG - joeynmt.training - 	Tokenized hypothesis: ['p@@', 'ass@@', 'ing', 'for', 'a', 'more', 'seri@@', 'ous', 'techn@@', 'ical', 'cooperation', 'are', 'ob@@', 'vi@@', 'ous', 'on', 'the', 'agen@@', 'da', '.', '</s>']
2026-05-11 20:34:18,990 - INFO - joeynmt.training - 	Source:     Pläne für eine stärkere kerntechnische Zusammenarbeit stehen ganz oben auf der Tagesordnung .
2026-05-11 20:34:18,990 - INFO - joeynmt.training - 	Reference:  high on the agenda are plans for greater nuclear co @-@ operation .
2026-05-11 20:34:18,990 - INFO - joeynmt.training - 	Hypothesis: passing for a more serious technical cooperation are obvious on the agenda .
2026-05-11 20:34:18,990 - INFO - joeynmt.training - Example #4
2026-05-11 20:34:18,990 - DEBUG - joeynmt.training - 	Tokenized source:     ['Berich@@', 'ten', 'zu@@', 'fol@@', 'ge', 'ho@@', 'fft', 'Indi@@', 'en', 'darüber', 'hinaus', 'auf', 'einen', 'Ver@@', 'trag', 'zur', 'Ver@@', 'tei@@', 'dig@@', 'ungs@@', 'zusammen@@', 'arbeit', 'zwischen', 'den', 'beiden', 'N@@', 'ationen', '.']
2026-05-11 20:34:18,990 - DEBUG - joeynmt.training - 	Tokenized reference:  ['Indi@@', 'a', 'is', 'also', 're@@', 'porte@@', 'dly', 'hop@@', 'ing', 'for', 'a', 'de@@', 'al', 'on', 'def@@', 'ence', 'c@@', 'oll@@', 'ab@@', 'or@@', 'ation', 'between', 'the', 'two', 'n@@', 'ations', '.']
2026-05-11 20:34:18,990 - DEBUG - joeynmt.training - 	Tokenized hypothesis: ['the', 'following', 'succ@@', 'ess', 'of', 'the', 'fact', ',', 'Indi@@', 'a', 'is', 'also', 'a', 'con@@', 'tra@@', 'ct', 'on', 'the', 'con@@', 'tr@@', 'ary', 'cooperation', 'between', 'the', 'two', 'n@@', 'ations', '.', '</s>']
2026-05-11 20:34:18,990 - INFO - joeynmt.training - 	Source:     Berichten zufolge hofft Indien darüber hinaus auf einen Vertrag zur Verteidigungszusammenarbeit zwischen den beiden Nationen .
2026-05-11 20:34:18,990 - INFO - joeynmt.training - 	Reference:  India is also reportedly hoping for a deal on defence collaboration between the two nations .
2026-05-11 20:34:18,990 - INFO - joeynmt.training - 	Hypothesis: the following success of the fact , India is also a contract on the contrary cooperation between the two nations .
2026-05-11 20:34:45,247 - INFO - joeynmt.training - Epoch   6, Step:    23600, Batch Loss:     1.995782, Batch Acc: 0.517005, Tokens per Sec:     3471, Lr: 0.000300
2026-05-11 20:35:11,207 - INFO - joeynmt.training - Epoch   6, Step:    23700, Batch Loss:     1.811107, Batch Acc: 0.511411, Tokens per Sec:     3565, Lr: 0.000300
2026-05-11 20:35:37,317 - INFO - joeynmt.training - Epoch   6, Step:    23800, Batch Loss:     2.024977, Batch Acc: 0.515189, Tokens per Sec:     3533, Lr: 0.000300
2026-05-11 20:36:03,795 - INFO - joeynmt.training - Epoch   6, Step:    23900, Batch Loss:     1.640248, Batch Acc: 0.514883, Tokens per Sec:     3474, Lr: 0.000300
2026-05-11 20:36:29,791 - INFO - joeynmt.training - Epoch   6, Step:    24000, Batch Loss:     1.806886, Batch Acc: 0.514894, Tokens per Sec:     3527, Lr: 0.000300
2026-05-11 20:36:29,792 - INFO - joeynmt.prediction - Predicting 500 example(s)... (Greedy decoding with min_output_length=1, max_output_length=-1, return_prob='none', generate_unk=True, repetition_penalty=-1, no_repeat_ngram_size=-1)
2026-05-11 20:37:03,771 - INFO - joeynmt.prediction - Evaluation result (greedy) loss:   2.14, ppl:   8.46, acc:   0.45, generation: 33.9711[sec], evaluation: 0.0000[sec]
2026-05-11 20:37:03,931 - INFO - joeynmt.helpers - delete models/deen_transformer_pre/21500.ckpt
2026-05-11 20:37:03,939 - INFO - joeynmt.training - Example #0
2026-05-11 20:37:03,940 - DEBUG - joeynmt.training - 	Tokenized source:     ['die', 'Pre@@', 'mi@@', 'er@@', 'minist@@', 'er', 'Indi@@', 'ens', 'und', 'J@@', 'ap@@', 'ans', 'tra@@', 'fen', 'sich', 'in', 'T@@', 'ok@@', 'i@@', 'o', '.']
2026-05-11 20:37:03,940 - DEBUG - joeynmt.training - 	Tokenized reference:  ['Indi@@', 'a', 'and', 'J@@', 'ap@@', 'an', 'pri@@', 'me', 'minist@@', 'ers', 'me@@', 'et', 'in', 'T@@', 'ok@@', 'y@@', 'o']
2026-05-11 20:37:03,940 - DEBUG - joeynmt.training - 	Tokenized hypothesis: ['the', 'Pri@@', 'me', 'Minist@@', 'er', 'Indi@@', 'a', 'and', 'J@@', 'ap@@', 'an', '&apos;s', 'pri@@', 'me', 'minist@@', 'er', 'in', 'T@@', 'ok@@', 'i@@', 'o', '.', '</s>']
2026-05-11 20:37:03,940 - INFO - joeynmt.training - 	Source:     die Premierminister Indiens und Japans trafen sich in Tokio .
2026-05-11 20:37:03,940 - INFO - joeynmt.training - 	Reference:  India and Japan prime ministers meet in Tokyo
2026-05-11 20:37:03,940 - INFO - joeynmt.training - 	Hypothesis: the Prime Minister India and Japan &apos;s prime minister in Tokio .
2026-05-11 20:37:03,940 - INFO - joeynmt.training - Example #1
2026-05-11 20:37:03,940 - DEBUG - joeynmt.training - 	Tokenized source:     ['Indi@@', 'ens', 'neu@@', 'er', 'Pre@@', 'mi@@', 'er@@', 'minist@@', 'er', 'N@@', 'ar@@', 'end@@', 'ra', 'Mo@@', 'd@@', 'i', 'tri@@', 'fft', 'bei', 's@@', 'einem', 'ersten', 'wichti@@', 'gen', 'Aus@@', 'land@@', 's@@', 'bes@@', 'u@@', 'ch', 'seit', 's@@', 'einem', 'W@@', 'ah@@', 'l@@', 'si@@', 'e@@', 'g', 'im', 'Ma@@', 'i', 'seinen', 'j@@', 'ap@@', 'an@@', 'ischen', 'Am@@', 'ts@@', 'k@@', 'olle@@', 'gen', 'S@@', 'hin@@', 'z@@', 'o', 'A@@', 'be', 'in', 'T@@', 'ok@@', 'o', ',', 'um', 'wirtschaf@@', 'tliche', 'und', 'sicher@@', 'heits@@', 'politische', 'Be@@', 'zieh@@', 'ungen', 'zu', 'bes@@', 'pre@@', 'chen', '.']
2026-05-11 20:37:03,940 - DEBUG - joeynmt.training - 	Tokenized reference:  ['Indi@@', 'a', '&apos;s', 'new', 'pri@@', 'me', 'minist@@', 'er', ',', 'N@@', 'ar@@', 'end@@', 'ra', 'Mo@@', 'd@@', 'i', ',', 'is', 'me@@', 'eting', 'his', 'J@@', 'ap@@', 'an@@', 'ese', 'coun@@', 'ter@@', 'part', ',', 'S@@', 'hin@@', 'z@@', 'o', 'A@@', 'be', ',', 'in', 'T@@', 'ok@@', 'y@@', 'o', 'to', 'disc@@', 'uss', 'economic', 'and', 'security', 'ties', ',', 'on', 'his', 'first', 'major', 'fore@@', 'ign', 'visi@@', 't', 'since', 'w@@', 'inn@@', 'ing', 'Ma@@', 'y', '&apos;s', 'elec@@', 'tion', '.']
2026-05-11 20:37:03,940 - DEBUG - joeynmt.training - 	Tokenized hypothesis: ['Indi@@', 'a', '&apos;s', 'new', 'Pri@@', 'me', 'Minist@@', 'er', 'N@@', 'ar@@', 'end@@', 'ra', 'Mo@@', 'del', ',', 'in', 'his', 'first', 'important', 'ex@@', 'tern@@', 'al', 'ex@@', 'tern@@', 'al', 'ex@@', 'tern@@', 'al', 'and', 'saf@@', 'ety', 'political', 'rel@@', 'ations', ',', 'S@@', 'hin@@', 'z@@', 'o', 'A@@', 'be', 'in', 'T@@', 'ok@@', 'o', 'A@@', 'be', 'in', 'T@@', 'ok@@', 'o', 'A@@', 'be', 'in', 'T@@', 'ok@@', 'o', 'A@@', 'be', 'in', 'T@@', 'ok@@', 'o', ',', 'to', 're@@', 'main', 'economic', 'and', 'saf@@', 'ety', '.', '</s>']
2026-05-11 20:37:03,940 - INFO - joeynmt.training - 	Source:     Indiens neuer Premierminister Narendra Modi trifft bei seinem ersten wichtigen Auslandsbesuch seit seinem Wahlsieg im Mai seinen japanischen Amtskollegen Shinzo Abe in Toko , um wirtschaftliche und sicherheitspolitische Beziehungen zu besprechen .
2026-05-11 20:37:03,940 - INFO - joeynmt.training - 	Reference:  India &apos;s new prime minister , Narendra Modi , is meeting his Japanese counterpart , Shinzo Abe , in Tokyo to discuss economic and security ties , on his first major foreign visit since winning May &apos;s election .
2026-05-11 20:37:03,940 - INFO - joeynmt.training - 	Hypothesis: India &apos;s new Prime Minister Narendra Model , in his first important external external external and safety political relations , Shinzo Abe in Toko Abe in Toko Abe in Toko Abe in Toko , to remain economic and safety .
2026-05-11 20:37:03,940 - INFO - joeynmt.training - Example #2
2026-05-11 20:37:03,941 - DEBUG - joeynmt.training - 	Tokenized source:     ['Herr', 'Mo@@', 'd@@', 'i', 'befindet', 'sich', 'auf', 'einer', 'fü@@', 'n@@', 'f@@', 'tä@@', 'gi@@', 'gen', 'Rei@@', 'se', 'nach', 'J@@', 'ap@@', 'an', ',', 'um', 'die', 'wirtschaf@@', 'tlichen', 'Be@@', 'zieh@@', 'ungen', 'mit', 'der', 'd@@', 'rit@@', 't@@', 'größ@@', 'ten', 'Wirtschafts@@', 'n@@', 'ation', 'der', 'Welt', 'zu', 'fes@@', 'tigen', '.']
2026-05-11 20:37:03,941 - DEBUG - joeynmt.training - 	Tokenized reference:  ['Mr', 'Mo@@', 'd@@', 'i', 'is', 'on', 'a', 'fi@@', 've', '@@@', '-@@', '@', 'day', 'tri@@', 'p', 'to', 'J@@', 'ap@@', 'an', 'to', 'streng@@', 'then', 'economic', 'ties', 'with', 'the', 'third', 'lar@@', 'ges@@', 't', 'econom@@', 'y', 'in', 'the', 'world', '.']
2026-05-11 20:37:03,941 - DEBUG - joeynmt.training - 	Tokenized hypothesis: ['Mr', 'Mo@@', 'del', 'i', 'is', 'a', 'fi@@', 'f@@', 'ty', 'of', 'a', 'fi@@', 'f@@', 'ty', 'tra@@', 'v@@', 'el', 'to', 'J@@', 'ap@@', 'an', ',', 'to', 're@@', 'ach', 'the', 'economic', 'rel@@', 'ations', 'with', 'the', 'third', 'lar@@', 'ges@@', 't', 'economic', 'rel@@', 'ations', 'with', 'the', 'third', 'lar@@', 'ges@@', 't', 'economic', 'rel@@', 'ations', '.', '</s>']
2026-05-11 20:37:03,941 - INFO - joeynmt.training - 	Source:     Herr Modi befindet sich auf einer fünftägigen Reise nach Japan , um die wirtschaftlichen Beziehungen mit der drittgrößten Wirtschaftsnation der Welt zu festigen .
2026-05-11 20:37:03,941 - INFO - joeynmt.training - 	Reference:  Mr Modi is on a five @-@ day trip to Japan to strengthen economic ties with the third largest economy in the world .
2026-05-11 20:37:03,941 - INFO - joeynmt.training - 	Hypothesis: Mr Model i is a fifty of a fifty travel to Japan , to reach the economic relations with the third largest economic relations with the third largest economic relations .
2026-05-11 20:37:03,941 - INFO - joeynmt.training - Example #3
2026-05-11 20:37:03,941 - DEBUG - joeynmt.training - 	Tokenized source:     ['P@@', 'län@@', 'e', 'für', 'eine', 'stärk@@', 'ere', 'k@@', 'ern@@', 'techn@@', 'ische', 'Zusammenarbeit', 'stehen', 'ganz', 'ob@@', 'en', 'auf', 'der', 'Tag@@', 'es@@', 'ordnung', '.']
2026-05-11 20:37:03,941 - DEBUG - joeynmt.training - 	Tokenized reference:  ['high', 'on', 'the', 'agen@@', 'da', 'are', 'pl@@', 'ans', 'for', 'gre@@', 'ater', 'nu@@', 'clear', 'c@@', 'o', '@@@', '-@@', '@', 'operation', '.']
2026-05-11 20:37:03,941 - DEBUG - joeynmt.training - 	Tokenized hypothesis: ['p@@', 'ass@@', 'ing', 'for', 'more', 'seri@@', 'ous', 'techn@@', 'ical', 'cooperation', 'are', 'very', 'ob@@', 'vi@@', 'ously', 'on', 'the', 'agen@@', 'da', '.', '</s>']
2026-05-11 20:37:03,941 - INFO - joeynmt.training - 	Source:     Pläne für eine stärkere kerntechnische Zusammenarbeit stehen ganz oben auf der Tagesordnung .
2026-05-11 20:37:03,941 - INFO - joeynmt.training - 	Reference:  high on the agenda are plans for greater nuclear co @-@ operation .
2026-05-11 20:37:03,941 - INFO - joeynmt.training - 	Hypothesis: passing for more serious technical cooperation are very obviously on the agenda .
2026-05-11 20:37:03,941 - INFO - joeynmt.training - Example #4
2026-05-11 20:37:03,941 - DEBUG - joeynmt.training - 	Tokenized source:     ['Berich@@', 'ten', 'zu@@', 'fol@@', 'ge', 'ho@@', 'fft', 'Indi@@', 'en', 'darüber', 'hinaus', 'auf', 'einen', 'Ver@@', 'trag', 'zur', 'Ver@@', 'tei@@', 'dig@@', 'ungs@@', 'zusammen@@', 'arbeit', 'zwischen', 'den', 'beiden', 'N@@', 'ationen', '.']
2026-05-11 20:37:03,941 - DEBUG - joeynmt.training - 	Tokenized reference:  ['Indi@@', 'a', 'is', 'also', 're@@', 'porte@@', 'dly', 'hop@@', 'ing', 'for', 'a', 'de@@', 'al', 'on', 'def@@', 'ence', 'c@@', 'oll@@', 'ab@@', 'or@@', 'ation', 'between', 'the', 'two', 'n@@', 'ations', '.']
2026-05-11 20:37:03,941 - DEBUG - joeynmt.training - 	Tokenized hypothesis: ['the', 'following', 'high@@', 'est', 'Indi@@', 'a', ',', 'the', 'fact', 'that', 'it', 'is', 'also', 'a', 'con@@', 'tra@@', 'ct', 'on', 'the', 'con@@', 'tr@@', 'ary', 'to', 'the', 'con@@', 'tra@@', 'ct', 'cooperation', 'between', 'the', 'two', 'n@@', 'ations', '.', '</s>']
2026-05-11 20:37:03,941 - INFO - joeynmt.training - 	Source:     Berichten zufolge hofft Indien darüber hinaus auf einen Vertrag zur Verteidigungszusammenarbeit zwischen den beiden Nationen .
2026-05-11 20:37:03,942 - INFO - joeynmt.training - 	Reference:  India is also reportedly hoping for a deal on defence collaboration between the two nations .
2026-05-11 20:37:03,942 - INFO - joeynmt.training - 	Hypothesis: the following highest India , the fact that it is also a contract on the contrary to the contract cooperation between the two nations .
2026-05-11 20:37:30,169 - INFO - joeynmt.training - Epoch   6, Step:    24100, Batch Loss:     2.011276, Batch Acc: 0.508820, Tokens per Sec:     3479, Lr: 0.000300
2026-05-11 20:37:57,466 - INFO - joeynmt.training - Epoch   6, Step:    24200, Batch Loss:     1.718390, Batch Acc: 0.519157, Tokens per Sec:     3365, Lr: 0.000300
2026-05-11 20:38:23,536 - INFO - joeynmt.training - Epoch   6, Step:    24300, Batch Loss:     1.750580, Batch Acc: 0.512982, Tokens per Sec:     3563, Lr: 0.000300
2026-05-11 20:38:49,803 - INFO - joeynmt.training - Epoch   6: total training loss 7245.54
2026-05-11 20:38:49,804 - INFO - joeynmt.training - EPOCH 7
2026-05-11 20:38:50,667 - INFO - joeynmt.training - Epoch   7, Step:    24400, Batch Loss:     1.747064, Batch Acc: 0.541980, Tokens per Sec:     3549, Lr: 0.000300
2026-05-11 20:39:17,465 - INFO - joeynmt.training - Epoch   7, Step:    24500, Batch Loss:     1.607248, Batch Acc: 0.538200, Tokens per Sec:     3465, Lr: 0.000300
2026-05-11 20:39:17,465 - INFO - joeynmt.prediction - Predicting 500 example(s)... (Greedy decoding with min_output_length=1, max_output_length=-1, return_prob='none', generate_unk=True, repetition_penalty=-1, no_repeat_ngram_size=-1)
2026-05-11 20:39:59,202 - INFO - joeynmt.prediction - Evaluation result (greedy) loss:   2.13, ppl:   8.38, acc:   0.45, generation: 41.7293[sec], evaluation: 0.0000[sec]
2026-05-11 20:39:59,206 - INFO - joeynmt.training - Hooray! New best validation result [ppl]!
2026-05-11 20:39:59,374 - INFO - joeynmt.helpers - delete models/deen_transformer_pre/20000.ckpt
2026-05-11 20:39:59,381 - INFO - joeynmt.training - Example #0
2026-05-11 20:39:59,381 - DEBUG - joeynmt.training - 	Tokenized source:     ['die', 'Pre@@', 'mi@@', 'er@@', 'minist@@', 'er', 'Indi@@', 'ens', 'und', 'J@@', 'ap@@', 'ans', 'tra@@', 'fen', 'sich', 'in', 'T@@', 'ok@@', 'i@@', 'o', '.']
2026-05-11 20:39:59,381 - DEBUG - joeynmt.training - 	Tokenized reference:  ['Indi@@', 'a', 'and', 'J@@', 'ap@@', 'an', 'pri@@', 'me', 'minist@@', 'ers', 'me@@', 'et', 'in', 'T@@', 'ok@@', 'y@@', 'o']
2026-05-11 20:39:59,381 - DEBUG - joeynmt.training - 	Tokenized hypothesis: ['the', 'Pri@@', 'me', 'Minist@@', 'er', 'Indi@@', 'a', 'and', 'J@@', 'ap@@', 'an', '&apos;s', 'Pri@@', 'me', 'Minist@@', 'er', 'and', 'J@@', 'ap@@', 'an', '&apos;s', 'Pri@@', 'me', 'Minist@@', 'er', 'of', 'Indi@@', 'a', '.', '</s>']
2026-05-11 20:39:59,382 - INFO - joeynmt.training - 	Source:     die Premierminister Indiens und Japans trafen sich in Tokio .
2026-05-11 20:39:59,382 - INFO - joeynmt.training - 	Reference:  India and Japan prime ministers meet in Tokyo
2026-05-11 20:39:59,382 - INFO - joeynmt.training - 	Hypothesis: the Prime Minister India and Japan &apos;s Prime Minister and Japan &apos;s Prime Minister of India .
2026-05-11 20:39:59,382 - INFO - joeynmt.training - Example #1
2026-05-11 20:39:59,382 - DEBUG - joeynmt.training - 	Tokenized source:     ['Indi@@', 'ens', 'neu@@', 'er', 'Pre@@', 'mi@@', 'er@@', 'minist@@', 'er', 'N@@', 'ar@@', 'end@@', 'ra', 'Mo@@', 'd@@', 'i', 'tri@@', 'fft', 'bei', 's@@', 'einem', 'ersten', 'wichti@@', 'gen', 'Aus@@', 'land@@', 's@@', 'bes@@', 'u@@', 'ch', 'seit', 's@@', 'einem', 'W@@', 'ah@@', 'l@@', 'si@@', 'e@@', 'g', 'im', 'Ma@@', 'i', 'seinen', 'j@@', 'ap@@', 'an@@', 'ischen', 'Am@@', 'ts@@', 'k@@', 'olle@@', 'gen', 'S@@', 'hin@@', 'z@@', 'o', 'A@@', 'be', 'in', 'T@@', 'ok@@', 'o', ',', 'um', 'wirtschaf@@', 'tliche', 'und', 'sicher@@', 'heits@@', 'politische', 'Be@@', 'zieh@@', 'ungen', 'zu', 'bes@@', 'pre@@', 'chen', '.']
2026-05-11 20:39:59,382 - DEBUG - joeynmt.training - 	Tokenized reference:  ['Indi@@', 'a', '&apos;s', 'new', 'pri@@', 'me', 'minist@@', 'er', ',', 'N@@', 'ar@@', 'end@@', 'ra', 'Mo@@', 'd@@', 'i', ',', 'is', 'me@@', 'eting', 'his', 'J@@', 'ap@@', 'an@@', 'ese', 'coun@@', 'ter@@', 'part', ',', 'S@@', 'hin@@', 'z@@', 'o', 'A@@', 'be', ',', 'in', 'T@@', 'ok@@', 'y@@', 'o', 'to', 'disc@@', 'uss', 'economic', 'and', 'security', 'ties', ',', 'on', 'his', 'first', 'major', 'fore@@', 'ign', 'visi@@', 't', 'since', 'w@@', 'inn@@', 'ing', 'Ma@@', 'y', '&apos;s', 'elec@@', 'tion', '.']
2026-05-11 20:39:59,382 - DEBUG - joeynmt.training - 	Tokenized hypothesis: ['Indi@@', 'a', '&apos;s', 'lat@@', 'er', 'Pri@@', 'me', 'Minist@@', 'er', 'N@@', 'ar@@', 'end@@', 'ra', 'Mo@@', 'd@@', 'i', ',', 'in', 'his', 'first', 'major', 'ex@@', 'tern@@', 'al', 'ex@@', 'tern@@', 'al', 'stat@@', 'o', 'A@@', 'be', 'in', 'T@@', 'ok@@', 'o', ',', 'in', 'T@@', 'ok@@', 'o', 'A@@', 'be', 'in', 'T@@', 'ok@@', 'o', ',', 'in', 'order', 'to', 're@@', 'ach', 'its', 'economic', 'and', 'saf@@', 'ety', 'political', 'rel@@', 'ations', '.', '</s>']
2026-05-11 20:39:59,382 - INFO - joeynmt.training - 	Source:     Indiens neuer Premierminister Narendra Modi trifft bei seinem ersten wichtigen Auslandsbesuch seit seinem Wahlsieg im Mai seinen japanischen Amtskollegen Shinzo Abe in Toko , um wirtschaftliche und sicherheitspolitische Beziehungen zu besprechen .
2026-05-11 20:39:59,382 - INFO - joeynmt.training - 	Reference:  India &apos;s new prime minister , Narendra Modi , is meeting his Japanese counterpart , Shinzo Abe , in Tokyo to discuss economic and security ties , on his first major foreign visit since winning May &apos;s election .
2026-05-11 20:39:59,382 - INFO - joeynmt.training - 	Hypothesis: India &apos;s later Prime Minister Narendra Modi , in his first major external external stato Abe in Toko , in Toko Abe in Toko , in order to reach its economic and safety political relations .
2026-05-11 20:39:59,382 - INFO - joeynmt.training - Example #2
2026-05-11 20:39:59,382 - DEBUG - joeynmt.training - 	Tokenized source:     ['Herr', 'Mo@@', 'd@@', 'i', 'befindet', 'sich', 'auf', 'einer', 'fü@@', 'n@@', 'f@@', 'tä@@', 'gi@@', 'gen', 'Rei@@', 'se', 'nach', 'J@@', 'ap@@', 'an', ',', 'um', 'die', 'wirtschaf@@', 'tlichen', 'Be@@', 'zieh@@', 'ungen', 'mit', 'der', 'd@@', 'rit@@', 't@@', 'größ@@', 'ten', 'Wirtschafts@@', 'n@@', 'ation', 'der', 'Welt', 'zu', 'fes@@', 'tigen', '.']
2026-05-11 20:39:59,382 - DEBUG - joeynmt.training - 	Tokenized reference:  ['Mr', 'Mo@@', 'd@@', 'i', 'is', 'on', 'a', 'fi@@', 've', '@@@', '-@@', '@', 'day', 'tri@@', 'p', 'to', 'J@@', 'ap@@', 'an', 'to', 'streng@@', 'then', 'economic', 'ties', 'with', 'the', 'third', 'lar@@', 'ges@@', 't', 'econom@@', 'y', 'in', 'the', 'world', '.']
2026-05-11 20:39:59,382 - DEBUG - joeynmt.training - 	Tokenized hypothesis: ['Mr', 'Mo@@', 'd@@', 'i', 'is', 'on', 'a', 'fi@@', 'f@@', 'ty', 'tra@@', 'ff@@', 'i@@', 'ck@@', 'ing', 'to', 'J@@', 'ap@@', 'an', 'to', 'the', 'economic', 'rel@@', 'ations', 'with', 'the', 'third', 'lar@@', 'ges@@', 't', 'economic', 'rel@@', 'ations', 'with', 'the', 'third', 'lar@@', 'ges@@', 't', 'economic', 'rel@@', 'ations', '.', '</s>']
2026-05-11 20:39:59,383 - INFO - joeynmt.training - 	Source:     Herr Modi befindet sich auf einer fünftägigen Reise nach Japan , um die wirtschaftlichen Beziehungen mit der drittgrößten Wirtschaftsnation der Welt zu festigen .
2026-05-11 20:39:59,383 - INFO - joeynmt.training - 	Reference:  Mr Modi is on a five @-@ day trip to Japan to strengthen economic ties with the third largest economy in the world .
2026-05-11 20:39:59,383 - INFO - joeynmt.training - 	Hypothesis: Mr Modi is on a fifty trafficking to Japan to the economic relations with the third largest economic relations with the third largest economic relations .
2026-05-11 20:39:59,383 - INFO - joeynmt.training - Example #3
2026-05-11 20:39:59,383 - DEBUG - joeynmt.training - 	Tokenized source:     ['P@@', 'län@@', 'e', 'für', 'eine', 'stärk@@', 'ere', 'k@@', 'ern@@', 'techn@@', 'ische', 'Zusammenarbeit', 'stehen', 'ganz', 'ob@@', 'en', 'auf', 'der', 'Tag@@', 'es@@', 'ordnung', '.']
2026-05-11 20:39:59,383 - DEBUG - joeynmt.training - 	Tokenized reference:  ['high', 'on', 'the', 'agen@@', 'da', 'are', 'pl@@', 'ans', 'for', 'gre@@', 'ater', 'nu@@', 'clear', 'c@@', 'o', '@@@', '-@@', '@', 'operation', '.']
2026-05-11 20:39:59,383 - DEBUG - joeynmt.training - 	Tokenized hypothesis: ['P@@', 'lan@@', 'e', 'for', 'more', 'more', 'nu@@', 'clear', 'techn@@', 'ical', 'cooperation', 'are', 'very', 'ob@@', 'vi@@', 'ously', 'on', 'the', 'agen@@', 'da', '.', '</s>']
2026-05-11 20:39:59,383 - INFO - joeynmt.training - 	Source:     Pläne für eine stärkere kerntechnische Zusammenarbeit stehen ganz oben auf der Tagesordnung .
2026-05-11 20:39:59,383 - INFO - joeynmt.training - 	Reference:  high on the agenda are plans for greater nuclear co @-@ operation .
2026-05-11 20:39:59,383 - INFO - joeynmt.training - 	Hypothesis: Plane for more more nuclear technical cooperation are very obviously on the agenda .
2026-05-11 20:39:59,383 - INFO - joeynmt.training - Example #4
2026-05-11 20:39:59,383 - DEBUG - joeynmt.training - 	Tokenized source:     ['Berich@@', 'ten', 'zu@@', 'fol@@', 'ge', 'ho@@', 'fft', 'Indi@@', 'en', 'darüber', 'hinaus', 'auf', 'einen', 'Ver@@', 'trag', 'zur', 'Ver@@', 'tei@@', 'dig@@', 'ungs@@', 'zusammen@@', 'arbeit', 'zwischen', 'den', 'beiden', 'N@@', 'ationen', '.']
2026-05-11 20:39:59,383 - DEBUG - joeynmt.training - 	Tokenized reference:  ['Indi@@', 'a', 'is', 'also', 're@@', 'porte@@', 'dly', 'hop@@', 'ing', 'for', 'a', 'de@@', 'al', 'on', 'def@@', 'ence', 'c@@', 'oll@@', 'ab@@', 'or@@', 'ation', 'between', 'the', 'two', 'n@@', 'ations', '.']
2026-05-11 20:39:59,383 - DEBUG - joeynmt.training - 	Tokenized hypothesis: ['the', 'following', 'no@@', 'te', ',', 'it', 'is', 'also', 'the', 'fact', 'that', 'it', 'is', 'also', 'a', 'con@@', 'tra@@', 'ct', 'on', 'the', 'con@@', 'tr@@', 'ary', 'cooperation', 'between', 'the', 'two', 'n@@', 'ations', '.', '</s>']
2026-05-11 20:39:59,383 - INFO - joeynmt.training - 	Source:     Berichten zufolge hofft Indien darüber hinaus auf einen Vertrag zur Verteidigungszusammenarbeit zwischen den beiden Nationen .
2026-05-11 20:39:59,383 - INFO - joeynmt.training - 	Reference:  India is also reportedly hoping for a deal on defence collaboration between the two nations .
2026-05-11 20:39:59,383 - INFO - joeynmt.training - 	Hypothesis: the following note , it is also the fact that it is also a contract on the contrary cooperation between the two nations .
2026-05-11 20:40:25,030 - INFO - joeynmt.training - Epoch   7, Step:    24600, Batch Loss:     1.878087, Batch Acc: 0.537708, Tokens per Sec:     3479, Lr: 0.000300
2026-05-11 20:40:51,374 - INFO - joeynmt.training - Epoch   7, Step:    24700, Batch Loss:     1.614753, Batch Acc: 0.531860, Tokens per Sec:     3585, Lr: 0.000300
2026-05-11 20:41:17,391 - INFO - joeynmt.training - Epoch   7, Step:    24800, Batch Loss:     1.725084, Batch Acc: 0.530381, Tokens per Sec:     3522, Lr: 0.000300
2026-05-11 20:41:43,675 - INFO - joeynmt.training - Epoch   7, Step:    24900, Batch Loss:     1.920980, Batch Acc: 0.527136, Tokens per Sec:     3492, Lr: 0.000300
2026-05-11 20:42:09,584 - INFO - joeynmt.training - Epoch   7, Step:    25000, Batch Loss:     1.928876, Batch Acc: 0.523985, Tokens per Sec:     3495, Lr: 0.000300
2026-05-11 20:42:09,585 - INFO - joeynmt.prediction - Predicting 500 example(s)... (Greedy decoding with min_output_length=1, max_output_length=-1, return_prob='none', generate_unk=True, repetition_penalty=-1, no_repeat_ngram_size=-1)
2026-05-11 20:42:50,559 - INFO - joeynmt.prediction - Evaluation result (greedy) loss:   2.13, ppl:   8.37, acc:   0.45, generation: 40.9665[sec], evaluation: 0.0000[sec]
2026-05-11 20:42:50,561 - INFO - joeynmt.training - Hooray! New best validation result [ppl]!
2026-05-11 20:42:50,730 - INFO - joeynmt.helpers - delete models/deen_transformer_pre/22000.ckpt
2026-05-11 20:42:50,734 - INFO - joeynmt.training - Example #0
2026-05-11 20:42:50,735 - DEBUG - joeynmt.training - 	Tokenized source:     ['die', 'Pre@@', 'mi@@', 'er@@', 'minist@@', 'er', 'Indi@@', 'ens', 'und', 'J@@', 'ap@@', 'ans', 'tra@@', 'fen', 'sich', 'in', 'T@@', 'ok@@', 'i@@', 'o', '.']
2026-05-11 20:42:50,735 - DEBUG - joeynmt.training - 	Tokenized reference:  ['Indi@@', 'a', 'and', 'J@@', 'ap@@', 'an', 'pri@@', 'me', 'minist@@', 'ers', 'me@@', 'et', 'in', 'T@@', 'ok@@', 'y@@', 'o']
2026-05-11 20:42:50,735 - DEBUG - joeynmt.training - 	Tokenized hypothesis: ['the', 'Pri@@', 'me', 'Minist@@', 'er', 'Indi@@', 'a', 'and', 'J@@', 'ap@@', 'an', '&apos;s', 'pri@@', 'me', 'minist@@', 'er', 'and', 'J@@', 'ap@@', 'an', '.', '</s>']
2026-05-11 20:42:50,735 - INFO - joeynmt.training - 	Source:     die Premierminister Indiens und Japans trafen sich in Tokio .
2026-05-11 20:42:50,735 - INFO - joeynmt.training - 	Reference:  India and Japan prime ministers meet in Tokyo
2026-05-11 20:42:50,735 - INFO - joeynmt.training - 	Hypothesis: the Prime Minister India and Japan &apos;s prime minister and Japan .
2026-05-11 20:42:50,735 - INFO - joeynmt.training - Example #1
2026-05-11 20:42:50,735 - DEBUG - joeynmt.training - 	Tokenized source:     ['Indi@@', 'ens', 'neu@@', 'er', 'Pre@@', 'mi@@', 'er@@', 'minist@@', 'er', 'N@@', 'ar@@', 'end@@', 'ra', 'Mo@@', 'd@@', 'i', 'tri@@', 'fft', 'bei', 's@@', 'einem', 'ersten', 'wichti@@', 'gen', 'Aus@@', 'land@@', 's@@', 'bes@@', 'u@@', 'ch', 'seit', 's@@', 'einem', 'W@@', 'ah@@', 'l@@', 'si@@', 'e@@', 'g', 'im', 'Ma@@', 'i', 'seinen', 'j@@', 'ap@@', 'an@@', 'ischen', 'Am@@', 'ts@@', 'k@@', 'olle@@', 'gen', 'S@@', 'hin@@', 'z@@', 'o', 'A@@', 'be', 'in', 'T@@', 'ok@@', 'o', ',', 'um', 'wirtschaf@@', 'tliche', 'und', 'sicher@@', 'heits@@', 'politische', 'Be@@', 'zieh@@', 'ungen', 'zu', 'bes@@', 'pre@@', 'chen', '.']
2026-05-11 20:42:50,735 - DEBUG - joeynmt.training - 	Tokenized reference:  ['Indi@@', 'a', '&apos;s', 'new', 'pri@@', 'me', 'minist@@', 'er', ',', 'N@@', 'ar@@', 'end@@', 'ra', 'Mo@@', 'd@@', 'i', ',', 'is', 'me@@', 'eting', 'his', 'J@@', 'ap@@', 'an@@', 'ese', 'coun@@', 'ter@@', 'part', ',', 'S@@', 'hin@@', 'z@@', 'o', 'A@@', 'be', ',', 'in', 'T@@', 'ok@@', 'y@@', 'o', 'to', 'disc@@', 'uss', 'economic', 'and', 'security', 'ties', ',', 'on', 'his', 'first', 'major', 'fore@@', 'ign', 'visi@@', 't', 'since', 'w@@', 'inn@@', 'ing', 'Ma@@', 'y', '&apos;s', 'elec@@', 'tion', '.']
2026-05-11 20:42:50,735 - DEBUG - joeynmt.training - 	Tokenized hypothesis: ['Indi@@', 'a', '&apos;s', 'lat@@', 'est', 'Pri@@', 'me', 'Minist@@', 'er', 'N@@', 'ar@@', 'end@@', 'ra', 'Mo@@', 'd@@', 'i', ',', 'in', 'his', 'first', 'important', 'ex@@', 'tern@@', 'al', 'land@@', 'sc@@', 'ap@@', 'e', 'in', 'M@@', 'ari@@', 'a', ',', 'in', 'M@@', 'er@@', 'ro@@', 'r', ',', 'S@@', 'hin@@', 'z@@', 'o', 'A@@', 'be', 'in', 'T@@', 'ok@@', 'o', ',', 'in', 'order', 'to', 'be', 'in', 'T@@', 'ok@@', 'o', ',', 'in', 'order', 'to', 're@@', 'ach', 'economic', 'and', 'security', 'rel@@', 'ations', '.', '</s>']
2026-05-11 20:42:50,735 - INFO - joeynmt.training - 	Source:     Indiens neuer Premierminister Narendra Modi trifft bei seinem ersten wichtigen Auslandsbesuch seit seinem Wahlsieg im Mai seinen japanischen Amtskollegen Shinzo Abe in Toko , um wirtschaftliche und sicherheitspolitische Beziehungen zu besprechen .
2026-05-11 20:42:50,735 - INFO - joeynmt.training - 	Reference:  India &apos;s new prime minister , Narendra Modi , is meeting his Japanese counterpart , Shinzo Abe , in Tokyo to discuss economic and security ties , on his first major foreign visit since winning May &apos;s election .
2026-05-11 20:42:50,735 - INFO - joeynmt.training - 	Hypothesis: India &apos;s latest Prime Minister Narendra Modi , in his first important external landscape in Maria , in Merror , Shinzo Abe in Toko , in order to be in Toko , in order to reach economic and security relations .
2026-05-11 20:42:50,735 - INFO - joeynmt.training - Example #2
2026-05-11 20:42:50,736 - DEBUG - joeynmt.training - 	Tokenized source:     ['Herr', 'Mo@@', 'd@@', 'i', 'befindet', 'sich', 'auf', 'einer', 'fü@@', 'n@@', 'f@@', 'tä@@', 'gi@@', 'gen', 'Rei@@', 'se', 'nach', 'J@@', 'ap@@', 'an', ',', 'um', 'die', 'wirtschaf@@', 'tlichen', 'Be@@', 'zieh@@', 'ungen', 'mit', 'der', 'd@@', 'rit@@', 't@@', 'größ@@', 'ten', 'Wirtschafts@@', 'n@@', 'ation', 'der', 'Welt', 'zu', 'fes@@', 'tigen', '.']
2026-05-11 20:42:50,736 - DEBUG - joeynmt.training - 	Tokenized reference:  ['Mr', 'Mo@@', 'd@@', 'i', 'is', 'on', 'a', 'fi@@', 've', '@@@', '-@@', '@', 'day', 'tri@@', 'p', 'to', 'J@@', 'ap@@', 'an', 'to', 'streng@@', 'then', 'economic', 'ties', 'with', 'the', 'third', 'lar@@', 'ges@@', 't', 'econom@@', 'y', 'in', 'the', 'world', '.']
2026-05-11 20:42:50,736 - DEBUG - joeynmt.training - 	Tokenized hypothesis: ['Mr', 'Mo@@', 'd@@', 'i', 'is', 'on', 'a', 'fi@@', 'f@@', 'ty', 'of', 'a', 'fi@@', 'f@@', 'ty', 'tra@@', 'ff@@', 'i@@', 'ck@@', 'ing', 'to', 'J@@', 'ap@@', 'an', 'to', 'the', 'economic', 'rel@@', 'ations', 'with', 'the', 'third', 'lar@@', 'ges@@', 't', 'economic', 'rel@@', 'ations', 'of', 'the', 'world', '.', '</s>']
2026-05-11 20:42:50,736 - INFO - joeynmt.training - 	Source:     Herr Modi befindet sich auf einer fünftägigen Reise nach Japan , um die wirtschaftlichen Beziehungen mit der drittgrößten Wirtschaftsnation der Welt zu festigen .
2026-05-11 20:42:50,736 - INFO - joeynmt.training - 	Reference:  Mr Modi is on a five @-@ day trip to Japan to strengthen economic ties with the third largest economy in the world .
2026-05-11 20:42:50,736 - INFO - joeynmt.training - 	Hypothesis: Mr Modi is on a fifty of a fifty trafficking to Japan to the economic relations with the third largest economic relations of the world .
2026-05-11 20:42:50,736 - INFO - joeynmt.training - Example #3
2026-05-11 20:42:50,736 - DEBUG - joeynmt.training - 	Tokenized source:     ['P@@', 'län@@', 'e', 'für', 'eine', 'stärk@@', 'ere', 'k@@', 'ern@@', 'techn@@', 'ische', 'Zusammenarbeit', 'stehen', 'ganz', 'ob@@', 'en', 'auf', 'der', 'Tag@@', 'es@@', 'ordnung', '.']
2026-05-11 20:42:50,736 - DEBUG - joeynmt.training - 	Tokenized reference:  ['high', 'on', 'the', 'agen@@', 'da', 'are', 'pl@@', 'ans', 'for', 'gre@@', 'ater', 'nu@@', 'clear', 'c@@', 'o', '@@@', '-@@', '@', 'operation', '.']
2026-05-11 20:42:50,736 - DEBUG - joeynmt.training - 	Tokenized hypothesis: ['P@@', 'lan@@', 'e', 'for', 'more', 'nu@@', 'clear', 'techn@@', 'ical', 'cooperation', 'are', 'very', 'ob@@', 'vi@@', 'ously', 'on', 'the', 'agen@@', 'da', '.', '</s>']
2026-05-11 20:42:50,736 - INFO - joeynmt.training - 	Source:     Pläne für eine stärkere kerntechnische Zusammenarbeit stehen ganz oben auf der Tagesordnung .
2026-05-11 20:42:50,736 - INFO - joeynmt.training - 	Reference:  high on the agenda are plans for greater nuclear co @-@ operation .
2026-05-11 20:42:50,736 - INFO - joeynmt.training - 	Hypothesis: Plane for more nuclear technical cooperation are very obviously on the agenda .
2026-05-11 20:42:50,736 - INFO - joeynmt.training - Example #4
2026-05-11 20:42:50,736 - DEBUG - joeynmt.training - 	Tokenized source:     ['Berich@@', 'ten', 'zu@@', 'fol@@', 'ge', 'ho@@', 'fft', 'Indi@@', 'en', 'darüber', 'hinaus', 'auf', 'einen', 'Ver@@', 'trag', 'zur', 'Ver@@', 'tei@@', 'dig@@', 'ungs@@', 'zusammen@@', 'arbeit', 'zwischen', 'den', 'beiden', 'N@@', 'ationen', '.']
2026-05-11 20:42:50,736 - DEBUG - joeynmt.training - 	Tokenized reference:  ['Indi@@', 'a', 'is', 'also', 're@@', 'porte@@', 'dly', 'hop@@', 'ing', 'for', 'a', 'de@@', 'al', 'on', 'def@@', 'ence', 'c@@', 'oll@@', 'ab@@', 'or@@', 'ation', 'between', 'the', 'two', 'n@@', 'ations', '.']
2026-05-11 20:42:50,736 - DEBUG - joeynmt.training - 	Tokenized hypothesis: ['the', 'following', 'following', ',', 'Indi@@', 'a', 'is', 'also', 'a', 'way', 'of', 'con@@', 'tra@@', 'ct', 'on', 'the', 'con@@', 'tra@@', 'ct', 'cooperation', 'between', 'the', 'two', 'N@@', 'ations', '.', '</s>']
2026-05-11 20:42:50,737 - INFO - joeynmt.training - 	Source:     Berichten zufolge hofft Indien darüber hinaus auf einen Vertrag zur Verteidigungszusammenarbeit zwischen den beiden Nationen .
2026-05-11 20:42:50,737 - INFO - joeynmt.training - 	Reference:  India is also reportedly hoping for a deal on defence collaboration between the two nations .
2026-05-11 20:42:50,737 - INFO - joeynmt.training - 	Hypothesis: the following following , India is also a way of contract on the contract cooperation between the two Nations .
2026-05-11 20:43:16,616 - INFO - joeynmt.training - Epoch   7, Step:    25100, Batch Loss:     1.680449, Batch Acc: 0.526915, Tokens per Sec:     3508, Lr: 0.000300
2026-05-11 20:43:42,911 - INFO - joeynmt.training - Epoch   7, Step:    25200, Batch Loss:     1.679039, Batch Acc: 0.531392, Tokens per Sec:     3502, Lr: 0.000300
2026-05-11 20:44:10,651 - INFO - joeynmt.training - Epoch   7, Step:    25300, Batch Loss:     1.862212, Batch Acc: 0.525218, Tokens per Sec:     3342, Lr: 0.000300
2026-05-11 20:44:37,202 - INFO - joeynmt.training - Epoch   7, Step:    25400, Batch Loss:     1.599787, Batch Acc: 0.531791, Tokens per Sec:     3428, Lr: 0.000300
2026-05-11 20:45:03,708 - INFO - joeynmt.training - Epoch   7, Step:    25500, Batch Loss:     1.757417, Batch Acc: 0.527061, Tokens per Sec:     3478, Lr: 0.000300
2026-05-11 20:45:03,709 - INFO - joeynmt.prediction - Predicting 500 example(s)... (Greedy decoding with min_output_length=1, max_output_length=-1, return_prob='none', generate_unk=True, repetition_penalty=-1, no_repeat_ngram_size=-1)
2026-05-11 20:45:41,158 - INFO - joeynmt.prediction - Evaluation result (greedy) loss:   2.13, ppl:   8.38, acc:   0.45, generation: 37.4417[sec], evaluation: 0.0000[sec]
2026-05-11 20:45:41,316 - INFO - joeynmt.helpers - delete models/deen_transformer_pre/24000.ckpt
2026-05-11 20:45:41,322 - INFO - joeynmt.training - Example #0
2026-05-11 20:45:41,323 - DEBUG - joeynmt.training - 	Tokenized source:     ['die', 'Pre@@', 'mi@@', 'er@@', 'minist@@', 'er', 'Indi@@', 'ens', 'und', 'J@@', 'ap@@', 'ans', 'tra@@', 'fen', 'sich', 'in', 'T@@', 'ok@@', 'i@@', 'o', '.']
2026-05-11 20:45:41,323 - DEBUG - joeynmt.training - 	Tokenized reference:  ['Indi@@', 'a', 'and', 'J@@', 'ap@@', 'an', 'pri@@', 'me', 'minist@@', 'ers', 'me@@', 'et', 'in', 'T@@', 'ok@@', 'y@@', 'o']
2026-05-11 20:45:41,323 - DEBUG - joeynmt.training - 	Tokenized hypothesis: ['the', 'Pre@@', 'mi@@', 'er', 'Indi@@', 'a', 'and', 'J@@', 'ap@@', 'ans', 'are', 'tra@@', 'ining', 'in', 'T@@', 'ok@@', 'i@@', 'o', '.', '</s>']
2026-05-11 20:45:41,323 - INFO - joeynmt.training - 	Source:     die Premierminister Indiens und Japans trafen sich in Tokio .
2026-05-11 20:45:41,323 - INFO - joeynmt.training - 	Reference:  India and Japan prime ministers meet in Tokyo
2026-05-11 20:45:41,323 - INFO - joeynmt.training - 	Hypothesis: the Premier India and Japans are training in Tokio .
2026-05-11 20:45:41,323 - INFO - joeynmt.training - Example #1
2026-05-11 20:45:41,323 - DEBUG - joeynmt.training - 	Tokenized source:     ['Indi@@', 'ens', 'neu@@', 'er', 'Pre@@', 'mi@@', 'er@@', 'minist@@', 'er', 'N@@', 'ar@@', 'end@@', 'ra', 'Mo@@', 'd@@', 'i', 'tri@@', 'fft', 'bei', 's@@', 'einem', 'ersten', 'wichti@@', 'gen', 'Aus@@', 'land@@', 's@@', 'bes@@', 'u@@', 'ch', 'seit', 's@@', 'einem', 'W@@', 'ah@@', 'l@@', 'si@@', 'e@@', 'g', 'im', 'Ma@@', 'i', 'seinen', 'j@@', 'ap@@', 'an@@', 'ischen', 'Am@@', 'ts@@', 'k@@', 'olle@@', 'gen', 'S@@', 'hin@@', 'z@@', 'o', 'A@@', 'be', 'in', 'T@@', 'ok@@', 'o', ',', 'um', 'wirtschaf@@', 'tliche', 'und', 'sicher@@', 'heits@@', 'politische', 'Be@@', 'zieh@@', 'ungen', 'zu', 'bes@@', 'pre@@', 'chen', '.']
2026-05-11 20:45:41,323 - DEBUG - joeynmt.training - 	Tokenized reference:  ['Indi@@', 'a', '&apos;s', 'new', 'pri@@', 'me', 'minist@@', 'er', ',', 'N@@', 'ar@@', 'end@@', 'ra', 'Mo@@', 'd@@', 'i', ',', 'is', 'me@@', 'eting', 'his', 'J@@', 'ap@@', 'an@@', 'ese', 'coun@@', 'ter@@', 'part', ',', 'S@@', 'hin@@', 'z@@', 'o', 'A@@', 'be', ',', 'in', 'T@@', 'ok@@', 'y@@', 'o', 'to', 'disc@@', 'uss', 'economic', 'and', 'security', 'ties', ',', 'on', 'his', 'first', 'major', 'fore@@', 'ign', 'visi@@', 't', 'since', 'w@@', 'inn@@', 'ing', 'Ma@@', 'y', '&apos;s', 'elec@@', 'tion', '.']
2026-05-11 20:45:41,323 - DEBUG - joeynmt.training - 	Tokenized hypothesis: ['Indi@@', 'a', '&apos;s', 'new', 'Pri@@', 'me', 'Minist@@', 'er', 'N@@', 'ar@@', 'end@@', 'ra', 'Mo@@', 'd@@', 'i', ',', 'in', 'his', 'first', 'important', 'ex@@', 'tern@@', 'al', 'ex@@', 'tern@@', 'al', 'ex@@', 'tern@@', 'al', 'to', 'the', 'J@@', 'ap@@', 'an@@', 'ese', 'H@@', 'om@@', 'e', 'in', 'Ma@@', 'y', ',', 'in', 'T@@', 'ok@@', 'o', 'A@@', 'be', 'in', 'T@@', 'ok@@', 'o', 'A@@', 'be', 'in', 'T@@', 'ok@@', 'o', 'A@@', 'be', 'in', 'T@@', 'ok@@', 'o', ',', 'in', 'T@@', 'ok@@', 'o', ',', 'to', 're@@', 'present', ',', 'economic', 'and', 'saf@@', 'ety', '.', '</s>']
2026-05-11 20:45:41,323 - INFO - joeynmt.training - 	Source:     Indiens neuer Premierminister Narendra Modi trifft bei seinem ersten wichtigen Auslandsbesuch seit seinem Wahlsieg im Mai seinen japanischen Amtskollegen Shinzo Abe in Toko , um wirtschaftliche und sicherheitspolitische Beziehungen zu besprechen .
2026-05-11 20:45:41,323 - INFO - joeynmt.training - 	Reference:  India &apos;s new prime minister , Narendra Modi , is meeting his Japanese counterpart , Shinzo Abe , in Tokyo to discuss economic and security ties , on his first major foreign visit since winning May &apos;s election .
2026-05-11 20:45:41,323 - INFO - joeynmt.training - 	Hypothesis: India &apos;s new Prime Minister Narendra Modi , in his first important external external external to the Japanese Home in May , in Toko Abe in Toko Abe in Toko Abe in Toko , in Toko , to represent , economic and safety .
2026-05-11 20:45:41,323 - INFO - joeynmt.training - Example #2
2026-05-11 20:45:41,324 - DEBUG - joeynmt.training - 	Tokenized source:     ['Herr', 'Mo@@', 'd@@', 'i', 'befindet', 'sich', 'auf', 'einer', 'fü@@', 'n@@', 'f@@', 'tä@@', 'gi@@', 'gen', 'Rei@@', 'se', 'nach', 'J@@', 'ap@@', 'an', ',', 'um', 'die', 'wirtschaf@@', 'tlichen', 'Be@@', 'zieh@@', 'ungen', 'mit', 'der', 'd@@', 'rit@@', 't@@', 'größ@@', 'ten', 'Wirtschafts@@', 'n@@', 'ation', 'der', 'Welt', 'zu', 'fes@@', 'tigen', '.']
2026-05-11 20:45:41,324 - DEBUG - joeynmt.training - 	Tokenized reference:  ['Mr', 'Mo@@', 'd@@', 'i', 'is', 'on', 'a', 'fi@@', 've', '@@@', '-@@', '@', 'day', 'tri@@', 'p', 'to', 'J@@', 'ap@@', 'an', 'to', 'streng@@', 'then', 'economic', 'ties', 'with', 'the', 'third', 'lar@@', 'ges@@', 't', 'econom@@', 'y', 'in', 'the', 'world', '.']
2026-05-11 20:45:41,324 - DEBUG - joeynmt.training - 	Tokenized hypothesis: ['Mr', 'Mo@@', 'd@@', 'i', 'is', 'on', 'a', 'fi@@', 'f@@', 'ty', 'of', 'a', 'fi@@', 'f@@', 'ty', 'of', 'the', 'world', '&apos;s', 'economic', 'rel@@', 'ations', 'with', 'the', 'third', 'lar@@', 'ges@@', 't', 'economic', 'rel@@', 'ations', 'with', 'the', 'third', 'lar@@', 'ges@@', 't', 'economic', 'rel@@', 'ations', '.', '</s>']
2026-05-11 20:45:41,324 - INFO - joeynmt.training - 	Source:     Herr Modi befindet sich auf einer fünftägigen Reise nach Japan , um die wirtschaftlichen Beziehungen mit der drittgrößten Wirtschaftsnation der Welt zu festigen .
2026-05-11 20:45:41,324 - INFO - joeynmt.training - 	Reference:  Mr Modi is on a five @-@ day trip to Japan to strengthen economic ties with the third largest economy in the world .
2026-05-11 20:45:41,324 - INFO - joeynmt.training - 	Hypothesis: Mr Modi is on a fifty of a fifty of the world &apos;s economic relations with the third largest economic relations with the third largest economic relations .
2026-05-11 20:45:41,324 - INFO - joeynmt.training - Example #3
2026-05-11 20:45:41,324 - DEBUG - joeynmt.training - 	Tokenized source:     ['P@@', 'län@@', 'e', 'für', 'eine', 'stärk@@', 'ere', 'k@@', 'ern@@', 'techn@@', 'ische', 'Zusammenarbeit', 'stehen', 'ganz', 'ob@@', 'en', 'auf', 'der', 'Tag@@', 'es@@', 'ordnung', '.']
2026-05-11 20:45:41,324 - DEBUG - joeynmt.training - 	Tokenized reference:  ['high', 'on', 'the', 'agen@@', 'da', 'are', 'pl@@', 'ans', 'for', 'gre@@', 'ater', 'nu@@', 'clear', 'c@@', 'o', '@@@', '-@@', '@', 'operation', '.']
2026-05-11 20:45:41,324 - DEBUG - joeynmt.training - 	Tokenized hypothesis: ['P@@', 'lan@@', 'e', 'for', 'more', 'more', 'nu@@', 'clear', 'techn@@', 'ical', 'cooperation', 'are', 'ob@@', 'vi@@', 'ous', 'on', 'the', 'agen@@', 'da', '.', '</s>']
2026-05-11 20:45:41,324 - INFO - joeynmt.training - 	Source:     Pläne für eine stärkere kerntechnische Zusammenarbeit stehen ganz oben auf der Tagesordnung .
2026-05-11 20:45:41,324 - INFO - joeynmt.training - 	Reference:  high on the agenda are plans for greater nuclear co @-@ operation .
2026-05-11 20:45:41,324 - INFO - joeynmt.training - 	Hypothesis: Plane for more more nuclear technical cooperation are obvious on the agenda .
2026-05-11 20:45:41,324 - INFO - joeynmt.training - Example #4
2026-05-11 20:45:41,324 - DEBUG - joeynmt.training - 	Tokenized source:     ['Berich@@', 'ten', 'zu@@', 'fol@@', 'ge', 'ho@@', 'fft', 'Indi@@', 'en', 'darüber', 'hinaus', 'auf', 'einen', 'Ver@@', 'trag', 'zur', 'Ver@@', 'tei@@', 'dig@@', 'ungs@@', 'zusammen@@', 'arbeit', 'zwischen', 'den', 'beiden', 'N@@', 'ationen', '.']
2026-05-11 20:45:41,324 - DEBUG - joeynmt.training - 	Tokenized reference:  ['Indi@@', 'a', 'is', 'also', 're@@', 'porte@@', 'dly', 'hop@@', 'ing', 'for', 'a', 'de@@', 'al', 'on', 'def@@', 'ence', 'c@@', 'oll@@', 'ab@@', 'or@@', 'ation', 'between', 'the', 'two', 'n@@', 'ations', '.']
2026-05-11 20:45:41,324 - DEBUG - joeynmt.training - 	Tokenized hypothesis: ['the', 'following', 'following', 'no@@', 'tice', 'of', 'the', 'following', 'con@@', 'tra@@', 'ct', 'on', 'the', 'con@@', 'tra@@', 'ct', 'on', 'def@@', 'ence', 'cooperation', 'between', 'the', 'two', 'n@@', 'ations', '.', '</s>']
2026-05-11 20:45:41,325 - INFO - joeynmt.training - 	Source:     Berichten zufolge hofft Indien darüber hinaus auf einen Vertrag zur Verteidigungszusammenarbeit zwischen den beiden Nationen .
2026-05-11 20:45:41,325 - INFO - joeynmt.training - 	Reference:  India is also reportedly hoping for a deal on defence collaboration between the two nations .
2026-05-11 20:45:41,325 - INFO - joeynmt.training - 	Hypothesis: the following following notice of the following contract on the contract on defence cooperation between the two nations .
2026-05-11 20:46:08,140 - INFO - joeynmt.training - Epoch   7, Step:    25600, Batch Loss:     1.730300, Batch Acc: 0.522402, Tokens per Sec:     3470, Lr: 0.000300
2026-05-11 20:46:34,772 - INFO - joeynmt.training - Epoch   7, Step:    25700, Batch Loss:     1.690977, Batch Acc: 0.523527, Tokens per Sec:     3445, Lr: 0.000300
2026-05-11 20:47:01,578 - INFO - joeynmt.training - Epoch   7, Step:    25800, Batch Loss:     1.519370, Batch Acc: 0.528111, Tokens per Sec:     3396, Lr: 0.000300
2026-05-11 20:47:28,328 - INFO - joeynmt.training - Epoch   7, Step:    25900, Batch Loss:     1.894389, Batch Acc: 0.533453, Tokens per Sec:     3404, Lr: 0.000300
2026-05-11 20:47:54,968 - INFO - joeynmt.training - Epoch   7, Step:    26000, Batch Loss:     1.910628, Batch Acc: 0.524372, Tokens per Sec:     3457, Lr: 0.000300
2026-05-11 20:47:54,968 - INFO - joeynmt.prediction - Predicting 500 example(s)... (Greedy decoding with min_output_length=1, max_output_length=-1, return_prob='none', generate_unk=True, repetition_penalty=-1, no_repeat_ngram_size=-1)
2026-05-11 20:48:43,179 - INFO - joeynmt.prediction - Evaluation result (greedy) loss:   2.12, ppl:   8.34, acc:   0.45, generation: 48.2023[sec], evaluation: 0.0000[sec]
2026-05-11 20:48:43,182 - INFO - joeynmt.training - Hooray! New best validation result [ppl]!
2026-05-11 20:48:43,345 - INFO - joeynmt.helpers - delete models/deen_transformer_pre/23000.ckpt
2026-05-11 20:48:43,352 - INFO - joeynmt.training - Example #0
2026-05-11 20:48:43,352 - DEBUG - joeynmt.training - 	Tokenized source:     ['die', 'Pre@@', 'mi@@', 'er@@', 'minist@@', 'er', 'Indi@@', 'ens', 'und', 'J@@', 'ap@@', 'ans', 'tra@@', 'fen', 'sich', 'in', 'T@@', 'ok@@', 'i@@', 'o', '.']
2026-05-11 20:48:43,352 - DEBUG - joeynmt.training - 	Tokenized reference:  ['Indi@@', 'a', 'and', 'J@@', 'ap@@', 'an', 'pri@@', 'me', 'minist@@', 'ers', 'me@@', 'et', 'in', 'T@@', 'ok@@', 'y@@', 'o']
2026-05-11 20:48:43,352 - DEBUG - joeynmt.training - 	Tokenized hypothesis: ['the', 'Pri@@', 'me', 'Minist@@', 'er', 'Indi@@', 'a', 'and', 'J@@', 'ap@@', 'an', '&apos;s', 'pri@@', 'me', 'minist@@', 'er', 'and', 'J@@', 'ap@@', 'an', '.', '</s>']
2026-05-11 20:48:43,352 - INFO - joeynmt.training - 	Source:     die Premierminister Indiens und Japans trafen sich in Tokio .
2026-05-11 20:48:43,352 - INFO - joeynmt.training - 	Reference:  India and Japan prime ministers meet in Tokyo
2026-05-11 20:48:43,352 - INFO - joeynmt.training - 	Hypothesis: the Prime Minister India and Japan &apos;s prime minister and Japan .
2026-05-11 20:48:43,352 - INFO - joeynmt.training - Example #1
2026-05-11 20:48:43,352 - DEBUG - joeynmt.training - 	Tokenized source:     ['Indi@@', 'ens', 'neu@@', 'er', 'Pre@@', 'mi@@', 'er@@', 'minist@@', 'er', 'N@@', 'ar@@', 'end@@', 'ra', 'Mo@@', 'd@@', 'i', 'tri@@', 'fft', 'bei', 's@@', 'einem', 'ersten', 'wichti@@', 'gen', 'Aus@@', 'land@@', 's@@', 'bes@@', 'u@@', 'ch', 'seit', 's@@', 'einem', 'W@@', 'ah@@', 'l@@', 'si@@', 'e@@', 'g', 'im', 'Ma@@', 'i', 'seinen', 'j@@', 'ap@@', 'an@@', 'ischen', 'Am@@', 'ts@@', 'k@@', 'olle@@', 'gen', 'S@@', 'hin@@', 'z@@', 'o', 'A@@', 'be', 'in', 'T@@', 'ok@@', 'o', ',', 'um', 'wirtschaf@@', 'tliche', 'und', 'sicher@@', 'heits@@', 'politische', 'Be@@', 'zieh@@', 'ungen', 'zu', 'bes@@', 'pre@@', 'chen', '.']
2026-05-11 20:48:43,352 - DEBUG - joeynmt.training - 	Tokenized reference:  ['Indi@@', 'a', '&apos;s', 'new', 'pri@@', 'me', 'minist@@', 'er', ',', 'N@@', 'ar@@', 'end@@', 'ra', 'Mo@@', 'd@@', 'i', ',', 'is', 'me@@', 'eting', 'his', 'J@@', 'ap@@', 'an@@', 'ese', 'coun@@', 'ter@@', 'part', ',', 'S@@', 'hin@@', 'z@@', 'o', 'A@@', 'be', ',', 'in', 'T@@', 'ok@@', 'y@@', 'o', 'to', 'disc@@', 'uss', 'economic', 'and', 'security', 'ties', ',', 'on', 'his', 'first', 'major', 'fore@@', 'ign', 'visi@@', 't', 'since', 'w@@', 'inn@@', 'ing', 'Ma@@', 'y', '&apos;s', 'elec@@', 'tion', '.']
2026-05-11 20:48:43,352 - DEBUG - joeynmt.training - 	Tokenized hypothesis: ['Indi@@', 'a', '&apos;s', 'lat@@', 'est', 'Pri@@', 'me', 'Minist@@', 'er', 'N@@', 'ar@@', 'end@@', 'ra', 'Mo@@', 'd@@', 'i', ',', 'in', 'his', 'first', 'major', 'ex@@', 'tern@@', 'al', 'ex@@', 'tern@@', 'al', 'ex@@', 'tern@@', 'al', 'colle@@', 'ag@@', 'u@@', 'es', ',', 'in', 'T@@', 'ok@@', 'o', 'A@@', 'be', 'in', 'T@@', 'ok@@', 'o', 'A@@', 'be', 'in', 'T@@', 'ok@@', 'o', ',', 'economic', 'and', 'saf@@', 'ety', 'of', 'S@@', 'hin@@', 'z@@', 'o', 'A@@', 'be', 'in', 'T@@', 'ok@@', 'o', ',', 'in', 'T@@', 'ok@@', 'o', ',', 'in', 'T@@', 'ok@@', 'o', ',', 'economic', 'and', 'saf@@', 'ety', '.', '</s>']
2026-05-11 20:48:43,353 - INFO - joeynmt.training - 	Source:     Indiens neuer Premierminister Narendra Modi trifft bei seinem ersten wichtigen Auslandsbesuch seit seinem Wahlsieg im Mai seinen japanischen Amtskollegen Shinzo Abe in Toko , um wirtschaftliche und sicherheitspolitische Beziehungen zu besprechen .
2026-05-11 20:48:43,353 - INFO - joeynmt.training - 	Reference:  India &apos;s new prime minister , Narendra Modi , is meeting his Japanese counterpart , Shinzo Abe , in Tokyo to discuss economic and security ties , on his first major foreign visit since winning May &apos;s election .
2026-05-11 20:48:43,353 - INFO - joeynmt.training - 	Hypothesis: India &apos;s latest Prime Minister Narendra Modi , in his first major external external external colleagues , in Toko Abe in Toko Abe in Toko , economic and safety of Shinzo Abe in Toko , in Toko , in Toko , economic and safety .
2026-05-11 20:48:43,353 - INFO - joeynmt.training - Example #2
2026-05-11 20:48:43,353 - DEBUG - joeynmt.training - 	Tokenized source:     ['Herr', 'Mo@@', 'd@@', 'i', 'befindet', 'sich', 'auf', 'einer', 'fü@@', 'n@@', 'f@@', 'tä@@', 'gi@@', 'gen', 'Rei@@', 'se', 'nach', 'J@@', 'ap@@', 'an', ',', 'um', 'die', 'wirtschaf@@', 'tlichen', 'Be@@', 'zieh@@', 'ungen', 'mit', 'der', 'd@@', 'rit@@', 't@@', 'größ@@', 'ten', 'Wirtschafts@@', 'n@@', 'ation', 'der', 'Welt', 'zu', 'fes@@', 'tigen', '.']
2026-05-11 20:48:43,353 - DEBUG - joeynmt.training - 	Tokenized reference:  ['Mr', 'Mo@@', 'd@@', 'i', 'is', 'on', 'a', 'fi@@', 've', '@@@', '-@@', '@', 'day', 'tri@@', 'p', 'to', 'J@@', 'ap@@', 'an', 'to', 'streng@@', 'then', 'economic', 'ties', 'with', 'the', 'third', 'lar@@', 'ges@@', 't', 'econom@@', 'y', 'in', 'the', 'world', '.']
2026-05-11 20:48:43,353 - DEBUG - joeynmt.training - 	Tokenized hypothesis: ['Mr', 'Mo@@', 'd@@', 'i', 'is', 'on', 'a', 'fi@@', 'f@@', 'ty', 'of', 'a', 'fi@@', 'f@@', 'ty', 'tra@@', 'ff@@', 'i@@', 'ck@@', 'ing', 'to', 'J@@', 'ap@@', 'an', ',', 'to', 'the', 'economic', 'rel@@', 'ation@@', 'ship', 'with', 'the', 'third', 'lar@@', 'ges@@', 't', 'economic', 'rel@@', 'ation@@', 'ship', '.', '</s>']
2026-05-11 20:48:43,353 - INFO - joeynmt.training - 	Source:     Herr Modi befindet sich auf einer fünftägigen Reise nach Japan , um die wirtschaftlichen Beziehungen mit der drittgrößten Wirtschaftsnation der Welt zu festigen .
2026-05-11 20:48:43,353 - INFO - joeynmt.training - 	Reference:  Mr Modi is on a five @-@ day trip to Japan to strengthen economic ties with the third largest economy in the world .
2026-05-11 20:48:43,353 - INFO - joeynmt.training - 	Hypothesis: Mr Modi is on a fifty of a fifty trafficking to Japan , to the economic relationship with the third largest economic relationship .
2026-05-11 20:48:43,353 - INFO - joeynmt.training - Example #3
2026-05-11 20:48:43,353 - DEBUG - joeynmt.training - 	Tokenized source:     ['P@@', 'län@@', 'e', 'für', 'eine', 'stärk@@', 'ere', 'k@@', 'ern@@', 'techn@@', 'ische', 'Zusammenarbeit', 'stehen', 'ganz', 'ob@@', 'en', 'auf', 'der', 'Tag@@', 'es@@', 'ordnung', '.']
2026-05-11 20:48:43,353 - DEBUG - joeynmt.training - 	Tokenized reference:  ['high', 'on', 'the', 'agen@@', 'da', 'are', 'pl@@', 'ans', 'for', 'gre@@', 'ater', 'nu@@', 'clear', 'c@@', 'o', '@@@', '-@@', '@', 'operation', '.']
2026-05-11 20:48:43,353 - DEBUG - joeynmt.training - 	Tokenized hypothesis: ['p@@', 'ass@@', 'ing', 'for', 'a', 'more', 'seri@@', 'ous', 'techn@@', 'ical', 'cooperation', 'are', 'very', 'ob@@', 'vi@@', 'ously', 'on', 'the', 'agen@@', 'da', '.', '</s>']
2026-05-11 20:48:43,353 - INFO - joeynmt.training - 	Source:     Pläne für eine stärkere kerntechnische Zusammenarbeit stehen ganz oben auf der Tagesordnung .
2026-05-11 20:48:43,353 - INFO - joeynmt.training - 	Reference:  high on the agenda are plans for greater nuclear co @-@ operation .
2026-05-11 20:48:43,353 - INFO - joeynmt.training - 	Hypothesis: passing for a more serious technical cooperation are very obviously on the agenda .
2026-05-11 20:48:43,354 - INFO - joeynmt.training - Example #4
2026-05-11 20:48:43,354 - DEBUG - joeynmt.training - 	Tokenized source:     ['Berich@@', 'ten', 'zu@@', 'fol@@', 'ge', 'ho@@', 'fft', 'Indi@@', 'en', 'darüber', 'hinaus', 'auf', 'einen', 'Ver@@', 'trag', 'zur', 'Ver@@', 'tei@@', 'dig@@', 'ungs@@', 'zusammen@@', 'arbeit', 'zwischen', 'den', 'beiden', 'N@@', 'ationen', '.']
2026-05-11 20:48:43,354 - DEBUG - joeynmt.training - 	Tokenized reference:  ['Indi@@', 'a', 'is', 'also', 're@@', 'porte@@', 'dly', 'hop@@', 'ing', 'for', 'a', 'de@@', 'al', 'on', 'def@@', 'ence', 'c@@', 'oll@@', 'ab@@', 'or@@', 'ation', 'between', 'the', 'two', 'n@@', 'ations', '.']
2026-05-11 20:48:43,354 - DEBUG - joeynmt.training - 	Tokenized hypothesis: ['the', 'following', 're@@', 'ports', ',', 'it', 'is', 'also', 'the', 'high@@', 'est', 'indi@@', 'c@@', 'ation', 'of', 'con@@', 'tra@@', 'ct', 'cooperation', 'between', 'the', 'two', 'N@@', 'ations', '.', '</s>']
2026-05-11 20:48:43,354 - INFO - joeynmt.training - 	Source:     Berichten zufolge hofft Indien darüber hinaus auf einen Vertrag zur Verteidigungszusammenarbeit zwischen den beiden Nationen .
2026-05-11 20:48:43,354 - INFO - joeynmt.training - 	Reference:  India is also reportedly hoping for a deal on defence collaboration between the two nations .
2026-05-11 20:48:43,354 - INFO - joeynmt.training - 	Hypothesis: the following reports , it is also the highest indication of contract cooperation between the two Nations .
2026-05-11 20:49:10,972 - INFO - joeynmt.training - Epoch   7, Step:    26100, Batch Loss:     1.798998, Batch Acc: 0.524411, Tokens per Sec:     3335, Lr: 0.000300
2026-05-11 20:49:37,863 - INFO - joeynmt.training - Epoch   7, Step:    26200, Batch Loss:     1.634188, Batch Acc: 0.520819, Tokens per Sec:     3380, Lr: 0.000300
2026-05-11 20:50:04,899 - INFO - joeynmt.training - Epoch   7, Step:    26300, Batch Loss:     1.675435, Batch Acc: 0.530950, Tokens per Sec:     3392, Lr: 0.000300
2026-05-11 20:50:31,939 - INFO - joeynmt.training - Epoch   7, Step:    26400, Batch Loss:     1.883636, Batch Acc: 0.527090, Tokens per Sec:     3420, Lr: 0.000300
2026-05-11 20:50:58,896 - INFO - joeynmt.training - Epoch   7, Step:    26500, Batch Loss:     1.953720, Batch Acc: 0.526450, Tokens per Sec:     3390, Lr: 0.000300
2026-05-11 20:50:58,897 - INFO - joeynmt.prediction - Predicting 500 example(s)... (Greedy decoding with min_output_length=1, max_output_length=-1, return_prob='none', generate_unk=True, repetition_penalty=-1, no_repeat_ngram_size=-1)
2026-05-11 20:51:53,543 - INFO - joeynmt.prediction - Evaluation result (greedy) loss:   2.12, ppl:   8.33, acc:   0.45, generation: 54.6373[sec], evaluation: 0.0000[sec]
2026-05-11 20:51:53,546 - INFO - joeynmt.training - Hooray! New best validation result [ppl]!
2026-05-11 20:51:53,710 - INFO - joeynmt.helpers - delete models/deen_transformer_pre/23500.ckpt
2026-05-11 20:51:53,717 - INFO - joeynmt.training - Example #0
2026-05-11 20:51:53,717 - DEBUG - joeynmt.training - 	Tokenized source:     ['die', 'Pre@@', 'mi@@', 'er@@', 'minist@@', 'er', 'Indi@@', 'ens', 'und', 'J@@', 'ap@@', 'ans', 'tra@@', 'fen', 'sich', 'in', 'T@@', 'ok@@', 'i@@', 'o', '.']
2026-05-11 20:51:53,717 - DEBUG - joeynmt.training - 	Tokenized reference:  ['Indi@@', 'a', 'and', 'J@@', 'ap@@', 'an', 'pri@@', 'me', 'minist@@', 'ers', 'me@@', 'et', 'in', 'T@@', 'ok@@', 'y@@', 'o']
2026-05-11 20:51:53,717 - DEBUG - joeynmt.training - 	Tokenized hypothesis: ['the', 'pri@@', 'm@@', 'ari@@', 'ly', 'minist@@', 'er', 'in', 'Indi@@', 'a', 'and', 'J@@', 'ap@@', 'an', '&apos;s', 'pri@@', 'm@@', 'ari@@', 'ly', '.', '</s>']
2026-05-11 20:51:53,717 - INFO - joeynmt.training - 	Source:     die Premierminister Indiens und Japans trafen sich in Tokio .
2026-05-11 20:51:53,717 - INFO - joeynmt.training - 	Reference:  India and Japan prime ministers meet in Tokyo
2026-05-11 20:51:53,718 - INFO - joeynmt.training - 	Hypothesis: the primarily minister in India and Japan &apos;s primarily .
2026-05-11 20:51:53,718 - INFO - joeynmt.training - Example #1
2026-05-11 20:51:53,718 - DEBUG - joeynmt.training - 	Tokenized source:     ['Indi@@', 'ens', 'neu@@', 'er', 'Pre@@', 'mi@@', 'er@@', 'minist@@', 'er', 'N@@', 'ar@@', 'end@@', 'ra', 'Mo@@', 'd@@', 'i', 'tri@@', 'fft', 'bei', 's@@', 'einem', 'ersten', 'wichti@@', 'gen', 'Aus@@', 'land@@', 's@@', 'bes@@', 'u@@', 'ch', 'seit', 's@@', 'einem', 'W@@', 'ah@@', 'l@@', 'si@@', 'e@@', 'g', 'im', 'Ma@@', 'i', 'seinen', 'j@@', 'ap@@', 'an@@', 'ischen', 'Am@@', 'ts@@', 'k@@', 'olle@@', 'gen', 'S@@', 'hin@@', 'z@@', 'o', 'A@@', 'be', 'in', 'T@@', 'ok@@', 'o', ',', 'um', 'wirtschaf@@', 'tliche', 'und', 'sicher@@', 'heits@@', 'politische', 'Be@@', 'zieh@@', 'ungen', 'zu', 'bes@@', 'pre@@', 'chen', '.']
2026-05-11 20:51:53,718 - DEBUG - joeynmt.training - 	Tokenized reference:  ['Indi@@', 'a', '&apos;s', 'new', 'pri@@', 'me', 'minist@@', 'er', ',', 'N@@', 'ar@@', 'end@@', 'ra', 'Mo@@', 'd@@', 'i', ',', 'is', 'me@@', 'eting', 'his', 'J@@', 'ap@@', 'an@@', 'ese', 'coun@@', 'ter@@', 'part', ',', 'S@@', 'hin@@', 'z@@', 'o', 'A@@', 'be', ',', 'in', 'T@@', 'ok@@', 'y@@', 'o', 'to', 'disc@@', 'uss', 'economic', 'and', 'security', 'ties', ',', 'on', 'his', 'first', 'major', 'fore@@', 'ign', 'visi@@', 't', 'since', 'w@@', 'inn@@', 'ing', 'Ma@@', 'y', '&apos;s', 'elec@@', 'tion', '.']
2026-05-11 20:51:53,718 - DEBUG - joeynmt.training - 	Tokenized hypothesis: ['Indi@@', 'a', '&apos;s', 'lat@@', 'er', 'Pri@@', 'me', 'Minist@@', 'er', 'N@@', 'ar@@', 'end@@', 'ra', 'Mo@@', 'd@@', 'i', ',', 'in', 'his', 'first', 'important', 'ex@@', 'tern@@', 'al', 'fore@@', 'ign', 'and', 'the', 'S@@', 'hin@@', 'z@@', 'o', 'A@@', 'be', 'in', 'T@@', 'ok@@', 'o', 'A@@', 'be', 'in', 'T@@', 'ok@@', 'o', ',', 'in', 'order', 'to', 're@@', 'ach', 'economic', 'and', 'saf@@', 'ety', 'of', 'political', 'rel@@', 'ations', '.', '</s>']
2026-05-11 20:51:53,718 - INFO - joeynmt.training - 	Source:     Indiens neuer Premierminister Narendra Modi trifft bei seinem ersten wichtigen Auslandsbesuch seit seinem Wahlsieg im Mai seinen japanischen Amtskollegen Shinzo Abe in Toko , um wirtschaftliche und sicherheitspolitische Beziehungen zu besprechen .
2026-05-11 20:51:53,718 - INFO - joeynmt.training - 	Reference:  India &apos;s new prime minister , Narendra Modi , is meeting his Japanese counterpart , Shinzo Abe , in Tokyo to discuss economic and security ties , on his first major foreign visit since winning May &apos;s election .
2026-05-11 20:51:53,718 - INFO - joeynmt.training - 	Hypothesis: India &apos;s later Prime Minister Narendra Modi , in his first important external foreign and the Shinzo Abe in Toko Abe in Toko , in order to reach economic and safety of political relations .
2026-05-11 20:51:53,718 - INFO - joeynmt.training - Example #2
2026-05-11 20:51:53,718 - DEBUG - joeynmt.training - 	Tokenized source:     ['Herr', 'Mo@@', 'd@@', 'i', 'befindet', 'sich', 'auf', 'einer', 'fü@@', 'n@@', 'f@@', 'tä@@', 'gi@@', 'gen', 'Rei@@', 'se', 'nach', 'J@@', 'ap@@', 'an', ',', 'um', 'die', 'wirtschaf@@', 'tlichen', 'Be@@', 'zieh@@', 'ungen', 'mit', 'der', 'd@@', 'rit@@', 't@@', 'größ@@', 'ten', 'Wirtschafts@@', 'n@@', 'ation', 'der', 'Welt', 'zu', 'fes@@', 'tigen', '.']
2026-05-11 20:51:53,718 - DEBUG - joeynmt.training - 	Tokenized reference:  ['Mr', 'Mo@@', 'd@@', 'i', 'is', 'on', 'a', 'fi@@', 've', '@@@', '-@@', '@', 'day', 'tri@@', 'p', 'to', 'J@@', 'ap@@', 'an', 'to', 'streng@@', 'then', 'economic', 'ties', 'with', 'the', 'third', 'lar@@', 'ges@@', 't', 'econom@@', 'y', 'in', 'the', 'world', '.']
2026-05-11 20:51:53,718 - DEBUG - joeynmt.training - 	Tokenized hypothesis: ['Mr', 'Mo@@', 'd@@', 'i', 'is', 'a', 'fi@@', 'f@@', 'ty', 'of', 'a', 'fi@@', 'f@@', 'ty', 'tra@@', 'v@@', 'el', 'to', 'J@@', 'ap@@', 'an', ',', 'to', 'J@@', 'ap@@', 'an', ',', 'to', 'be', 'a', 'fi@@', 'f@@', 'ty', 'of', 'the', 'world', '.', '</s>']
2026-05-11 20:51:53,718 - INFO - joeynmt.training - 	Source:     Herr Modi befindet sich auf einer fünftägigen Reise nach Japan , um die wirtschaftlichen Beziehungen mit der drittgrößten Wirtschaftsnation der Welt zu festigen .
2026-05-11 20:51:53,718 - INFO - joeynmt.training - 	Reference:  Mr Modi is on a five @-@ day trip to Japan to strengthen economic ties with the third largest economy in the world .
2026-05-11 20:51:53,718 - INFO - joeynmt.training - 	Hypothesis: Mr Modi is a fifty of a fifty travel to Japan , to Japan , to be a fifty of the world .
2026-05-11 20:51:53,718 - INFO - joeynmt.training - Example #3
2026-05-11 20:51:53,719 - DEBUG - joeynmt.training - 	Tokenized source:     ['P@@', 'län@@', 'e', 'für', 'eine', 'stärk@@', 'ere', 'k@@', 'ern@@', 'techn@@', 'ische', 'Zusammenarbeit', 'stehen', 'ganz', 'ob@@', 'en', 'auf', 'der', 'Tag@@', 'es@@', 'ordnung', '.']
2026-05-11 20:51:53,719 - DEBUG - joeynmt.training - 	Tokenized reference:  ['high', 'on', 'the', 'agen@@', 'da', 'are', 'pl@@', 'ans', 'for', 'gre@@', 'ater', 'nu@@', 'clear', 'c@@', 'o', '@@@', '-@@', '@', 'operation', '.']
2026-05-11 20:51:53,719 - DEBUG - joeynmt.training - 	Tokenized hypothesis: ['P@@', 'lan@@', 'e', 'for', 'more', 'nu@@', 'clear', 'techn@@', 'ical', 'cooperation', 'are', 'ob@@', 'vi@@', 'ously', 'on', 'the', 'agen@@', 'da', '.', '</s>']
2026-05-11 20:51:53,719 - INFO - joeynmt.training - 	Source:     Pläne für eine stärkere kerntechnische Zusammenarbeit stehen ganz oben auf der Tagesordnung .
2026-05-11 20:51:53,719 - INFO - joeynmt.training - 	Reference:  high on the agenda are plans for greater nuclear co @-@ operation .
2026-05-11 20:51:53,719 - INFO - joeynmt.training - 	Hypothesis: Plane for more nuclear technical cooperation are obviously on the agenda .
2026-05-11 20:51:53,719 - INFO - joeynmt.training - Example #4
2026-05-11 20:51:53,719 - DEBUG - joeynmt.training - 	Tokenized source:     ['Berich@@', 'ten', 'zu@@', 'fol@@', 'ge', 'ho@@', 'fft', 'Indi@@', 'en', 'darüber', 'hinaus', 'auf', 'einen', 'Ver@@', 'trag', 'zur', 'Ver@@', 'tei@@', 'dig@@', 'ungs@@', 'zusammen@@', 'arbeit', 'zwischen', 'den', 'beiden', 'N@@', 'ationen', '.']
2026-05-11 20:51:53,719 - DEBUG - joeynmt.training - 	Tokenized reference:  ['Indi@@', 'a', 'is', 'also', 're@@', 'porte@@', 'dly', 'hop@@', 'ing', 'for', 'a', 'de@@', 'al', 'on', 'def@@', 'ence', 'c@@', 'oll@@', 'ab@@', 'or@@', 'ation', 'between', 'the', 'two', 'n@@', 'ations', '.']
2026-05-11 20:51:53,719 - DEBUG - joeynmt.training - 	Tokenized hypothesis: ['the', 'following', 're@@', 'ports', ',', 'the', 'succ@@', 'ess@@', 'ful', 'Indi@@', 'a', ',', 'the', 'Commission', '&apos;s', 'work', 'between', 'the', 'two', 'N@@', 'ations', '.', '</s>']
2026-05-11 20:51:53,719 - INFO - joeynmt.training - 	Source:     Berichten zufolge hofft Indien darüber hinaus auf einen Vertrag zur Verteidigungszusammenarbeit zwischen den beiden Nationen .
2026-05-11 20:51:53,719 - INFO - joeynmt.training - 	Reference:  India is also reportedly hoping for a deal on defence collaboration between the two nations .
2026-05-11 20:51:53,719 - INFO - joeynmt.training - 	Hypothesis: the following reports , the successful India , the Commission &apos;s work between the two Nations .
2026-05-11 20:52:19,630 - INFO - joeynmt.training - Epoch   7, Step:    26600, Batch Loss:     1.869679, Batch Acc: 0.522533, Tokens per Sec:     3557, Lr: 0.000300
2026-05-11 20:52:47,644 - INFO - joeynmt.training - Epoch   7, Step:    26700, Batch Loss:     1.779856, Batch Acc: 0.528298, Tokens per Sec:     3262, Lr: 0.000300
2026-05-11 20:53:15,510 - INFO - joeynmt.training - Epoch   7, Step:    26800, Batch Loss:     1.809000, Batch Acc: 0.521793, Tokens per Sec:     3328, Lr: 0.000300
2026-05-11 20:53:42,798 - INFO - joeynmt.training - Epoch   7, Step:    26900, Batch Loss:     1.764633, Batch Acc: 0.520066, Tokens per Sec:     3399, Lr: 0.000300
2026-05-11 20:54:10,315 - INFO - joeynmt.training - Epoch   7, Step:    27000, Batch Loss:     1.567926, Batch Acc: 0.526998, Tokens per Sec:     3307, Lr: 0.000300
2026-05-11 20:54:10,316 - INFO - joeynmt.prediction - Predicting 500 example(s)... (Greedy decoding with min_output_length=1, max_output_length=-1, return_prob='none', generate_unk=True, repetition_penalty=-1, no_repeat_ngram_size=-1)
2026-05-11 20:54:45,335 - INFO - joeynmt.prediction - Evaluation result (greedy) loss:   2.12, ppl:   8.32, acc:   0.45, generation: 35.0114[sec], evaluation: 0.0000[sec]
2026-05-11 20:54:45,337 - INFO - joeynmt.training - Hooray! New best validation result [ppl]!
2026-05-11 20:54:45,502 - INFO - joeynmt.helpers - delete models/deen_transformer_pre/25500.ckpt
2026-05-11 20:54:45,510 - INFO - joeynmt.training - Example #0
2026-05-11 20:54:45,510 - DEBUG - joeynmt.training - 	Tokenized source:     ['die', 'Pre@@', 'mi@@', 'er@@', 'minist@@', 'er', 'Indi@@', 'ens', 'und', 'J@@', 'ap@@', 'ans', 'tra@@', 'fen', 'sich', 'in', 'T@@', 'ok@@', 'i@@', 'o', '.']
2026-05-11 20:54:45,510 - DEBUG - joeynmt.training - 	Tokenized reference:  ['Indi@@', 'a', 'and', 'J@@', 'ap@@', 'an', 'pri@@', 'me', 'minist@@', 'ers', 'me@@', 'et', 'in', 'T@@', 'ok@@', 'y@@', 'o']
2026-05-11 20:54:45,510 - DEBUG - joeynmt.training - 	Tokenized hypothesis: ['the', 'Pre@@', 'mi@@', 'er', 'Indi@@', 'a', 'and', 'J@@', 'ap@@', 'an', '&apos;s', 'pri@@', 'me', 'minist@@', 'er', 'in', 'T@@', 'ok@@', 'i@@', 'o', '.', '</s>']
2026-05-11 20:54:45,510 - INFO - joeynmt.training - 	Source:     die Premierminister Indiens und Japans trafen sich in Tokio .
2026-05-11 20:54:45,510 - INFO - joeynmt.training - 	Reference:  India and Japan prime ministers meet in Tokyo
2026-05-11 20:54:45,510 - INFO - joeynmt.training - 	Hypothesis: the Premier India and Japan &apos;s prime minister in Tokio .
2026-05-11 20:54:45,510 - INFO - joeynmt.training - Example #1
2026-05-11 20:54:45,510 - DEBUG - joeynmt.training - 	Tokenized source:     ['Indi@@', 'ens', 'neu@@', 'er', 'Pre@@', 'mi@@', 'er@@', 'minist@@', 'er', 'N@@', 'ar@@', 'end@@', 'ra', 'Mo@@', 'd@@', 'i', 'tri@@', 'fft', 'bei', 's@@', 'einem', 'ersten', 'wichti@@', 'gen', 'Aus@@', 'land@@', 's@@', 'bes@@', 'u@@', 'ch', 'seit', 's@@', 'einem', 'W@@', 'ah@@', 'l@@', 'si@@', 'e@@', 'g', 'im', 'Ma@@', 'i', 'seinen', 'j@@', 'ap@@', 'an@@', 'ischen', 'Am@@', 'ts@@', 'k@@', 'olle@@', 'gen', 'S@@', 'hin@@', 'z@@', 'o', 'A@@', 'be', 'in', 'T@@', 'ok@@', 'o', ',', 'um', 'wirtschaf@@', 'tliche', 'und', 'sicher@@', 'heits@@', 'politische', 'Be@@', 'zieh@@', 'ungen', 'zu', 'bes@@', 'pre@@', 'chen', '.']
2026-05-11 20:54:45,510 - DEBUG - joeynmt.training - 	Tokenized reference:  ['Indi@@', 'a', '&apos;s', 'new', 'pri@@', 'me', 'minist@@', 'er', ',', 'N@@', 'ar@@', 'end@@', 'ra', 'Mo@@', 'd@@', 'i', ',', 'is', 'me@@', 'eting', 'his', 'J@@', 'ap@@', 'an@@', 'ese', 'coun@@', 'ter@@', 'part', ',', 'S@@', 'hin@@', 'z@@', 'o', 'A@@', 'be', ',', 'in', 'T@@', 'ok@@', 'y@@', 'o', 'to', 'disc@@', 'uss', 'economic', 'and', 'security', 'ties', ',', 'on', 'his', 'first', 'major', 'fore@@', 'ign', 'visi@@', 't', 'since', 'w@@', 'inn@@', 'ing', 'Ma@@', 'y', '&apos;s', 'elec@@', 'tion', '.']
2026-05-11 20:54:45,510 - DEBUG - joeynmt.training - 	Tokenized hypothesis: ['Indi@@', 'a', '&apos;s', 'lat@@', 'est', 'minist@@', 'er', 'N@@', 'ar@@', 'end@@', 'ra', 'Mo@@', 'd@@', 'i', ',', 'in', 'his', 'first', 'important', 'ex@@', 'ec@@', 'ution', 'for', 'his', 'first', 'important', 'ex@@', 'plan@@', 'ation', 'of', 'his', 'elec@@', 'tion', ',', 'in', 'the', 'Ma@@', 'y', 'of', 'his', 'elec@@', 'tion', ',', 'and', 'saf@@', 'ety', 'political', 'rel@@', 'ations', 'with', 'the', 'pre@@', 'mi@@', 'er', 'of', 'his', 'elec@@', 'tion', '.', '</s>']
2026-05-11 20:54:45,510 - INFO - joeynmt.training - 	Source:     Indiens neuer Premierminister Narendra Modi trifft bei seinem ersten wichtigen Auslandsbesuch seit seinem Wahlsieg im Mai seinen japanischen Amtskollegen Shinzo Abe in Toko , um wirtschaftliche und sicherheitspolitische Beziehungen zu besprechen .
2026-05-11 20:54:45,510 - INFO - joeynmt.training - 	Reference:  India &apos;s new prime minister , Narendra Modi , is meeting his Japanese counterpart , Shinzo Abe , in Tokyo to discuss economic and security ties , on his first major foreign visit since winning May &apos;s election .
2026-05-11 20:54:45,510 - INFO - joeynmt.training - 	Hypothesis: India &apos;s latest minister Narendra Modi , in his first important execution for his first important explanation of his election , in the May of his election , and safety political relations with the premier of his election .
2026-05-11 20:54:45,510 - INFO - joeynmt.training - Example #2
2026-05-11 20:54:45,511 - DEBUG - joeynmt.training - 	Tokenized source:     ['Herr', 'Mo@@', 'd@@', 'i', 'befindet', 'sich', 'auf', 'einer', 'fü@@', 'n@@', 'f@@', 'tä@@', 'gi@@', 'gen', 'Rei@@', 'se', 'nach', 'J@@', 'ap@@', 'an', ',', 'um', 'die', 'wirtschaf@@', 'tlichen', 'Be@@', 'zieh@@', 'ungen', 'mit', 'der', 'd@@', 'rit@@', 't@@', 'größ@@', 'ten', 'Wirtschafts@@', 'n@@', 'ation', 'der', 'Welt', 'zu', 'fes@@', 'tigen', '.']
2026-05-11 20:54:45,511 - DEBUG - joeynmt.training - 	Tokenized reference:  ['Mr', 'Mo@@', 'd@@', 'i', 'is', 'on', 'a', 'fi@@', 've', '@@@', '-@@', '@', 'day', 'tri@@', 'p', 'to', 'J@@', 'ap@@', 'an', 'to', 'streng@@', 'then', 'economic', 'ties', 'with', 'the', 'third', 'lar@@', 'ges@@', 't', 'econom@@', 'y', 'in', 'the', 'world', '.']
2026-05-11 20:54:45,511 - DEBUG - joeynmt.training - 	Tokenized hypothesis: ['Mr', 'Mo@@', 'd@@', 'i', 'is', 'located', 'on', 'a', 'fi@@', 'f@@', 'ty', 'of', 'a', 'fi@@', 'f@@', 'ty', 't@@', 'our@@', 'ist', 'tra@@', 'ff@@', 'i@@', 'ck@@', 'ing', 'with', 'the', 'third', 'lar@@', 'ges@@', 't', 'economic', 'rel@@', 'ations', 'with', 'the', 'third', 'lar@@', 'ges@@', 't', 'economic', 'rel@@', 'ations', '.', '</s>']
2026-05-11 20:54:45,511 - INFO - joeynmt.training - 	Source:     Herr Modi befindet sich auf einer fünftägigen Reise nach Japan , um die wirtschaftlichen Beziehungen mit der drittgrößten Wirtschaftsnation der Welt zu festigen .
2026-05-11 20:54:45,511 - INFO - joeynmt.training - 	Reference:  Mr Modi is on a five @-@ day trip to Japan to strengthen economic ties with the third largest economy in the world .
2026-05-11 20:54:45,511 - INFO - joeynmt.training - 	Hypothesis: Mr Modi is located on a fifty of a fifty tourist trafficking with the third largest economic relations with the third largest economic relations .
2026-05-11 20:54:45,511 - INFO - joeynmt.training - Example #3
2026-05-11 20:54:45,511 - DEBUG - joeynmt.training - 	Tokenized source:     ['P@@', 'län@@', 'e', 'für', 'eine', 'stärk@@', 'ere', 'k@@', 'ern@@', 'techn@@', 'ische', 'Zusammenarbeit', 'stehen', 'ganz', 'ob@@', 'en', 'auf', 'der', 'Tag@@', 'es@@', 'ordnung', '.']
2026-05-11 20:54:45,511 - DEBUG - joeynmt.training - 	Tokenized reference:  ['high', 'on', 'the', 'agen@@', 'da', 'are', 'pl@@', 'ans', 'for', 'gre@@', 'ater', 'nu@@', 'clear', 'c@@', 'o', '@@@', '-@@', '@', 'operation', '.']
2026-05-11 20:54:45,511 - DEBUG - joeynmt.training - 	Tokenized hypothesis: ['pl@@', 'ans', 'for', 'more', 'more', 'seri@@', 'ous', 'techn@@', 'ical', 'cooperation', 'are', 'very', 'ob@@', 'vi@@', 'ous', 'on', 'the', 'agen@@', 'da', '.', '</s>']
2026-05-11 20:54:45,511 - INFO - joeynmt.training - 	Source:     Pläne für eine stärkere kerntechnische Zusammenarbeit stehen ganz oben auf der Tagesordnung .
2026-05-11 20:54:45,511 - INFO - joeynmt.training - 	Reference:  high on the agenda are plans for greater nuclear co @-@ operation .
2026-05-11 20:54:45,511 - INFO - joeynmt.training - 	Hypothesis: plans for more more serious technical cooperation are very obvious on the agenda .
2026-05-11 20:54:45,511 - INFO - joeynmt.training - Example #4
2026-05-11 20:54:45,511 - DEBUG - joeynmt.training - 	Tokenized source:     ['Berich@@', 'ten', 'zu@@', 'fol@@', 'ge', 'ho@@', 'fft', 'Indi@@', 'en', 'darüber', 'hinaus', 'auf', 'einen', 'Ver@@', 'trag', 'zur', 'Ver@@', 'tei@@', 'dig@@', 'ungs@@', 'zusammen@@', 'arbeit', 'zwischen', 'den', 'beiden', 'N@@', 'ationen', '.']
2026-05-11 20:54:45,511 - DEBUG - joeynmt.training - 	Tokenized reference:  ['Indi@@', 'a', 'is', 'also', 're@@', 'porte@@', 'dly', 'hop@@', 'ing', 'for', 'a', 'de@@', 'al', 'on', 'def@@', 'ence', 'c@@', 'oll@@', 'ab@@', 'or@@', 'ation', 'between', 'the', 'two', 'n@@', 'ations', '.']
2026-05-11 20:54:45,511 - DEBUG - joeynmt.training - 	Tokenized hypothesis: ['the', 'following', 're@@', 'ports', ',', 'Indi@@', 'a', 'is', 'also', 'a', 'way', 'of', 'con@@', 'dem@@', 'ning', 'on', 'the', 'con@@', 'tr@@', 'ary', 'cooperation', 'between', 'the', 'two', 'n@@', 'ations', '.', '</s>']
2026-05-11 20:54:45,512 - INFO - joeynmt.training - 	Source:     Berichten zufolge hofft Indien darüber hinaus auf einen Vertrag zur Verteidigungszusammenarbeit zwischen den beiden Nationen .
2026-05-11 20:54:45,512 - INFO - joeynmt.training - 	Reference:  India is also reportedly hoping for a deal on defence collaboration between the two nations .
2026-05-11 20:54:45,512 - INFO - joeynmt.training - 	Hypothesis: the following reports , India is also a way of condemning on the contrary cooperation between the two nations .
2026-05-11 20:55:12,882 - INFO - joeynmt.training - Epoch   7, Step:    27100, Batch Loss:     1.553162, Batch Acc: 0.526218, Tokens per Sec:     3375, Lr: 0.000300
2026-05-11 20:55:39,961 - INFO - joeynmt.training - Epoch   7, Step:    27200, Batch Loss:     1.954729, Batch Acc: 0.515011, Tokens per Sec:     3416, Lr: 0.000300
2026-05-11 20:56:07,432 - INFO - joeynmt.training - Epoch   7, Step:    27300, Batch Loss:     1.729566, Batch Acc: 0.525391, Tokens per Sec:     3331, Lr: 0.000300
2026-05-11 20:56:35,289 - INFO - joeynmt.training - Epoch   7, Step:    27400, Batch Loss:     1.904588, Batch Acc: 0.525358, Tokens per Sec:     3300, Lr: 0.000300
2026-05-11 20:57:02,846 - INFO - joeynmt.training - Epoch   7, Step:    27500, Batch Loss:     1.916633, Batch Acc: 0.520203, Tokens per Sec:     3370, Lr: 0.000300
2026-05-11 20:57:02,847 - INFO - joeynmt.prediction - Predicting 500 example(s)... (Greedy decoding with min_output_length=1, max_output_length=-1, return_prob='none', generate_unk=True, repetition_penalty=-1, no_repeat_ngram_size=-1)
2026-05-11 20:57:46,694 - INFO - joeynmt.prediction - Evaluation result (greedy) loss:   2.11, ppl:   8.27, acc:   0.45, generation: 43.8397[sec], evaluation: 0.0000[sec]
2026-05-11 20:57:46,696 - INFO - joeynmt.training - Hooray! New best validation result [ppl]!
2026-05-11 20:57:46,865 - INFO - joeynmt.helpers - delete models/deen_transformer_pre/24500.ckpt
2026-05-11 20:57:46,869 - INFO - joeynmt.training - Example #0
2026-05-11 20:57:46,870 - DEBUG - joeynmt.training - 	Tokenized source:     ['die', 'Pre@@', 'mi@@', 'er@@', 'minist@@', 'er', 'Indi@@', 'ens', 'und', 'J@@', 'ap@@', 'ans', 'tra@@', 'fen', 'sich', 'in', 'T@@', 'ok@@', 'i@@', 'o', '.']
2026-05-11 20:57:46,870 - DEBUG - joeynmt.training - 	Tokenized reference:  ['Indi@@', 'a', 'and', 'J@@', 'ap@@', 'an', 'pri@@', 'me', 'minist@@', 'ers', 'me@@', 'et', 'in', 'T@@', 'ok@@', 'y@@', 'o']
2026-05-11 20:57:46,870 - DEBUG - joeynmt.training - 	Tokenized hypothesis: ['the', 'Pre@@', 'mi@@', 'er', 'Indi@@', 'a', 'and', 'J@@', 'ap@@', 'an', '&apos;s', 'pri@@', 'me', 'minist@@', 'er', 'in', 'T@@', 'ok@@', 'i@@', 'o', '.', '</s>']
2026-05-11 20:57:46,870 - INFO - joeynmt.training - 	Source:     die Premierminister Indiens und Japans trafen sich in Tokio .
2026-05-11 20:57:46,870 - INFO - joeynmt.training - 	Reference:  India and Japan prime ministers meet in Tokyo
2026-05-11 20:57:46,870 - INFO - joeynmt.training - 	Hypothesis: the Premier India and Japan &apos;s prime minister in Tokio .
2026-05-11 20:57:46,870 - INFO - joeynmt.training - Example #1
2026-05-11 20:57:46,870 - DEBUG - joeynmt.training - 	Tokenized source:     ['Indi@@', 'ens', 'neu@@', 'er', 'Pre@@', 'mi@@', 'er@@', 'minist@@', 'er', 'N@@', 'ar@@', 'end@@', 'ra', 'Mo@@', 'd@@', 'i', 'tri@@', 'fft', 'bei', 's@@', 'einem', 'ersten', 'wichti@@', 'gen', 'Aus@@', 'land@@', 's@@', 'bes@@', 'u@@', 'ch', 'seit', 's@@', 'einem', 'W@@', 'ah@@', 'l@@', 'si@@', 'e@@', 'g', 'im', 'Ma@@', 'i', 'seinen', 'j@@', 'ap@@', 'an@@', 'ischen', 'Am@@', 'ts@@', 'k@@', 'olle@@', 'gen', 'S@@', 'hin@@', 'z@@', 'o', 'A@@', 'be', 'in', 'T@@', 'ok@@', 'o', ',', 'um', 'wirtschaf@@', 'tliche', 'und', 'sicher@@', 'heits@@', 'politische', 'Be@@', 'zieh@@', 'ungen', 'zu', 'bes@@', 'pre@@', 'chen', '.']
2026-05-11 20:57:46,870 - DEBUG - joeynmt.training - 	Tokenized reference:  ['Indi@@', 'a', '&apos;s', 'new', 'pri@@', 'me', 'minist@@', 'er', ',', 'N@@', 'ar@@', 'end@@', 'ra', 'Mo@@', 'd@@', 'i', ',', 'is', 'me@@', 'eting', 'his', 'J@@', 'ap@@', 'an@@', 'ese', 'coun@@', 'ter@@', 'part', ',', 'S@@', 'hin@@', 'z@@', 'o', 'A@@', 'be', ',', 'in', 'T@@', 'ok@@', 'y@@', 'o', 'to', 'disc@@', 'uss', 'economic', 'and', 'security', 'ties', ',', 'on', 'his', 'first', 'major', 'fore@@', 'ign', 'visi@@', 't', 'since', 'w@@', 'inn@@', 'ing', 'Ma@@', 'y', '&apos;s', 'elec@@', 'tion', '.']
2026-05-11 20:57:46,870 - DEBUG - joeynmt.training - 	Tokenized hypothesis: ['Indi@@', 'a', '&apos;s', 'new', 'Pri@@', 'me', 'Minist@@', 'er', 'N@@', 'ar@@', 'end@@', 'ra', 'Mo@@', 'd@@', 'i', ',', 'in', 'his', 'first', 'first', 'important', 'ex@@', 'tern@@', 'al', 'ex@@', 'ec@@', 'ution', 'for', 'his', 'first', 'elec@@', 'tion', ',', 'in', 'the', 'J@@', 'ap@@', 'an@@', 'ese', 'off@@', 'i@@', 'cial', 'colle@@', 'ag@@', 'u@@', 'es', 'S@@', 'hin@@', 'z@@', 'o', 'A@@', 'be', 'in', 'T@@', 'ok@@', 'o', ',', 'in', 'order', 'to', 're@@', 'duce', 'economic', 'and', 'saf@@', 'ety', 'policy', 'rel@@', 'ations', '.', '</s>']
2026-05-11 20:57:46,870 - INFO - joeynmt.training - 	Source:     Indiens neuer Premierminister Narendra Modi trifft bei seinem ersten wichtigen Auslandsbesuch seit seinem Wahlsieg im Mai seinen japanischen Amtskollegen Shinzo Abe in Toko , um wirtschaftliche und sicherheitspolitische Beziehungen zu besprechen .
2026-05-11 20:57:46,870 - INFO - joeynmt.training - 	Reference:  India &apos;s new prime minister , Narendra Modi , is meeting his Japanese counterpart , Shinzo Abe , in Tokyo to discuss economic and security ties , on his first major foreign visit since winning May &apos;s election .
2026-05-11 20:57:46,870 - INFO - joeynmt.training - 	Hypothesis: India &apos;s new Prime Minister Narendra Modi , in his first first important external execution for his first election , in the Japanese official colleagues Shinzo Abe in Toko , in order to reduce economic and safety policy relations .
2026-05-11 20:57:46,871 - INFO - joeynmt.training - Example #2
2026-05-11 20:57:46,871 - DEBUG - joeynmt.training - 	Tokenized source:     ['Herr', 'Mo@@', 'd@@', 'i', 'befindet', 'sich', 'auf', 'einer', 'fü@@', 'n@@', 'f@@', 'tä@@', 'gi@@', 'gen', 'Rei@@', 'se', 'nach', 'J@@', 'ap@@', 'an', ',', 'um', 'die', 'wirtschaf@@', 'tlichen', 'Be@@', 'zieh@@', 'ungen', 'mit', 'der', 'd@@', 'rit@@', 't@@', 'größ@@', 'ten', 'Wirtschafts@@', 'n@@', 'ation', 'der', 'Welt', 'zu', 'fes@@', 'tigen', '.']
2026-05-11 20:57:46,871 - DEBUG - joeynmt.training - 	Tokenized reference:  ['Mr', 'Mo@@', 'd@@', 'i', 'is', 'on', 'a', 'fi@@', 've', '@@@', '-@@', '@', 'day', 'tri@@', 'p', 'to', 'J@@', 'ap@@', 'an', 'to', 'streng@@', 'then', 'economic', 'ties', 'with', 'the', 'third', 'lar@@', 'ges@@', 't', 'econom@@', 'y', 'in', 'the', 'world', '.']
2026-05-11 20:57:46,871 - DEBUG - joeynmt.training - 	Tokenized hypothesis: ['Mr', 'Mo@@', 'd@@', 'i', 'is', 'based', 'on', 'a', 'fi@@', 'f@@', 'ty', 'of', 'a', 'fi@@', 'f@@', 'ty', 'tra@@', 'v@@', 'ell@@', 'ing', 'to', 'J@@', 'ap@@', 'an', ',', 'to', 're@@', 'ach', 'the', 'economic', 'rel@@', 'ations', 'with', 'the', 'third', 'lar@@', 'ges@@', 't', 'economic', 'rel@@', 'ations', 'with', 'the', 'third', 'lar@@', 'ges@@', 't', 'economic', 'rel@@', 'ations', 'with', 'the', 'third', 'lar@@', 'ges@@', 't', 'economic', 'rel@@', 'ations', 'with', 'the', 'third', 'lar@@', 'ges@@', 't', 'economic', 'rel@@', 'ations', 'with', 'the', 'third', 'lar@@', 'ges@@', 't', 'economic', 'rel@@', 'ations', 'with', 'the', 'third', 'lar@@', 'ges@@', 't', 'economic', 'rel@@', 'ations', 'with', 'the', 'third', 'of', 'the', 'world', '.', '</s>']
2026-05-11 20:57:46,871 - INFO - joeynmt.training - 	Source:     Herr Modi befindet sich auf einer fünftägigen Reise nach Japan , um die wirtschaftlichen Beziehungen mit der drittgrößten Wirtschaftsnation der Welt zu festigen .
2026-05-11 20:57:46,871 - INFO - joeynmt.training - 	Reference:  Mr Modi is on a five @-@ day trip to Japan to strengthen economic ties with the third largest economy in the world .
2026-05-11 20:57:46,871 - INFO - joeynmt.training - 	Hypothesis: Mr Modi is based on a fifty of a fifty travelling to Japan , to reach the economic relations with the third largest economic relations with the third largest economic relations with the third largest economic relations with the third largest economic relations with the third largest economic relations with the third largest economic relations with the third of the world .
2026-05-11 20:57:46,871 - INFO - joeynmt.training - Example #3
2026-05-11 20:57:46,871 - DEBUG - joeynmt.training - 	Tokenized source:     ['P@@', 'län@@', 'e', 'für', 'eine', 'stärk@@', 'ere', 'k@@', 'ern@@', 'techn@@', 'ische', 'Zusammenarbeit', 'stehen', 'ganz', 'ob@@', 'en', 'auf', 'der', 'Tag@@', 'es@@', 'ordnung', '.']
2026-05-11 20:57:46,871 - DEBUG - joeynmt.training - 	Tokenized reference:  ['high', 'on', 'the', 'agen@@', 'da', 'are', 'pl@@', 'ans', 'for', 'gre@@', 'ater', 'nu@@', 'clear', 'c@@', 'o', '@@@', '-@@', '@', 'operation', '.']
2026-05-11 20:57:46,871 - DEBUG - joeynmt.training - 	Tokenized hypothesis: ['pl@@', 'ans', 'for', 'more', 'k@@', 'er@@', 'ne@@', 'l', 'cooperation', 'are', 'very', 'important', 'on', 'the', 'agen@@', 'da', '.', '</s>']
2026-05-11 20:57:46,871 - INFO - joeynmt.training - 	Source:     Pläne für eine stärkere kerntechnische Zusammenarbeit stehen ganz oben auf der Tagesordnung .
2026-05-11 20:57:46,871 - INFO - joeynmt.training - 	Reference:  high on the agenda are plans for greater nuclear co @-@ operation .
2026-05-11 20:57:46,871 - INFO - joeynmt.training - 	Hypothesis: plans for more kernel cooperation are very important on the agenda .
2026-05-11 20:57:46,871 - INFO - joeynmt.training - Example #4
2026-05-11 20:57:46,871 - DEBUG - joeynmt.training - 	Tokenized source:     ['Berich@@', 'ten', 'zu@@', 'fol@@', 'ge', 'ho@@', 'fft', 'Indi@@', 'en', 'darüber', 'hinaus', 'auf', 'einen', 'Ver@@', 'trag', 'zur', 'Ver@@', 'tei@@', 'dig@@', 'ungs@@', 'zusammen@@', 'arbeit', 'zwischen', 'den', 'beiden', 'N@@', 'ationen', '.']
2026-05-11 20:57:46,871 - DEBUG - joeynmt.training - 	Tokenized reference:  ['Indi@@', 'a', 'is', 'also', 're@@', 'porte@@', 'dly', 'hop@@', 'ing', 'for', 'a', 'de@@', 'al', 'on', 'def@@', 'ence', 'c@@', 'oll@@', 'ab@@', 'or@@', 'ation', 'between', 'the', 'two', 'n@@', 'ations', '.']
2026-05-11 20:57:46,871 - DEBUG - joeynmt.training - 	Tokenized hypothesis: ['the', 'following', 'sign@@', 'ific@@', 'ant', ',', 'Indi@@', 'a', 'is', 'also', 'a', 'con@@', 'tra@@', 'ct', 'on', 'the', 'con@@', 'tr@@', 'ary', 'cooperation', 'between', 'the', 'two', 'n@@', 'ations', '.', '</s>']
2026-05-11 20:57:46,872 - INFO - joeynmt.training - 	Source:     Berichten zufolge hofft Indien darüber hinaus auf einen Vertrag zur Verteidigungszusammenarbeit zwischen den beiden Nationen .
2026-05-11 20:57:46,872 - INFO - joeynmt.training - 	Reference:  India is also reportedly hoping for a deal on defence collaboration between the two nations .
2026-05-11 20:57:46,872 - INFO - joeynmt.training - 	Hypothesis: the following significant , India is also a contract on the contrary cooperation between the two nations .
2026-05-11 20:58:14,896 - INFO - joeynmt.training - Epoch   7, Step:    27600, Batch Loss:     1.754115, Batch Acc: 0.529355, Tokens per Sec:     3257, Lr: 0.000300
2026-05-11 20:58:42,262 - INFO - joeynmt.training - Epoch   7, Step:    27700, Batch Loss:     1.740265, Batch Acc: 0.530888, Tokens per Sec:     3345, Lr: 0.000300
2026-05-11 20:59:10,026 - INFO - joeynmt.training - Epoch   7, Step:    27800, Batch Loss:     2.078661, Batch Acc: 0.519506, Tokens per Sec:     3324, Lr: 0.000300
2026-05-11 20:59:37,169 - INFO - joeynmt.training - Epoch   7, Step:    27900, Batch Loss:     1.780444, Batch Acc: 0.528154, Tokens per Sec:     3393, Lr: 0.000300
2026-05-11 21:00:04,740 - INFO - joeynmt.training - Epoch   7, Step:    28000, Batch Loss:     1.780957, Batch Acc: 0.523482, Tokens per Sec:     3312, Lr: 0.000300
2026-05-11 21:00:04,741 - INFO - joeynmt.prediction - Predicting 500 example(s)... (Greedy decoding with min_output_length=1, max_output_length=-1, return_prob='none', generate_unk=True, repetition_penalty=-1, no_repeat_ngram_size=-1)
2026-05-11 21:00:51,277 - INFO - joeynmt.prediction - Evaluation result (greedy) loss:   2.11, ppl:   8.23, acc:   0.46, generation: 46.5277[sec], evaluation: 0.0000[sec]
2026-05-11 21:00:51,280 - INFO - joeynmt.training - Hooray! New best validation result [ppl]!
2026-05-11 21:00:51,447 - INFO - joeynmt.helpers - delete models/deen_transformer_pre/25000.ckpt
2026-05-11 21:00:51,453 - INFO - joeynmt.training - Example #0
2026-05-11 21:00:51,453 - DEBUG - joeynmt.training - 	Tokenized source:     ['die', 'Pre@@', 'mi@@', 'er@@', 'minist@@', 'er', 'Indi@@', 'ens', 'und', 'J@@', 'ap@@', 'ans', 'tra@@', 'fen', 'sich', 'in', 'T@@', 'ok@@', 'i@@', 'o', '.']
2026-05-11 21:00:51,453 - DEBUG - joeynmt.training - 	Tokenized reference:  ['Indi@@', 'a', 'and', 'J@@', 'ap@@', 'an', 'pri@@', 'me', 'minist@@', 'ers', 'me@@', 'et', 'in', 'T@@', 'ok@@', 'y@@', 'o']
2026-05-11 21:00:51,453 - DEBUG - joeynmt.training - 	Tokenized hypothesis: ['the', 'Pri@@', 'me', 'Minist@@', 'er', 'Indi@@', 'a', 'and', 'J@@', 'ap@@', 'ans', 'are', 'tra@@', 'v@@', 'ell@@', 'ing', 'in', 'T@@', 'ok@@', 'i@@', 'o', '.', '</s>']
2026-05-11 21:00:51,453 - INFO - joeynmt.training - 	Source:     die Premierminister Indiens und Japans trafen sich in Tokio .
2026-05-11 21:00:51,453 - INFO - joeynmt.training - 	Reference:  India and Japan prime ministers meet in Tokyo
2026-05-11 21:00:51,453 - INFO - joeynmt.training - 	Hypothesis: the Prime Minister India and Japans are travelling in Tokio .
2026-05-11 21:00:51,453 - INFO - joeynmt.training - Example #1
2026-05-11 21:00:51,454 - DEBUG - joeynmt.training - 	Tokenized source:     ['Indi@@', 'ens', 'neu@@', 'er', 'Pre@@', 'mi@@', 'er@@', 'minist@@', 'er', 'N@@', 'ar@@', 'end@@', 'ra', 'Mo@@', 'd@@', 'i', 'tri@@', 'fft', 'bei', 's@@', 'einem', 'ersten', 'wichti@@', 'gen', 'Aus@@', 'land@@', 's@@', 'bes@@', 'u@@', 'ch', 'seit', 's@@', 'einem', 'W@@', 'ah@@', 'l@@', 'si@@', 'e@@', 'g', 'im', 'Ma@@', 'i', 'seinen', 'j@@', 'ap@@', 'an@@', 'ischen', 'Am@@', 'ts@@', 'k@@', 'olle@@', 'gen', 'S@@', 'hin@@', 'z@@', 'o', 'A@@', 'be', 'in', 'T@@', 'ok@@', 'o', ',', 'um', 'wirtschaf@@', 'tliche', 'und', 'sicher@@', 'heits@@', 'politische', 'Be@@', 'zieh@@', 'ungen', 'zu', 'bes@@', 'pre@@', 'chen', '.']
2026-05-11 21:00:51,454 - DEBUG - joeynmt.training - 	Tokenized reference:  ['Indi@@', 'a', '&apos;s', 'new', 'pri@@', 'me', 'minist@@', 'er', ',', 'N@@', 'ar@@', 'end@@', 'ra', 'Mo@@', 'd@@', 'i', ',', 'is', 'me@@', 'eting', 'his', 'J@@', 'ap@@', 'an@@', 'ese', 'coun@@', 'ter@@', 'part', ',', 'S@@', 'hin@@', 'z@@', 'o', 'A@@', 'be', ',', 'in', 'T@@', 'ok@@', 'y@@', 'o', 'to', 'disc@@', 'uss', 'economic', 'and', 'security', 'ties', ',', 'on', 'his', 'first', 'major', 'fore@@', 'ign', 'visi@@', 't', 'since', 'w@@', 'inn@@', 'ing', 'Ma@@', 'y', '&apos;s', 'elec@@', 'tion', '.']
2026-05-11 21:00:51,454 - DEBUG - joeynmt.training - 	Tokenized hypothesis: ['Indi@@', 'a', '&apos;s', 'lat@@', 'er', 'Pri@@', 'me', 'Minist@@', 'er', 'N@@', 'ar@@', 'end@@', 'ra', 'Mo@@', 'd@@', 'i', ',', 'in', 'his', 'first', 'important', 'ex@@', 'tern@@', 'al', 'ex@@', 'tern@@', 'al', 'ho@@', 'sp@@', 'it@@', 'ality', ',', 'since', 'his', 'elec@@', 'tion', 'of', 'his', 'J@@', 'ap@@', 'an@@', 'ese', 'A@@', 'be', 'in', 'T@@', 'ok@@', 'o', ',', 'to', 'economic', 'and', 'security', 'political', 'rel@@', 'ations', '.', '</s>']
2026-05-11 21:00:51,454 - INFO - joeynmt.training - 	Source:     Indiens neuer Premierminister Narendra Modi trifft bei seinem ersten wichtigen Auslandsbesuch seit seinem Wahlsieg im Mai seinen japanischen Amtskollegen Shinzo Abe in Toko , um wirtschaftliche und sicherheitspolitische Beziehungen zu besprechen .
2026-05-11 21:00:51,454 - INFO - joeynmt.training - 	Reference:  India &apos;s new prime minister , Narendra Modi , is meeting his Japanese counterpart , Shinzo Abe , in Tokyo to discuss economic and security ties , on his first major foreign visit since winning May &apos;s election .
2026-05-11 21:00:51,454 - INFO - joeynmt.training - 	Hypothesis: India &apos;s later Prime Minister Narendra Modi , in his first important external external hospitality , since his election of his Japanese Abe in Toko , to economic and security political relations .
2026-05-11 21:00:51,454 - INFO - joeynmt.training - Example #2
2026-05-11 21:00:51,454 - DEBUG - joeynmt.training - 	Tokenized source:     ['Herr', 'Mo@@', 'd@@', 'i', 'befindet', 'sich', 'auf', 'einer', 'fü@@', 'n@@', 'f@@', 'tä@@', 'gi@@', 'gen', 'Rei@@', 'se', 'nach', 'J@@', 'ap@@', 'an', ',', 'um', 'die', 'wirtschaf@@', 'tlichen', 'Be@@', 'zieh@@', 'ungen', 'mit', 'der', 'd@@', 'rit@@', 't@@', 'größ@@', 'ten', 'Wirtschafts@@', 'n@@', 'ation', 'der', 'Welt', 'zu', 'fes@@', 'tigen', '.']
2026-05-11 21:00:51,454 - DEBUG - joeynmt.training - 	Tokenized reference:  ['Mr', 'Mo@@', 'd@@', 'i', 'is', 'on', 'a', 'fi@@', 've', '@@@', '-@@', '@', 'day', 'tri@@', 'p', 'to', 'J@@', 'ap@@', 'an', 'to', 'streng@@', 'then', 'economic', 'ties', 'with', 'the', 'third', 'lar@@', 'ges@@', 't', 'econom@@', 'y', 'in', 'the', 'world', '.']
2026-05-11 21:00:51,454 - DEBUG - joeynmt.training - 	Tokenized hypothesis: ['Mr', 'Mo@@', 'd@@', 'i', 'is', 'on', 'a', 'fi@@', 'f@@', 'ty', 'of', 'a', 'fi@@', 'f@@', 'ty', 'tra@@', 'v@@', 'el', 'to', 'J@@', 'ap@@', 'an', ',', 'to', 'the', 'economic', 'rel@@', 'ation@@', 'ship', 'with', 'the', 'third', 'lar@@', 'ges@@', 't', 'economic', 'rel@@', 'ation@@', 'ship', '.', '</s>']
2026-05-11 21:00:51,454 - INFO - joeynmt.training - 	Source:     Herr Modi befindet sich auf einer fünftägigen Reise nach Japan , um die wirtschaftlichen Beziehungen mit der drittgrößten Wirtschaftsnation der Welt zu festigen .
2026-05-11 21:00:51,454 - INFO - joeynmt.training - 	Reference:  Mr Modi is on a five @-@ day trip to Japan to strengthen economic ties with the third largest economy in the world .
2026-05-11 21:00:51,454 - INFO - joeynmt.training - 	Hypothesis: Mr Modi is on a fifty of a fifty travel to Japan , to the economic relationship with the third largest economic relationship .
2026-05-11 21:00:51,454 - INFO - joeynmt.training - Example #3
2026-05-11 21:00:51,454 - DEBUG - joeynmt.training - 	Tokenized source:     ['P@@', 'län@@', 'e', 'für', 'eine', 'stärk@@', 'ere', 'k@@', 'ern@@', 'techn@@', 'ische', 'Zusammenarbeit', 'stehen', 'ganz', 'ob@@', 'en', 'auf', 'der', 'Tag@@', 'es@@', 'ordnung', '.']
2026-05-11 21:00:51,454 - DEBUG - joeynmt.training - 	Tokenized reference:  ['high', 'on', 'the', 'agen@@', 'da', 'are', 'pl@@', 'ans', 'for', 'gre@@', 'ater', 'nu@@', 'clear', 'c@@', 'o', '@@@', '-@@', '@', 'operation', '.']
2026-05-11 21:00:51,455 - DEBUG - joeynmt.training - 	Tokenized hypothesis: ['P@@', 'lan@@', 'e', 'for', 'more', 'more', 'nu@@', 'clear', 'techn@@', 'ical', 'cooperation', 'are', 'very', 'ob@@', 'vi@@', 'ous', 'on', 'the', 'agen@@', 'da', '.', '</s>']
2026-05-11 21:00:51,455 - INFO - joeynmt.training - 	Source:     Pläne für eine stärkere kerntechnische Zusammenarbeit stehen ganz oben auf der Tagesordnung .
2026-05-11 21:00:51,455 - INFO - joeynmt.training - 	Reference:  high on the agenda are plans for greater nuclear co @-@ operation .
2026-05-11 21:00:51,455 - INFO - joeynmt.training - 	Hypothesis: Plane for more more nuclear technical cooperation are very obvious on the agenda .
2026-05-11 21:00:51,455 - INFO - joeynmt.training - Example #4
2026-05-11 21:00:51,455 - DEBUG - joeynmt.training - 	Tokenized source:     ['Berich@@', 'ten', 'zu@@', 'fol@@', 'ge', 'ho@@', 'fft', 'Indi@@', 'en', 'darüber', 'hinaus', 'auf', 'einen', 'Ver@@', 'trag', 'zur', 'Ver@@', 'tei@@', 'dig@@', 'ungs@@', 'zusammen@@', 'arbeit', 'zwischen', 'den', 'beiden', 'N@@', 'ationen', '.']
2026-05-11 21:00:51,455 - DEBUG - joeynmt.training - 	Tokenized reference:  ['Indi@@', 'a', 'is', 'also', 're@@', 'porte@@', 'dly', 'hop@@', 'ing', 'for', 'a', 'de@@', 'al', 'on', 'def@@', 'ence', 'c@@', 'oll@@', 'ab@@', 'or@@', 'ation', 'between', 'the', 'two', 'n@@', 'ations', '.']
2026-05-11 21:00:51,455 - DEBUG - joeynmt.training - 	Tokenized hypothesis: ['the', 're@@', 'ports', ',', 'Indi@@', 'a', 'is', 'also', 'a@@', 'ware', 'of', 'the', 'con@@', 'tra@@', 'ct', 'on', 'the', 'con@@', 'tra@@', 'ct', 'cooperation', 'between', 'the', 'two', 'n@@', 'ations', '.', '</s>']
2026-05-11 21:00:51,455 - INFO - joeynmt.training - 	Source:     Berichten zufolge hofft Indien darüber hinaus auf einen Vertrag zur Verteidigungszusammenarbeit zwischen den beiden Nationen .
2026-05-11 21:00:51,455 - INFO - joeynmt.training - 	Reference:  India is also reportedly hoping for a deal on defence collaboration between the two nations .
2026-05-11 21:00:51,455 - INFO - joeynmt.training - 	Hypothesis: the reports , India is also aware of the contract on the contract cooperation between the two nations .
2026-05-11 21:01:18,928 - INFO - joeynmt.training - Epoch   7, Step:    28100, Batch Loss:     1.698798, Batch Acc: 0.523096, Tokens per Sec:     3325, Lr: 0.000300
2026-05-11 21:01:46,413 - INFO - joeynmt.training - Epoch   7, Step:    28200, Batch Loss:     1.801278, Batch Acc: 0.529127, Tokens per Sec:     3368, Lr: 0.000300
2026-05-11 21:02:13,702 - INFO - joeynmt.training - Epoch   7, Step:    28300, Batch Loss:     1.747309, Batch Acc: 0.528255, Tokens per Sec:     3375, Lr: 0.000300
2026-05-11 21:02:40,893 - INFO - joeynmt.training - Epoch   7, Step:    28400, Batch Loss:     1.752215, Batch Acc: 0.521291, Tokens per Sec:     3414, Lr: 0.000300
2026-05-11 21:02:56,671 - INFO - joeynmt.training - Epoch   7: total training loss 7050.93
2026-05-11 21:02:56,671 - INFO - joeynmt.training - EPOCH 8
2026-05-11 21:03:08,360 - INFO - joeynmt.training - Epoch   8, Step:    28500, Batch Loss:     1.800786, Batch Acc: 0.540031, Tokens per Sec:     3195, Lr: 0.000300
2026-05-11 21:03:08,361 - INFO - joeynmt.prediction - Predicting 500 example(s)... (Greedy decoding with min_output_length=1, max_output_length=-1, return_prob='none', generate_unk=True, repetition_penalty=-1, no_repeat_ngram_size=-1)
2026-05-11 21:03:53,679 - INFO - joeynmt.prediction - Evaluation result (greedy) loss:   2.10, ppl:   8.19, acc:   0.46, generation: 45.3107[sec], evaluation: 0.0000[sec]
2026-05-11 21:03:53,682 - INFO - joeynmt.training - Hooray! New best validation result [ppl]!
2026-05-11 21:03:53,858 - INFO - joeynmt.helpers - delete models/deen_transformer_pre/26000.ckpt
2026-05-11 21:03:53,864 - INFO - joeynmt.training - Example #0
2026-05-11 21:03:53,864 - DEBUG - joeynmt.training - 	Tokenized source:     ['die', 'Pre@@', 'mi@@', 'er@@', 'minist@@', 'er', 'Indi@@', 'ens', 'und', 'J@@', 'ap@@', 'ans', 'tra@@', 'fen', 'sich', 'in', 'T@@', 'ok@@', 'i@@', 'o', '.']
2026-05-11 21:03:53,864 - DEBUG - joeynmt.training - 	Tokenized reference:  ['Indi@@', 'a', 'and', 'J@@', 'ap@@', 'an', 'pri@@', 'me', 'minist@@', 'ers', 'me@@', 'et', 'in', 'T@@', 'ok@@', 'y@@', 'o']
2026-05-11 21:03:53,864 - DEBUG - joeynmt.training - 	Tokenized hypothesis: ['the', 'Pri@@', 'me', 'Minist@@', 'er', 'Indi@@', 'a', 'and', 'J@@', 'ap@@', 'an', '&apos;s', 'pri@@', 'me', 'minist@@', 'er', 'in', 'T@@', 'ok@@', 'i@@', 'o', '.', '</s>']
2026-05-11 21:03:53,865 - INFO - joeynmt.training - 	Source:     die Premierminister Indiens und Japans trafen sich in Tokio .
2026-05-11 21:03:53,865 - INFO - joeynmt.training - 	Reference:  India and Japan prime ministers meet in Tokyo
2026-05-11 21:03:53,865 - INFO - joeynmt.training - 	Hypothesis: the Prime Minister India and Japan &apos;s prime minister in Tokio .
2026-05-11 21:03:53,865 - INFO - joeynmt.training - Example #1
2026-05-11 21:03:53,865 - DEBUG - joeynmt.training - 	Tokenized source:     ['Indi@@', 'ens', 'neu@@', 'er', 'Pre@@', 'mi@@', 'er@@', 'minist@@', 'er', 'N@@', 'ar@@', 'end@@', 'ra', 'Mo@@', 'd@@', 'i', 'tri@@', 'fft', 'bei', 's@@', 'einem', 'ersten', 'wichti@@', 'gen', 'Aus@@', 'land@@', 's@@', 'bes@@', 'u@@', 'ch', 'seit', 's@@', 'einem', 'W@@', 'ah@@', 'l@@', 'si@@', 'e@@', 'g', 'im', 'Ma@@', 'i', 'seinen', 'j@@', 'ap@@', 'an@@', 'ischen', 'Am@@', 'ts@@', 'k@@', 'olle@@', 'gen', 'S@@', 'hin@@', 'z@@', 'o', 'A@@', 'be', 'in', 'T@@', 'ok@@', 'o', ',', 'um', 'wirtschaf@@', 'tliche', 'und', 'sicher@@', 'heits@@', 'politische', 'Be@@', 'zieh@@', 'ungen', 'zu', 'bes@@', 'pre@@', 'chen', '.']
2026-05-11 21:03:53,865 - DEBUG - joeynmt.training - 	Tokenized reference:  ['Indi@@', 'a', '&apos;s', 'new', 'pri@@', 'me', 'minist@@', 'er', ',', 'N@@', 'ar@@', 'end@@', 'ra', 'Mo@@', 'd@@', 'i', ',', 'is', 'me@@', 'eting', 'his', 'J@@', 'ap@@', 'an@@', 'ese', 'coun@@', 'ter@@', 'part', ',', 'S@@', 'hin@@', 'z@@', 'o', 'A@@', 'be', ',', 'in', 'T@@', 'ok@@', 'y@@', 'o', 'to', 'disc@@', 'uss', 'economic', 'and', 'security', 'ties', ',', 'on', 'his', 'first', 'major', 'fore@@', 'ign', 'visi@@', 't', 'since', 'w@@', 'inn@@', 'ing', 'Ma@@', 'y', '&apos;s', 'elec@@', 'tion', '.']
2026-05-11 21:03:53,865 - DEBUG - joeynmt.training - 	Tokenized hypothesis: ['Indi@@', 'a', '&apos;s', 'lat@@', 'est', 'Pri@@', 'me', 'Minist@@', 'er', 'N@@', 'ar@@', 'end@@', 'ra', 'Mo@@', 'd@@', 'i', ',', 'in', 'his', 'first', 'important', 'ex@@', 'land@@', 's@@', '-@@', 'visi@@', 't', ',', 'the', 'first', 'important', 'ex@@', 'change', 'of', 'the', 'J@@', 'ap@@', 'an@@', 'ese', 'off@@', 'ice', 'colle@@', 'ag@@', 'u@@', 'es', 'S@@', 'hin@@', 'z@@', 'o', 'A@@', 'be', 'in', 'T@@', 'ok@@', 'o', ',', 'to', 'economic', 'and', 'saf@@', 'ety', 'political', 'rel@@', 'ations', '.', '</s>']
2026-05-11 21:03:53,865 - INFO - joeynmt.training - 	Source:     Indiens neuer Premierminister Narendra Modi trifft bei seinem ersten wichtigen Auslandsbesuch seit seinem Wahlsieg im Mai seinen japanischen Amtskollegen Shinzo Abe in Toko , um wirtschaftliche und sicherheitspolitische Beziehungen zu besprechen .
2026-05-11 21:03:53,865 - INFO - joeynmt.training - 	Reference:  India &apos;s new prime minister , Narendra Modi , is meeting his Japanese counterpart , Shinzo Abe , in Tokyo to discuss economic and security ties , on his first major foreign visit since winning May &apos;s election .
2026-05-11 21:03:53,865 - INFO - joeynmt.training - 	Hypothesis: India &apos;s latest Prime Minister Narendra Modi , in his first important exlands-visit , the first important exchange of the Japanese office colleagues Shinzo Abe in Toko , to economic and safety political relations .
2026-05-11 21:03:53,865 - INFO - joeynmt.training - Example #2
2026-05-11 21:03:53,866 - DEBUG - joeynmt.training - 	Tokenized source:     ['Herr', 'Mo@@', 'd@@', 'i', 'befindet', 'sich', 'auf', 'einer', 'fü@@', 'n@@', 'f@@', 'tä@@', 'gi@@', 'gen', 'Rei@@', 'se', 'nach', 'J@@', 'ap@@', 'an', ',', 'um', 'die', 'wirtschaf@@', 'tlichen', 'Be@@', 'zieh@@', 'ungen', 'mit', 'der', 'd@@', 'rit@@', 't@@', 'größ@@', 'ten', 'Wirtschafts@@', 'n@@', 'ation', 'der', 'Welt', 'zu', 'fes@@', 'tigen', '.']
2026-05-11 21:03:53,866 - DEBUG - joeynmt.training - 	Tokenized reference:  ['Mr', 'Mo@@', 'd@@', 'i', 'is', 'on', 'a', 'fi@@', 've', '@@@', '-@@', '@', 'day', 'tri@@', 'p', 'to', 'J@@', 'ap@@', 'an', 'to', 'streng@@', 'then', 'economic', 'ties', 'with', 'the', 'third', 'lar@@', 'ges@@', 't', 'econom@@', 'y', 'in', 'the', 'world', '.']
2026-05-11 21:03:53,866 - DEBUG - joeynmt.training - 	Tokenized hypothesis: ['Mr', 'Mo@@', 'd@@', 'i', 'is', 'on', 'a', 'fi@@', 'f@@', 'ty', 'of', 'a', 'fi@@', 'f@@', 'ty', ',', 'to', 'J@@', 'ap@@', 'an', ',', 'to', 're@@', 'ach', 'the', 'economic', 'rel@@', 'ations', 'with', 'the', 'third', 'lar@@', 'ges@@', 't', 'economic', 'rel@@', 'ations', 'with', 'the', 'world', '.', '</s>']
2026-05-11 21:03:53,866 - INFO - joeynmt.training - 	Source:     Herr Modi befindet sich auf einer fünftägigen Reise nach Japan , um die wirtschaftlichen Beziehungen mit der drittgrößten Wirtschaftsnation der Welt zu festigen .
2026-05-11 21:03:53,866 - INFO - joeynmt.training - 	Reference:  Mr Modi is on a five @-@ day trip to Japan to strengthen economic ties with the third largest economy in the world .
2026-05-11 21:03:53,866 - INFO - joeynmt.training - 	Hypothesis: Mr Modi is on a fifty of a fifty , to Japan , to reach the economic relations with the third largest economic relations with the world .
2026-05-11 21:03:53,866 - INFO - joeynmt.training - Example #3
2026-05-11 21:03:53,866 - DEBUG - joeynmt.training - 	Tokenized source:     ['P@@', 'län@@', 'e', 'für', 'eine', 'stärk@@', 'ere', 'k@@', 'ern@@', 'techn@@', 'ische', 'Zusammenarbeit', 'stehen', 'ganz', 'ob@@', 'en', 'auf', 'der', 'Tag@@', 'es@@', 'ordnung', '.']
2026-05-11 21:03:53,866 - DEBUG - joeynmt.training - 	Tokenized reference:  ['high', 'on', 'the', 'agen@@', 'da', 'are', 'pl@@', 'ans', 'for', 'gre@@', 'ater', 'nu@@', 'clear', 'c@@', 'o', '@@@', '-@@', '@', 'operation', '.']
2026-05-11 21:03:53,866 - DEBUG - joeynmt.training - 	Tokenized hypothesis: ['P@@', 'ans', 'for', 'more', 'more', 'nu@@', 'clear', 'techn@@', 'ical', 'cooperation', 'are', 'very', 'very', 'ob@@', 'vi@@', 'ous', 'on', 'the', 'agen@@', 'da', '.', '</s>']
2026-05-11 21:03:53,866 - INFO - joeynmt.training - 	Source:     Pläne für eine stärkere kerntechnische Zusammenarbeit stehen ganz oben auf der Tagesordnung .
2026-05-11 21:03:53,866 - INFO - joeynmt.training - 	Reference:  high on the agenda are plans for greater nuclear co @-@ operation .
2026-05-11 21:03:53,866 - INFO - joeynmt.training - 	Hypothesis: Pans for more more nuclear technical cooperation are very very obvious on the agenda .
2026-05-11 21:03:53,866 - INFO - joeynmt.training - Example #4
2026-05-11 21:03:53,867 - DEBUG - joeynmt.training - 	Tokenized source:     ['Berich@@', 'ten', 'zu@@', 'fol@@', 'ge', 'ho@@', 'fft', 'Indi@@', 'en', 'darüber', 'hinaus', 'auf', 'einen', 'Ver@@', 'trag', 'zur', 'Ver@@', 'tei@@', 'dig@@', 'ungs@@', 'zusammen@@', 'arbeit', 'zwischen', 'den', 'beiden', 'N@@', 'ationen', '.']
2026-05-11 21:03:53,867 - DEBUG - joeynmt.training - 	Tokenized reference:  ['Indi@@', 'a', 'is', 'also', 're@@', 'porte@@', 'dly', 'hop@@', 'ing', 'for', 'a', 'de@@', 'al', 'on', 'def@@', 'ence', 'c@@', 'oll@@', 'ab@@', 'or@@', 'ation', 'between', 'the', 'two', 'n@@', 'ations', '.']
2026-05-11 21:03:53,867 - DEBUG - joeynmt.training - 	Tokenized hypothesis: ['the', 're@@', 'ports', ',', 'Indi@@', 'a', 'is', 'also', 'a', 'con@@', 'tra@@', 'ct', 'on', 'a', 'con@@', 'tra@@', 'ct', 'between', 'the', 'two', 'n@@', 'ations', '.', '</s>']
2026-05-11 21:03:53,867 - INFO - joeynmt.training - 	Source:     Berichten zufolge hofft Indien darüber hinaus auf einen Vertrag zur Verteidigungszusammenarbeit zwischen den beiden Nationen .
2026-05-11 21:03:53,867 - INFO - joeynmt.training - 	Reference:  India is also reportedly hoping for a deal on defence collaboration between the two nations .
2026-05-11 21:03:53,867 - INFO - joeynmt.training - 	Hypothesis: the reports , India is also a contract on a contract between the two nations .
2026-05-11 21:04:21,309 - INFO - joeynmt.training - Epoch   8, Step:    28600, Batch Loss:     1.832729, Batch Acc: 0.547371, Tokens per Sec:     3305, Lr: 0.000300
2026-05-11 21:04:48,933 - INFO - joeynmt.training - Epoch   8, Step:    28700, Batch Loss:     1.546298, Batch Acc: 0.536582, Tokens per Sec:     3339, Lr: 0.000300
2026-05-11 21:05:16,870 - INFO - joeynmt.training - Epoch   8, Step:    28800, Batch Loss:     1.415130, Batch Acc: 0.543050, Tokens per Sec:     3298, Lr: 0.000300
2026-05-11 21:05:44,662 - INFO - joeynmt.training - Epoch   8, Step:    28900, Batch Loss:     1.934328, Batch Acc: 0.539913, Tokens per Sec:     3381, Lr: 0.000300
2026-05-11 21:06:13,460 - INFO - joeynmt.training - Epoch   8, Step:    29000, Batch Loss:     1.664108, Batch Acc: 0.535406, Tokens per Sec:     3198, Lr: 0.000300
2026-05-11 21:06:13,461 - INFO - joeynmt.prediction - Predicting 500 example(s)... (Greedy decoding with min_output_length=1, max_output_length=-1, return_prob='none', generate_unk=True, repetition_penalty=-1, no_repeat_ngram_size=-1)
2026-05-11 21:07:06,145 - INFO - joeynmt.prediction - Evaluation result (greedy) loss:   2.11, ppl:   8.22, acc:   0.46, generation: 52.6747[sec], evaluation: 0.0000[sec]
2026-05-11 21:07:06,316 - INFO - joeynmt.helpers - delete models/deen_transformer_pre/26500.ckpt
2026-05-11 21:07:06,322 - INFO - joeynmt.training - Example #0
2026-05-11 21:07:06,322 - DEBUG - joeynmt.training - 	Tokenized source:     ['die', 'Pre@@', 'mi@@', 'er@@', 'minist@@', 'er', 'Indi@@', 'ens', 'und', 'J@@', 'ap@@', 'ans', 'tra@@', 'fen', 'sich', 'in', 'T@@', 'ok@@', 'i@@', 'o', '.']
2026-05-11 21:07:06,322 - DEBUG - joeynmt.training - 	Tokenized reference:  ['Indi@@', 'a', 'and', 'J@@', 'ap@@', 'an', 'pri@@', 'me', 'minist@@', 'ers', 'me@@', 'et', 'in', 'T@@', 'ok@@', 'y@@', 'o']
2026-05-11 21:07:06,322 - DEBUG - joeynmt.training - 	Tokenized hypothesis: ['the', 'Pri@@', 'me', 'Minist@@', 'er', 'Indi@@', 'a', 'and', 'J@@', 'ap@@', 'an', '&apos;s', 'pri@@', 'me', 'minist@@', 'er', 'in', 'T@@', 'ok@@', 'i@@', 'o', '.', '</s>']
2026-05-11 21:07:06,322 - INFO - joeynmt.training - 	Source:     die Premierminister Indiens und Japans trafen sich in Tokio .
2026-05-11 21:07:06,322 - INFO - joeynmt.training - 	Reference:  India and Japan prime ministers meet in Tokyo
2026-05-11 21:07:06,322 - INFO - joeynmt.training - 	Hypothesis: the Prime Minister India and Japan &apos;s prime minister in Tokio .
2026-05-11 21:07:06,322 - INFO - joeynmt.training - Example #1
2026-05-11 21:07:06,322 - DEBUG - joeynmt.training - 	Tokenized source:     ['Indi@@', 'ens', 'neu@@', 'er', 'Pre@@', 'mi@@', 'er@@', 'minist@@', 'er', 'N@@', 'ar@@', 'end@@', 'ra', 'Mo@@', 'd@@', 'i', 'tri@@', 'fft', 'bei', 's@@', 'einem', 'ersten', 'wichti@@', 'gen', 'Aus@@', 'land@@', 's@@', 'bes@@', 'u@@', 'ch', 'seit', 's@@', 'einem', 'W@@', 'ah@@', 'l@@', 'si@@', 'e@@', 'g', 'im', 'Ma@@', 'i', 'seinen', 'j@@', 'ap@@', 'an@@', 'ischen', 'Am@@', 'ts@@', 'k@@', 'olle@@', 'gen', 'S@@', 'hin@@', 'z@@', 'o', 'A@@', 'be', 'in', 'T@@', 'ok@@', 'o', ',', 'um', 'wirtschaf@@', 'tliche', 'und', 'sicher@@', 'heits@@', 'politische', 'Be@@', 'zieh@@', 'ungen', 'zu', 'bes@@', 'pre@@', 'chen', '.']
2026-05-11 21:07:06,322 - DEBUG - joeynmt.training - 	Tokenized reference:  ['Indi@@', 'a', '&apos;s', 'new', 'pri@@', 'me', 'minist@@', 'er', ',', 'N@@', 'ar@@', 'end@@', 'ra', 'Mo@@', 'd@@', 'i', ',', 'is', 'me@@', 'eting', 'his', 'J@@', 'ap@@', 'an@@', 'ese', 'coun@@', 'ter@@', 'part', ',', 'S@@', 'hin@@', 'z@@', 'o', 'A@@', 'be', ',', 'in', 'T@@', 'ok@@', 'y@@', 'o', 'to', 'disc@@', 'uss', 'economic', 'and', 'security', 'ties', ',', 'on', 'his', 'first', 'major', 'fore@@', 'ign', 'visi@@', 't', 'since', 'w@@', 'inn@@', 'ing', 'Ma@@', 'y', '&apos;s', 'elec@@', 'tion', '.']
2026-05-11 21:07:06,322 - DEBUG - joeynmt.training - 	Tokenized hypothesis: ['Indi@@', 'a', '&apos;s', 'lat@@', 'er', 'Pri@@', 'me', 'Minist@@', 'er', 'N@@', 'ar@@', 'end@@', 'ra', 'Mo@@', 'd@@', 'i', ',', 'in', 'his', 'first', 'important', 'ex@@', 'land@@', 's@@', 'ets', ',', 'in', 'his', 'first', 'important', 'ex@@', 'land@@', 's@@', 'ets', ',', 'in', 'Ma@@', 'y', 'his', 'J@@', 'ap@@', 'an@@', 'ese', 'Off@@', 'ice', 'of', 'his', 'J@@', 'ap@@', 'an@@', 'ese', 'Off@@', 'ice', 'of', 'the', 'S@@', 'hin@@', 'z@@', 'o', 'A@@', 'be', 'in', 'T@@', 'ok@@', 'o', ',', 'in', 'order', 'to', 'be', 'the', 'econom@@', 'y', '.', '</s>']
2026-05-11 21:07:06,322 - INFO - joeynmt.training - 	Source:     Indiens neuer Premierminister Narendra Modi trifft bei seinem ersten wichtigen Auslandsbesuch seit seinem Wahlsieg im Mai seinen japanischen Amtskollegen Shinzo Abe in Toko , um wirtschaftliche und sicherheitspolitische Beziehungen zu besprechen .
2026-05-11 21:07:06,323 - INFO - joeynmt.training - 	Reference:  India &apos;s new prime minister , Narendra Modi , is meeting his Japanese counterpart , Shinzo Abe , in Tokyo to discuss economic and security ties , on his first major foreign visit since winning May &apos;s election .
2026-05-11 21:07:06,323 - INFO - joeynmt.training - 	Hypothesis: India &apos;s later Prime Minister Narendra Modi , in his first important exlandsets , in his first important exlandsets , in May his Japanese Office of his Japanese Office of the Shinzo Abe in Toko , in order to be the economy .
2026-05-11 21:07:06,323 - INFO - joeynmt.training - Example #2
2026-05-11 21:07:06,323 - DEBUG - joeynmt.training - 	Tokenized source:     ['Herr', 'Mo@@', 'd@@', 'i', 'befindet', 'sich', 'auf', 'einer', 'fü@@', 'n@@', 'f@@', 'tä@@', 'gi@@', 'gen', 'Rei@@', 'se', 'nach', 'J@@', 'ap@@', 'an', ',', 'um', 'die', 'wirtschaf@@', 'tlichen', 'Be@@', 'zieh@@', 'ungen', 'mit', 'der', 'd@@', 'rit@@', 't@@', 'größ@@', 'ten', 'Wirtschafts@@', 'n@@', 'ation', 'der', 'Welt', 'zu', 'fes@@', 'tigen', '.']
2026-05-11 21:07:06,323 - DEBUG - joeynmt.training - 	Tokenized reference:  ['Mr', 'Mo@@', 'd@@', 'i', 'is', 'on', 'a', 'fi@@', 've', '@@@', '-@@', '@', 'day', 'tri@@', 'p', 'to', 'J@@', 'ap@@', 'an', 'to', 'streng@@', 'then', 'economic', 'ties', 'with', 'the', 'third', 'lar@@', 'ges@@', 't', 'econom@@', 'y', 'in', 'the', 'world', '.']
2026-05-11 21:07:06,323 - DEBUG - joeynmt.training - 	Tokenized hypothesis: ['Mr', 'Mo@@', 'd@@', 'i', 'is', 'on', 'a', 'fi@@', 'f@@', 'ty', 'of', 'f@@', 'ap@@', 'poin@@', 'ted', 'out', 'by', 'J@@', 'ap@@', 'an', ',', 'to', 'J@@', 'ap@@', 'an', ',', 'in', 'order', 'to', 'be', 'able', 'to', 'con@@', 'f@@', 'ron@@', 't', 'economic', 'rel@@', 'ations', '.', '</s>']
2026-05-11 21:07:06,323 - INFO - joeynmt.training - 	Source:     Herr Modi befindet sich auf einer fünftägigen Reise nach Japan , um die wirtschaftlichen Beziehungen mit der drittgrößten Wirtschaftsnation der Welt zu festigen .
2026-05-11 21:07:06,323 - INFO - joeynmt.training - 	Reference:  Mr Modi is on a five @-@ day trip to Japan to strengthen economic ties with the third largest economy in the world .
2026-05-11 21:07:06,323 - INFO - joeynmt.training - 	Hypothesis: Mr Modi is on a fifty of fappointed out by Japan , to Japan , in order to be able to confront economic relations .
2026-05-11 21:07:06,323 - INFO - joeynmt.training - Example #3
2026-05-11 21:07:06,323 - DEBUG - joeynmt.training - 	Tokenized source:     ['P@@', 'län@@', 'e', 'für', 'eine', 'stärk@@', 'ere', 'k@@', 'ern@@', 'techn@@', 'ische', 'Zusammenarbeit', 'stehen', 'ganz', 'ob@@', 'en', 'auf', 'der', 'Tag@@', 'es@@', 'ordnung', '.']
2026-05-11 21:07:06,323 - DEBUG - joeynmt.training - 	Tokenized reference:  ['high', 'on', 'the', 'agen@@', 'da', 'are', 'pl@@', 'ans', 'for', 'gre@@', 'ater', 'nu@@', 'clear', 'c@@', 'o', '@@@', '-@@', '@', 'operation', '.']
2026-05-11 21:07:06,323 - DEBUG - joeynmt.training - 	Tokenized hypothesis: ['p@@', 'an@@', '-@@', 'to', 'more', 'nu@@', 'clear', 'techn@@', 'ical', 'cooperation', 'are', 'very', 'important', 'on', 'the', 'agen@@', 'da', '.', '</s>']
2026-05-11 21:07:06,323 - INFO - joeynmt.training - 	Source:     Pläne für eine stärkere kerntechnische Zusammenarbeit stehen ganz oben auf der Tagesordnung .
2026-05-11 21:07:06,323 - INFO - joeynmt.training - 	Reference:  high on the agenda are plans for greater nuclear co @-@ operation .
2026-05-11 21:07:06,323 - INFO - joeynmt.training - 	Hypothesis: pan-to more nuclear technical cooperation are very important on the agenda .
2026-05-11 21:07:06,323 - INFO - joeynmt.training - Example #4
2026-05-11 21:07:06,323 - DEBUG - joeynmt.training - 	Tokenized source:     ['Berich@@', 'ten', 'zu@@', 'fol@@', 'ge', 'ho@@', 'fft', 'Indi@@', 'en', 'darüber', 'hinaus', 'auf', 'einen', 'Ver@@', 'trag', 'zur', 'Ver@@', 'tei@@', 'dig@@', 'ungs@@', 'zusammen@@', 'arbeit', 'zwischen', 'den', 'beiden', 'N@@', 'ationen', '.']
2026-05-11 21:07:06,324 - DEBUG - joeynmt.training - 	Tokenized reference:  ['Indi@@', 'a', 'is', 'also', 're@@', 'porte@@', 'dly', 'hop@@', 'ing', 'for', 'a', 'de@@', 'al', 'on', 'def@@', 'ence', 'c@@', 'oll@@', 'ab@@', 'or@@', 'ation', 'between', 'the', 'two', 'n@@', 'ations', '.']
2026-05-11 21:07:06,324 - DEBUG - joeynmt.training - 	Tokenized hypothesis: ['re@@', 'ports', ',', 'Indi@@', 'a', 'is', 'also', 'the', 'case', 'of', 'con@@', 'tra@@', 'ct', 'on', 'the', 'con@@', 'tra@@', 'ct', 'cooperation', 'between', 'the', 'two', 'n@@', 'ations', '.', '</s>']
2026-05-11 21:07:06,324 - INFO - joeynmt.training - 	Source:     Berichten zufolge hofft Indien darüber hinaus auf einen Vertrag zur Verteidigungszusammenarbeit zwischen den beiden Nationen .
2026-05-11 21:07:06,324 - INFO - joeynmt.training - 	Reference:  India is also reportedly hoping for a deal on defence collaboration between the two nations .
2026-05-11 21:07:06,324 - INFO - joeynmt.training - 	Hypothesis: reports , India is also the case of contract on the contract cooperation between the two nations .
2026-05-11 21:07:35,116 - INFO - joeynmt.training - Epoch   8, Step:    29100, Batch Loss:     1.944235, Batch Acc: 0.530434, Tokens per Sec:     3207, Lr: 0.000300
2026-05-11 21:08:03,574 - INFO - joeynmt.training - Epoch   8, Step:    29200, Batch Loss:     1.604466, Batch Acc: 0.541940, Tokens per Sec:     3192, Lr: 0.000300
2026-05-11 21:08:31,975 - INFO - joeynmt.training - Epoch   8, Step:    29300, Batch Loss:     1.549467, Batch Acc: 0.539327, Tokens per Sec:     3250, Lr: 0.000300
2026-05-11 21:08:59,725 - INFO - joeynmt.training - Epoch   8, Step:    29400, Batch Loss:     1.501839, Batch Acc: 0.533491, Tokens per Sec:     3300, Lr: 0.000300
2026-05-11 21:09:28,187 - INFO - joeynmt.training - Epoch   8, Step:    29500, Batch Loss:     1.730976, Batch Acc: 0.535362, Tokens per Sec:     3234, Lr: 0.000300
2026-05-11 21:09:28,188 - INFO - joeynmt.prediction - Predicting 500 example(s)... (Greedy decoding with min_output_length=1, max_output_length=-1, return_prob='none', generate_unk=True, repetition_penalty=-1, no_repeat_ngram_size=-1)
2026-05-11 21:10:13,892 - INFO - joeynmt.prediction - Evaluation result (greedy) loss:   2.11, ppl:   8.27, acc:   0.45, generation: 45.6885[sec], evaluation: 0.0000[sec]
2026-05-11 21:10:14,121 - INFO - joeynmt.helpers - delete models/deen_transformer_pre/27000.ckpt
2026-05-11 21:10:14,128 - INFO - joeynmt.training - Example #0
2026-05-11 21:10:14,128 - DEBUG - joeynmt.training - 	Tokenized source:     ['die', 'Pre@@', 'mi@@', 'er@@', 'minist@@', 'er', 'Indi@@', 'ens', 'und', 'J@@', 'ap@@', 'ans', 'tra@@', 'fen', 'sich', 'in', 'T@@', 'ok@@', 'i@@', 'o', '.']
2026-05-11 21:10:14,128 - DEBUG - joeynmt.training - 	Tokenized reference:  ['Indi@@', 'a', 'and', 'J@@', 'ap@@', 'an', 'pri@@', 'me', 'minist@@', 'ers', 'me@@', 'et', 'in', 'T@@', 'ok@@', 'y@@', 'o']
2026-05-11 21:10:14,128 - DEBUG - joeynmt.training - 	Tokenized hypothesis: ['the', 'Pri@@', 'me', 'Minist@@', 'er', 'Indi@@', 'a', 'and', 'J@@', 'ap@@', 'an', '&apos;s', 'first', 'place', '.', '</s>']
2026-05-11 21:10:14,129 - INFO - joeynmt.training - 	Source:     die Premierminister Indiens und Japans trafen sich in Tokio .
2026-05-11 21:10:14,129 - INFO - joeynmt.training - 	Reference:  India and Japan prime ministers meet in Tokyo
2026-05-11 21:10:14,129 - INFO - joeynmt.training - 	Hypothesis: the Prime Minister India and Japan &apos;s first place .
2026-05-11 21:10:14,129 - INFO - joeynmt.training - Example #1
2026-05-11 21:10:14,130 - DEBUG - joeynmt.training - 	Tokenized source:     ['Indi@@', 'ens', 'neu@@', 'er', 'Pre@@', 'mi@@', 'er@@', 'minist@@', 'er', 'N@@', 'ar@@', 'end@@', 'ra', 'Mo@@', 'd@@', 'i', 'tri@@', 'fft', 'bei', 's@@', 'einem', 'ersten', 'wichti@@', 'gen', 'Aus@@', 'land@@', 's@@', 'bes@@', 'u@@', 'ch', 'seit', 's@@', 'einem', 'W@@', 'ah@@', 'l@@', 'si@@', 'e@@', 'g', 'im', 'Ma@@', 'i', 'seinen', 'j@@', 'ap@@', 'an@@', 'ischen', 'Am@@', 'ts@@', 'k@@', 'olle@@', 'gen', 'S@@', 'hin@@', 'z@@', 'o', 'A@@', 'be', 'in', 'T@@', 'ok@@', 'o', ',', 'um', 'wirtschaf@@', 'tliche', 'und', 'sicher@@', 'heits@@', 'politische', 'Be@@', 'zieh@@', 'ungen', 'zu', 'bes@@', 'pre@@', 'chen', '.']
2026-05-11 21:10:14,130 - DEBUG - joeynmt.training - 	Tokenized reference:  ['Indi@@', 'a', '&apos;s', 'new', 'pri@@', 'me', 'minist@@', 'er', ',', 'N@@', 'ar@@', 'end@@', 'ra', 'Mo@@', 'd@@', 'i', ',', 'is', 'me@@', 'eting', 'his', 'J@@', 'ap@@', 'an@@', 'ese', 'coun@@', 'ter@@', 'part', ',', 'S@@', 'hin@@', 'z@@', 'o', 'A@@', 'be', ',', 'in', 'T@@', 'ok@@', 'y@@', 'o', 'to', 'disc@@', 'uss', 'economic', 'and', 'security', 'ties', ',', 'on', 'his', 'first', 'major', 'fore@@', 'ign', 'visi@@', 't', 'since', 'w@@', 'inn@@', 'ing', 'Ma@@', 'y', '&apos;s', 'elec@@', 'tion', '.']
2026-05-11 21:10:14,130 - DEBUG - joeynmt.training - 	Tokenized hypothesis: ['Indi@@', 'a', '&apos;s', 'first', 'pri@@', 'me', 'minist@@', 'er', 'N@@', 'ar@@', 'end@@', 'ra', 'Mo@@', 'd@@', 'i', ',', 'at', 'his', 'first', 'important', 'ex@@', 'land@@', 'sc@@', 'ap@@', 'e', ',', 'since', 'his', 'elec@@', 'tion', ',', 'in', 'Ma@@', 'y', 'his', 'J@@', 'ap@@', 'an@@', 'ese', 'President', ',', 'in', 'Ma@@', 'y', 'its', 'J@@', 'ap@@', 'an@@', 'ese', 'President', 'A@@', 'be', 'in', 'T@@', 'ok@@', 'o', ',', 'in', 'order', 'to', 'visi@@', 't', 'the', 'A@@', 'be', 'in', 'T@@', 'ok@@', 'o', 'to', 'the', 'first', 'of', 'all', 'of', 'all', '.', '</s>']
2026-05-11 21:10:14,130 - INFO - joeynmt.training - 	Source:     Indiens neuer Premierminister Narendra Modi trifft bei seinem ersten wichtigen Auslandsbesuch seit seinem Wahlsieg im Mai seinen japanischen Amtskollegen Shinzo Abe in Toko , um wirtschaftliche und sicherheitspolitische Beziehungen zu besprechen .
2026-05-11 21:10:14,130 - INFO - joeynmt.training - 	Reference:  India &apos;s new prime minister , Narendra Modi , is meeting his Japanese counterpart , Shinzo Abe , in Tokyo to discuss economic and security ties , on his first major foreign visit since winning May &apos;s election .
2026-05-11 21:10:14,131 - INFO - joeynmt.training - 	Hypothesis: India &apos;s first prime minister Narendra Modi , at his first important exlandscape , since his election , in May his Japanese President , in May its Japanese President Abe in Toko , in order to visit the Abe in Toko to the first of all of all .
2026-05-11 21:10:14,131 - INFO - joeynmt.training - Example #2
2026-05-11 21:10:14,131 - DEBUG - joeynmt.training - 	Tokenized source:     ['Herr', 'Mo@@', 'd@@', 'i', 'befindet', 'sich', 'auf', 'einer', 'fü@@', 'n@@', 'f@@', 'tä@@', 'gi@@', 'gen', 'Rei@@', 'se', 'nach', 'J@@', 'ap@@', 'an', ',', 'um', 'die', 'wirtschaf@@', 'tlichen', 'Be@@', 'zieh@@', 'ungen', 'mit', 'der', 'd@@', 'rit@@', 't@@', 'größ@@', 'ten', 'Wirtschafts@@', 'n@@', 'ation', 'der', 'Welt', 'zu', 'fes@@', 'tigen', '.']
2026-05-11 21:10:14,131 - DEBUG - joeynmt.training - 	Tokenized reference:  ['Mr', 'Mo@@', 'd@@', 'i', 'is', 'on', 'a', 'fi@@', 've', '@@@', '-@@', '@', 'day', 'tri@@', 'p', 'to', 'J@@', 'ap@@', 'an', 'to', 'streng@@', 'then', 'economic', 'ties', 'with', 'the', 'third', 'lar@@', 'ges@@', 't', 'econom@@', 'y', 'in', 'the', 'world', '.']
2026-05-11 21:10:14,131 - DEBUG - joeynmt.training - 	Tokenized hypothesis: ['Mr', 'Mo@@', 'd@@', 'i', 'is', 'based', 'on', 'a', 'fi@@', 'f@@', 'ty', 'of', 'the', 'world', '&apos;s', 'more', 'than', 'a', 're@@', 'si@@', 'stance', 'to', 'J@@', 'ap@@', 'an', ',', 'to', 're@@', 'ach', 'the', 'economic', 'rel@@', 'ations', 'with', 'the', 'third', 'lar@@', 'ges@@', 't', 'economic', 'rel@@', 'ations', '.', '</s>']
2026-05-11 21:10:14,132 - INFO - joeynmt.training - 	Source:     Herr Modi befindet sich auf einer fünftägigen Reise nach Japan , um die wirtschaftlichen Beziehungen mit der drittgrößten Wirtschaftsnation der Welt zu festigen .
2026-05-11 21:10:14,132 - INFO - joeynmt.training - 	Reference:  Mr Modi is on a five @-@ day trip to Japan to strengthen economic ties with the third largest economy in the world .
2026-05-11 21:10:14,132 - INFO - joeynmt.training - 	Hypothesis: Mr Modi is based on a fifty of the world &apos;s more than a resistance to Japan , to reach the economic relations with the third largest economic relations .
2026-05-11 21:10:14,132 - INFO - joeynmt.training - Example #3
2026-05-11 21:10:14,132 - DEBUG - joeynmt.training - 	Tokenized source:     ['P@@', 'län@@', 'e', 'für', 'eine', 'stärk@@', 'ere', 'k@@', 'ern@@', 'techn@@', 'ische', 'Zusammenarbeit', 'stehen', 'ganz', 'ob@@', 'en', 'auf', 'der', 'Tag@@', 'es@@', 'ordnung', '.']
2026-05-11 21:10:14,132 - DEBUG - joeynmt.training - 	Tokenized reference:  ['high', 'on', 'the', 'agen@@', 'da', 'are', 'pl@@', 'ans', 'for', 'gre@@', 'ater', 'nu@@', 'clear', 'c@@', 'o', '@@@', '-@@', '@', 'operation', '.']
2026-05-11 21:10:14,133 - DEBUG - joeynmt.training - 	Tokenized hypothesis: ['pl@@', 'ans', 'for', 'more', 'seri@@', 'ous', 'nu@@', 'clear', 'techn@@', 'ical', 'cooperation', 'are', 'very', 'ob@@', 'vi@@', 'ous', 'on', 'the', 'agen@@', 'da', '.', '</s>']
2026-05-11 21:10:14,133 - INFO - joeynmt.training - 	Source:     Pläne für eine stärkere kerntechnische Zusammenarbeit stehen ganz oben auf der Tagesordnung .
2026-05-11 21:10:14,133 - INFO - joeynmt.training - 	Reference:  high on the agenda are plans for greater nuclear co @-@ operation .
2026-05-11 21:10:14,133 - INFO - joeynmt.training - 	Hypothesis: plans for more serious nuclear technical cooperation are very obvious on the agenda .
2026-05-11 21:10:14,133 - INFO - joeynmt.training - Example #4
2026-05-11 21:10:14,133 - DEBUG - joeynmt.training - 	Tokenized source:     ['Berich@@', 'ten', 'zu@@', 'fol@@', 'ge', 'ho@@', 'fft', 'Indi@@', 'en', 'darüber', 'hinaus', 'auf', 'einen', 'Ver@@', 'trag', 'zur', 'Ver@@', 'tei@@', 'dig@@', 'ungs@@', 'zusammen@@', 'arbeit', 'zwischen', 'den', 'beiden', 'N@@', 'ationen', '.']
2026-05-11 21:10:14,133 - DEBUG - joeynmt.training - 	Tokenized reference:  ['Indi@@', 'a', 'is', 'also', 're@@', 'porte@@', 'dly', 'hop@@', 'ing', 'for', 'a', 'de@@', 'al', 'on', 'def@@', 'ence', 'c@@', 'oll@@', 'ab@@', 'or@@', 'ation', 'between', 'the', 'two', 'n@@', 'ations', '.']
2026-05-11 21:10:14,133 - DEBUG - joeynmt.training - 	Tokenized hypothesis: ['the', 'following', 'no@@', 'tion', 'of', 'the', 'con@@', 'tra@@', 'ct', ',', 'Indi@@', 'a', 'is', 'also', 'a', 'con@@', 'tra@@', 'ct', 'between', 'the', 'two', 'n@@', 'ations', '.', '</s>']
2026-05-11 21:10:14,133 - INFO - joeynmt.training - 	Source:     Berichten zufolge hofft Indien darüber hinaus auf einen Vertrag zur Verteidigungszusammenarbeit zwischen den beiden Nationen .
2026-05-11 21:10:14,133 - INFO - joeynmt.training - 	Reference:  India is also reportedly hoping for a deal on defence collaboration between the two nations .
2026-05-11 21:10:14,134 - INFO - joeynmt.training - 	Hypothesis: the following notion of the contract , India is also a contract between the two nations .
2026-05-11 21:10:41,924 - INFO - joeynmt.training - Epoch   8, Step:    29600, Batch Loss:     1.700110, Batch Acc: 0.538019, Tokens per Sec:     3233, Lr: 0.000300
2026-05-11 21:11:09,670 - INFO - joeynmt.training - Epoch   8, Step:    29700, Batch Loss:     1.500660, Batch Acc: 0.540407, Tokens per Sec:     3330, Lr: 0.000300
2026-05-11 21:11:43,011 - INFO - joeynmt.training - Epoch   8, Step:    29800, Batch Loss:     1.573949, Batch Acc: 0.537644, Tokens per Sec:     2749, Lr: 0.000300
2026-05-11 21:12:19,428 - INFO - joeynmt.training - Epoch   8, Step:    29900, Batch Loss:     1.799663, Batch Acc: 0.536845, Tokens per Sec:     2523, Lr: 0.000300
2026-05-11 21:12:45,944 - INFO - joeynmt.training - Epoch   8, Step:    30000, Batch Loss:     1.628533, Batch Acc: 0.537681, Tokens per Sec:     3496, Lr: 0.000300
2026-05-11 21:12:45,945 - INFO - joeynmt.prediction - Predicting 500 example(s)... (Greedy decoding with min_output_length=1, max_output_length=-1, return_prob='none', generate_unk=True, repetition_penalty=-1, no_repeat_ngram_size=-1)
2026-05-11 21:13:22,496 - INFO - joeynmt.prediction - Evaluation result (greedy) loss:   2.10, ppl:   8.17, acc:   0.46, generation: 36.5418[sec], evaluation: 0.0000[sec]
2026-05-11 21:13:22,498 - INFO - joeynmt.training - Hooray! New best validation result [ppl]!
2026-05-11 21:13:22,665 - INFO - joeynmt.helpers - delete models/deen_transformer_pre/27500.ckpt
2026-05-11 21:13:22,672 - INFO - joeynmt.training - Example #0
2026-05-11 21:13:22,672 - DEBUG - joeynmt.training - 	Tokenized source:     ['die', 'Pre@@', 'mi@@', 'er@@', 'minist@@', 'er', 'Indi@@', 'ens', 'und', 'J@@', 'ap@@', 'ans', 'tra@@', 'fen', 'sich', 'in', 'T@@', 'ok@@', 'i@@', 'o', '.']
2026-05-11 21:13:22,672 - DEBUG - joeynmt.training - 	Tokenized reference:  ['Indi@@', 'a', 'and', 'J@@', 'ap@@', 'an', 'pri@@', 'me', 'minist@@', 'ers', 'me@@', 'et', 'in', 'T@@', 'ok@@', 'y@@', 'o']
2026-05-11 21:13:22,672 - DEBUG - joeynmt.training - 	Tokenized hypothesis: ['Pri@@', 'me', 'Minist@@', 'er', 'Indi@@', 'a', 'and', 'J@@', 'ap@@', 'an', '&apos;s', 'a@@', 'im', 'to', 'be', 'tra@@', 'pp@@', 'ed', 'in', 'T@@', 'ok@@', 'y@@', 'o', '.', '</s>']
2026-05-11 21:13:22,673 - INFO - joeynmt.training - 	Source:     die Premierminister Indiens und Japans trafen sich in Tokio .
2026-05-11 21:13:22,673 - INFO - joeynmt.training - 	Reference:  India and Japan prime ministers meet in Tokyo
2026-05-11 21:13:22,673 - INFO - joeynmt.training - 	Hypothesis: Prime Minister India and Japan &apos;s aim to be trapped in Tokyo .
2026-05-11 21:13:22,673 - INFO - joeynmt.training - Example #1
2026-05-11 21:13:22,673 - DEBUG - joeynmt.training - 	Tokenized source:     ['Indi@@', 'ens', 'neu@@', 'er', 'Pre@@', 'mi@@', 'er@@', 'minist@@', 'er', 'N@@', 'ar@@', 'end@@', 'ra', 'Mo@@', 'd@@', 'i', 'tri@@', 'fft', 'bei', 's@@', 'einem', 'ersten', 'wichti@@', 'gen', 'Aus@@', 'land@@', 's@@', 'bes@@', 'u@@', 'ch', 'seit', 's@@', 'einem', 'W@@', 'ah@@', 'l@@', 'si@@', 'e@@', 'g', 'im', 'Ma@@', 'i', 'seinen', 'j@@', 'ap@@', 'an@@', 'ischen', 'Am@@', 'ts@@', 'k@@', 'olle@@', 'gen', 'S@@', 'hin@@', 'z@@', 'o', 'A@@', 'be', 'in', 'T@@', 'ok@@', 'o', ',', 'um', 'wirtschaf@@', 'tliche', 'und', 'sicher@@', 'heits@@', 'politische', 'Be@@', 'zieh@@', 'ungen', 'zu', 'bes@@', 'pre@@', 'chen', '.']
2026-05-11 21:13:22,673 - DEBUG - joeynmt.training - 	Tokenized reference:  ['Indi@@', 'a', '&apos;s', 'new', 'pri@@', 'me', 'minist@@', 'er', ',', 'N@@', 'ar@@', 'end@@', 'ra', 'Mo@@', 'd@@', 'i', ',', 'is', 'me@@', 'eting', 'his', 'J@@', 'ap@@', 'an@@', 'ese', 'coun@@', 'ter@@', 'part', ',', 'S@@', 'hin@@', 'z@@', 'o', 'A@@', 'be', ',', 'in', 'T@@', 'ok@@', 'y@@', 'o', 'to', 'disc@@', 'uss', 'economic', 'and', 'security', 'ties', ',', 'on', 'his', 'first', 'major', 'fore@@', 'ign', 'visi@@', 't', 'since', 'w@@', 'inn@@', 'ing', 'Ma@@', 'y', '&apos;s', 'elec@@', 'tion', '.']
2026-05-11 21:13:22,673 - DEBUG - joeynmt.training - 	Tokenized hypothesis: ['Indi@@', 'a', '&apos;s', 'first', 'pri@@', 'me', 'minist@@', 'er', 'N@@', 'ar@@', 'end@@', 'ra', 'Mo@@', 'd@@', 'i', ',', 'in', 'his', 'first', 'important', 'ex@@', 'tra@@', 'ordin@@', 'ary', 'ex@@', 'tern@@', 'al', 'to', 'the', 'J@@', 'ap@@', 'an@@', 'ese', 'off@@', 'ice', 'in', 'Ma@@', 'y', 'his', 'J@@', 'ap@@', 'an@@', 'ese', 'off@@', 'i@@', 'cial', 'and', 'S@@', 'hin@@', 'z@@', 'o', 'A@@', 'be', 'in', 'T@@', 'ok@@', 'o', 'to', 'the', 'A@@', 'be', 'in', 'T@@', 'ok@@', 'o', 'to', '.', '</s>']
2026-05-11 21:13:22,673 - INFO - joeynmt.training - 	Source:     Indiens neuer Premierminister Narendra Modi trifft bei seinem ersten wichtigen Auslandsbesuch seit seinem Wahlsieg im Mai seinen japanischen Amtskollegen Shinzo Abe in Toko , um wirtschaftliche und sicherheitspolitische Beziehungen zu besprechen .
2026-05-11 21:13:22,673 - INFO - joeynmt.training - 	Reference:  India &apos;s new prime minister , Narendra Modi , is meeting his Japanese counterpart , Shinzo Abe , in Tokyo to discuss economic and security ties , on his first major foreign visit since winning May &apos;s election .
2026-05-11 21:13:22,673 - INFO - joeynmt.training - 	Hypothesis: India &apos;s first prime minister Narendra Modi , in his first important extraordinary external to the Japanese office in May his Japanese official and Shinzo Abe in Toko to the Abe in Toko to .
2026-05-11 21:13:22,673 - INFO - joeynmt.training - Example #2
2026-05-11 21:13:22,673 - DEBUG - joeynmt.training - 	Tokenized source:     ['Herr', 'Mo@@', 'd@@', 'i', 'befindet', 'sich', 'auf', 'einer', 'fü@@', 'n@@', 'f@@', 'tä@@', 'gi@@', 'gen', 'Rei@@', 'se', 'nach', 'J@@', 'ap@@', 'an', ',', 'um', 'die', 'wirtschaf@@', 'tlichen', 'Be@@', 'zieh@@', 'ungen', 'mit', 'der', 'd@@', 'rit@@', 't@@', 'größ@@', 'ten', 'Wirtschafts@@', 'n@@', 'ation', 'der', 'Welt', 'zu', 'fes@@', 'tigen', '.']
2026-05-11 21:13:22,673 - DEBUG - joeynmt.training - 	Tokenized reference:  ['Mr', 'Mo@@', 'd@@', 'i', 'is', 'on', 'a', 'fi@@', 've', '@@@', '-@@', '@', 'day', 'tri@@', 'p', 'to', 'J@@', 'ap@@', 'an', 'to', 'streng@@', 'then', 'economic', 'ties', 'with', 'the', 'third', 'lar@@', 'ges@@', 't', 'econom@@', 'y', 'in', 'the', 'world', '.']
2026-05-11 21:13:22,673 - DEBUG - joeynmt.training - 	Tokenized hypothesis: ['Mr', 'Mo@@', 'd@@', 'i', 'is', 'located', 'on', 'a', 'fi@@', 'f@@', 'ty', 'of', 'a', 'fi@@', 'f@@', 'ty', 'in', 'the', 'world', '&apos;s', 'economic', 'rel@@', 'ations', 'with', 'the', 'third', 'lar@@', 'ges@@', 't', 'economic', 'rel@@', 'ations', 'with', 'the', 'third', 'lar@@', 'ges@@', 't', 'economic', 'rel@@', 'ations', 'with', 'the', 'world', '.', '</s>']
2026-05-11 21:13:22,674 - INFO - joeynmt.training - 	Source:     Herr Modi befindet sich auf einer fünftägigen Reise nach Japan , um die wirtschaftlichen Beziehungen mit der drittgrößten Wirtschaftsnation der Welt zu festigen .
2026-05-11 21:13:22,674 - INFO - joeynmt.training - 	Reference:  Mr Modi is on a five @-@ day trip to Japan to strengthen economic ties with the third largest economy in the world .
2026-05-11 21:13:22,674 - INFO - joeynmt.training - 	Hypothesis: Mr Modi is located on a fifty of a fifty in the world &apos;s economic relations with the third largest economic relations with the third largest economic relations with the world .
2026-05-11 21:13:22,674 - INFO - joeynmt.training - Example #3
2026-05-11 21:13:22,674 - DEBUG - joeynmt.training - 	Tokenized source:     ['P@@', 'län@@', 'e', 'für', 'eine', 'stärk@@', 'ere', 'k@@', 'ern@@', 'techn@@', 'ische', 'Zusammenarbeit', 'stehen', 'ganz', 'ob@@', 'en', 'auf', 'der', 'Tag@@', 'es@@', 'ordnung', '.']
2026-05-11 21:13:22,674 - DEBUG - joeynmt.training - 	Tokenized reference:  ['high', 'on', 'the', 'agen@@', 'da', 'are', 'pl@@', 'ans', 'for', 'gre@@', 'ater', 'nu@@', 'clear', 'c@@', 'o', '@@@', '-@@', '@', 'operation', '.']
2026-05-11 21:13:22,674 - DEBUG - joeynmt.training - 	Tokenized hypothesis: ['pl@@', 'ans', 'for', 'more', 'nu@@', 'clear', 'techn@@', 'ical', 'cooperation', 'are', 'very', 'ob@@', 'vi@@', 'ously', 'on', 'the', 'agen@@', 'da', '.', '</s>']
2026-05-11 21:13:22,674 - INFO - joeynmt.training - 	Source:     Pläne für eine stärkere kerntechnische Zusammenarbeit stehen ganz oben auf der Tagesordnung .
2026-05-11 21:13:22,674 - INFO - joeynmt.training - 	Reference:  high on the agenda are plans for greater nuclear co @-@ operation .
2026-05-11 21:13:22,674 - INFO - joeynmt.training - 	Hypothesis: plans for more nuclear technical cooperation are very obviously on the agenda .
2026-05-11 21:13:22,674 - INFO - joeynmt.training - Example #4
2026-05-11 21:13:22,674 - DEBUG - joeynmt.training - 	Tokenized source:     ['Berich@@', 'ten', 'zu@@', 'fol@@', 'ge', 'ho@@', 'fft', 'Indi@@', 'en', 'darüber', 'hinaus', 'auf', 'einen', 'Ver@@', 'trag', 'zur', 'Ver@@', 'tei@@', 'dig@@', 'ungs@@', 'zusammen@@', 'arbeit', 'zwischen', 'den', 'beiden', 'N@@', 'ationen', '.']
2026-05-11 21:13:22,674 - DEBUG - joeynmt.training - 	Tokenized reference:  ['Indi@@', 'a', 'is', 'also', 're@@', 'porte@@', 'dly', 'hop@@', 'ing', 'for', 'a', 'de@@', 'al', 'on', 'def@@', 'ence', 'c@@', 'oll@@', 'ab@@', 'or@@', 'ation', 'between', 'the', 'two', 'n@@', 'ations', '.']
2026-05-11 21:13:22,674 - DEBUG - joeynmt.training - 	Tokenized hypothesis: ['the', 'following', 're@@', 'ports', ',', 'Indi@@', 'a', 'is', 'also', 'the', 'con@@', 'tra@@', 'ct', 'between', 'the', 'two', 'n@@', 'ations', '.', '</s>']
2026-05-11 21:13:22,674 - INFO - joeynmt.training - 	Source:     Berichten zufolge hofft Indien darüber hinaus auf einen Vertrag zur Verteidigungszusammenarbeit zwischen den beiden Nationen .
2026-05-11 21:13:22,674 - INFO - joeynmt.training - 	Reference:  India is also reportedly hoping for a deal on defence collaboration between the two nations .
2026-05-11 21:13:22,674 - INFO - joeynmt.training - 	Hypothesis: the following reports , India is also the contract between the two nations .
2026-05-11 21:13:48,595 - INFO - joeynmt.training - Epoch   8, Step:    30100, Batch Loss:     1.929317, Batch Acc: 0.538015, Tokens per Sec:     3559, Lr: 0.000300
2026-05-11 21:14:14,583 - INFO - joeynmt.training - Epoch   8, Step:    30200, Batch Loss:     1.741326, Batch Acc: 0.537631, Tokens per Sec:     3523, Lr: 0.000300
2026-05-11 21:14:41,421 - INFO - joeynmt.training - Epoch   8, Step:    30300, Batch Loss:     1.646879, Batch Acc: 0.537063, Tokens per Sec:     3407, Lr: 0.000300
2026-05-11 21:15:07,338 - INFO - joeynmt.training - Epoch   8, Step:    30400, Batch Loss:     1.767320, Batch Acc: 0.538076, Tokens per Sec:     3574, Lr: 0.000300
2026-05-11 21:15:33,458 - INFO - joeynmt.training - Epoch   8, Step:    30500, Batch Loss:     1.836566, Batch Acc: 0.533125, Tokens per Sec:     3559, Lr: 0.000300
2026-05-11 21:15:33,458 - INFO - joeynmt.prediction - Predicting 500 example(s)... (Greedy decoding with min_output_length=1, max_output_length=-1, return_prob='none', generate_unk=True, repetition_penalty=-1, no_repeat_ngram_size=-1)
2026-05-11 21:16:14,293 - INFO - joeynmt.prediction - Evaluation result (greedy) loss:   2.10, ppl:   8.18, acc:   0.46, generation: 40.8262[sec], evaluation: 0.0000[sec]
2026-05-11 21:16:14,464 - INFO - joeynmt.helpers - delete models/deen_transformer_pre/29500.ckpt
2026-05-11 21:16:14,475 - INFO - joeynmt.training - Example #0
2026-05-11 21:16:14,475 - DEBUG - joeynmt.training - 	Tokenized source:     ['die', 'Pre@@', 'mi@@', 'er@@', 'minist@@', 'er', 'Indi@@', 'ens', 'und', 'J@@', 'ap@@', 'ans', 'tra@@', 'fen', 'sich', 'in', 'T@@', 'ok@@', 'i@@', 'o', '.']
2026-05-11 21:16:14,475 - DEBUG - joeynmt.training - 	Tokenized reference:  ['Indi@@', 'a', 'and', 'J@@', 'ap@@', 'an', 'pri@@', 'me', 'minist@@', 'ers', 'me@@', 'et', 'in', 'T@@', 'ok@@', 'y@@', 'o']
2026-05-11 21:16:14,475 - DEBUG - joeynmt.training - 	Tokenized hypothesis: ['the', 'Pri@@', 'me', 'Minist@@', 'er', 'Indi@@', 'a', 'and', 'J@@', 'ap@@', 'an', '&apos;s', 'pri@@', 'me', 'minist@@', 'er', 'in', 'T@@', 'ok@@', 'y@@', 'o', '.', '</s>']
2026-05-11 21:16:14,475 - INFO - joeynmt.training - 	Source:     die Premierminister Indiens und Japans trafen sich in Tokio .
2026-05-11 21:16:14,475 - INFO - joeynmt.training - 	Reference:  India and Japan prime ministers meet in Tokyo
2026-05-11 21:16:14,475 - INFO - joeynmt.training - 	Hypothesis: the Prime Minister India and Japan &apos;s prime minister in Tokyo .
2026-05-11 21:16:14,475 - INFO - joeynmt.training - Example #1
2026-05-11 21:16:14,475 - DEBUG - joeynmt.training - 	Tokenized source:     ['Indi@@', 'ens', 'neu@@', 'er', 'Pre@@', 'mi@@', 'er@@', 'minist@@', 'er', 'N@@', 'ar@@', 'end@@', 'ra', 'Mo@@', 'd@@', 'i', 'tri@@', 'fft', 'bei', 's@@', 'einem', 'ersten', 'wichti@@', 'gen', 'Aus@@', 'land@@', 's@@', 'bes@@', 'u@@', 'ch', 'seit', 's@@', 'einem', 'W@@', 'ah@@', 'l@@', 'si@@', 'e@@', 'g', 'im', 'Ma@@', 'i', 'seinen', 'j@@', 'ap@@', 'an@@', 'ischen', 'Am@@', 'ts@@', 'k@@', 'olle@@', 'gen', 'S@@', 'hin@@', 'z@@', 'o', 'A@@', 'be', 'in', 'T@@', 'ok@@', 'o', ',', 'um', 'wirtschaf@@', 'tliche', 'und', 'sicher@@', 'heits@@', 'politische', 'Be@@', 'zieh@@', 'ungen', 'zu', 'bes@@', 'pre@@', 'chen', '.']
2026-05-11 21:16:14,475 - DEBUG - joeynmt.training - 	Tokenized reference:  ['Indi@@', 'a', '&apos;s', 'new', 'pri@@', 'me', 'minist@@', 'er', ',', 'N@@', 'ar@@', 'end@@', 'ra', 'Mo@@', 'd@@', 'i', ',', 'is', 'me@@', 'eting', 'his', 'J@@', 'ap@@', 'an@@', 'ese', 'coun@@', 'ter@@', 'part', ',', 'S@@', 'hin@@', 'z@@', 'o', 'A@@', 'be', ',', 'in', 'T@@', 'ok@@', 'y@@', 'o', 'to', 'disc@@', 'uss', 'economic', 'and', 'security', 'ties', ',', 'on', 'his', 'first', 'major', 'fore@@', 'ign', 'visi@@', 't', 'since', 'w@@', 'inn@@', 'ing', 'Ma@@', 'y', '&apos;s', 'elec@@', 'tion', '.']
2026-05-11 21:16:14,475 - DEBUG - joeynmt.training - 	Tokenized hypothesis: ['Indi@@', 'a', '&apos;s', 'first', 'pri@@', 'me', 'minist@@', 'er', 'N@@', 'ar@@', 'end@@', 'ra', 'Mo@@', 'd@@', 'i', ',', 'in', 'his', 'first', 'major', 'ex@@', 'ag@@', 'ger@@', '-@@', 'German', 'German', 'German', 'German', 'Ch@@', 'ar@@', 'ter', 'of', 'his', 'J@@', 'ap@@', 'an@@', 'ese', 'off@@', 'ice', 'in', 'Ma@@', 'y', ',', 'S@@', 'hin@@', 'z@@', 'o', 'A@@', 'be', 'in', 'T@@', 'ok@@', 'o', ',', 'to', 're@@', 'mo@@', 've', 'economic', 'and', 'saf@@', 'ety', '.', '</s>']
2026-05-11 21:16:14,475 - INFO - joeynmt.training - 	Source:     Indiens neuer Premierminister Narendra Modi trifft bei seinem ersten wichtigen Auslandsbesuch seit seinem Wahlsieg im Mai seinen japanischen Amtskollegen Shinzo Abe in Toko , um wirtschaftliche und sicherheitspolitische Beziehungen zu besprechen .
2026-05-11 21:16:14,475 - INFO - joeynmt.training - 	Reference:  India &apos;s new prime minister , Narendra Modi , is meeting his Japanese counterpart , Shinzo Abe , in Tokyo to discuss economic and security ties , on his first major foreign visit since winning May &apos;s election .
2026-05-11 21:16:14,475 - INFO - joeynmt.training - 	Hypothesis: India &apos;s first prime minister Narendra Modi , in his first major exagger-German German German German Charter of his Japanese office in May , Shinzo Abe in Toko , to remove economic and safety .
2026-05-11 21:16:14,476 - INFO - joeynmt.training - Example #2
2026-05-11 21:16:14,476 - DEBUG - joeynmt.training - 	Tokenized source:     ['Herr', 'Mo@@', 'd@@', 'i', 'befindet', 'sich', 'auf', 'einer', 'fü@@', 'n@@', 'f@@', 'tä@@', 'gi@@', 'gen', 'Rei@@', 'se', 'nach', 'J@@', 'ap@@', 'an', ',', 'um', 'die', 'wirtschaf@@', 'tlichen', 'Be@@', 'zieh@@', 'ungen', 'mit', 'der', 'd@@', 'rit@@', 't@@', 'größ@@', 'ten', 'Wirtschafts@@', 'n@@', 'ation', 'der', 'Welt', 'zu', 'fes@@', 'tigen', '.']
2026-05-11 21:16:14,476 - DEBUG - joeynmt.training - 	Tokenized reference:  ['Mr', 'Mo@@', 'd@@', 'i', 'is', 'on', 'a', 'fi@@', 've', '@@@', '-@@', '@', 'day', 'tri@@', 'p', 'to', 'J@@', 'ap@@', 'an', 'to', 'streng@@', 'then', 'economic', 'ties', 'with', 'the', 'third', 'lar@@', 'ges@@', 't', 'econom@@', 'y', 'in', 'the', 'world', '.']
2026-05-11 21:16:14,476 - DEBUG - joeynmt.training - 	Tokenized hypothesis: ['Mr', 'Mo@@', 'd@@', 'i', 'is', 'located', 'on', 'a', 'fi@@', 'f@@', 'ty', 'of', 'J@@', 'ap@@', 'an', 'to', 'J@@', 'ap@@', 'an', 'to', 'the', 'economic', 'rel@@', 'ations', 'with', 'the', 'third', 'b@@', 'ig@@', 'ges@@', 't', 'economic', 'rel@@', 'ations', 'with', 'the', 'third', 'b@@', 'ig@@', 'ges@@', 't', 'economic', 'rel@@', 'ations', 'with', 'the', 'third', 'b@@', 'ig@@', 'ges@@', 't', 'economic', 'rel@@', 'ations', 'with', 'the', 'world', '&apos;s', 'economic', 'rel@@', 'ations', '.', '</s>']
2026-05-11 21:16:14,476 - INFO - joeynmt.training - 	Source:     Herr Modi befindet sich auf einer fünftägigen Reise nach Japan , um die wirtschaftlichen Beziehungen mit der drittgrößten Wirtschaftsnation der Welt zu festigen .
2026-05-11 21:16:14,476 - INFO - joeynmt.training - 	Reference:  Mr Modi is on a five @-@ day trip to Japan to strengthen economic ties with the third largest economy in the world .
2026-05-11 21:16:14,476 - INFO - joeynmt.training - 	Hypothesis: Mr Modi is located on a fifty of Japan to Japan to the economic relations with the third biggest economic relations with the third biggest economic relations with the third biggest economic relations with the world &apos;s economic relations .
2026-05-11 21:16:14,476 - INFO - joeynmt.training - Example #3
2026-05-11 21:16:14,476 - DEBUG - joeynmt.training - 	Tokenized source:     ['P@@', 'län@@', 'e', 'für', 'eine', 'stärk@@', 'ere', 'k@@', 'ern@@', 'techn@@', 'ische', 'Zusammenarbeit', 'stehen', 'ganz', 'ob@@', 'en', 'auf', 'der', 'Tag@@', 'es@@', 'ordnung', '.']
2026-05-11 21:16:14,476 - DEBUG - joeynmt.training - 	Tokenized reference:  ['high', 'on', 'the', 'agen@@', 'da', 'are', 'pl@@', 'ans', 'for', 'gre@@', 'ater', 'nu@@', 'clear', 'c@@', 'o', '@@@', '-@@', '@', 'operation', '.']
2026-05-11 21:16:14,476 - DEBUG - joeynmt.training - 	Tokenized hypothesis: ['pl@@', 'ans', 'for', 'more', 'seri@@', 'ous', 'techn@@', 'ical', 'cooperation', 'are', 'very', 'ob@@', 'vi@@', 'ous', 'on', 'the', 'agen@@', 'da', '.', '</s>']
2026-05-11 21:16:14,476 - INFO - joeynmt.training - 	Source:     Pläne für eine stärkere kerntechnische Zusammenarbeit stehen ganz oben auf der Tagesordnung .
2026-05-11 21:16:14,476 - INFO - joeynmt.training - 	Reference:  high on the agenda are plans for greater nuclear co @-@ operation .
2026-05-11 21:16:14,476 - INFO - joeynmt.training - 	Hypothesis: plans for more serious technical cooperation are very obvious on the agenda .
2026-05-11 21:16:14,476 - INFO - joeynmt.training - Example #4
2026-05-11 21:16:14,476 - DEBUG - joeynmt.training - 	Tokenized source:     ['Berich@@', 'ten', 'zu@@', 'fol@@', 'ge', 'ho@@', 'fft', 'Indi@@', 'en', 'darüber', 'hinaus', 'auf', 'einen', 'Ver@@', 'trag', 'zur', 'Ver@@', 'tei@@', 'dig@@', 'ungs@@', 'zusammen@@', 'arbeit', 'zwischen', 'den', 'beiden', 'N@@', 'ationen', '.']
2026-05-11 21:16:14,476 - DEBUG - joeynmt.training - 	Tokenized reference:  ['Indi@@', 'a', 'is', 'also', 're@@', 'porte@@', 'dly', 'hop@@', 'ing', 'for', 'a', 'de@@', 'al', 'on', 'def@@', 'ence', 'c@@', 'oll@@', 'ab@@', 'or@@', 'ation', 'between', 'the', 'two', 'n@@', 'ations', '.']
2026-05-11 21:16:14,477 - DEBUG - joeynmt.training - 	Tokenized hypothesis: ['re@@', 'ports', ',', 'Indi@@', 'a', 'is', 'also', 'a', 'con@@', 'tra@@', 'ct', 'on', 'a', 'con@@', 'tra@@', 'ct', 'on', 'the', 'con@@', 'tr@@', 'ary', 'to', 'def@@', 'ence', 'cooperation', 'between', 'the', 'two', 'n@@', 'ations', '.', '</s>']
2026-05-11 21:16:14,477 - INFO - joeynmt.training - 	Source:     Berichten zufolge hofft Indien darüber hinaus auf einen Vertrag zur Verteidigungszusammenarbeit zwischen den beiden Nationen .
2026-05-11 21:16:14,477 - INFO - joeynmt.training - 	Reference:  India is also reportedly hoping for a deal on defence collaboration between the two nations .
2026-05-11 21:16:14,477 - INFO - joeynmt.training - 	Hypothesis: reports , India is also a contract on a contract on the contrary to defence cooperation between the two nations .
2026-05-11 21:16:39,870 - INFO - joeynmt.training - Epoch   8, Step:    30600, Batch Loss:     1.572307, Batch Acc: 0.532701, Tokens per Sec:     3596, Lr: 0.000300
2026-05-11 21:17:05,958 - INFO - joeynmt.training - Epoch   8, Step:    30700, Batch Loss:     1.664910, Batch Acc: 0.526605, Tokens per Sec:     3531, Lr: 0.000300
2026-05-11 21:17:31,195 - INFO - joeynmt.training - Epoch   8, Step:    30800, Batch Loss:     1.704452, Batch Acc: 0.533328, Tokens per Sec:     3636, Lr: 0.000300
2026-05-11 21:17:57,320 - INFO - joeynmt.training - Epoch   8, Step:    30900, Batch Loss:     1.603952, Batch Acc: 0.531826, Tokens per Sec:     3495, Lr: 0.000300
2026-05-11 21:18:24,842 - INFO - joeynmt.training - Epoch   8, Step:    31000, Batch Loss:     1.584317, Batch Acc: 0.537539, Tokens per Sec:     3362, Lr: 0.000300
2026-05-11 21:18:24,843 - INFO - joeynmt.prediction - Predicting 500 example(s)... (Greedy decoding with min_output_length=1, max_output_length=-1, return_prob='none', generate_unk=True, repetition_penalty=-1, no_repeat_ngram_size=-1)
2026-05-11 21:19:12,963 - INFO - joeynmt.prediction - Evaluation result (greedy) loss:   2.09, ppl:   8.12, acc:   0.46, generation: 48.1113[sec], evaluation: 0.0000[sec]
2026-05-11 21:19:12,966 - INFO - joeynmt.training - Hooray! New best validation result [ppl]!
2026-05-11 21:19:13,129 - INFO - joeynmt.helpers - delete models/deen_transformer_pre/28000.ckpt
2026-05-11 21:19:13,136 - INFO - joeynmt.training - Example #0
2026-05-11 21:19:13,136 - DEBUG - joeynmt.training - 	Tokenized source:     ['die', 'Pre@@', 'mi@@', 'er@@', 'minist@@', 'er', 'Indi@@', 'ens', 'und', 'J@@', 'ap@@', 'ans', 'tra@@', 'fen', 'sich', 'in', 'T@@', 'ok@@', 'i@@', 'o', '.']
2026-05-11 21:19:13,136 - DEBUG - joeynmt.training - 	Tokenized reference:  ['Indi@@', 'a', 'and', 'J@@', 'ap@@', 'an', 'pri@@', 'me', 'minist@@', 'ers', 'me@@', 'et', 'in', 'T@@', 'ok@@', 'y@@', 'o']
2026-05-11 21:19:13,136 - DEBUG - joeynmt.training - 	Tokenized hypothesis: ['Pri@@', 'me', 'Minist@@', 'er', 'Indi@@', 'a', 'and', 'J@@', 'ap@@', 'ans', 'are', 'tra@@', 'v@@', 'ell@@', 'ing', 'in', 'T@@', 'ok@@', 'i@@', 'o', '.', '</s>']
2026-05-11 21:19:13,136 - INFO - joeynmt.training - 	Source:     die Premierminister Indiens und Japans trafen sich in Tokio .
2026-05-11 21:19:13,136 - INFO - joeynmt.training - 	Reference:  India and Japan prime ministers meet in Tokyo
2026-05-11 21:19:13,136 - INFO - joeynmt.training - 	Hypothesis: Prime Minister India and Japans are travelling in Tokio .
2026-05-11 21:19:13,136 - INFO - joeynmt.training - Example #1
2026-05-11 21:19:13,137 - DEBUG - joeynmt.training - 	Tokenized source:     ['Indi@@', 'ens', 'neu@@', 'er', 'Pre@@', 'mi@@', 'er@@', 'minist@@', 'er', 'N@@', 'ar@@', 'end@@', 'ra', 'Mo@@', 'd@@', 'i', 'tri@@', 'fft', 'bei', 's@@', 'einem', 'ersten', 'wichti@@', 'gen', 'Aus@@', 'land@@', 's@@', 'bes@@', 'u@@', 'ch', 'seit', 's@@', 'einem', 'W@@', 'ah@@', 'l@@', 'si@@', 'e@@', 'g', 'im', 'Ma@@', 'i', 'seinen', 'j@@', 'ap@@', 'an@@', 'ischen', 'Am@@', 'ts@@', 'k@@', 'olle@@', 'gen', 'S@@', 'hin@@', 'z@@', 'o', 'A@@', 'be', 'in', 'T@@', 'ok@@', 'o', ',', 'um', 'wirtschaf@@', 'tliche', 'und', 'sicher@@', 'heits@@', 'politische', 'Be@@', 'zieh@@', 'ungen', 'zu', 'bes@@', 'pre@@', 'chen', '.']
2026-05-11 21:19:13,137 - DEBUG - joeynmt.training - 	Tokenized reference:  ['Indi@@', 'a', '&apos;s', 'new', 'pri@@', 'me', 'minist@@', 'er', ',', 'N@@', 'ar@@', 'end@@', 'ra', 'Mo@@', 'd@@', 'i', ',', 'is', 'me@@', 'eting', 'his', 'J@@', 'ap@@', 'an@@', 'ese', 'coun@@', 'ter@@', 'part', ',', 'S@@', 'hin@@', 'z@@', 'o', 'A@@', 'be', ',', 'in', 'T@@', 'ok@@', 'y@@', 'o', 'to', 'disc@@', 'uss', 'economic', 'and', 'security', 'ties', ',', 'on', 'his', 'first', 'major', 'fore@@', 'ign', 'visi@@', 't', 'since', 'w@@', 'inn@@', 'ing', 'Ma@@', 'y', '&apos;s', 'elec@@', 'tion', '.']
2026-05-11 21:19:13,137 - DEBUG - joeynmt.training - 	Tokenized hypothesis: ['Indi@@', 'a', '&apos;s', 'ne@@', 'ar', 'Pri@@', 'me', 'Minist@@', 'er', 'N@@', 'ar@@', 'end@@', 'ra', 'Mo@@', 'd@@', 'i', ',', 'in', 'his', 'first', 'important', 'ex@@', 'tra@@', 'ordin@@', 'ary', 'ex@@', 'tern@@', 'al', 'ho@@', 'sp@@', 'ital', 'of', 'the', 'M@@', 'ini@@', 'stry', 'of', 'S@@', 'hin@@', 'z@@', 'o', 'A@@', 'be', 'in', 'T@@', 'ok@@', 'o', ',', 'in', 'order', 'to', 're@@', 'ach', 'economic', 'and', 'saf@@', 'ety', 'political', 'rel@@', 'ations', '.', '</s>']
2026-05-11 21:19:13,137 - INFO - joeynmt.training - 	Source:     Indiens neuer Premierminister Narendra Modi trifft bei seinem ersten wichtigen Auslandsbesuch seit seinem Wahlsieg im Mai seinen japanischen Amtskollegen Shinzo Abe in Toko , um wirtschaftliche und sicherheitspolitische Beziehungen zu besprechen .
2026-05-11 21:19:13,137 - INFO - joeynmt.training - 	Reference:  India &apos;s new prime minister , Narendra Modi , is meeting his Japanese counterpart , Shinzo Abe , in Tokyo to discuss economic and security ties , on his first major foreign visit since winning May &apos;s election .
2026-05-11 21:19:13,137 - INFO - joeynmt.training - 	Hypothesis: India &apos;s near Prime Minister Narendra Modi , in his first important extraordinary external hospital of the Ministry of Shinzo Abe in Toko , in order to reach economic and safety political relations .
2026-05-11 21:19:13,137 - INFO - joeynmt.training - Example #2
2026-05-11 21:19:13,137 - DEBUG - joeynmt.training - 	Tokenized source:     ['Herr', 'Mo@@', 'd@@', 'i', 'befindet', 'sich', 'auf', 'einer', 'fü@@', 'n@@', 'f@@', 'tä@@', 'gi@@', 'gen', 'Rei@@', 'se', 'nach', 'J@@', 'ap@@', 'an', ',', 'um', 'die', 'wirtschaf@@', 'tlichen', 'Be@@', 'zieh@@', 'ungen', 'mit', 'der', 'd@@', 'rit@@', 't@@', 'größ@@', 'ten', 'Wirtschafts@@', 'n@@', 'ation', 'der', 'Welt', 'zu', 'fes@@', 'tigen', '.']
2026-05-11 21:19:13,137 - DEBUG - joeynmt.training - 	Tokenized reference:  ['Mr', 'Mo@@', 'd@@', 'i', 'is', 'on', 'a', 'fi@@', 've', '@@@', '-@@', '@', 'day', 'tri@@', 'p', 'to', 'J@@', 'ap@@', 'an', 'to', 'streng@@', 'then', 'economic', 'ties', 'with', 'the', 'third', 'lar@@', 'ges@@', 't', 'econom@@', 'y', 'in', 'the', 'world', '.']
2026-05-11 21:19:13,137 - DEBUG - joeynmt.training - 	Tokenized hypothesis: ['Mr', 'Mo@@', 'd@@', 'i', 'is', 'located', 'on', 'a', 'fi@@', 'f@@', 'ty', 'of', 'the', 'world', '&apos;s', 'economic', 'rel@@', 'ations', 'with', 'the', 'third', 'lar@@', 'ges@@', 't', 'economic', 'rel@@', 'ations', 'with', 'the', 'third', 'lar@@', 'ges@@', 't', 'economic', 'rel@@', 'ations', 'with', 'the', 'third', 'lar@@', 'ges@@', 't', 'economic', 'rel@@', 'ations', 'with', 'the', 'third', 'lar@@', 'ges@@', 't', 'economic', 'rel@@', 'ations', 'with', 'the', 'third', 'world', '.', '</s>']
2026-05-11 21:19:13,137 - INFO - joeynmt.training - 	Source:     Herr Modi befindet sich auf einer fünftägigen Reise nach Japan , um die wirtschaftlichen Beziehungen mit der drittgrößten Wirtschaftsnation der Welt zu festigen .
2026-05-11 21:19:13,137 - INFO - joeynmt.training - 	Reference:  Mr Modi is on a five @-@ day trip to Japan to strengthen economic ties with the third largest economy in the world .
2026-05-11 21:19:13,137 - INFO - joeynmt.training - 	Hypothesis: Mr Modi is located on a fifty of the world &apos;s economic relations with the third largest economic relations with the third largest economic relations with the third largest economic relations with the third largest economic relations with the third world .
2026-05-11 21:19:13,137 - INFO - joeynmt.training - Example #3
2026-05-11 21:19:13,137 - DEBUG - joeynmt.training - 	Tokenized source:     ['P@@', 'län@@', 'e', 'für', 'eine', 'stärk@@', 'ere', 'k@@', 'ern@@', 'techn@@', 'ische', 'Zusammenarbeit', 'stehen', 'ganz', 'ob@@', 'en', 'auf', 'der', 'Tag@@', 'es@@', 'ordnung', '.']
2026-05-11 21:19:13,138 - DEBUG - joeynmt.training - 	Tokenized reference:  ['high', 'on', 'the', 'agen@@', 'da', 'are', 'pl@@', 'ans', 'for', 'gre@@', 'ater', 'nu@@', 'clear', 'c@@', 'o', '@@@', '-@@', '@', 'operation', '.']
2026-05-11 21:19:13,138 - DEBUG - joeynmt.training - 	Tokenized hypothesis: ['pl@@', 'ans', 'for', 'more', 'nu@@', 'clear', 'techn@@', 'ical', 'cooperation', 'are', 'ac@@', 'ro@@', 'ss', 'on', 'the', 'agen@@', 'da', '.', '</s>']
2026-05-11 21:19:13,138 - INFO - joeynmt.training - 	Source:     Pläne für eine stärkere kerntechnische Zusammenarbeit stehen ganz oben auf der Tagesordnung .
2026-05-11 21:19:13,138 - INFO - joeynmt.training - 	Reference:  high on the agenda are plans for greater nuclear co @-@ operation .
2026-05-11 21:19:13,138 - INFO - joeynmt.training - 	Hypothesis: plans for more nuclear technical cooperation are across on the agenda .
2026-05-11 21:19:13,138 - INFO - joeynmt.training - Example #4
2026-05-11 21:19:13,138 - DEBUG - joeynmt.training - 	Tokenized source:     ['Berich@@', 'ten', 'zu@@', 'fol@@', 'ge', 'ho@@', 'fft', 'Indi@@', 'en', 'darüber', 'hinaus', 'auf', 'einen', 'Ver@@', 'trag', 'zur', 'Ver@@', 'tei@@', 'dig@@', 'ungs@@', 'zusammen@@', 'arbeit', 'zwischen', 'den', 'beiden', 'N@@', 'ationen', '.']
2026-05-11 21:19:13,138 - DEBUG - joeynmt.training - 	Tokenized reference:  ['Indi@@', 'a', 'is', 'also', 're@@', 'porte@@', 'dly', 'hop@@', 'ing', 'for', 'a', 'de@@', 'al', 'on', 'def@@', 'ence', 'c@@', 'oll@@', 'ab@@', 'or@@', 'ation', 'between', 'the', 'two', 'n@@', 'ations', '.']
2026-05-11 21:19:13,138 - DEBUG - joeynmt.training - 	Tokenized hypothesis: ['the', 're@@', 'ports', ',', 'Indi@@', 'a', 'is', 'also', 'a@@', 'ware', 'of', 'the', 'con@@', 'tra@@', 'ct', 'on', 'the', 'con@@', 'tra@@', 'ct', 'between', 'the', 'two', 'n@@', 'ations', '.', '</s>']
2026-05-11 21:19:13,138 - INFO - joeynmt.training - 	Source:     Berichten zufolge hofft Indien darüber hinaus auf einen Vertrag zur Verteidigungszusammenarbeit zwischen den beiden Nationen .
2026-05-11 21:19:13,138 - INFO - joeynmt.training - 	Reference:  India is also reportedly hoping for a deal on defence collaboration between the two nations .
2026-05-11 21:19:13,138 - INFO - joeynmt.training - 	Hypothesis: the reports , India is also aware of the contract on the contract between the two nations .
2026-05-11 21:19:46,454 - INFO - joeynmt.training - Epoch   8, Step:    31100, Batch Loss:     1.718820, Batch Acc: 0.533978, Tokens per Sec:     2790, Lr: 0.000300
2026-05-11 21:20:20,694 - INFO - joeynmt.training - Epoch   8, Step:    31200, Batch Loss:     1.981705, Batch Acc: 0.535086, Tokens per Sec:     2669, Lr: 0.000300
2026-05-11 21:20:54,144 - INFO - joeynmt.training - Epoch   8, Step:    31300, Batch Loss:     1.906361, Batch Acc: 0.526460, Tokens per Sec:     2674, Lr: 0.000300
2026-05-11 21:21:27,395 - INFO - joeynmt.training - Epoch   8, Step:    31400, Batch Loss:     1.617886, Batch Acc: 0.534906, Tokens per Sec:     2755, Lr: 0.000300
2026-05-11 21:22:00,734 - INFO - joeynmt.training - Epoch   8, Step:    31500, Batch Loss:     1.816703, Batch Acc: 0.528277, Tokens per Sec:     2768, Lr: 0.000300
2026-05-11 21:22:00,735 - INFO - joeynmt.prediction - Predicting 500 example(s)... (Greedy decoding with min_output_length=1, max_output_length=-1, return_prob='none', generate_unk=True, repetition_penalty=-1, no_repeat_ngram_size=-1)
2026-05-11 21:22:41,416 - INFO - joeynmt.prediction - Evaluation result (greedy) loss:   2.10, ppl:   8.15, acc:   0.46, generation: 40.6684[sec], evaluation: 0.0000[sec]
2026-05-11 21:22:41,616 - INFO - joeynmt.helpers - delete models/deen_transformer_pre/29000.ckpt
2026-05-11 21:22:41,623 - INFO - joeynmt.training - Example #0
2026-05-11 21:22:41,624 - DEBUG - joeynmt.training - 	Tokenized source:     ['die', 'Pre@@', 'mi@@', 'er@@', 'minist@@', 'er', 'Indi@@', 'ens', 'und', 'J@@', 'ap@@', 'ans', 'tra@@', 'fen', 'sich', 'in', 'T@@', 'ok@@', 'i@@', 'o', '.']
2026-05-11 21:22:41,624 - DEBUG - joeynmt.training - 	Tokenized reference:  ['Indi@@', 'a', 'and', 'J@@', 'ap@@', 'an', 'pri@@', 'me', 'minist@@', 'ers', 'me@@', 'et', 'in', 'T@@', 'ok@@', 'y@@', 'o']
2026-05-11 21:22:41,624 - DEBUG - joeynmt.training - 	Tokenized hypothesis: ['the', 'Pri@@', 'me', 'Minist@@', 'er', 'Indi@@', 'a', 'and', 'J@@', 'ap@@', 'an', '&apos;s', 'pri@@', 'me', 'minist@@', 'er', 'in', 'T@@', 'ok@@', 'i@@', 'o', '.', '</s>']
2026-05-11 21:22:41,624 - INFO - joeynmt.training - 	Source:     die Premierminister Indiens und Japans trafen sich in Tokio .
2026-05-11 21:22:41,624 - INFO - joeynmt.training - 	Reference:  India and Japan prime ministers meet in Tokyo
2026-05-11 21:22:41,624 - INFO - joeynmt.training - 	Hypothesis: the Prime Minister India and Japan &apos;s prime minister in Tokio .
2026-05-11 21:22:41,624 - INFO - joeynmt.training - Example #1
2026-05-11 21:22:41,624 - DEBUG - joeynmt.training - 	Tokenized source:     ['Indi@@', 'ens', 'neu@@', 'er', 'Pre@@', 'mi@@', 'er@@', 'minist@@', 'er', 'N@@', 'ar@@', 'end@@', 'ra', 'Mo@@', 'd@@', 'i', 'tri@@', 'fft', 'bei', 's@@', 'einem', 'ersten', 'wichti@@', 'gen', 'Aus@@', 'land@@', 's@@', 'bes@@', 'u@@', 'ch', 'seit', 's@@', 'einem', 'W@@', 'ah@@', 'l@@', 'si@@', 'e@@', 'g', 'im', 'Ma@@', 'i', 'seinen', 'j@@', 'ap@@', 'an@@', 'ischen', 'Am@@', 'ts@@', 'k@@', 'olle@@', 'gen', 'S@@', 'hin@@', 'z@@', 'o', 'A@@', 'be', 'in', 'T@@', 'ok@@', 'o', ',', 'um', 'wirtschaf@@', 'tliche', 'und', 'sicher@@', 'heits@@', 'politische', 'Be@@', 'zieh@@', 'ungen', 'zu', 'bes@@', 'pre@@', 'chen', '.']
2026-05-11 21:22:41,624 - DEBUG - joeynmt.training - 	Tokenized reference:  ['Indi@@', 'a', '&apos;s', 'new', 'pri@@', 'me', 'minist@@', 'er', ',', 'N@@', 'ar@@', 'end@@', 'ra', 'Mo@@', 'd@@', 'i', ',', 'is', 'me@@', 'eting', 'his', 'J@@', 'ap@@', 'an@@', 'ese', 'coun@@', 'ter@@', 'part', ',', 'S@@', 'hin@@', 'z@@', 'o', 'A@@', 'be', ',', 'in', 'T@@', 'ok@@', 'y@@', 'o', 'to', 'disc@@', 'uss', 'economic', 'and', 'security', 'ties', ',', 'on', 'his', 'first', 'major', 'fore@@', 'ign', 'visi@@', 't', 'since', 'w@@', 'inn@@', 'ing', 'Ma@@', 'y', '&apos;s', 'elec@@', 'tion', '.']
2026-05-11 21:22:41,624 - DEBUG - joeynmt.training - 	Tokenized hypothesis: ['Indi@@', 'a', '&apos;s', 'pri@@', 'me', 'minist@@', 'er', 'N@@', 'ar@@', 'end@@', 'ra', 'Mo@@', 'd@@', 'i', ',', 'in', 'his', 'first', 'important', 'ex@@', 'tern@@', 'al', 'fore@@', 'ign', 'and', 'in', 'the', 'first', 'of', 'all', 'the', 'year', ',', 'has', 'been', 'a@@', 'war@@', 'ded', 'by', 'his', 'J@@', 'ap@@', 'an@@', 'ese', 'off@@', 'i@@', 'cial', 'colle@@', 'ag@@', 'u@@', 'es', 'S@@', 'hin@@', 'z@@', 'o', 'A@@', 'be', 'in', 'T@@', 'ok@@', 'o', ',', 'in', 'order', 'to', 'visi@@', 't', 'the', 'economic', 'and', 'security', 'policy', 'rel@@', 'ations', '.', '</s>']
2026-05-11 21:22:41,624 - INFO - joeynmt.training - 	Source:     Indiens neuer Premierminister Narendra Modi trifft bei seinem ersten wichtigen Auslandsbesuch seit seinem Wahlsieg im Mai seinen japanischen Amtskollegen Shinzo Abe in Toko , um wirtschaftliche und sicherheitspolitische Beziehungen zu besprechen .
2026-05-11 21:22:41,624 - INFO - joeynmt.training - 	Reference:  India &apos;s new prime minister , Narendra Modi , is meeting his Japanese counterpart , Shinzo Abe , in Tokyo to discuss economic and security ties , on his first major foreign visit since winning May &apos;s election .
2026-05-11 21:22:41,625 - INFO - joeynmt.training - 	Hypothesis: India &apos;s prime minister Narendra Modi , in his first important external foreign and in the first of all the year , has been awarded by his Japanese official colleagues Shinzo Abe in Toko , in order to visit the economic and security policy relations .
2026-05-11 21:22:41,625 - INFO - joeynmt.training - Example #2
2026-05-11 21:22:41,625 - DEBUG - joeynmt.training - 	Tokenized source:     ['Herr', 'Mo@@', 'd@@', 'i', 'befindet', 'sich', 'auf', 'einer', 'fü@@', 'n@@', 'f@@', 'tä@@', 'gi@@', 'gen', 'Rei@@', 'se', 'nach', 'J@@', 'ap@@', 'an', ',', 'um', 'die', 'wirtschaf@@', 'tlichen', 'Be@@', 'zieh@@', 'ungen', 'mit', 'der', 'd@@', 'rit@@', 't@@', 'größ@@', 'ten', 'Wirtschafts@@', 'n@@', 'ation', 'der', 'Welt', 'zu', 'fes@@', 'tigen', '.']
2026-05-11 21:22:41,625 - DEBUG - joeynmt.training - 	Tokenized reference:  ['Mr', 'Mo@@', 'd@@', 'i', 'is', 'on', 'a', 'fi@@', 've', '@@@', '-@@', '@', 'day', 'tri@@', 'p', 'to', 'J@@', 'ap@@', 'an', 'to', 'streng@@', 'then', 'economic', 'ties', 'with', 'the', 'third', 'lar@@', 'ges@@', 't', 'econom@@', 'y', 'in', 'the', 'world', '.']
2026-05-11 21:22:41,625 - DEBUG - joeynmt.training - 	Tokenized hypothesis: ['Mr', 'Mo@@', 'd@@', 'i', 'is', 'on', 'a', 'fi@@', 'f@@', 'ty', 'of', 'a', 'fi@@', 'f@@', 'ty', 'to', 'J@@', 'ap@@', 'an', ',', 'to', 'J@@', 'ap@@', 'an', ',', 'to', 'br@@', 'ing', 'economic', 'rel@@', 'ations', 'with', 'the', 'third', 'lar@@', 'ges@@', 't', 'economic', 'rel@@', 'ations', 'with', 'the', 'third', 'lar@@', 'ges@@', 't', 'economic', 'rel@@', 'ations', 'with', 'the', 'third', 'b@@', 'ig@@', 'ges@@', 't', 'economic', 'rel@@', 'ations', 'with', 'the', 'third', 'b@@', 'ig@@', 'ges@@', 't', 'economic', 'rel@@', 'ations', 'with', 'the', 'third', 'par@@', 'ty', 'of', 'the', 'world', '.', '</s>']
2026-05-11 21:22:41,625 - INFO - joeynmt.training - 	Source:     Herr Modi befindet sich auf einer fünftägigen Reise nach Japan , um die wirtschaftlichen Beziehungen mit der drittgrößten Wirtschaftsnation der Welt zu festigen .
2026-05-11 21:22:41,625 - INFO - joeynmt.training - 	Reference:  Mr Modi is on a five @-@ day trip to Japan to strengthen economic ties with the third largest economy in the world .
2026-05-11 21:22:41,625 - INFO - joeynmt.training - 	Hypothesis: Mr Modi is on a fifty of a fifty to Japan , to Japan , to bring economic relations with the third largest economic relations with the third largest economic relations with the third biggest economic relations with the third biggest economic relations with the third party of the world .
2026-05-11 21:22:41,625 - INFO - joeynmt.training - Example #3
2026-05-11 21:22:41,625 - DEBUG - joeynmt.training - 	Tokenized source:     ['P@@', 'län@@', 'e', 'für', 'eine', 'stärk@@', 'ere', 'k@@', 'ern@@', 'techn@@', 'ische', 'Zusammenarbeit', 'stehen', 'ganz', 'ob@@', 'en', 'auf', 'der', 'Tag@@', 'es@@', 'ordnung', '.']
2026-05-11 21:22:41,625 - DEBUG - joeynmt.training - 	Tokenized reference:  ['high', 'on', 'the', 'agen@@', 'da', 'are', 'pl@@', 'ans', 'for', 'gre@@', 'ater', 'nu@@', 'clear', 'c@@', 'o', '@@@', '-@@', '@', 'operation', '.']
2026-05-11 21:22:41,625 - DEBUG - joeynmt.training - 	Tokenized hypothesis: ['pl@@', 'ans', 'for', 'more', 'nu@@', 'clear', 'techn@@', 'ical', 'cooperation', 'are', 'very', 'ob@@', 'vi@@', 'ous', 'on', 'the', 'agen@@', 'da', '.', '</s>']
2026-05-11 21:22:41,625 - INFO - joeynmt.training - 	Source:     Pläne für eine stärkere kerntechnische Zusammenarbeit stehen ganz oben auf der Tagesordnung .
2026-05-11 21:22:41,625 - INFO - joeynmt.training - 	Reference:  high on the agenda are plans for greater nuclear co @-@ operation .
2026-05-11 21:22:41,625 - INFO - joeynmt.training - 	Hypothesis: plans for more nuclear technical cooperation are very obvious on the agenda .
2026-05-11 21:22:41,625 - INFO - joeynmt.training - Example #4
2026-05-11 21:22:41,626 - DEBUG - joeynmt.training - 	Tokenized source:     ['Berich@@', 'ten', 'zu@@', 'fol@@', 'ge', 'ho@@', 'fft', 'Indi@@', 'en', 'darüber', 'hinaus', 'auf', 'einen', 'Ver@@', 'trag', 'zur', 'Ver@@', 'tei@@', 'dig@@', 'ungs@@', 'zusammen@@', 'arbeit', 'zwischen', 'den', 'beiden', 'N@@', 'ationen', '.']
2026-05-11 21:22:41,626 - DEBUG - joeynmt.training - 	Tokenized reference:  ['Indi@@', 'a', 'is', 'also', 're@@', 'porte@@', 'dly', 'hop@@', 'ing', 'for', 'a', 'de@@', 'al', 'on', 'def@@', 'ence', 'c@@', 'oll@@', 'ab@@', 'or@@', 'ation', 'between', 'the', 'two', 'n@@', 'ations', '.']
2026-05-11 21:22:41,626 - DEBUG - joeynmt.training - 	Tokenized hypothesis: ['it', 'is', 'also', 'a', 'high', 'de@@', 'gre@@', 'e', 'of', 'Indi@@', 'a', ',', 'to', 'a', 'con@@', 'tra@@', 'ct', 'on', 'a', 'con@@', 'tra@@', 'ct', 'on', 'a', 'con@@', 'tra@@', 'ct', 'on', 'a', 'con@@', 'tra@@', 'ct', 'on', 'the', 'basis', 'of', 'the', 'new', 'and', 'to', 'be', 'a', 'con@@', 'tra@@', 'ct', 'on', 'the', 'con@@', 'tra@@', 'ct', '.', '</s>']
2026-05-11 21:22:41,626 - INFO - joeynmt.training - 	Source:     Berichten zufolge hofft Indien darüber hinaus auf einen Vertrag zur Verteidigungszusammenarbeit zwischen den beiden Nationen .
2026-05-11 21:22:41,626 - INFO - joeynmt.training - 	Reference:  India is also reportedly hoping for a deal on defence collaboration between the two nations .
2026-05-11 21:22:41,626 - INFO - joeynmt.training - 	Hypothesis: it is also a high degree of India , to a contract on a contract on a contract on a contract on the basis of the new and to be a contract on the contract .
2026-05-11 21:23:16,057 - INFO - joeynmt.training - Epoch   8, Step:    31600, Batch Loss:     1.867217, Batch Acc: 0.530258, Tokens per Sec:     2679, Lr: 0.000300
2026-05-11 21:23:49,299 - INFO - joeynmt.training - Epoch   8, Step:    31700, Batch Loss:     1.850983, Batch Acc: 0.534701, Tokens per Sec:     2723, Lr: 0.000300
2026-05-11 21:24:22,989 - INFO - joeynmt.training - Epoch   8, Step:    31800, Batch Loss:     1.661827, Batch Acc: 0.527966, Tokens per Sec:     2760, Lr: 0.000300
2026-05-11 21:24:56,563 - INFO - joeynmt.training - Epoch   8, Step:    31900, Batch Loss:     1.780726, Batch Acc: 0.532510, Tokens per Sec:     2770, Lr: 0.000300
2026-05-11 21:25:29,341 - INFO - joeynmt.training - Epoch   8, Step:    32000, Batch Loss:     1.817012, Batch Acc: 0.531610, Tokens per Sec:     2797, Lr: 0.000300
2026-05-11 21:25:29,342 - INFO - joeynmt.prediction - Predicting 500 example(s)... (Greedy decoding with min_output_length=1, max_output_length=-1, return_prob='none', generate_unk=True, repetition_penalty=-1, no_repeat_ngram_size=-1)
2026-05-11 21:26:10,163 - INFO - joeynmt.prediction - Evaluation result (greedy) loss:   2.09, ppl:   8.06, acc:   0.46, generation: 40.8124[sec], evaluation: 0.0000[sec]
2026-05-11 21:26:10,166 - INFO - joeynmt.training - Hooray! New best validation result [ppl]!
2026-05-11 21:26:10,332 - INFO - joeynmt.helpers - delete models/deen_transformer_pre/28500.ckpt
2026-05-11 21:26:10,338 - INFO - joeynmt.training - Example #0
2026-05-11 21:26:10,338 - DEBUG - joeynmt.training - 	Tokenized source:     ['die', 'Pre@@', 'mi@@', 'er@@', 'minist@@', 'er', 'Indi@@', 'ens', 'und', 'J@@', 'ap@@', 'ans', 'tra@@', 'fen', 'sich', 'in', 'T@@', 'ok@@', 'i@@', 'o', '.']
2026-05-11 21:26:10,338 - DEBUG - joeynmt.training - 	Tokenized reference:  ['Indi@@', 'a', 'and', 'J@@', 'ap@@', 'an', 'pri@@', 'me', 'minist@@', 'ers', 'me@@', 'et', 'in', 'T@@', 'ok@@', 'y@@', 'o']
2026-05-11 21:26:10,338 - DEBUG - joeynmt.training - 	Tokenized hypothesis: ['the', 'Pri@@', 'me', 'Minist@@', 'er', 'of', 'Indi@@', 'a', 'and', 'J@@', 'ap@@', 'an', '&apos;s', 'le@@', 't@@', 'ter', '.', '</s>']
2026-05-11 21:26:10,338 - INFO - joeynmt.training - 	Source:     die Premierminister Indiens und Japans trafen sich in Tokio .
2026-05-11 21:26:10,338 - INFO - joeynmt.training - 	Reference:  India and Japan prime ministers meet in Tokyo
2026-05-11 21:26:10,338 - INFO - joeynmt.training - 	Hypothesis: the Prime Minister of India and Japan &apos;s letter .
2026-05-11 21:26:10,338 - INFO - joeynmt.training - Example #1
2026-05-11 21:26:10,338 - DEBUG - joeynmt.training - 	Tokenized source:     ['Indi@@', 'ens', 'neu@@', 'er', 'Pre@@', 'mi@@', 'er@@', 'minist@@', 'er', 'N@@', 'ar@@', 'end@@', 'ra', 'Mo@@', 'd@@', 'i', 'tri@@', 'fft', 'bei', 's@@', 'einem', 'ersten', 'wichti@@', 'gen', 'Aus@@', 'land@@', 's@@', 'bes@@', 'u@@', 'ch', 'seit', 's@@', 'einem', 'W@@', 'ah@@', 'l@@', 'si@@', 'e@@', 'g', 'im', 'Ma@@', 'i', 'seinen', 'j@@', 'ap@@', 'an@@', 'ischen', 'Am@@', 'ts@@', 'k@@', 'olle@@', 'gen', 'S@@', 'hin@@', 'z@@', 'o', 'A@@', 'be', 'in', 'T@@', 'ok@@', 'o', ',', 'um', 'wirtschaf@@', 'tliche', 'und', 'sicher@@', 'heits@@', 'politische', 'Be@@', 'zieh@@', 'ungen', 'zu', 'bes@@', 'pre@@', 'chen', '.']
2026-05-11 21:26:10,339 - DEBUG - joeynmt.training - 	Tokenized reference:  ['Indi@@', 'a', '&apos;s', 'new', 'pri@@', 'me', 'minist@@', 'er', ',', 'N@@', 'ar@@', 'end@@', 'ra', 'Mo@@', 'd@@', 'i', ',', 'is', 'me@@', 'eting', 'his', 'J@@', 'ap@@', 'an@@', 'ese', 'coun@@', 'ter@@', 'part', ',', 'S@@', 'hin@@', 'z@@', 'o', 'A@@', 'be', ',', 'in', 'T@@', 'ok@@', 'y@@', 'o', 'to', 'disc@@', 'uss', 'economic', 'and', 'security', 'ties', ',', 'on', 'his', 'first', 'major', 'fore@@', 'ign', 'visi@@', 't', 'since', 'w@@', 'inn@@', 'ing', 'Ma@@', 'y', '&apos;s', 'elec@@', 'tion', '.']
2026-05-11 21:26:10,339 - DEBUG - joeynmt.training - 	Tokenized hypothesis: ['Indi@@', 'a', '&apos;s', 'pri@@', 'me', 'minist@@', 'er', 'N@@', 'ar@@', 'end@@', 'ra', 'Mo@@', 'd@@', 'i', ',', 'in', 'his', 'first', 'important', 'fore@@', 'ign', 'land@@', 's@@', '-@@', 'German', 'German', 'German', 'German', 'F@@', 'e@@', 'der@@', 'al', 'C@@', 'ha@@', 'p@@', 'ter', 'of', 'J@@', 'ap@@', 'an@@', 'ese', 'off@@', 'ic@@', 'es', 'S@@', 'hin@@', 'z@@', 'o', 'A@@', 'be', 'in', 'T@@', 'ok@@', 'o', ',', 'in', 'C@@', 'or@@', 'por@@', 'ate', ',', 'in', 'T@@', 'ok@@', 'o', ',', 'in', 'C@@', 'ro@@', 'ss', 'A@@', 'be', 'in', 'T@@', 'ok@@', 'o', '.', '</s>']
2026-05-11 21:26:10,339 - INFO - joeynmt.training - 	Source:     Indiens neuer Premierminister Narendra Modi trifft bei seinem ersten wichtigen Auslandsbesuch seit seinem Wahlsieg im Mai seinen japanischen Amtskollegen Shinzo Abe in Toko , um wirtschaftliche und sicherheitspolitische Beziehungen zu besprechen .
2026-05-11 21:26:10,339 - INFO - joeynmt.training - 	Reference:  India &apos;s new prime minister , Narendra Modi , is meeting his Japanese counterpart , Shinzo Abe , in Tokyo to discuss economic and security ties , on his first major foreign visit since winning May &apos;s election .
2026-05-11 21:26:10,339 - INFO - joeynmt.training - 	Hypothesis: India &apos;s prime minister Narendra Modi , in his first important foreign lands-German German German German Federal Chapter of Japanese offices Shinzo Abe in Toko , in Corporate , in Toko , in Cross Abe in Toko .
2026-05-11 21:26:10,339 - INFO - joeynmt.training - Example #2
2026-05-11 21:26:10,339 - DEBUG - joeynmt.training - 	Tokenized source:     ['Herr', 'Mo@@', 'd@@', 'i', 'befindet', 'sich', 'auf', 'einer', 'fü@@', 'n@@', 'f@@', 'tä@@', 'gi@@', 'gen', 'Rei@@', 'se', 'nach', 'J@@', 'ap@@', 'an', ',', 'um', 'die', 'wirtschaf@@', 'tlichen', 'Be@@', 'zieh@@', 'ungen', 'mit', 'der', 'd@@', 'rit@@', 't@@', 'größ@@', 'ten', 'Wirtschafts@@', 'n@@', 'ation', 'der', 'Welt', 'zu', 'fes@@', 'tigen', '.']
2026-05-11 21:26:10,339 - DEBUG - joeynmt.training - 	Tokenized reference:  ['Mr', 'Mo@@', 'd@@', 'i', 'is', 'on', 'a', 'fi@@', 've', '@@@', '-@@', '@', 'day', 'tri@@', 'p', 'to', 'J@@', 'ap@@', 'an', 'to', 'streng@@', 'then', 'economic', 'ties', 'with', 'the', 'third', 'lar@@', 'ges@@', 't', 'econom@@', 'y', 'in', 'the', 'world', '.']
2026-05-11 21:26:10,339 - DEBUG - joeynmt.training - 	Tokenized hypothesis: ['Mr', 'Mo@@', 'd@@', 'i', 'is', 'on', 'a', 'fi@@', 'f@@', 'ty', 'of', 'a', 'fi@@', 'f@@', 'ty', 'of', 'j@@', 'ap@@', 'an', ',', 'to', 'J@@', 'ap@@', 'an', ',', 'to', 'the', 'economic', 'rel@@', 'ations', 'with', 'the', 'third', 'lar@@', 'ges@@', 't', 'economic', 'n@@', 'ation', 'of', 'the', 'world', '.', '</s>']
2026-05-11 21:26:10,339 - INFO - joeynmt.training - 	Source:     Herr Modi befindet sich auf einer fünftägigen Reise nach Japan , um die wirtschaftlichen Beziehungen mit der drittgrößten Wirtschaftsnation der Welt zu festigen .
2026-05-11 21:26:10,339 - INFO - joeynmt.training - 	Reference:  Mr Modi is on a five @-@ day trip to Japan to strengthen economic ties with the third largest economy in the world .
2026-05-11 21:26:10,339 - INFO - joeynmt.training - 	Hypothesis: Mr Modi is on a fifty of a fifty of japan , to Japan , to the economic relations with the third largest economic nation of the world .
2026-05-11 21:26:10,339 - INFO - joeynmt.training - Example #3
2026-05-11 21:26:10,339 - DEBUG - joeynmt.training - 	Tokenized source:     ['P@@', 'län@@', 'e', 'für', 'eine', 'stärk@@', 'ere', 'k@@', 'ern@@', 'techn@@', 'ische', 'Zusammenarbeit', 'stehen', 'ganz', 'ob@@', 'en', 'auf', 'der', 'Tag@@', 'es@@', 'ordnung', '.']
2026-05-11 21:26:10,339 - DEBUG - joeynmt.training - 	Tokenized reference:  ['high', 'on', 'the', 'agen@@', 'da', 'are', 'pl@@', 'ans', 'for', 'gre@@', 'ater', 'nu@@', 'clear', 'c@@', 'o', '@@@', '-@@', '@', 'operation', '.']
2026-05-11 21:26:10,339 - DEBUG - joeynmt.training - 	Tokenized hypothesis: ['P@@', 'lan@@', 'e', 'for', 'more', 'seri@@', 'ous', 'techn@@', 'ical', 'cooperation', 'are', 'very', 'important', 'on', 'the', 'agen@@', 'da', '.', '</s>']
2026-05-11 21:26:10,340 - INFO - joeynmt.training - 	Source:     Pläne für eine stärkere kerntechnische Zusammenarbeit stehen ganz oben auf der Tagesordnung .
2026-05-11 21:26:10,340 - INFO - joeynmt.training - 	Reference:  high on the agenda are plans for greater nuclear co @-@ operation .
2026-05-11 21:26:10,340 - INFO - joeynmt.training - 	Hypothesis: Plane for more serious technical cooperation are very important on the agenda .
2026-05-11 21:26:10,340 - INFO - joeynmt.training - Example #4
2026-05-11 21:26:10,340 - DEBUG - joeynmt.training - 	Tokenized source:     ['Berich@@', 'ten', 'zu@@', 'fol@@', 'ge', 'ho@@', 'fft', 'Indi@@', 'en', 'darüber', 'hinaus', 'auf', 'einen', 'Ver@@', 'trag', 'zur', 'Ver@@', 'tei@@', 'dig@@', 'ungs@@', 'zusammen@@', 'arbeit', 'zwischen', 'den', 'beiden', 'N@@', 'ationen', '.']
2026-05-11 21:26:10,340 - DEBUG - joeynmt.training - 	Tokenized reference:  ['Indi@@', 'a', 'is', 'also', 're@@', 'porte@@', 'dly', 'hop@@', 'ing', 'for', 'a', 'de@@', 'al', 'on', 'def@@', 'ence', 'c@@', 'oll@@', 'ab@@', 'or@@', 'ation', 'between', 'the', 'two', 'n@@', 'ations', '.']
2026-05-11 21:26:10,340 - DEBUG - joeynmt.training - 	Tokenized hypothesis: ['the', 're@@', 'ports', ',', 'Indi@@', 'a', 'is', 'also', 'a', 'question', 'of', 'con@@', 'tra@@', 'ct', 'on', 'a', 'con@@', 'tra@@', 'ct', 'on', 'the', 'con@@', 'tra@@', 'ct', '.', '</s>']
2026-05-11 21:26:10,340 - INFO - joeynmt.training - 	Source:     Berichten zufolge hofft Indien darüber hinaus auf einen Vertrag zur Verteidigungszusammenarbeit zwischen den beiden Nationen .
2026-05-11 21:26:10,340 - INFO - joeynmt.training - 	Reference:  India is also reportedly hoping for a deal on defence collaboration between the two nations .
2026-05-11 21:26:10,340 - INFO - joeynmt.training - 	Hypothesis: the reports , India is also a question of contract on a contract on the contract .
2026-05-11 21:26:35,645 - INFO - joeynmt.training - Epoch   8, Step:    32100, Batch Loss:     1.597139, Batch Acc: 0.538676, Tokens per Sec:     3591, Lr: 0.000300
2026-05-11 21:27:01,518 - INFO - joeynmt.training - Epoch   8, Step:    32200, Batch Loss:     1.827774, Batch Acc: 0.532482, Tokens per Sec:     3549, Lr: 0.000300
2026-05-11 21:27:27,204 - INFO - joeynmt.training - Epoch   8, Step:    32300, Batch Loss:     1.491698, Batch Acc: 0.531566, Tokens per Sec:     3581, Lr: 0.000300
2026-05-11 21:27:52,918 - INFO - joeynmt.training - Epoch   8, Step:    32400, Batch Loss:     1.588726, Batch Acc: 0.535392, Tokens per Sec:     3496, Lr: 0.000300
2026-05-11 21:28:18,896 - INFO - joeynmt.training - Epoch   8, Step:    32500, Batch Loss:     1.662035, Batch Acc: 0.540664, Tokens per Sec:     3459, Lr: 0.000300
2026-05-11 21:28:18,896 - INFO - joeynmt.prediction - Predicting 500 example(s)... (Greedy decoding with min_output_length=1, max_output_length=-1, return_prob='none', generate_unk=True, repetition_penalty=-1, no_repeat_ngram_size=-1)
2026-05-11 21:29:05,814 - INFO - joeynmt.prediction - Evaluation result (greedy) loss:   2.10, ppl:   8.13, acc:   0.46, generation: 46.9101[sec], evaluation: 0.0000[sec]
2026-05-11 21:29:05,971 - INFO - joeynmt.helpers - delete models/deen_transformer_pre/30500.ckpt
2026-05-11 21:29:05,975 - INFO - joeynmt.training - Example #0
2026-05-11 21:29:05,975 - DEBUG - joeynmt.training - 	Tokenized source:     ['die', 'Pre@@', 'mi@@', 'er@@', 'minist@@', 'er', 'Indi@@', 'ens', 'und', 'J@@', 'ap@@', 'ans', 'tra@@', 'fen', 'sich', 'in', 'T@@', 'ok@@', 'i@@', 'o', '.']
2026-05-11 21:29:05,975 - DEBUG - joeynmt.training - 	Tokenized reference:  ['Indi@@', 'a', 'and', 'J@@', 'ap@@', 'an', 'pri@@', 'me', 'minist@@', 'ers', 'me@@', 'et', 'in', 'T@@', 'ok@@', 'y@@', 'o']
2026-05-11 21:29:05,975 - DEBUG - joeynmt.training - 	Tokenized hypothesis: ['Pri@@', 'me', 'Minist@@', 'er', 'Indi@@', 'a', 'and', 'J@@', 'ap@@', 'an', '&apos;s', 'tra@@', 'ff@@', 'i@@', 'ck@@', 'ing', 'in', 'T@@', 'ok@@', 'y@@', 'o', '.', '</s>']
2026-05-11 21:29:05,975 - INFO - joeynmt.training - 	Source:     die Premierminister Indiens und Japans trafen sich in Tokio .
2026-05-11 21:29:05,975 - INFO - joeynmt.training - 	Reference:  India and Japan prime ministers meet in Tokyo
2026-05-11 21:29:05,975 - INFO - joeynmt.training - 	Hypothesis: Prime Minister India and Japan &apos;s trafficking in Tokyo .
2026-05-11 21:29:05,975 - INFO - joeynmt.training - Example #1
2026-05-11 21:29:05,976 - DEBUG - joeynmt.training - 	Tokenized source:     ['Indi@@', 'ens', 'neu@@', 'er', 'Pre@@', 'mi@@', 'er@@', 'minist@@', 'er', 'N@@', 'ar@@', 'end@@', 'ra', 'Mo@@', 'd@@', 'i', 'tri@@', 'fft', 'bei', 's@@', 'einem', 'ersten', 'wichti@@', 'gen', 'Aus@@', 'land@@', 's@@', 'bes@@', 'u@@', 'ch', 'seit', 's@@', 'einem', 'W@@', 'ah@@', 'l@@', 'si@@', 'e@@', 'g', 'im', 'Ma@@', 'i', 'seinen', 'j@@', 'ap@@', 'an@@', 'ischen', 'Am@@', 'ts@@', 'k@@', 'olle@@', 'gen', 'S@@', 'hin@@', 'z@@', 'o', 'A@@', 'be', 'in', 'T@@', 'ok@@', 'o', ',', 'um', 'wirtschaf@@', 'tliche', 'und', 'sicher@@', 'heits@@', 'politische', 'Be@@', 'zieh@@', 'ungen', 'zu', 'bes@@', 'pre@@', 'chen', '.']
2026-05-11 21:29:05,976 - DEBUG - joeynmt.training - 	Tokenized reference:  ['Indi@@', 'a', '&apos;s', 'new', 'pri@@', 'me', 'minist@@', 'er', ',', 'N@@', 'ar@@', 'end@@', 'ra', 'Mo@@', 'd@@', 'i', ',', 'is', 'me@@', 'eting', 'his', 'J@@', 'ap@@', 'an@@', 'ese', 'coun@@', 'ter@@', 'part', ',', 'S@@', 'hin@@', 'z@@', 'o', 'A@@', 'be', ',', 'in', 'T@@', 'ok@@', 'y@@', 'o', 'to', 'disc@@', 'uss', 'economic', 'and', 'security', 'ties', ',', 'on', 'his', 'first', 'major', 'fore@@', 'ign', 'visi@@', 't', 'since', 'w@@', 'inn@@', 'ing', 'Ma@@', 'y', '&apos;s', 'elec@@', 'tion', '.']
2026-05-11 21:29:05,976 - DEBUG - joeynmt.training - 	Tokenized hypothesis: ['Indi@@', 'a', '&apos;s', 'first', 'important', 'fore@@', 'ign', 'A@@', 'ff@@', 'air@@', 's', ',', 'S@@', 'hin@@', 'z@@', 'o', 'A@@', 'be', 'in', 'T@@', 'ok@@', 'o', ',', 'in', 'his', 'first', 'important', 'fore@@', 'ign', 'country', 'since', 'his', 'elec@@', 'tion', 'in', 'Ma@@', 'y', ',', 'S@@', 'hin@@', 'z@@', 'o', 'A@@', 'be', 'in', 'T@@', 'ok@@', 'o', ',', 'S@@', 'hin@@', 'z@@', 'o', 'A@@', 'be', 'in', 'T@@', 'ok@@', 'o', ',', 'in', 'order', 'to', 'visi@@', 't', 'the', 'A@@', 'be', 'in', 'T@@', 'ok@@', 'o', '.', '</s>']
2026-05-11 21:29:05,976 - INFO - joeynmt.training - 	Source:     Indiens neuer Premierminister Narendra Modi trifft bei seinem ersten wichtigen Auslandsbesuch seit seinem Wahlsieg im Mai seinen japanischen Amtskollegen Shinzo Abe in Toko , um wirtschaftliche und sicherheitspolitische Beziehungen zu besprechen .
2026-05-11 21:29:05,976 - INFO - joeynmt.training - 	Reference:  India &apos;s new prime minister , Narendra Modi , is meeting his Japanese counterpart , Shinzo Abe , in Tokyo to discuss economic and security ties , on his first major foreign visit since winning May &apos;s election .
2026-05-11 21:29:05,976 - INFO - joeynmt.training - 	Hypothesis: India &apos;s first important foreign Affairs , Shinzo Abe in Toko , in his first important foreign country since his election in May , Shinzo Abe in Toko , Shinzo Abe in Toko , in order to visit the Abe in Toko .
2026-05-11 21:29:05,976 - INFO - joeynmt.training - Example #2
2026-05-11 21:29:05,976 - DEBUG - joeynmt.training - 	Tokenized source:     ['Herr', 'Mo@@', 'd@@', 'i', 'befindet', 'sich', 'auf', 'einer', 'fü@@', 'n@@', 'f@@', 'tä@@', 'gi@@', 'gen', 'Rei@@', 'se', 'nach', 'J@@', 'ap@@', 'an', ',', 'um', 'die', 'wirtschaf@@', 'tlichen', 'Be@@', 'zieh@@', 'ungen', 'mit', 'der', 'd@@', 'rit@@', 't@@', 'größ@@', 'ten', 'Wirtschafts@@', 'n@@', 'ation', 'der', 'Welt', 'zu', 'fes@@', 'tigen', '.']
2026-05-11 21:29:05,976 - DEBUG - joeynmt.training - 	Tokenized reference:  ['Mr', 'Mo@@', 'd@@', 'i', 'is', 'on', 'a', 'fi@@', 've', '@@@', '-@@', '@', 'day', 'tri@@', 'p', 'to', 'J@@', 'ap@@', 'an', 'to', 'streng@@', 'then', 'economic', 'ties', 'with', 'the', 'third', 'lar@@', 'ges@@', 't', 'econom@@', 'y', 'in', 'the', 'world', '.']
2026-05-11 21:29:05,976 - DEBUG - joeynmt.training - 	Tokenized hypothesis: ['Mr', 'Mo@@', 'd@@', 'i', 'is', 'located', 'on', 'a', 'fi@@', 'f@@', 'ty', 'tra@@', 'ff@@', 'i@@', 'ck@@', 'ing', 'in', 'J@@', 'ap@@', 'an', ',', 'to', 'br@@', 'ing', 'the', 'economic', 'rel@@', 'ation@@', 'ship', 'with', 'the', 'third', 'lar@@', 'ges@@', 't', 'economic', 'rel@@', 'ation@@', 'ship', 'with', 'the', 'third', 'lar@@', 'ges@@', 't', 'economic', 'rel@@', 'ation@@', 'ship', 'with', 'the', 'third', 'b@@', 'ig@@', 'ges@@', 't', 'economic', 'rel@@', 'ation@@', 'ship', 'with', 'the', 'third', 'b@@', 'ig@@', 'ges@@', 't', 'economic', 'rel@@', 'ations', 'with', 'the', 'third', 'b@@', 'ig@@', 'ges@@', 't', 'economic', 'rel@@', 'ations', 'with', 'the', 'world', '.', '</s>']
2026-05-11 21:29:05,976 - INFO - joeynmt.training - 	Source:     Herr Modi befindet sich auf einer fünftägigen Reise nach Japan , um die wirtschaftlichen Beziehungen mit der drittgrößten Wirtschaftsnation der Welt zu festigen .
2026-05-11 21:29:05,976 - INFO - joeynmt.training - 	Reference:  Mr Modi is on a five @-@ day trip to Japan to strengthen economic ties with the third largest economy in the world .
2026-05-11 21:29:05,976 - INFO - joeynmt.training - 	Hypothesis: Mr Modi is located on a fifty trafficking in Japan , to bring the economic relationship with the third largest economic relationship with the third largest economic relationship with the third biggest economic relationship with the third biggest economic relations with the third biggest economic relations with the world .
2026-05-11 21:29:05,976 - INFO - joeynmt.training - Example #3
2026-05-11 21:29:05,976 - DEBUG - joeynmt.training - 	Tokenized source:     ['P@@', 'län@@', 'e', 'für', 'eine', 'stärk@@', 'ere', 'k@@', 'ern@@', 'techn@@', 'ische', 'Zusammenarbeit', 'stehen', 'ganz', 'ob@@', 'en', 'auf', 'der', 'Tag@@', 'es@@', 'ordnung', '.']
2026-05-11 21:29:05,976 - DEBUG - joeynmt.training - 	Tokenized reference:  ['high', 'on', 'the', 'agen@@', 'da', 'are', 'pl@@', 'ans', 'for', 'gre@@', 'ater', 'nu@@', 'clear', 'c@@', 'o', '@@@', '-@@', '@', 'operation', '.']
2026-05-11 21:29:05,976 - DEBUG - joeynmt.training - 	Tokenized hypothesis: ['pl@@', 'ans', 'for', 'more', 'nu@@', 'clear', 'techn@@', 'ical', 'cooperation', 'are', 'very', 'ob@@', 'vi@@', 'ous', 'on', 'the', 'agen@@', 'da', '.', '</s>']
2026-05-11 21:29:05,977 - INFO - joeynmt.training - 	Source:     Pläne für eine stärkere kerntechnische Zusammenarbeit stehen ganz oben auf der Tagesordnung .
2026-05-11 21:29:05,977 - INFO - joeynmt.training - 	Reference:  high on the agenda are plans for greater nuclear co @-@ operation .
2026-05-11 21:29:05,977 - INFO - joeynmt.training - 	Hypothesis: plans for more nuclear technical cooperation are very obvious on the agenda .
2026-05-11 21:29:05,977 - INFO - joeynmt.training - Example #4
2026-05-11 21:29:05,977 - DEBUG - joeynmt.training - 	Tokenized source:     ['Berich@@', 'ten', 'zu@@', 'fol@@', 'ge', 'ho@@', 'fft', 'Indi@@', 'en', 'darüber', 'hinaus', 'auf', 'einen', 'Ver@@', 'trag', 'zur', 'Ver@@', 'tei@@', 'dig@@', 'ungs@@', 'zusammen@@', 'arbeit', 'zwischen', 'den', 'beiden', 'N@@', 'ationen', '.']
2026-05-11 21:29:05,977 - DEBUG - joeynmt.training - 	Tokenized reference:  ['Indi@@', 'a', 'is', 'also', 're@@', 'porte@@', 'dly', 'hop@@', 'ing', 'for', 'a', 'de@@', 'al', 'on', 'def@@', 'ence', 'c@@', 'oll@@', 'ab@@', 'or@@', 'ation', 'between', 'the', 'two', 'n@@', 'ations', '.']
2026-05-11 21:29:05,977 - DEBUG - joeynmt.training - 	Tokenized hypothesis: ['the', 'following', ':', 'Indi@@', 'a', ',', 'the', 'dem@@', 'ands', 'of', 'the', 'two', 'n@@', 'ations', '.', '</s>']
2026-05-11 21:29:05,977 - INFO - joeynmt.training - 	Source:     Berichten zufolge hofft Indien darüber hinaus auf einen Vertrag zur Verteidigungszusammenarbeit zwischen den beiden Nationen .
2026-05-11 21:29:05,977 - INFO - joeynmt.training - 	Reference:  India is also reportedly hoping for a deal on defence collaboration between the two nations .
2026-05-11 21:29:05,977 - INFO - joeynmt.training - 	Hypothesis: the following : India , the demands of the two nations .
2026-05-11 21:29:12,618 - INFO - joeynmt.training - Epoch   8: total training loss 6915.44
2026-05-11 21:29:12,618 - INFO - joeynmt.training - EPOCH 9
2026-05-11 21:29:31,648 - INFO - joeynmt.training - Epoch   9, Step:    32600, Batch Loss:     1.738093, Batch Acc: 0.552124, Tokens per Sec:     3526, Lr: 0.000300
2026-05-11 21:29:57,399 - INFO - joeynmt.training - Epoch   9, Step:    32700, Batch Loss:     1.761702, Batch Acc: 0.550200, Tokens per Sec:     3594, Lr: 0.000300
2026-05-11 21:30:23,467 - INFO - joeynmt.training - Epoch   9, Step:    32800, Batch Loss:     1.637381, Batch Acc: 0.543125, Tokens per Sec:     3549, Lr: 0.000300
2026-05-11 21:30:49,057 - INFO - joeynmt.training - Epoch   9, Step:    32900, Batch Loss:     1.656105, Batch Acc: 0.547671, Tokens per Sec:     3603, Lr: 0.000300
2026-05-11 21:31:14,867 - INFO - joeynmt.training - Epoch   9, Step:    33000, Batch Loss:     1.574333, Batch Acc: 0.549691, Tokens per Sec:     3578, Lr: 0.000300
2026-05-11 21:31:14,868 - INFO - joeynmt.prediction - Predicting 500 example(s)... (Greedy decoding with min_output_length=1, max_output_length=-1, return_prob='none', generate_unk=True, repetition_penalty=-1, no_repeat_ngram_size=-1)
2026-05-11 21:31:58,184 - INFO - joeynmt.prediction - Evaluation result (greedy) loss:   2.10, ppl:   8.13, acc:   0.46, generation: 43.3084[sec], evaluation: 0.0000[sec]
2026-05-11 21:31:58,354 - INFO - joeynmt.helpers - delete models/deen_transformer_pre/30000.ckpt
2026-05-11 21:31:58,362 - INFO - joeynmt.training - Example #0
2026-05-11 21:31:58,362 - DEBUG - joeynmt.training - 	Tokenized source:     ['die', 'Pre@@', 'mi@@', 'er@@', 'minist@@', 'er', 'Indi@@', 'ens', 'und', 'J@@', 'ap@@', 'ans', 'tra@@', 'fen', 'sich', 'in', 'T@@', 'ok@@', 'i@@', 'o', '.']
2026-05-11 21:31:58,362 - DEBUG - joeynmt.training - 	Tokenized reference:  ['Indi@@', 'a', 'and', 'J@@', 'ap@@', 'an', 'pri@@', 'me', 'minist@@', 'ers', 'me@@', 'et', 'in', 'T@@', 'ok@@', 'y@@', 'o']
2026-05-11 21:31:58,362 - DEBUG - joeynmt.training - 	Tokenized hypothesis: ['the', 'pri@@', 'me', 'minist@@', 'er', 'Indi@@', 'a', 'and', 'J@@', 'ap@@', 'an', '&apos;s', 'tra@@', 'v@@', 'el', 'in', 'T@@', 'ok@@', 'y@@', 'o', '.', '</s>']
2026-05-11 21:31:58,363 - INFO - joeynmt.training - 	Source:     die Premierminister Indiens und Japans trafen sich in Tokio .
2026-05-11 21:31:58,363 - INFO - joeynmt.training - 	Reference:  India and Japan prime ministers meet in Tokyo
2026-05-11 21:31:58,363 - INFO - joeynmt.training - 	Hypothesis: the prime minister India and Japan &apos;s travel in Tokyo .
2026-05-11 21:31:58,363 - INFO - joeynmt.training - Example #1
2026-05-11 21:31:58,363 - DEBUG - joeynmt.training - 	Tokenized source:     ['Indi@@', 'ens', 'neu@@', 'er', 'Pre@@', 'mi@@', 'er@@', 'minist@@', 'er', 'N@@', 'ar@@', 'end@@', 'ra', 'Mo@@', 'd@@', 'i', 'tri@@', 'fft', 'bei', 's@@', 'einem', 'ersten', 'wichti@@', 'gen', 'Aus@@', 'land@@', 's@@', 'bes@@', 'u@@', 'ch', 'seit', 's@@', 'einem', 'W@@', 'ah@@', 'l@@', 'si@@', 'e@@', 'g', 'im', 'Ma@@', 'i', 'seinen', 'j@@', 'ap@@', 'an@@', 'ischen', 'Am@@', 'ts@@', 'k@@', 'olle@@', 'gen', 'S@@', 'hin@@', 'z@@', 'o', 'A@@', 'be', 'in', 'T@@', 'ok@@', 'o', ',', 'um', 'wirtschaf@@', 'tliche', 'und', 'sicher@@', 'heits@@', 'politische', 'Be@@', 'zieh@@', 'ungen', 'zu', 'bes@@', 'pre@@', 'chen', '.']
2026-05-11 21:31:58,363 - DEBUG - joeynmt.training - 	Tokenized reference:  ['Indi@@', 'a', '&apos;s', 'new', 'pri@@', 'me', 'minist@@', 'er', ',', 'N@@', 'ar@@', 'end@@', 'ra', 'Mo@@', 'd@@', 'i', ',', 'is', 'me@@', 'eting', 'his', 'J@@', 'ap@@', 'an@@', 'ese', 'coun@@', 'ter@@', 'part', ',', 'S@@', 'hin@@', 'z@@', 'o', 'A@@', 'be', ',', 'in', 'T@@', 'ok@@', 'y@@', 'o', 'to', 'disc@@', 'uss', 'economic', 'and', 'security', 'ties', ',', 'on', 'his', 'first', 'major', 'fore@@', 'ign', 'visi@@', 't', 'since', 'w@@', 'inn@@', 'ing', 'Ma@@', 'y', '&apos;s', 'elec@@', 'tion', '.']
2026-05-11 21:31:58,363 - DEBUG - joeynmt.training - 	Tokenized hypothesis: ['Indi@@', 'a', '&apos;s', 'new', 'Pri@@', 'me', 'Minist@@', 'er', 'N@@', 'ar@@', 'end@@', 'ra', 'Mo@@', 'd@@', 'i', ',', 'in', 'his', 'first', 'important', 'fore@@', 'ign', 'country', ',', 'since', 'his', 'elec@@', 'tion', 'of', 'elec@@', 'tri@@', 'city', ',', 'S@@', 'hin@@', 'z@@', 'o', 'A@@', 'be', 'in', 'T@@', 'ok@@', 'o', ',', 'in', 'the', 'first', 'of', 'all', 'of', 'the', 'country', '&apos;s', 'economic', 'and', 'security', 'policy', 'rel@@', 'ations', '.', '</s>']
2026-05-11 21:31:58,363 - INFO - joeynmt.training - 	Source:     Indiens neuer Premierminister Narendra Modi trifft bei seinem ersten wichtigen Auslandsbesuch seit seinem Wahlsieg im Mai seinen japanischen Amtskollegen Shinzo Abe in Toko , um wirtschaftliche und sicherheitspolitische Beziehungen zu besprechen .
2026-05-11 21:31:58,363 - INFO - joeynmt.training - 	Reference:  India &apos;s new prime minister , Narendra Modi , is meeting his Japanese counterpart , Shinzo Abe , in Tokyo to discuss economic and security ties , on his first major foreign visit since winning May &apos;s election .
2026-05-11 21:31:58,363 - INFO - joeynmt.training - 	Hypothesis: India &apos;s new Prime Minister Narendra Modi , in his first important foreign country , since his election of electricity , Shinzo Abe in Toko , in the first of all of the country &apos;s economic and security policy relations .
2026-05-11 21:31:58,363 - INFO - joeynmt.training - Example #2
2026-05-11 21:31:58,363 - DEBUG - joeynmt.training - 	Tokenized source:     ['Herr', 'Mo@@', 'd@@', 'i', 'befindet', 'sich', 'auf', 'einer', 'fü@@', 'n@@', 'f@@', 'tä@@', 'gi@@', 'gen', 'Rei@@', 'se', 'nach', 'J@@', 'ap@@', 'an', ',', 'um', 'die', 'wirtschaf@@', 'tlichen', 'Be@@', 'zieh@@', 'ungen', 'mit', 'der', 'd@@', 'rit@@', 't@@', 'größ@@', 'ten', 'Wirtschafts@@', 'n@@', 'ation', 'der', 'Welt', 'zu', 'fes@@', 'tigen', '.']
2026-05-11 21:31:58,363 - DEBUG - joeynmt.training - 	Tokenized reference:  ['Mr', 'Mo@@', 'd@@', 'i', 'is', 'on', 'a', 'fi@@', 've', '@@@', '-@@', '@', 'day', 'tri@@', 'p', 'to', 'J@@', 'ap@@', 'an', 'to', 'streng@@', 'then', 'economic', 'ties', 'with', 'the', 'third', 'lar@@', 'ges@@', 't', 'econom@@', 'y', 'in', 'the', 'world', '.']
2026-05-11 21:31:58,363 - DEBUG - joeynmt.training - 	Tokenized hypothesis: ['Mr', 'Mo@@', 'd@@', 'i', 'is', 'on', 'a', 'fi@@', 'f@@', 'ty', 'of', 'f@@', 'ty', 'tra@@', 'v@@', 'el', 'to', 'J@@', 'ap@@', 'an', ',', 'to', 'the', 'economic', 'rel@@', 'ation@@', 'ship', 'with', 'the', 'third', 'lar@@', 'ges@@', 't', 'economic', 'rel@@', 'ations', 'with', 'the', 'third', 'lar@@', 'ges@@', 't', 'economic', 'rel@@', 'ations', '.', '</s>']
2026-05-11 21:31:58,364 - INFO - joeynmt.training - 	Source:     Herr Modi befindet sich auf einer fünftägigen Reise nach Japan , um die wirtschaftlichen Beziehungen mit der drittgrößten Wirtschaftsnation der Welt zu festigen .
2026-05-11 21:31:58,364 - INFO - joeynmt.training - 	Reference:  Mr Modi is on a five @-@ day trip to Japan to strengthen economic ties with the third largest economy in the world .
2026-05-11 21:31:58,364 - INFO - joeynmt.training - 	Hypothesis: Mr Modi is on a fifty of fty travel to Japan , to the economic relationship with the third largest economic relations with the third largest economic relations .
2026-05-11 21:31:58,364 - INFO - joeynmt.training - Example #3
2026-05-11 21:31:58,364 - DEBUG - joeynmt.training - 	Tokenized source:     ['P@@', 'län@@', 'e', 'für', 'eine', 'stärk@@', 'ere', 'k@@', 'ern@@', 'techn@@', 'ische', 'Zusammenarbeit', 'stehen', 'ganz', 'ob@@', 'en', 'auf', 'der', 'Tag@@', 'es@@', 'ordnung', '.']
2026-05-11 21:31:58,364 - DEBUG - joeynmt.training - 	Tokenized reference:  ['high', 'on', 'the', 'agen@@', 'da', 'are', 'pl@@', 'ans', 'for', 'gre@@', 'ater', 'nu@@', 'clear', 'c@@', 'o', '@@@', '-@@', '@', 'operation', '.']
2026-05-11 21:31:58,364 - DEBUG - joeynmt.training - 	Tokenized hypothesis: ['pl@@', 'ans', 'for', 'more', 'c@@', 'are', 'of', 'more', 'c@@', 'at@@', 'ch@@', 'ing', 'techn@@', 'ical', 'cooperation', '.', '</s>']
2026-05-11 21:31:58,364 - INFO - joeynmt.training - 	Source:     Pläne für eine stärkere kerntechnische Zusammenarbeit stehen ganz oben auf der Tagesordnung .
2026-05-11 21:31:58,364 - INFO - joeynmt.training - 	Reference:  high on the agenda are plans for greater nuclear co @-@ operation .
2026-05-11 21:31:58,364 - INFO - joeynmt.training - 	Hypothesis: plans for more care of more catching technical cooperation .
2026-05-11 21:31:58,364 - INFO - joeynmt.training - Example #4
2026-05-11 21:31:58,364 - DEBUG - joeynmt.training - 	Tokenized source:     ['Berich@@', 'ten', 'zu@@', 'fol@@', 'ge', 'ho@@', 'fft', 'Indi@@', 'en', 'darüber', 'hinaus', 'auf', 'einen', 'Ver@@', 'trag', 'zur', 'Ver@@', 'tei@@', 'dig@@', 'ungs@@', 'zusammen@@', 'arbeit', 'zwischen', 'den', 'beiden', 'N@@', 'ationen', '.']
2026-05-11 21:31:58,364 - DEBUG - joeynmt.training - 	Tokenized reference:  ['Indi@@', 'a', 'is', 'also', 're@@', 'porte@@', 'dly', 'hop@@', 'ing', 'for', 'a', 'de@@', 'al', 'on', 'def@@', 'ence', 'c@@', 'oll@@', 'ab@@', 'or@@', 'ation', 'between', 'the', 'two', 'n@@', 'ations', '.']
2026-05-11 21:31:58,364 - DEBUG - joeynmt.training - 	Tokenized hypothesis: ['the', 're@@', 'ports', ',', 'Indi@@', 'a', 'must', 'be', 'con@@', 'duc@@', 'ted', 'to', 'the', 'con@@', 'tra@@', 'ct', 'cooperation', 'between', 'the', 'two', 'N@@', 'ations', '.', '</s>']
2026-05-11 21:31:58,364 - INFO - joeynmt.training - 	Source:     Berichten zufolge hofft Indien darüber hinaus auf einen Vertrag zur Verteidigungszusammenarbeit zwischen den beiden Nationen .
2026-05-11 21:31:58,364 - INFO - joeynmt.training - 	Reference:  India is also reportedly hoping for a deal on defence collaboration between the two nations .
2026-05-11 21:31:58,364 - INFO - joeynmt.training - 	Hypothesis: the reports , India must be conducted to the contract cooperation between the two Nations .
2026-05-11 21:32:24,284 - INFO - joeynmt.training - Epoch   9, Step:    33100, Batch Loss:     1.759895, Batch Acc: 0.547159, Tokens per Sec:     3565, Lr: 0.000300
2026-05-11 21:32:49,893 - INFO - joeynmt.training - Epoch   9, Step:    33200, Batch Loss:     1.558896, Batch Acc: 0.548890, Tokens per Sec:     3522, Lr: 0.000300
2026-05-11 21:33:15,910 - INFO - joeynmt.training - Epoch   9, Step:    33300, Batch Loss:     1.670448, Batch Acc: 0.548569, Tokens per Sec:     3570, Lr: 0.000300
2026-05-11 21:33:41,625 - INFO - joeynmt.training - Epoch   9, Step:    33400, Batch Loss:     1.631609, Batch Acc: 0.547406, Tokens per Sec:     3579, Lr: 0.000300
2026-05-11 21:34:07,808 - INFO - joeynmt.training - Epoch   9, Step:    33500, Batch Loss:     1.502090, Batch Acc: 0.546589, Tokens per Sec:     3558, Lr: 0.000300
2026-05-11 21:34:07,809 - INFO - joeynmt.prediction - Predicting 500 example(s)... (Greedy decoding with min_output_length=1, max_output_length=-1, return_prob='none', generate_unk=True, repetition_penalty=-1, no_repeat_ngram_size=-1)
2026-05-11 21:34:48,561 - INFO - joeynmt.prediction - Evaluation result (greedy) loss:   2.10, ppl:   8.14, acc:   0.46, generation: 40.7439[sec], evaluation: 0.0000[sec]
2026-05-11 21:34:48,714 - INFO - joeynmt.helpers - delete models/deen_transformer_pre/31500.ckpt
2026-05-11 21:34:48,723 - INFO - joeynmt.training - Example #0
2026-05-11 21:34:48,723 - DEBUG - joeynmt.training - 	Tokenized source:     ['die', 'Pre@@', 'mi@@', 'er@@', 'minist@@', 'er', 'Indi@@', 'ens', 'und', 'J@@', 'ap@@', 'ans', 'tra@@', 'fen', 'sich', 'in', 'T@@', 'ok@@', 'i@@', 'o', '.']
2026-05-11 21:34:48,723 - DEBUG - joeynmt.training - 	Tokenized reference:  ['Indi@@', 'a', 'and', 'J@@', 'ap@@', 'an', 'pri@@', 'me', 'minist@@', 'ers', 'me@@', 'et', 'in', 'T@@', 'ok@@', 'y@@', 'o']
2026-05-11 21:34:48,723 - DEBUG - joeynmt.training - 	Tokenized hypothesis: ['Pri@@', 'me', 'Minist@@', 'er', 'Indi@@', 'a', 'and', 'J@@', 'ap@@', 'an', '&apos;s', '&apos;s', 'Pri@@', 'me', 'Minist@@', 'er', 'and', 'J@@', 'ap@@', 'an', '.', '</s>']
2026-05-11 21:34:48,724 - INFO - joeynmt.training - 	Source:     die Premierminister Indiens und Japans trafen sich in Tokio .
2026-05-11 21:34:48,724 - INFO - joeynmt.training - 	Reference:  India and Japan prime ministers meet in Tokyo
2026-05-11 21:34:48,724 - INFO - joeynmt.training - 	Hypothesis: Prime Minister India and Japan &apos;s &apos;s Prime Minister and Japan .
2026-05-11 21:34:48,724 - INFO - joeynmt.training - Example #1
2026-05-11 21:34:48,724 - DEBUG - joeynmt.training - 	Tokenized source:     ['Indi@@', 'ens', 'neu@@', 'er', 'Pre@@', 'mi@@', 'er@@', 'minist@@', 'er', 'N@@', 'ar@@', 'end@@', 'ra', 'Mo@@', 'd@@', 'i', 'tri@@', 'fft', 'bei', 's@@', 'einem', 'ersten', 'wichti@@', 'gen', 'Aus@@', 'land@@', 's@@', 'bes@@', 'u@@', 'ch', 'seit', 's@@', 'einem', 'W@@', 'ah@@', 'l@@', 'si@@', 'e@@', 'g', 'im', 'Ma@@', 'i', 'seinen', 'j@@', 'ap@@', 'an@@', 'ischen', 'Am@@', 'ts@@', 'k@@', 'olle@@', 'gen', 'S@@', 'hin@@', 'z@@', 'o', 'A@@', 'be', 'in', 'T@@', 'ok@@', 'o', ',', 'um', 'wirtschaf@@', 'tliche', 'und', 'sicher@@', 'heits@@', 'politische', 'Be@@', 'zieh@@', 'ungen', 'zu', 'bes@@', 'pre@@', 'chen', '.']
2026-05-11 21:34:48,724 - DEBUG - joeynmt.training - 	Tokenized reference:  ['Indi@@', 'a', '&apos;s', 'new', 'pri@@', 'me', 'minist@@', 'er', ',', 'N@@', 'ar@@', 'end@@', 'ra', 'Mo@@', 'd@@', 'i', ',', 'is', 'me@@', 'eting', 'his', 'J@@', 'ap@@', 'an@@', 'ese', 'coun@@', 'ter@@', 'part', ',', 'S@@', 'hin@@', 'z@@', 'o', 'A@@', 'be', ',', 'in', 'T@@', 'ok@@', 'y@@', 'o', 'to', 'disc@@', 'uss', 'economic', 'and', 'security', 'ties', ',', 'on', 'his', 'first', 'major', 'fore@@', 'ign', 'visi@@', 't', 'since', 'w@@', 'inn@@', 'ing', 'Ma@@', 'y', '&apos;s', 'elec@@', 'tion', '.']
2026-05-11 21:34:48,724 - DEBUG - joeynmt.training - 	Tokenized hypothesis: ['Indi@@', 'a', '&apos;s', 'lat@@', 'est', 'Pri@@', 'me', 'Minist@@', 'er', 'N@@', 'ar@@', 'end@@', 'ra', 'Mo@@', 'd@@', 'i', 'i', 'i', ',', 'in', 'his', 'first', 'important', 'fore@@', 'ign', 'ex@@', 'land@@', 's@@', '-@@', 'German', 'off@@', 'ice', 'in', 'Ma@@', 'y', 'his', 'J@@', 'ap@@', 'an@@', 'ese', 'A@@', 'be', 'in', 'T@@', 'ok@@', 'o', ',', 'in', 'the', 'Ma@@', 'y', 'of', 'S@@', 'hin@@', 'z@@', 'o', 'A@@', 'be', 'in', 'T@@', 'ok@@', 'o', ',', 'in', 'order', 'to', 'visi@@', 't', 'the', 'economic', 'and', 'security', 'policy', 'rel@@', 'ations', '.', '</s>']
2026-05-11 21:34:48,724 - INFO - joeynmt.training - 	Source:     Indiens neuer Premierminister Narendra Modi trifft bei seinem ersten wichtigen Auslandsbesuch seit seinem Wahlsieg im Mai seinen japanischen Amtskollegen Shinzo Abe in Toko , um wirtschaftliche und sicherheitspolitische Beziehungen zu besprechen .
2026-05-11 21:34:48,724 - INFO - joeynmt.training - 	Reference:  India &apos;s new prime minister , Narendra Modi , is meeting his Japanese counterpart , Shinzo Abe , in Tokyo to discuss economic and security ties , on his first major foreign visit since winning May &apos;s election .
2026-05-11 21:34:48,724 - INFO - joeynmt.training - 	Hypothesis: India &apos;s latest Prime Minister Narendra Modi i i , in his first important foreign exlands-German office in May his Japanese Abe in Toko , in the May of Shinzo Abe in Toko , in order to visit the economic and security policy relations .
2026-05-11 21:34:48,724 - INFO - joeynmt.training - Example #2
2026-05-11 21:34:48,724 - DEBUG - joeynmt.training - 	Tokenized source:     ['Herr', 'Mo@@', 'd@@', 'i', 'befindet', 'sich', 'auf', 'einer', 'fü@@', 'n@@', 'f@@', 'tä@@', 'gi@@', 'gen', 'Rei@@', 'se', 'nach', 'J@@', 'ap@@', 'an', ',', 'um', 'die', 'wirtschaf@@', 'tlichen', 'Be@@', 'zieh@@', 'ungen', 'mit', 'der', 'd@@', 'rit@@', 't@@', 'größ@@', 'ten', 'Wirtschafts@@', 'n@@', 'ation', 'der', 'Welt', 'zu', 'fes@@', 'tigen', '.']
2026-05-11 21:34:48,724 - DEBUG - joeynmt.training - 	Tokenized reference:  ['Mr', 'Mo@@', 'd@@', 'i', 'is', 'on', 'a', 'fi@@', 've', '@@@', '-@@', '@', 'day', 'tri@@', 'p', 'to', 'J@@', 'ap@@', 'an', 'to', 'streng@@', 'then', 'economic', 'ties', 'with', 'the', 'third', 'lar@@', 'ges@@', 't', 'econom@@', 'y', 'in', 'the', 'world', '.']
2026-05-11 21:34:48,724 - DEBUG - joeynmt.training - 	Tokenized hypothesis: ['Mr', 'Mo@@', 'd@@', 'i', 'is', 'based', 'on', 'a', 'fi@@', 'f@@', 'ty', 'tra@@', 'v@@', 'el', 'to', 'J@@', 'ap@@', 'an', ',', 'to', 'j@@', 'ap@@', 'an', 'to', 'the', 'economic', 'rel@@', 'ation@@', 'ship', 'with', 'the', 'third', 'lar@@', 'ges@@', 't', 'economic', 'rel@@', 'ations', 'with', 'the', 'third', 'lar@@', 'ges@@', 't', 'economic', 'rel@@', 'ations', '.', '</s>']
2026-05-11 21:34:48,724 - INFO - joeynmt.training - 	Source:     Herr Modi befindet sich auf einer fünftägigen Reise nach Japan , um die wirtschaftlichen Beziehungen mit der drittgrößten Wirtschaftsnation der Welt zu festigen .
2026-05-11 21:34:48,725 - INFO - joeynmt.training - 	Reference:  Mr Modi is on a five @-@ day trip to Japan to strengthen economic ties with the third largest economy in the world .
2026-05-11 21:34:48,725 - INFO - joeynmt.training - 	Hypothesis: Mr Modi is based on a fifty travel to Japan , to japan to the economic relationship with the third largest economic relations with the third largest economic relations .
2026-05-11 21:34:48,725 - INFO - joeynmt.training - Example #3
2026-05-11 21:34:48,725 - DEBUG - joeynmt.training - 	Tokenized source:     ['P@@', 'län@@', 'e', 'für', 'eine', 'stärk@@', 'ere', 'k@@', 'ern@@', 'techn@@', 'ische', 'Zusammenarbeit', 'stehen', 'ganz', 'ob@@', 'en', 'auf', 'der', 'Tag@@', 'es@@', 'ordnung', '.']
2026-05-11 21:34:48,725 - DEBUG - joeynmt.training - 	Tokenized reference:  ['high', 'on', 'the', 'agen@@', 'da', 'are', 'pl@@', 'ans', 'for', 'gre@@', 'ater', 'nu@@', 'clear', 'c@@', 'o', '@@@', '-@@', '@', 'operation', '.']
2026-05-11 21:34:48,725 - DEBUG - joeynmt.training - 	Tokenized hypothesis: ['P@@', 'lan@@', 'e', 'for', 'a', 'gre@@', 'ater', 'cor@@', 'e', 'techn@@', 'ical', 'cooperation', 'are', 'at', 'the', 'agen@@', 'da', '.', '</s>']
2026-05-11 21:34:48,725 - INFO - joeynmt.training - 	Source:     Pläne für eine stärkere kerntechnische Zusammenarbeit stehen ganz oben auf der Tagesordnung .
2026-05-11 21:34:48,725 - INFO - joeynmt.training - 	Reference:  high on the agenda are plans for greater nuclear co @-@ operation .
2026-05-11 21:34:48,725 - INFO - joeynmt.training - 	Hypothesis: Plane for a greater core technical cooperation are at the agenda .
2026-05-11 21:34:48,725 - INFO - joeynmt.training - Example #4
2026-05-11 21:34:48,725 - DEBUG - joeynmt.training - 	Tokenized source:     ['Berich@@', 'ten', 'zu@@', 'fol@@', 'ge', 'ho@@', 'fft', 'Indi@@', 'en', 'darüber', 'hinaus', 'auf', 'einen', 'Ver@@', 'trag', 'zur', 'Ver@@', 'tei@@', 'dig@@', 'ungs@@', 'zusammen@@', 'arbeit', 'zwischen', 'den', 'beiden', 'N@@', 'ationen', '.']
2026-05-11 21:34:48,725 - DEBUG - joeynmt.training - 	Tokenized reference:  ['Indi@@', 'a', 'is', 'also', 're@@', 'porte@@', 'dly', 'hop@@', 'ing', 'for', 'a', 'de@@', 'al', 'on', 'def@@', 'ence', 'c@@', 'oll@@', 'ab@@', 'or@@', 'ation', 'between', 'the', 'two', 'n@@', 'ations', '.']
2026-05-11 21:34:48,725 - DEBUG - joeynmt.training - 	Tokenized hypothesis: ['the', 'fact', 'that', 'it', 'is', 'also', 'the', 'fact', 'that', 'it', 'is', 'a', 'con@@', 'tra@@', 'ct', 'on', 'the', 'con@@', 'tr@@', 'tr@@', 'tr@@', 'ust', 'co@@', '-@@', 'operation', 'between', 'the', 'two', 'n@@', 'ations', '.', '</s>']
2026-05-11 21:34:48,725 - INFO - joeynmt.training - 	Source:     Berichten zufolge hofft Indien darüber hinaus auf einen Vertrag zur Verteidigungszusammenarbeit zwischen den beiden Nationen .
2026-05-11 21:34:48,725 - INFO - joeynmt.training - 	Reference:  India is also reportedly hoping for a deal on defence collaboration between the two nations .
2026-05-11 21:34:48,725 - INFO - joeynmt.training - 	Hypothesis: the fact that it is also the fact that it is a contract on the contrtrtrust co-operation between the two nations .
2026-05-11 21:35:14,653 - INFO - joeynmt.training - Epoch   9, Step:    33600, Batch Loss:     1.506884, Batch Acc: 0.547426, Tokens per Sec:     3484, Lr: 0.000300
2026-05-11 21:35:40,370 - INFO - joeynmt.training - Epoch   9, Step:    33700, Batch Loss:     1.616392, Batch Acc: 0.540777, Tokens per Sec:     3571, Lr: 0.000300
2026-05-11 21:36:06,209 - INFO - joeynmt.training - Epoch   9, Step:    33800, Batch Loss:     1.720729, Batch Acc: 0.544396, Tokens per Sec:     3482, Lr: 0.000300
2026-05-11 21:36:31,886 - INFO - joeynmt.training - Epoch   9, Step:    33900, Batch Loss:     1.553731, Batch Acc: 0.547732, Tokens per Sec:     3589, Lr: 0.000300
2026-05-11 21:36:57,610 - INFO - joeynmt.training - Epoch   9, Step:    34000, Batch Loss:     1.705248, Batch Acc: 0.541046, Tokens per Sec:     3581, Lr: 0.000300
2026-05-11 21:36:57,610 - INFO - joeynmt.prediction - Predicting 500 example(s)... (Greedy decoding with min_output_length=1, max_output_length=-1, return_prob='none', generate_unk=True, repetition_penalty=-1, no_repeat_ngram_size=-1)
2026-05-11 21:37:41,749 - INFO - joeynmt.prediction - Evaluation result (greedy) loss:   2.09, ppl:   8.11, acc:   0.46, generation: 44.1301[sec], evaluation: 0.0000[sec]
2026-05-11 21:37:41,917 - INFO - joeynmt.helpers - delete models/deen_transformer_pre/33500.ckpt
2026-05-11 21:37:41,920 - INFO - joeynmt.helpers - delete /Users/jill/Desktop/Jill/Studium/FS_26/Machine_translation/mt-exercise-03/models/deen_transformer_pre/33500.ckpt
2026-05-11 21:37:41,921 - WARNING - joeynmt.helpers - Wanted to delete old checkpoint /Users/jill/Desktop/Jill/Studium/FS_26/Machine_translation/mt-exercise-03/models/deen_transformer_pre/33500.ckpt but file does not exist. ([Errno 2] No such file or directory: '/Users/jill/Desktop/Jill/Studium/FS_26/Machine_translation/mt-exercise-03/models/deen_transformer_pre/33500.ckpt')
2026-05-11 21:37:41,922 - INFO - joeynmt.training - Example #0
2026-05-11 21:37:41,922 - DEBUG - joeynmt.training - 	Tokenized source:     ['die', 'Pre@@', 'mi@@', 'er@@', 'minist@@', 'er', 'Indi@@', 'ens', 'und', 'J@@', 'ap@@', 'ans', 'tra@@', 'fen', 'sich', 'in', 'T@@', 'ok@@', 'i@@', 'o', '.']
2026-05-11 21:37:41,922 - DEBUG - joeynmt.training - 	Tokenized reference:  ['Indi@@', 'a', 'and', 'J@@', 'ap@@', 'an', 'pri@@', 'me', 'minist@@', 'ers', 'me@@', 'et', 'in', 'T@@', 'ok@@', 'y@@', 'o']
2026-05-11 21:37:41,922 - DEBUG - joeynmt.training - 	Tokenized hypothesis: ['Pri@@', 'me', 'Minist@@', 'er', 'Indi@@', 'a', 'and', 'J@@', 'ap@@', 'an', '&apos;s', 'spe@@', 'ak@@', 'er', 'in', 'T@@', 'ok@@', 'i@@', 'o', '.', '</s>']
2026-05-11 21:37:41,922 - INFO - joeynmt.training - 	Source:     die Premierminister Indiens und Japans trafen sich in Tokio .
2026-05-11 21:37:41,922 - INFO - joeynmt.training - 	Reference:  India and Japan prime ministers meet in Tokyo
2026-05-11 21:37:41,922 - INFO - joeynmt.training - 	Hypothesis: Prime Minister India and Japan &apos;s speaker in Tokio .
2026-05-11 21:37:41,922 - INFO - joeynmt.training - Example #1
2026-05-11 21:37:41,922 - DEBUG - joeynmt.training - 	Tokenized source:     ['Indi@@', 'ens', 'neu@@', 'er', 'Pre@@', 'mi@@', 'er@@', 'minist@@', 'er', 'N@@', 'ar@@', 'end@@', 'ra', 'Mo@@', 'd@@', 'i', 'tri@@', 'fft', 'bei', 's@@', 'einem', 'ersten', 'wichti@@', 'gen', 'Aus@@', 'land@@', 's@@', 'bes@@', 'u@@', 'ch', 'seit', 's@@', 'einem', 'W@@', 'ah@@', 'l@@', 'si@@', 'e@@', 'g', 'im', 'Ma@@', 'i', 'seinen', 'j@@', 'ap@@', 'an@@', 'ischen', 'Am@@', 'ts@@', 'k@@', 'olle@@', 'gen', 'S@@', 'hin@@', 'z@@', 'o', 'A@@', 'be', 'in', 'T@@', 'ok@@', 'o', ',', 'um', 'wirtschaf@@', 'tliche', 'und', 'sicher@@', 'heits@@', 'politische', 'Be@@', 'zieh@@', 'ungen', 'zu', 'bes@@', 'pre@@', 'chen', '.']
2026-05-11 21:37:41,922 - DEBUG - joeynmt.training - 	Tokenized reference:  ['Indi@@', 'a', '&apos;s', 'new', 'pri@@', 'me', 'minist@@', 'er', ',', 'N@@', 'ar@@', 'end@@', 'ra', 'Mo@@', 'd@@', 'i', ',', 'is', 'me@@', 'eting', 'his', 'J@@', 'ap@@', 'an@@', 'ese', 'coun@@', 'ter@@', 'part', ',', 'S@@', 'hin@@', 'z@@', 'o', 'A@@', 'be', ',', 'in', 'T@@', 'ok@@', 'y@@', 'o', 'to', 'disc@@', 'uss', 'economic', 'and', 'security', 'ties', ',', 'on', 'his', 'first', 'major', 'fore@@', 'ign', 'visi@@', 't', 'since', 'w@@', 'inn@@', 'ing', 'Ma@@', 'y', '&apos;s', 'elec@@', 'tion', '.']
2026-05-11 21:37:41,922 - DEBUG - joeynmt.training - 	Tokenized hypothesis: ['Indi@@', 'a', '&apos;s', 'lat@@', 'er', 'Pri@@', 'me', 'Minist@@', 'er', 'N@@', 'ar@@', 'end@@', 'ra', 'Mo@@', 'd@@', 'i', ',', 'in', 'his', 'first', 'major', 'fore@@', 'ign', 'countries', ',', 'since', 'his', 'elec@@', 't@@', 'or@@', 'al', 'M@@', 'er', 'S@@', 'hin@@', 'z@@', 'o', 'A@@', 'be', 'in', 'T@@', 'ok@@', 'o', ',', 'S@@', 'hin@@', 'z@@', 'o', 'A@@', 'be', 'in', 'T@@', 'ok@@', 'o', ',', 'in', 'order', 'to', 'visi@@', 't', 'economic', 'and', 'security', 'policy', 'rel@@', 'ations', '.', '</s>']
2026-05-11 21:37:41,923 - INFO - joeynmt.training - 	Source:     Indiens neuer Premierminister Narendra Modi trifft bei seinem ersten wichtigen Auslandsbesuch seit seinem Wahlsieg im Mai seinen japanischen Amtskollegen Shinzo Abe in Toko , um wirtschaftliche und sicherheitspolitische Beziehungen zu besprechen .
2026-05-11 21:37:41,923 - INFO - joeynmt.training - 	Reference:  India &apos;s new prime minister , Narendra Modi , is meeting his Japanese counterpart , Shinzo Abe , in Tokyo to discuss economic and security ties , on his first major foreign visit since winning May &apos;s election .
2026-05-11 21:37:41,923 - INFO - joeynmt.training - 	Hypothesis: India &apos;s later Prime Minister Narendra Modi , in his first major foreign countries , since his electoral Mer Shinzo Abe in Toko , Shinzo Abe in Toko , in order to visit economic and security policy relations .
2026-05-11 21:37:41,923 - INFO - joeynmt.training - Example #2
2026-05-11 21:37:41,923 - DEBUG - joeynmt.training - 	Tokenized source:     ['Herr', 'Mo@@', 'd@@', 'i', 'befindet', 'sich', 'auf', 'einer', 'fü@@', 'n@@', 'f@@', 'tä@@', 'gi@@', 'gen', 'Rei@@', 'se', 'nach', 'J@@', 'ap@@', 'an', ',', 'um', 'die', 'wirtschaf@@', 'tlichen', 'Be@@', 'zieh@@', 'ungen', 'mit', 'der', 'd@@', 'rit@@', 't@@', 'größ@@', 'ten', 'Wirtschafts@@', 'n@@', 'ation', 'der', 'Welt', 'zu', 'fes@@', 'tigen', '.']
2026-05-11 21:37:41,923 - DEBUG - joeynmt.training - 	Tokenized reference:  ['Mr', 'Mo@@', 'd@@', 'i', 'is', 'on', 'a', 'fi@@', 've', '@@@', '-@@', '@', 'day', 'tri@@', 'p', 'to', 'J@@', 'ap@@', 'an', 'to', 'streng@@', 'then', 'economic', 'ties', 'with', 'the', 'third', 'lar@@', 'ges@@', 't', 'econom@@', 'y', 'in', 'the', 'world', '.']
2026-05-11 21:37:41,923 - DEBUG - joeynmt.training - 	Tokenized hypothesis: ['Mr', 'Mo@@', 'd@@', 'i', 'is', 'based', 'on', 'a', 'fi@@', 'f@@', 'ty', 'tra@@', 'v@@', 'ell@@', 'ing', 'to', 'J@@', 'ap@@', 'an', ',', 'to', 'J@@', 'ap@@', 'an', ',', 'to', 're@@', 'ach', 'economic', 'rel@@', 'ations', 'with', 'the', 'third', 'lar@@', 'ges@@', 't', 'economic', 'rel@@', 'ations', '.', '</s>']
2026-05-11 21:37:41,923 - INFO - joeynmt.training - 	Source:     Herr Modi befindet sich auf einer fünftägigen Reise nach Japan , um die wirtschaftlichen Beziehungen mit der drittgrößten Wirtschaftsnation der Welt zu festigen .
2026-05-11 21:37:41,923 - INFO - joeynmt.training - 	Reference:  Mr Modi is on a five @-@ day trip to Japan to strengthen economic ties with the third largest economy in the world .
2026-05-11 21:37:41,923 - INFO - joeynmt.training - 	Hypothesis: Mr Modi is based on a fifty travelling to Japan , to Japan , to reach economic relations with the third largest economic relations .
2026-05-11 21:37:41,923 - INFO - joeynmt.training - Example #3
2026-05-11 21:37:41,923 - DEBUG - joeynmt.training - 	Tokenized source:     ['P@@', 'län@@', 'e', 'für', 'eine', 'stärk@@', 'ere', 'k@@', 'ern@@', 'techn@@', 'ische', 'Zusammenarbeit', 'stehen', 'ganz', 'ob@@', 'en', 'auf', 'der', 'Tag@@', 'es@@', 'ordnung', '.']
2026-05-11 21:37:41,923 - DEBUG - joeynmt.training - 	Tokenized reference:  ['high', 'on', 'the', 'agen@@', 'da', 'are', 'pl@@', 'ans', 'for', 'gre@@', 'ater', 'nu@@', 'clear', 'c@@', 'o', '@@@', '-@@', '@', 'operation', '.']
2026-05-11 21:37:41,923 - DEBUG - joeynmt.training - 	Tokenized hypothesis: ['pl@@', 'ans', 'for', 'more', 'seri@@', 'ous', 'techn@@', 'ical', 'cooperation', 'are', 'all', 'ob@@', 'vi@@', 'ously', 'on', 'the', 'agen@@', 'da', '.', '</s>']
2026-05-11 21:37:41,924 - INFO - joeynmt.training - 	Source:     Pläne für eine stärkere kerntechnische Zusammenarbeit stehen ganz oben auf der Tagesordnung .
2026-05-11 21:37:41,924 - INFO - joeynmt.training - 	Reference:  high on the agenda are plans for greater nuclear co @-@ operation .
2026-05-11 21:37:41,924 - INFO - joeynmt.training - 	Hypothesis: plans for more serious technical cooperation are all obviously on the agenda .
2026-05-11 21:37:41,924 - INFO - joeynmt.training - Example #4
2026-05-11 21:37:41,924 - DEBUG - joeynmt.training - 	Tokenized source:     ['Berich@@', 'ten', 'zu@@', 'fol@@', 'ge', 'ho@@', 'fft', 'Indi@@', 'en', 'darüber', 'hinaus', 'auf', 'einen', 'Ver@@', 'trag', 'zur', 'Ver@@', 'tei@@', 'dig@@', 'ungs@@', 'zusammen@@', 'arbeit', 'zwischen', 'den', 'beiden', 'N@@', 'ationen', '.']
2026-05-11 21:37:41,924 - DEBUG - joeynmt.training - 	Tokenized reference:  ['Indi@@', 'a', 'is', 'also', 're@@', 'porte@@', 'dly', 'hop@@', 'ing', 'for', 'a', 'de@@', 'al', 'on', 'def@@', 'ence', 'c@@', 'oll@@', 'ab@@', 'or@@', 'ation', 'between', 'the', 'two', 'n@@', 'ations', '.']
2026-05-11 21:37:41,924 - DEBUG - joeynmt.training - 	Tokenized hypothesis: ['the', 'conclu@@', 'sion', 'of', 'the', 'same', 'Indi@@', 'a', ',', 'the', 'same', 'way', ',', 'Indi@@', 'a', ',', 'the', 'two', 'N@@', 'ations', '.', '</s>']
2026-05-11 21:37:41,924 - INFO - joeynmt.training - 	Source:     Berichten zufolge hofft Indien darüber hinaus auf einen Vertrag zur Verteidigungszusammenarbeit zwischen den beiden Nationen .
2026-05-11 21:37:41,924 - INFO - joeynmt.training - 	Reference:  India is also reportedly hoping for a deal on defence collaboration between the two nations .
2026-05-11 21:37:41,924 - INFO - joeynmt.training - 	Hypothesis: the conclusion of the same India , the same way , India , the two Nations .
2026-05-11 21:38:07,771 - INFO - joeynmt.training - Epoch   9, Step:    34100, Batch Loss:     1.844269, Batch Acc: 0.543702, Tokens per Sec:     3535, Lr: 0.000300
2026-05-11 21:38:34,281 - INFO - joeynmt.training - Epoch   9, Step:    34200, Batch Loss:     1.731662, Batch Acc: 0.536246, Tokens per Sec:     3482, Lr: 0.000300
2026-05-11 21:39:00,231 - INFO - joeynmt.training - Epoch   9, Step:    34300, Batch Loss:     1.691653, Batch Acc: 0.541655, Tokens per Sec:     3540, Lr: 0.000300
2026-05-11 21:39:27,580 - INFO - joeynmt.training - Epoch   9, Step:    34400, Batch Loss:     1.796257, Batch Acc: 0.536110, Tokens per Sec:     3404, Lr: 0.000300
2026-05-11 21:39:54,463 - INFO - joeynmt.training - Epoch   9, Step:    34500, Batch Loss:     1.659536, Batch Acc: 0.544463, Tokens per Sec:     3457, Lr: 0.000300
2026-05-11 21:39:54,463 - INFO - joeynmt.prediction - Predicting 500 example(s)... (Greedy decoding with min_output_length=1, max_output_length=-1, return_prob='none', generate_unk=True, repetition_penalty=-1, no_repeat_ngram_size=-1)
2026-05-11 21:40:39,314 - INFO - joeynmt.prediction - Evaluation result (greedy) loss:   2.09, ppl:   8.10, acc:   0.46, generation: 44.8424[sec], evaluation: 0.0000[sec]
2026-05-11 21:40:39,478 - INFO - joeynmt.helpers - delete models/deen_transformer_pre/33000.ckpt
2026-05-11 21:40:39,487 - INFO - joeynmt.training - Example #0
2026-05-11 21:40:39,487 - DEBUG - joeynmt.training - 	Tokenized source:     ['die', 'Pre@@', 'mi@@', 'er@@', 'minist@@', 'er', 'Indi@@', 'ens', 'und', 'J@@', 'ap@@', 'ans', 'tra@@', 'fen', 'sich', 'in', 'T@@', 'ok@@', 'i@@', 'o', '.']
2026-05-11 21:40:39,487 - DEBUG - joeynmt.training - 	Tokenized reference:  ['Indi@@', 'a', 'and', 'J@@', 'ap@@', 'an', 'pri@@', 'me', 'minist@@', 'ers', 'me@@', 'et', 'in', 'T@@', 'ok@@', 'y@@', 'o']
2026-05-11 21:40:39,487 - DEBUG - joeynmt.training - 	Tokenized hypothesis: ['the', 'Pri@@', 'me', 'Minist@@', 'er', 'Indi@@', 'a', 'and', 'J@@', 'ap@@', 'an', '&apos;s', 'tra@@', 'ff@@', 'ic', 'of', 'M@@', 'ini@@', 'stry', '.', '</s>']
2026-05-11 21:40:39,487 - INFO - joeynmt.training - 	Source:     die Premierminister Indiens und Japans trafen sich in Tokio .
2026-05-11 21:40:39,487 - INFO - joeynmt.training - 	Reference:  India and Japan prime ministers meet in Tokyo
2026-05-11 21:40:39,487 - INFO - joeynmt.training - 	Hypothesis: the Prime Minister India and Japan &apos;s traffic of Ministry .
2026-05-11 21:40:39,487 - INFO - joeynmt.training - Example #1
2026-05-11 21:40:39,488 - DEBUG - joeynmt.training - 	Tokenized source:     ['Indi@@', 'ens', 'neu@@', 'er', 'Pre@@', 'mi@@', 'er@@', 'minist@@', 'er', 'N@@', 'ar@@', 'end@@', 'ra', 'Mo@@', 'd@@', 'i', 'tri@@', 'fft', 'bei', 's@@', 'einem', 'ersten', 'wichti@@', 'gen', 'Aus@@', 'land@@', 's@@', 'bes@@', 'u@@', 'ch', 'seit', 's@@', 'einem', 'W@@', 'ah@@', 'l@@', 'si@@', 'e@@', 'g', 'im', 'Ma@@', 'i', 'seinen', 'j@@', 'ap@@', 'an@@', 'ischen', 'Am@@', 'ts@@', 'k@@', 'olle@@', 'gen', 'S@@', 'hin@@', 'z@@', 'o', 'A@@', 'be', 'in', 'T@@', 'ok@@', 'o', ',', 'um', 'wirtschaf@@', 'tliche', 'und', 'sicher@@', 'heits@@', 'politische', 'Be@@', 'zieh@@', 'ungen', 'zu', 'bes@@', 'pre@@', 'chen', '.']
2026-05-11 21:40:39,488 - DEBUG - joeynmt.training - 	Tokenized reference:  ['Indi@@', 'a', '&apos;s', 'new', 'pri@@', 'me', 'minist@@', 'er', ',', 'N@@', 'ar@@', 'end@@', 'ra', 'Mo@@', 'd@@', 'i', ',', 'is', 'me@@', 'eting', 'his', 'J@@', 'ap@@', 'an@@', 'ese', 'coun@@', 'ter@@', 'part', ',', 'S@@', 'hin@@', 'z@@', 'o', 'A@@', 'be', ',', 'in', 'T@@', 'ok@@', 'y@@', 'o', 'to', 'disc@@', 'uss', 'economic', 'and', 'security', 'ties', ',', 'on', 'his', 'first', 'major', 'fore@@', 'ign', 'visi@@', 't', 'since', 'w@@', 'inn@@', 'ing', 'Ma@@', 'y', '&apos;s', 'elec@@', 'tion', '.']
2026-05-11 21:40:39,488 - DEBUG - joeynmt.training - 	Tokenized hypothesis: ['Indi@@', 'a', '&apos;s', 'first', 'pri@@', 'me', 'minist@@', 'er', 'N@@', 'ar@@', 'end@@', 'ra', 'Mo@@', 'd@@', 'i', ',', 'in', 'his', 'first', 'important', 'fore@@', 'ign', 'ign', 'ign', 'country', 'since', 'his', 'elec@@', 'tion', 'in', 'Ma@@', 'y', ',', 'the', 'J@@', 'ap@@', 'an', 'S@@', 'hin@@', 'z@@', 'o', 'A@@', 'be', 'in', 'T@@', 'ok@@', 'o', 'to', 'to', 're@@', 'ach', 'economic', 'and', 'security', 'policy', 'rel@@', 'ations', '.', '</s>']
2026-05-11 21:40:39,488 - INFO - joeynmt.training - 	Source:     Indiens neuer Premierminister Narendra Modi trifft bei seinem ersten wichtigen Auslandsbesuch seit seinem Wahlsieg im Mai seinen japanischen Amtskollegen Shinzo Abe in Toko , um wirtschaftliche und sicherheitspolitische Beziehungen zu besprechen .
2026-05-11 21:40:39,488 - INFO - joeynmt.training - 	Reference:  India &apos;s new prime minister , Narendra Modi , is meeting his Japanese counterpart , Shinzo Abe , in Tokyo to discuss economic and security ties , on his first major foreign visit since winning May &apos;s election .
2026-05-11 21:40:39,488 - INFO - joeynmt.training - 	Hypothesis: India &apos;s first prime minister Narendra Modi , in his first important foreign ign ign country since his election in May , the Japan Shinzo Abe in Toko to to reach economic and security policy relations .
2026-05-11 21:40:39,488 - INFO - joeynmt.training - Example #2
2026-05-11 21:40:39,488 - DEBUG - joeynmt.training - 	Tokenized source:     ['Herr', 'Mo@@', 'd@@', 'i', 'befindet', 'sich', 'auf', 'einer', 'fü@@', 'n@@', 'f@@', 'tä@@', 'gi@@', 'gen', 'Rei@@', 'se', 'nach', 'J@@', 'ap@@', 'an', ',', 'um', 'die', 'wirtschaf@@', 'tlichen', 'Be@@', 'zieh@@', 'ungen', 'mit', 'der', 'd@@', 'rit@@', 't@@', 'größ@@', 'ten', 'Wirtschafts@@', 'n@@', 'ation', 'der', 'Welt', 'zu', 'fes@@', 'tigen', '.']
2026-05-11 21:40:39,488 - DEBUG - joeynmt.training - 	Tokenized reference:  ['Mr', 'Mo@@', 'd@@', 'i', 'is', 'on', 'a', 'fi@@', 've', '@@@', '-@@', '@', 'day', 'tri@@', 'p', 'to', 'J@@', 'ap@@', 'an', 'to', 'streng@@', 'then', 'economic', 'ties', 'with', 'the', 'third', 'lar@@', 'ges@@', 't', 'econom@@', 'y', 'in', 'the', 'world', '.']
2026-05-11 21:40:39,488 - DEBUG - joeynmt.training - 	Tokenized hypothesis: ['Mr', 'Mo@@', 'd@@', 'i', 'is', 'located', 'on', 'a', 'fi@@', 'f@@', 'ty', 'of', 'a', 'fi@@', 'f@@', 'ty', 'tra@@', 'ff@@', 'ic', 'in', 'the', 'world', '&apos;s', 'economic', 'rel@@', 'ations', 'with', 'the', 'third', 'b@@', 'ig@@', 'ges@@', 't', 'economic', 'rel@@', 'ations', 'in', 'the', 'world', '.', '</s>']
2026-05-11 21:40:39,488 - INFO - joeynmt.training - 	Source:     Herr Modi befindet sich auf einer fünftägigen Reise nach Japan , um die wirtschaftlichen Beziehungen mit der drittgrößten Wirtschaftsnation der Welt zu festigen .
2026-05-11 21:40:39,488 - INFO - joeynmt.training - 	Reference:  Mr Modi is on a five @-@ day trip to Japan to strengthen economic ties with the third largest economy in the world .
2026-05-11 21:40:39,488 - INFO - joeynmt.training - 	Hypothesis: Mr Modi is located on a fifty of a fifty traffic in the world &apos;s economic relations with the third biggest economic relations in the world .
2026-05-11 21:40:39,488 - INFO - joeynmt.training - Example #3
2026-05-11 21:40:39,488 - DEBUG - joeynmt.training - 	Tokenized source:     ['P@@', 'län@@', 'e', 'für', 'eine', 'stärk@@', 'ere', 'k@@', 'ern@@', 'techn@@', 'ische', 'Zusammenarbeit', 'stehen', 'ganz', 'ob@@', 'en', 'auf', 'der', 'Tag@@', 'es@@', 'ordnung', '.']
2026-05-11 21:40:39,489 - DEBUG - joeynmt.training - 	Tokenized reference:  ['high', 'on', 'the', 'agen@@', 'da', 'are', 'pl@@', 'ans', 'for', 'gre@@', 'ater', 'nu@@', 'clear', 'c@@', 'o', '@@@', '-@@', '@', 'operation', '.']
2026-05-11 21:40:39,489 - DEBUG - joeynmt.training - 	Tokenized hypothesis: ['pl@@', 'ans', 'for', 'more', 'seri@@', 'ous', 'techn@@', 'ical', 'cooperation', 'are', 'very', 'very', 'close', 'to', 'the', 'agen@@', 'da', '.', '</s>']
2026-05-11 21:40:39,489 - INFO - joeynmt.training - 	Source:     Pläne für eine stärkere kerntechnische Zusammenarbeit stehen ganz oben auf der Tagesordnung .
2026-05-11 21:40:39,489 - INFO - joeynmt.training - 	Reference:  high on the agenda are plans for greater nuclear co @-@ operation .
2026-05-11 21:40:39,489 - INFO - joeynmt.training - 	Hypothesis: plans for more serious technical cooperation are very very close to the agenda .
2026-05-11 21:40:39,489 - INFO - joeynmt.training - Example #4
2026-05-11 21:40:39,489 - DEBUG - joeynmt.training - 	Tokenized source:     ['Berich@@', 'ten', 'zu@@', 'fol@@', 'ge', 'ho@@', 'fft', 'Indi@@', 'en', 'darüber', 'hinaus', 'auf', 'einen', 'Ver@@', 'trag', 'zur', 'Ver@@', 'tei@@', 'dig@@', 'ungs@@', 'zusammen@@', 'arbeit', 'zwischen', 'den', 'beiden', 'N@@', 'ationen', '.']
2026-05-11 21:40:39,489 - DEBUG - joeynmt.training - 	Tokenized reference:  ['Indi@@', 'a', 'is', 'also', 're@@', 'porte@@', 'dly', 'hop@@', 'ing', 'for', 'a', 'de@@', 'al', 'on', 'def@@', 'ence', 'c@@', 'oll@@', 'ab@@', 'or@@', 'ation', 'between', 'the', 'two', 'n@@', 'ations', '.']
2026-05-11 21:40:39,489 - DEBUG - joeynmt.training - 	Tokenized hypothesis: ['the', 're@@', 'ports', ',', 'Indi@@', 'a', 'is', 'also', 'a', 'con@@', 'tra@@', 'ct', 'on', 'a', 'con@@', 'tra@@', 'ct', 'on', 'the', 'con@@', 'tra@@', 'ct', 'co@@', '-@@', 'operation', 'between', 'the', 'two', 'n@@', 'ations', '.', '</s>']
2026-05-11 21:40:39,489 - INFO - joeynmt.training - 	Source:     Berichten zufolge hofft Indien darüber hinaus auf einen Vertrag zur Verteidigungszusammenarbeit zwischen den beiden Nationen .
2026-05-11 21:40:39,489 - INFO - joeynmt.training - 	Reference:  India is also reportedly hoping for a deal on defence collaboration between the two nations .
2026-05-11 21:40:39,489 - INFO - joeynmt.training - 	Hypothesis: the reports , India is also a contract on a contract on the contract co-operation between the two nations .
2026-05-11 21:41:06,553 - INFO - joeynmt.training - Epoch   9, Step:    34600, Batch Loss:     1.532007, Batch Acc: 0.547559, Tokens per Sec:     3326, Lr: 0.000300
2026-05-11 21:41:33,378 - INFO - joeynmt.training - Epoch   9, Step:    34700, Batch Loss:     1.564047, Batch Acc: 0.542720, Tokens per Sec:     3398, Lr: 0.000300
2026-05-11 21:42:00,064 - INFO - joeynmt.training - Epoch   9, Step:    34800, Batch Loss:     1.642951, Batch Acc: 0.538695, Tokens per Sec:     3476, Lr: 0.000300
2026-05-11 21:42:27,148 - INFO - joeynmt.training - Epoch   9, Step:    34900, Batch Loss:     1.920112, Batch Acc: 0.540494, Tokens per Sec:     3412, Lr: 0.000300
2026-05-11 21:42:59,232 - INFO - joeynmt.training - Epoch   9, Step:    35000, Batch Loss:     1.629975, Batch Acc: 0.541233, Tokens per Sec:     2878, Lr: 0.000300
2026-05-11 21:42:59,233 - INFO - joeynmt.prediction - Predicting 500 example(s)... (Greedy decoding with min_output_length=1, max_output_length=-1, return_prob='none', generate_unk=True, repetition_penalty=-1, no_repeat_ngram_size=-1)
2026-05-11 21:43:43,380 - INFO - joeynmt.prediction - Evaluation result (greedy) loss:   2.09, ppl:   8.06, acc:   0.46, generation: 44.1379[sec], evaluation: 0.0000[sec]
2026-05-11 21:43:43,383 - INFO - joeynmt.training - Hooray! New best validation result [ppl]!
2026-05-11 21:43:43,551 - INFO - joeynmt.helpers - delete models/deen_transformer_pre/32500.ckpt
2026-05-11 21:43:43,556 - INFO - joeynmt.training - Example #0
2026-05-11 21:43:43,556 - DEBUG - joeynmt.training - 	Tokenized source:     ['die', 'Pre@@', 'mi@@', 'er@@', 'minist@@', 'er', 'Indi@@', 'ens', 'und', 'J@@', 'ap@@', 'ans', 'tra@@', 'fen', 'sich', 'in', 'T@@', 'ok@@', 'i@@', 'o', '.']
2026-05-11 21:43:43,556 - DEBUG - joeynmt.training - 	Tokenized reference:  ['Indi@@', 'a', 'and', 'J@@', 'ap@@', 'an', 'pri@@', 'me', 'minist@@', 'ers', 'me@@', 'et', 'in', 'T@@', 'ok@@', 'y@@', 'o']
2026-05-11 21:43:43,556 - DEBUG - joeynmt.training - 	Tokenized hypothesis: ['the', 'pri@@', 'me', 'minist@@', 'er', 'in', 'the', 'P@@', 'ol@@', 'and', 'J@@', 'ap@@', 'an', '&apos;s', 'pri@@', 'me', 'minist@@', 'er', 'in', 'T@@', 'ok@@', 'i@@', 'o', '.', '</s>']
2026-05-11 21:43:43,557 - INFO - joeynmt.training - 	Source:     die Premierminister Indiens und Japans trafen sich in Tokio .
2026-05-11 21:43:43,557 - INFO - joeynmt.training - 	Reference:  India and Japan prime ministers meet in Tokyo
2026-05-11 21:43:43,557 - INFO - joeynmt.training - 	Hypothesis: the prime minister in the Poland Japan &apos;s prime minister in Tokio .
2026-05-11 21:43:43,557 - INFO - joeynmt.training - Example #1
2026-05-11 21:43:43,557 - DEBUG - joeynmt.training - 	Tokenized source:     ['Indi@@', 'ens', 'neu@@', 'er', 'Pre@@', 'mi@@', 'er@@', 'minist@@', 'er', 'N@@', 'ar@@', 'end@@', 'ra', 'Mo@@', 'd@@', 'i', 'tri@@', 'fft', 'bei', 's@@', 'einem', 'ersten', 'wichti@@', 'gen', 'Aus@@', 'land@@', 's@@', 'bes@@', 'u@@', 'ch', 'seit', 's@@', 'einem', 'W@@', 'ah@@', 'l@@', 'si@@', 'e@@', 'g', 'im', 'Ma@@', 'i', 'seinen', 'j@@', 'ap@@', 'an@@', 'ischen', 'Am@@', 'ts@@', 'k@@', 'olle@@', 'gen', 'S@@', 'hin@@', 'z@@', 'o', 'A@@', 'be', 'in', 'T@@', 'ok@@', 'o', ',', 'um', 'wirtschaf@@', 'tliche', 'und', 'sicher@@', 'heits@@', 'politische', 'Be@@', 'zieh@@', 'ungen', 'zu', 'bes@@', 'pre@@', 'chen', '.']
2026-05-11 21:43:43,557 - DEBUG - joeynmt.training - 	Tokenized reference:  ['Indi@@', 'a', '&apos;s', 'new', 'pri@@', 'me', 'minist@@', 'er', ',', 'N@@', 'ar@@', 'end@@', 'ra', 'Mo@@', 'd@@', 'i', ',', 'is', 'me@@', 'eting', 'his', 'J@@', 'ap@@', 'an@@', 'ese', 'coun@@', 'ter@@', 'part', ',', 'S@@', 'hin@@', 'z@@', 'o', 'A@@', 'be', ',', 'in', 'T@@', 'ok@@', 'y@@', 'o', 'to', 'disc@@', 'uss', 'economic', 'and', 'security', 'ties', ',', 'on', 'his', 'first', 'major', 'fore@@', 'ign', 'visi@@', 't', 'since', 'w@@', 'inn@@', 'ing', 'Ma@@', 'y', '&apos;s', 'elec@@', 'tion', '.']
2026-05-11 21:43:43,557 - DEBUG - joeynmt.training - 	Tokenized hypothesis: ['Indi@@', 'a', '&apos;s', 'pri@@', 'me', 'minist@@', 'er', 'N@@', 'ar@@', 'end@@', 'ra', 'Mo@@', 'd@@', 'i', ',', 'at', 'his', 'first', 'important', 'fore@@', 'ign', 'ign', 'countries', ',', 'in', 'his', 'own', 'elec@@', 'tion', 'in', 'Ma@@', 'y', ',', 'in', 'his', 'elec@@', 'tion', 'in', 'Ma@@', 'y', ',', 'his', 'J@@', 'ap@@', 'an@@', 'ese', 'Am@@', 'ts@@', 'k@@', 'o', ',', 'in', 'order', 'to', 'visi@@', 't', 'the', 'A@@', 'be', 'in', 'T@@', 'ok@@', 'o', ',', 'in', 'order', 'to', 'visi@@', 't', 'the', 'A@@', 'be', 'in', 'T@@', 'ok@@', 'o', '.', '</s>']
2026-05-11 21:43:43,557 - INFO - joeynmt.training - 	Source:     Indiens neuer Premierminister Narendra Modi trifft bei seinem ersten wichtigen Auslandsbesuch seit seinem Wahlsieg im Mai seinen japanischen Amtskollegen Shinzo Abe in Toko , um wirtschaftliche und sicherheitspolitische Beziehungen zu besprechen .
2026-05-11 21:43:43,557 - INFO - joeynmt.training - 	Reference:  India &apos;s new prime minister , Narendra Modi , is meeting his Japanese counterpart , Shinzo Abe , in Tokyo to discuss economic and security ties , on his first major foreign visit since winning May &apos;s election .
2026-05-11 21:43:43,557 - INFO - joeynmt.training - 	Hypothesis: India &apos;s prime minister Narendra Modi , at his first important foreign ign countries , in his own election in May , in his election in May , his Japanese Amtsko , in order to visit the Abe in Toko , in order to visit the Abe in Toko .
2026-05-11 21:43:43,557 - INFO - joeynmt.training - Example #2
2026-05-11 21:43:43,557 - DEBUG - joeynmt.training - 	Tokenized source:     ['Herr', 'Mo@@', 'd@@', 'i', 'befindet', 'sich', 'auf', 'einer', 'fü@@', 'n@@', 'f@@', 'tä@@', 'gi@@', 'gen', 'Rei@@', 'se', 'nach', 'J@@', 'ap@@', 'an', ',', 'um', 'die', 'wirtschaf@@', 'tlichen', 'Be@@', 'zieh@@', 'ungen', 'mit', 'der', 'd@@', 'rit@@', 't@@', 'größ@@', 'ten', 'Wirtschafts@@', 'n@@', 'ation', 'der', 'Welt', 'zu', 'fes@@', 'tigen', '.']
2026-05-11 21:43:43,558 - DEBUG - joeynmt.training - 	Tokenized reference:  ['Mr', 'Mo@@', 'd@@', 'i', 'is', 'on', 'a', 'fi@@', 've', '@@@', '-@@', '@', 'day', 'tri@@', 'p', 'to', 'J@@', 'ap@@', 'an', 'to', 'streng@@', 'then', 'economic', 'ties', 'with', 'the', 'third', 'lar@@', 'ges@@', 't', 'econom@@', 'y', 'in', 'the', 'world', '.']
2026-05-11 21:43:43,558 - DEBUG - joeynmt.training - 	Tokenized hypothesis: ['Mr', 'Mo@@', 'd@@', 'i', 'is', 'a', 'fi@@', 'f@@', 'ty', 'of', 'a', 'fi@@', 'f@@', 'ty', 'tra@@', 'v@@', 'el', 'to', 'J@@', 'ap@@', 'an', 'to', 'J@@', 'ap@@', 'an', '&apos;s', 'economic', 'rel@@', 'ations', 'with', 'the', 'third', 'b@@', 'ig@@', 'ges@@', 't', 'economic', 'rel@@', 'ations', 'with', 'the', 'third', 'b@@', 'ig@@', 'ges@@', 't', 'economic', 'rel@@', 'ations', 'with', 'the', 'third', 'b@@', 'ig@@', 'ges@@', 't', 'economic', 'rel@@', 'ations', 'with', 'the', 'third', 'b@@', 'ig@@', 'ges@@', 't', 'economic', 'rel@@', 'ations', 'with', 'the', 'third', 'par@@', 'ty', '.', '</s>']
2026-05-11 21:43:43,558 - INFO - joeynmt.training - 	Source:     Herr Modi befindet sich auf einer fünftägigen Reise nach Japan , um die wirtschaftlichen Beziehungen mit der drittgrößten Wirtschaftsnation der Welt zu festigen .
2026-05-11 21:43:43,558 - INFO - joeynmt.training - 	Reference:  Mr Modi is on a five @-@ day trip to Japan to strengthen economic ties with the third largest economy in the world .
2026-05-11 21:43:43,558 - INFO - joeynmt.training - 	Hypothesis: Mr Modi is a fifty of a fifty travel to Japan to Japan &apos;s economic relations with the third biggest economic relations with the third biggest economic relations with the third biggest economic relations with the third biggest economic relations with the third party .
2026-05-11 21:43:43,558 - INFO - joeynmt.training - Example #3
2026-05-11 21:43:43,558 - DEBUG - joeynmt.training - 	Tokenized source:     ['P@@', 'län@@', 'e', 'für', 'eine', 'stärk@@', 'ere', 'k@@', 'ern@@', 'techn@@', 'ische', 'Zusammenarbeit', 'stehen', 'ganz', 'ob@@', 'en', 'auf', 'der', 'Tag@@', 'es@@', 'ordnung', '.']
2026-05-11 21:43:43,558 - DEBUG - joeynmt.training - 	Tokenized reference:  ['high', 'on', 'the', 'agen@@', 'da', 'are', 'pl@@', 'ans', 'for', 'gre@@', 'ater', 'nu@@', 'clear', 'c@@', 'o', '@@@', '-@@', '@', 'operation', '.']
2026-05-11 21:43:43,558 - DEBUG - joeynmt.training - 	Tokenized hypothesis: ['pl@@', 'ans', 'for', 'a', 'str@@', 'on@@', 'ger', 'techn@@', 'ical', 'cooperation', 'are', 'very', 'ob@@', 'vi@@', 'ous', 'to', 'the', 'agen@@', 'da', '.', '</s>']
2026-05-11 21:43:43,558 - INFO - joeynmt.training - 	Source:     Pläne für eine stärkere kerntechnische Zusammenarbeit stehen ganz oben auf der Tagesordnung .
2026-05-11 21:43:43,558 - INFO - joeynmt.training - 	Reference:  high on the agenda are plans for greater nuclear co @-@ operation .
2026-05-11 21:43:43,558 - INFO - joeynmt.training - 	Hypothesis: plans for a stronger technical cooperation are very obvious to the agenda .
2026-05-11 21:43:43,558 - INFO - joeynmt.training - Example #4
2026-05-11 21:43:43,558 - DEBUG - joeynmt.training - 	Tokenized source:     ['Berich@@', 'ten', 'zu@@', 'fol@@', 'ge', 'ho@@', 'fft', 'Indi@@', 'en', 'darüber', 'hinaus', 'auf', 'einen', 'Ver@@', 'trag', 'zur', 'Ver@@', 'tei@@', 'dig@@', 'ungs@@', 'zusammen@@', 'arbeit', 'zwischen', 'den', 'beiden', 'N@@', 'ationen', '.']
2026-05-11 21:43:43,558 - DEBUG - joeynmt.training - 	Tokenized reference:  ['Indi@@', 'a', 'is', 'also', 're@@', 'porte@@', 'dly', 'hop@@', 'ing', 'for', 'a', 'de@@', 'al', 'on', 'def@@', 'ence', 'c@@', 'oll@@', 'ab@@', 'or@@', 'ation', 'between', 'the', 'two', 'n@@', 'ations', '.']
2026-05-11 21:43:43,558 - DEBUG - joeynmt.training - 	Tokenized hypothesis: ['the', 'following', 'no@@', 'te', 're@@', 'ports', ',', 'Indi@@', 'a', 'is', 'also', 'a', 'con@@', 'tra@@', 'ct', 'on', 'the', 'con@@', 'tr@@', 'ary', 'cooperation', 'between', 'the', 'two', 'n@@', 'ations', '.', '</s>']
2026-05-11 21:43:43,559 - INFO - joeynmt.training - 	Source:     Berichten zufolge hofft Indien darüber hinaus auf einen Vertrag zur Verteidigungszusammenarbeit zwischen den beiden Nationen .
2026-05-11 21:43:43,559 - INFO - joeynmt.training - 	Reference:  India is also reportedly hoping for a deal on defence collaboration between the two nations .
2026-05-11 21:43:43,559 - INFO - joeynmt.training - 	Hypothesis: the following note reports , India is also a contract on the contrary cooperation between the two nations .
2026-05-11 21:44:10,861 - INFO - joeynmt.training - Epoch   9, Step:    35100, Batch Loss:     1.696205, Batch Acc: 0.540076, Tokens per Sec:     3323, Lr: 0.000300
2026-05-11 21:44:38,886 - INFO - joeynmt.training - Epoch   9, Step:    35200, Batch Loss:     1.617891, Batch Acc: 0.544615, Tokens per Sec:     3248, Lr: 0.000300
2026-05-11 21:45:06,573 - INFO - joeynmt.training - Epoch   9, Step:    35300, Batch Loss:     1.681899, Batch Acc: 0.537253, Tokens per Sec:     3284, Lr: 0.000300
2026-05-11 21:45:34,721 - INFO - joeynmt.training - Epoch   9, Step:    35400, Batch Loss:     1.640206, Batch Acc: 0.545838, Tokens per Sec:     3269, Lr: 0.000300
2026-05-11 21:46:05,317 - INFO - joeynmt.training - Epoch   9, Step:    35500, Batch Loss:     1.848313, Batch Acc: 0.541912, Tokens per Sec:     2992, Lr: 0.000300
2026-05-11 21:46:05,317 - INFO - joeynmt.prediction - Predicting 500 example(s)... (Greedy decoding with min_output_length=1, max_output_length=-1, return_prob='none', generate_unk=True, repetition_penalty=-1, no_repeat_ngram_size=-1)
2026-05-11 21:46:48,718 - INFO - joeynmt.prediction - Evaluation result (greedy) loss:   2.08, ppl:   7.97, acc:   0.46, generation: 43.3930[sec], evaluation: 0.0000[sec]
2026-05-11 21:46:48,720 - INFO - joeynmt.training - Hooray! New best validation result [ppl]!
2026-05-11 21:46:48,899 - INFO - joeynmt.helpers - delete models/deen_transformer_pre/31000.ckpt
2026-05-11 21:46:48,903 - INFO - joeynmt.training - Example #0
2026-05-11 21:46:48,904 - DEBUG - joeynmt.training - 	Tokenized source:     ['die', 'Pre@@', 'mi@@', 'er@@', 'minist@@', 'er', 'Indi@@', 'ens', 'und', 'J@@', 'ap@@', 'ans', 'tra@@', 'fen', 'sich', 'in', 'T@@', 'ok@@', 'i@@', 'o', '.']
2026-05-11 21:46:48,904 - DEBUG - joeynmt.training - 	Tokenized reference:  ['Indi@@', 'a', 'and', 'J@@', 'ap@@', 'an', 'pri@@', 'me', 'minist@@', 'ers', 'me@@', 'et', 'in', 'T@@', 'ok@@', 'y@@', 'o']
2026-05-11 21:46:48,904 - DEBUG - joeynmt.training - 	Tokenized hypothesis: ['Pri@@', 'me', 'Minist@@', 'er', 'Indi@@', 'a', 'and', 'J@@', 'ap@@', 'an', '&apos;s', 'pri@@', 'me', ',', 'and', 'J@@', 'ap@@', 'an', '&apos;s', 'tra@@', 'f@@', 'au@@', 'l@@', 'ts', '.', '</s>']
2026-05-11 21:46:48,904 - INFO - joeynmt.training - 	Source:     die Premierminister Indiens und Japans trafen sich in Tokio .
2026-05-11 21:46:48,904 - INFO - joeynmt.training - 	Reference:  India and Japan prime ministers meet in Tokyo
2026-05-11 21:46:48,904 - INFO - joeynmt.training - 	Hypothesis: Prime Minister India and Japan &apos;s prime , and Japan &apos;s trafaults .
2026-05-11 21:46:48,904 - INFO - joeynmt.training - Example #1
2026-05-11 21:46:48,904 - DEBUG - joeynmt.training - 	Tokenized source:     ['Indi@@', 'ens', 'neu@@', 'er', 'Pre@@', 'mi@@', 'er@@', 'minist@@', 'er', 'N@@', 'ar@@', 'end@@', 'ra', 'Mo@@', 'd@@', 'i', 'tri@@', 'fft', 'bei', 's@@', 'einem', 'ersten', 'wichti@@', 'gen', 'Aus@@', 'land@@', 's@@', 'bes@@', 'u@@', 'ch', 'seit', 's@@', 'einem', 'W@@', 'ah@@', 'l@@', 'si@@', 'e@@', 'g', 'im', 'Ma@@', 'i', 'seinen', 'j@@', 'ap@@', 'an@@', 'ischen', 'Am@@', 'ts@@', 'k@@', 'olle@@', 'gen', 'S@@', 'hin@@', 'z@@', 'o', 'A@@', 'be', 'in', 'T@@', 'ok@@', 'o', ',', 'um', 'wirtschaf@@', 'tliche', 'und', 'sicher@@', 'heits@@', 'politische', 'Be@@', 'zieh@@', 'ungen', 'zu', 'bes@@', 'pre@@', 'chen', '.']
2026-05-11 21:46:48,904 - DEBUG - joeynmt.training - 	Tokenized reference:  ['Indi@@', 'a', '&apos;s', 'new', 'pri@@', 'me', 'minist@@', 'er', ',', 'N@@', 'ar@@', 'end@@', 'ra', 'Mo@@', 'd@@', 'i', ',', 'is', 'me@@', 'eting', 'his', 'J@@', 'ap@@', 'an@@', 'ese', 'coun@@', 'ter@@', 'part', ',', 'S@@', 'hin@@', 'z@@', 'o', 'A@@', 'be', ',', 'in', 'T@@', 'ok@@', 'y@@', 'o', 'to', 'disc@@', 'uss', 'economic', 'and', 'security', 'ties', ',', 'on', 'his', 'first', 'major', 'fore@@', 'ign', 'visi@@', 't', 'since', 'w@@', 'inn@@', 'ing', 'Ma@@', 'y', '&apos;s', 'elec@@', 'tion', '.']
2026-05-11 21:46:48,904 - DEBUG - joeynmt.training - 	Tokenized hypothesis: ['Indi@@', 'a', '&apos;s', 'lat@@', 'er', 'Pri@@', 'me', 'Minist@@', 'er', 'N@@', 'ar@@', 'end@@', 'ra', 'Mo@@', 'd@@', 'i', ',', 'in', 'his', 'first', 'important', 'fore@@', 'ign', 'ag@@', 'ri@@', 'cultural', 'lea@@', 'ders', '.', '</s>']
2026-05-11 21:46:48,904 - INFO - joeynmt.training - 	Source:     Indiens neuer Premierminister Narendra Modi trifft bei seinem ersten wichtigen Auslandsbesuch seit seinem Wahlsieg im Mai seinen japanischen Amtskollegen Shinzo Abe in Toko , um wirtschaftliche und sicherheitspolitische Beziehungen zu besprechen .
2026-05-11 21:46:48,904 - INFO - joeynmt.training - 	Reference:  India &apos;s new prime minister , Narendra Modi , is meeting his Japanese counterpart , Shinzo Abe , in Tokyo to discuss economic and security ties , on his first major foreign visit since winning May &apos;s election .
2026-05-11 21:46:48,904 - INFO - joeynmt.training - 	Hypothesis: India &apos;s later Prime Minister Narendra Modi , in his first important foreign agricultural leaders .
2026-05-11 21:46:48,904 - INFO - joeynmt.training - Example #2
2026-05-11 21:46:48,905 - DEBUG - joeynmt.training - 	Tokenized source:     ['Herr', 'Mo@@', 'd@@', 'i', 'befindet', 'sich', 'auf', 'einer', 'fü@@', 'n@@', 'f@@', 'tä@@', 'gi@@', 'gen', 'Rei@@', 'se', 'nach', 'J@@', 'ap@@', 'an', ',', 'um', 'die', 'wirtschaf@@', 'tlichen', 'Be@@', 'zieh@@', 'ungen', 'mit', 'der', 'd@@', 'rit@@', 't@@', 'größ@@', 'ten', 'Wirtschafts@@', 'n@@', 'ation', 'der', 'Welt', 'zu', 'fes@@', 'tigen', '.']
2026-05-11 21:46:48,905 - DEBUG - joeynmt.training - 	Tokenized reference:  ['Mr', 'Mo@@', 'd@@', 'i', 'is', 'on', 'a', 'fi@@', 've', '@@@', '-@@', '@', 'day', 'tri@@', 'p', 'to', 'J@@', 'ap@@', 'an', 'to', 'streng@@', 'then', 'economic', 'ties', 'with', 'the', 'third', 'lar@@', 'ges@@', 't', 'econom@@', 'y', 'in', 'the', 'world', '.']
2026-05-11 21:46:48,905 - DEBUG - joeynmt.training - 	Tokenized hypothesis: ['Mr', 'Mo@@', 'd@@', 'i', 'is', 'a', 'fi@@', 'f@@', 'ty', 'of', 'a', 'fi@@', 'f@@', 'ty', 'of', 'the', 'world', '&apos;s', 'economic', 'rel@@', 'ations', 'with', 'the', 'third', 'b@@', 'ig@@', 'ges@@', 't', 'economic', 'rel@@', 'ations', 'with', 'the', 'third', 'b@@', 'ig@@', 'ges@@', 't', 'economic', 'rel@@', 'ations', 'with', 'the', 'third', 'b@@', 'ig@@', 'ges@@', 't', 'economic', 'rel@@', 'ations', 'with', 'the', 'third', 'countries', '.', '</s>']
2026-05-11 21:46:48,905 - INFO - joeynmt.training - 	Source:     Herr Modi befindet sich auf einer fünftägigen Reise nach Japan , um die wirtschaftlichen Beziehungen mit der drittgrößten Wirtschaftsnation der Welt zu festigen .
2026-05-11 21:46:48,905 - INFO - joeynmt.training - 	Reference:  Mr Modi is on a five @-@ day trip to Japan to strengthen economic ties with the third largest economy in the world .
2026-05-11 21:46:48,905 - INFO - joeynmt.training - 	Hypothesis: Mr Modi is a fifty of a fifty of the world &apos;s economic relations with the third biggest economic relations with the third biggest economic relations with the third biggest economic relations with the third countries .
2026-05-11 21:46:48,905 - INFO - joeynmt.training - Example #3
2026-05-11 21:46:48,905 - DEBUG - joeynmt.training - 	Tokenized source:     ['P@@', 'län@@', 'e', 'für', 'eine', 'stärk@@', 'ere', 'k@@', 'ern@@', 'techn@@', 'ische', 'Zusammenarbeit', 'stehen', 'ganz', 'ob@@', 'en', 'auf', 'der', 'Tag@@', 'es@@', 'ordnung', '.']
2026-05-11 21:46:48,905 - DEBUG - joeynmt.training - 	Tokenized reference:  ['high', 'on', 'the', 'agen@@', 'da', 'are', 'pl@@', 'ans', 'for', 'gre@@', 'ater', 'nu@@', 'clear', 'c@@', 'o', '@@@', '-@@', '@', 'operation', '.']
2026-05-11 21:46:48,905 - DEBUG - joeynmt.training - 	Tokenized hypothesis: ['pl@@', 'ans', 'for', 'more', 'nu@@', 'clear', 'techn@@', 'ical', 'cooperation', 'are', 'very', 'ob@@', 'vi@@', 'ously', 'on', 'the', 'agen@@', 'da', '.', '</s>']
2026-05-11 21:46:48,905 - INFO - joeynmt.training - 	Source:     Pläne für eine stärkere kerntechnische Zusammenarbeit stehen ganz oben auf der Tagesordnung .
2026-05-11 21:46:48,905 - INFO - joeynmt.training - 	Reference:  high on the agenda are plans for greater nuclear co @-@ operation .
2026-05-11 21:46:48,905 - INFO - joeynmt.training - 	Hypothesis: plans for more nuclear technical cooperation are very obviously on the agenda .
2026-05-11 21:46:48,905 - INFO - joeynmt.training - Example #4
2026-05-11 21:46:48,905 - DEBUG - joeynmt.training - 	Tokenized source:     ['Berich@@', 'ten', 'zu@@', 'fol@@', 'ge', 'ho@@', 'fft', 'Indi@@', 'en', 'darüber', 'hinaus', 'auf', 'einen', 'Ver@@', 'trag', 'zur', 'Ver@@', 'tei@@', 'dig@@', 'ungs@@', 'zusammen@@', 'arbeit', 'zwischen', 'den', 'beiden', 'N@@', 'ationen', '.']
2026-05-11 21:46:48,905 - DEBUG - joeynmt.training - 	Tokenized reference:  ['Indi@@', 'a', 'is', 'also', 're@@', 'porte@@', 'dly', 'hop@@', 'ing', 'for', 'a', 'de@@', 'al', 'on', 'def@@', 'ence', 'c@@', 'oll@@', 'ab@@', 'or@@', 'ation', 'between', 'the', 'two', 'n@@', 'ations', '.']
2026-05-11 21:46:48,906 - DEBUG - joeynmt.training - 	Tokenized hypothesis: ['the', 're@@', 'ports', 'of', 'the', 'same', 'indi@@', 'c@@', 'ation', 'of', 'the', 'con@@', 'tra@@', 'ct', 'and', 'con@@', 'dem@@', 'n@@', 'ations', '.', '</s>']
2026-05-11 21:46:48,906 - INFO - joeynmt.training - 	Source:     Berichten zufolge hofft Indien darüber hinaus auf einen Vertrag zur Verteidigungszusammenarbeit zwischen den beiden Nationen .
2026-05-11 21:46:48,906 - INFO - joeynmt.training - 	Reference:  India is also reportedly hoping for a deal on defence collaboration between the two nations .
2026-05-11 21:46:48,906 - INFO - joeynmt.training - 	Hypothesis: the reports of the same indication of the contract and condemnations .
2026-05-11 21:47:17,096 - INFO - joeynmt.training - Epoch   9, Step:    35600, Batch Loss:     1.625488, Batch Acc: 0.548907, Tokens per Sec:     3277, Lr: 0.000300
2026-05-11 21:47:45,327 - INFO - joeynmt.training - Epoch   9, Step:    35700, Batch Loss:     1.608759, Batch Acc: 0.542643, Tokens per Sec:     3285, Lr: 0.000300
2026-05-11 21:48:13,201 - INFO - joeynmt.training - Epoch   9, Step:    35800, Batch Loss:     1.907204, Batch Acc: 0.539939, Tokens per Sec:     3251, Lr: 0.000300
2026-05-11 21:48:41,180 - INFO - joeynmt.training - Epoch   9, Step:    35900, Batch Loss:     1.696396, Batch Acc: 0.537416, Tokens per Sec:     3249, Lr: 0.000300
2026-05-11 21:49:08,805 - INFO - joeynmt.training - Epoch   9, Step:    36000, Batch Loss:     1.941021, Batch Acc: 0.539778, Tokens per Sec:     3285, Lr: 0.000300
2026-05-11 21:49:08,806 - INFO - joeynmt.prediction - Predicting 500 example(s)... (Greedy decoding with min_output_length=1, max_output_length=-1, return_prob='none', generate_unk=True, repetition_penalty=-1, no_repeat_ngram_size=-1)
2026-05-11 21:50:00,290 - INFO - joeynmt.prediction - Evaluation result (greedy) loss:   2.08, ppl:   8.00, acc:   0.46, generation: 51.4757[sec], evaluation: 0.0000[sec]
2026-05-11 21:50:00,460 - INFO - joeynmt.helpers - delete models/deen_transformer_pre/34000.ckpt
2026-05-11 21:50:00,467 - INFO - joeynmt.training - Example #0
2026-05-11 21:50:00,467 - DEBUG - joeynmt.training - 	Tokenized source:     ['die', 'Pre@@', 'mi@@', 'er@@', 'minist@@', 'er', 'Indi@@', 'ens', 'und', 'J@@', 'ap@@', 'ans', 'tra@@', 'fen', 'sich', 'in', 'T@@', 'ok@@', 'i@@', 'o', '.']
2026-05-11 21:50:00,467 - DEBUG - joeynmt.training - 	Tokenized reference:  ['Indi@@', 'a', 'and', 'J@@', 'ap@@', 'an', 'pri@@', 'me', 'minist@@', 'ers', 'me@@', 'et', 'in', 'T@@', 'ok@@', 'y@@', 'o']
2026-05-11 21:50:00,468 - DEBUG - joeynmt.training - 	Tokenized hypothesis: ['the', 'Pri@@', 'me', 'Minist@@', 'er', 'of', 'Indi@@', 'a', 'and', 'J@@', 'ap@@', 'an', '&apos;s', 'pri@@', 'me', 'minist@@', 'er', 'and', 'J@@', 'ap@@', 'an', '.', '</s>']
2026-05-11 21:50:00,468 - INFO - joeynmt.training - 	Source:     die Premierminister Indiens und Japans trafen sich in Tokio .
2026-05-11 21:50:00,468 - INFO - joeynmt.training - 	Reference:  India and Japan prime ministers meet in Tokyo
2026-05-11 21:50:00,468 - INFO - joeynmt.training - 	Hypothesis: the Prime Minister of India and Japan &apos;s prime minister and Japan .
2026-05-11 21:50:00,468 - INFO - joeynmt.training - Example #1
2026-05-11 21:50:00,468 - DEBUG - joeynmt.training - 	Tokenized source:     ['Indi@@', 'ens', 'neu@@', 'er', 'Pre@@', 'mi@@', 'er@@', 'minist@@', 'er', 'N@@', 'ar@@', 'end@@', 'ra', 'Mo@@', 'd@@', 'i', 'tri@@', 'fft', 'bei', 's@@', 'einem', 'ersten', 'wichti@@', 'gen', 'Aus@@', 'land@@', 's@@', 'bes@@', 'u@@', 'ch', 'seit', 's@@', 'einem', 'W@@', 'ah@@', 'l@@', 'si@@', 'e@@', 'g', 'im', 'Ma@@', 'i', 'seinen', 'j@@', 'ap@@', 'an@@', 'ischen', 'Am@@', 'ts@@', 'k@@', 'olle@@', 'gen', 'S@@', 'hin@@', 'z@@', 'o', 'A@@', 'be', 'in', 'T@@', 'ok@@', 'o', ',', 'um', 'wirtschaf@@', 'tliche', 'und', 'sicher@@', 'heits@@', 'politische', 'Be@@', 'zieh@@', 'ungen', 'zu', 'bes@@', 'pre@@', 'chen', '.']
2026-05-11 21:50:00,468 - DEBUG - joeynmt.training - 	Tokenized reference:  ['Indi@@', 'a', '&apos;s', 'new', 'pri@@', 'me', 'minist@@', 'er', ',', 'N@@', 'ar@@', 'end@@', 'ra', 'Mo@@', 'd@@', 'i', ',', 'is', 'me@@', 'eting', 'his', 'J@@', 'ap@@', 'an@@', 'ese', 'coun@@', 'ter@@', 'part', ',', 'S@@', 'hin@@', 'z@@', 'o', 'A@@', 'be', ',', 'in', 'T@@', 'ok@@', 'y@@', 'o', 'to', 'disc@@', 'uss', 'economic', 'and', 'security', 'ties', ',', 'on', 'his', 'first', 'major', 'fore@@', 'ign', 'visi@@', 't', 'since', 'w@@', 'inn@@', 'ing', 'Ma@@', 'y', '&apos;s', 'elec@@', 'tion', '.']
2026-05-11 21:50:00,468 - DEBUG - joeynmt.training - 	Tokenized hypothesis: ['Indi@@', 'a', '&apos;s', 'first', 'pri@@', 'me', 'minist@@', 'er', 'N@@', 'ar@@', 'end@@', 'ra', 'Mo@@', 'd@@', 'i', 'i', ',', 'in', 'his', 'first', 'important', 'fore@@', 'ign', 'fore@@', 'ign', 'occ@@', 'up@@', 'ation', 'in', 'Ma@@', 'y', ',', 'in', 'the', 'J@@', 'ap@@', 'an@@', 'ese', 'off@@', 'ice', 'of', 'M@@', 'y', ',', 'S@@', 'hin@@', 'z@@', 'o', 'A@@', 'be', 'in', 'T@@', 'ok@@', 'o', ',', 'to', 'be', 'in', 'order', 'to', 'visi@@', 't', 'the', 'C@@', 'our@@', 't', 'of', 'M@@', 'ini@@', 'stry', 'and', 'S@@', 'hin@@', 'z@@', 'o', 'A@@', 'be', 'in', 'T@@', 'ok@@', 'o', ',', 'to', 're@@', 'p@@', 'ly', '.', '</s>']
2026-05-11 21:50:00,468 - INFO - joeynmt.training - 	Source:     Indiens neuer Premierminister Narendra Modi trifft bei seinem ersten wichtigen Auslandsbesuch seit seinem Wahlsieg im Mai seinen japanischen Amtskollegen Shinzo Abe in Toko , um wirtschaftliche und sicherheitspolitische Beziehungen zu besprechen .
2026-05-11 21:50:00,468 - INFO - joeynmt.training - 	Reference:  India &apos;s new prime minister , Narendra Modi , is meeting his Japanese counterpart , Shinzo Abe , in Tokyo to discuss economic and security ties , on his first major foreign visit since winning May &apos;s election .
2026-05-11 21:50:00,468 - INFO - joeynmt.training - 	Hypothesis: India &apos;s first prime minister Narendra Modi i , in his first important foreign foreign occupation in May , in the Japanese office of My , Shinzo Abe in Toko , to be in order to visit the Court of Ministry and Shinzo Abe in Toko , to reply .
2026-05-11 21:50:00,468 - INFO - joeynmt.training - Example #2
2026-05-11 21:50:00,468 - DEBUG - joeynmt.training - 	Tokenized source:     ['Herr', 'Mo@@', 'd@@', 'i', 'befindet', 'sich', 'auf', 'einer', 'fü@@', 'n@@', 'f@@', 'tä@@', 'gi@@', 'gen', 'Rei@@', 'se', 'nach', 'J@@', 'ap@@', 'an', ',', 'um', 'die', 'wirtschaf@@', 'tlichen', 'Be@@', 'zieh@@', 'ungen', 'mit', 'der', 'd@@', 'rit@@', 't@@', 'größ@@', 'ten', 'Wirtschafts@@', 'n@@', 'ation', 'der', 'Welt', 'zu', 'fes@@', 'tigen', '.']
2026-05-11 21:50:00,468 - DEBUG - joeynmt.training - 	Tokenized reference:  ['Mr', 'Mo@@', 'd@@', 'i', 'is', 'on', 'a', 'fi@@', 've', '@@@', '-@@', '@', 'day', 'tri@@', 'p', 'to', 'J@@', 'ap@@', 'an', 'to', 'streng@@', 'then', 'economic', 'ties', 'with', 'the', 'third', 'lar@@', 'ges@@', 't', 'econom@@', 'y', 'in', 'the', 'world', '.']
2026-05-11 21:50:00,468 - DEBUG - joeynmt.training - 	Tokenized hypothesis: ['Mr', 'Mo@@', 'd@@', 'i', 'is', 'located', 'on', 'a', 'fi@@', 'f@@', 'ty', 'of', 'J@@', 'ap@@', 'an', ',', 'to', 'J@@', 'ap@@', 'an', ',', 'to', 're@@', 'ach', 'economic', 'rel@@', 'ations', 'with', 'the', 'third', 'lar@@', 'ges@@', 't', 'economic', 'rel@@', 'ations', 'with', 'the', 'third', 'lar@@', 'ges@@', 't', 'economic', 'rel@@', 'ations', '.', '</s>']
2026-05-11 21:50:00,469 - INFO - joeynmt.training - 	Source:     Herr Modi befindet sich auf einer fünftägigen Reise nach Japan , um die wirtschaftlichen Beziehungen mit der drittgrößten Wirtschaftsnation der Welt zu festigen .
2026-05-11 21:50:00,469 - INFO - joeynmt.training - 	Reference:  Mr Modi is on a five @-@ day trip to Japan to strengthen economic ties with the third largest economy in the world .
2026-05-11 21:50:00,469 - INFO - joeynmt.training - 	Hypothesis: Mr Modi is located on a fifty of Japan , to Japan , to reach economic relations with the third largest economic relations with the third largest economic relations .
2026-05-11 21:50:00,469 - INFO - joeynmt.training - Example #3
2026-05-11 21:50:00,469 - DEBUG - joeynmt.training - 	Tokenized source:     ['P@@', 'län@@', 'e', 'für', 'eine', 'stärk@@', 'ere', 'k@@', 'ern@@', 'techn@@', 'ische', 'Zusammenarbeit', 'stehen', 'ganz', 'ob@@', 'en', 'auf', 'der', 'Tag@@', 'es@@', 'ordnung', '.']
2026-05-11 21:50:00,469 - DEBUG - joeynmt.training - 	Tokenized reference:  ['high', 'on', 'the', 'agen@@', 'da', 'are', 'pl@@', 'ans', 'for', 'gre@@', 'ater', 'nu@@', 'clear', 'c@@', 'o', '@@@', '-@@', '@', 'operation', '.']
2026-05-11 21:50:00,469 - DEBUG - joeynmt.training - 	Tokenized hypothesis: ['pl@@', 'ans', 'for', 'more', 'nu@@', 'clear', 'techn@@', 'ical', 'cooperation', 'are', 'very', 'ob@@', 'vi@@', 'ously', 'on', 'the', 'agen@@', 'da', '.', '</s>']
2026-05-11 21:50:00,469 - INFO - joeynmt.training - 	Source:     Pläne für eine stärkere kerntechnische Zusammenarbeit stehen ganz oben auf der Tagesordnung .
2026-05-11 21:50:00,469 - INFO - joeynmt.training - 	Reference:  high on the agenda are plans for greater nuclear co @-@ operation .
2026-05-11 21:50:00,469 - INFO - joeynmt.training - 	Hypothesis: plans for more nuclear technical cooperation are very obviously on the agenda .
2026-05-11 21:50:00,469 - INFO - joeynmt.training - Example #4
2026-05-11 21:50:00,469 - DEBUG - joeynmt.training - 	Tokenized source:     ['Berich@@', 'ten', 'zu@@', 'fol@@', 'ge', 'ho@@', 'fft', 'Indi@@', 'en', 'darüber', 'hinaus', 'auf', 'einen', 'Ver@@', 'trag', 'zur', 'Ver@@', 'tei@@', 'dig@@', 'ungs@@', 'zusammen@@', 'arbeit', 'zwischen', 'den', 'beiden', 'N@@', 'ationen', '.']
2026-05-11 21:50:00,469 - DEBUG - joeynmt.training - 	Tokenized reference:  ['Indi@@', 'a', 'is', 'also', 're@@', 'porte@@', 'dly', 'hop@@', 'ing', 'for', 'a', 'de@@', 'al', 'on', 'def@@', 'ence', 'c@@', 'oll@@', 'ab@@', 'or@@', 'ation', 'between', 'the', 'two', 'n@@', 'ations', '.']
2026-05-11 21:50:00,469 - DEBUG - joeynmt.training - 	Tokenized hypothesis: ['the', 're@@', 'ports', 'are', 'also', 'a@@', 'ware', 'of', 'the', 'con@@', 'tra@@', 'ct', ',', 'Indi@@', 'a', '&apos;s', 'con@@', 'tra@@', 'ct', 'cooperation', 'between', 'the', 'two', 'n@@', 'ations', '.', '</s>']
2026-05-11 21:50:00,470 - INFO - joeynmt.training - 	Source:     Berichten zufolge hofft Indien darüber hinaus auf einen Vertrag zur Verteidigungszusammenarbeit zwischen den beiden Nationen .
2026-05-11 21:50:00,470 - INFO - joeynmt.training - 	Reference:  India is also reportedly hoping for a deal on defence collaboration between the two nations .
2026-05-11 21:50:00,470 - INFO - joeynmt.training - 	Hypothesis: the reports are also aware of the contract , India &apos;s contract cooperation between the two nations .
2026-05-11 21:50:27,693 - INFO - joeynmt.training - Epoch   9, Step:    36100, Batch Loss:     1.601781, Batch Acc: 0.541014, Tokens per Sec:     3298, Lr: 0.000300
2026-05-11 21:50:55,121 - INFO - joeynmt.training - Epoch   9, Step:    36200, Batch Loss:     1.420341, Batch Acc: 0.543227, Tokens per Sec:     3376, Lr: 0.000300
2026-05-11 21:51:22,858 - INFO - joeynmt.training - Epoch   9, Step:    36300, Batch Loss:     1.666503, Batch Acc: 0.532541, Tokens per Sec:     3280, Lr: 0.000300
2026-05-11 21:51:50,460 - INFO - joeynmt.training - Epoch   9, Step:    36400, Batch Loss:     1.882168, Batch Acc: 0.540295, Tokens per Sec:     3315, Lr: 0.000300
2026-05-11 21:52:18,410 - INFO - joeynmt.training - Epoch   9, Step:    36500, Batch Loss:     1.526265, Batch Acc: 0.539249, Tokens per Sec:     3259, Lr: 0.000300
2026-05-11 21:52:18,410 - INFO - joeynmt.prediction - Predicting 500 example(s)... (Greedy decoding with min_output_length=1, max_output_length=-1, return_prob='none', generate_unk=True, repetition_penalty=-1, no_repeat_ngram_size=-1)
2026-05-11 21:53:03,017 - INFO - joeynmt.prediction - Evaluation result (greedy) loss:   2.07, ppl:   7.93, acc:   0.47, generation: 44.5987[sec], evaluation: 0.0000[sec]
2026-05-11 21:53:03,020 - INFO - joeynmt.training - Hooray! New best validation result [ppl]!
2026-05-11 21:53:03,190 - INFO - joeynmt.helpers - delete models/deen_transformer_pre/34500.ckpt
2026-05-11 21:53:03,195 - INFO - joeynmt.training - Example #0
2026-05-11 21:53:03,195 - DEBUG - joeynmt.training - 	Tokenized source:     ['die', 'Pre@@', 'mi@@', 'er@@', 'minist@@', 'er', 'Indi@@', 'ens', 'und', 'J@@', 'ap@@', 'ans', 'tra@@', 'fen', 'sich', 'in', 'T@@', 'ok@@', 'i@@', 'o', '.']
2026-05-11 21:53:03,195 - DEBUG - joeynmt.training - 	Tokenized reference:  ['Indi@@', 'a', 'and', 'J@@', 'ap@@', 'an', 'pri@@', 'me', 'minist@@', 'ers', 'me@@', 'et', 'in', 'T@@', 'ok@@', 'y@@', 'o']
2026-05-11 21:53:03,195 - DEBUG - joeynmt.training - 	Tokenized hypothesis: ['the', 'Pri@@', 'me', 'Minist@@', 'er', 'Indi@@', 'a', 'and', 'J@@', 'ap@@', 'an', '&apos;s', 'pri@@', 'me', 'minist@@', 'er', 'in', 'T@@', 'ok@@', 'i@@', 'o', '.', '</s>']
2026-05-11 21:53:03,195 - INFO - joeynmt.training - 	Source:     die Premierminister Indiens und Japans trafen sich in Tokio .
2026-05-11 21:53:03,195 - INFO - joeynmt.training - 	Reference:  India and Japan prime ministers meet in Tokyo
2026-05-11 21:53:03,195 - INFO - joeynmt.training - 	Hypothesis: the Prime Minister India and Japan &apos;s prime minister in Tokio .
2026-05-11 21:53:03,196 - INFO - joeynmt.training - Example #1
2026-05-11 21:53:03,196 - DEBUG - joeynmt.training - 	Tokenized source:     ['Indi@@', 'ens', 'neu@@', 'er', 'Pre@@', 'mi@@', 'er@@', 'minist@@', 'er', 'N@@', 'ar@@', 'end@@', 'ra', 'Mo@@', 'd@@', 'i', 'tri@@', 'fft', 'bei', 's@@', 'einem', 'ersten', 'wichti@@', 'gen', 'Aus@@', 'land@@', 's@@', 'bes@@', 'u@@', 'ch', 'seit', 's@@', 'einem', 'W@@', 'ah@@', 'l@@', 'si@@', 'e@@', 'g', 'im', 'Ma@@', 'i', 'seinen', 'j@@', 'ap@@', 'an@@', 'ischen', 'Am@@', 'ts@@', 'k@@', 'olle@@', 'gen', 'S@@', 'hin@@', 'z@@', 'o', 'A@@', 'be', 'in', 'T@@', 'ok@@', 'o', ',', 'um', 'wirtschaf@@', 'tliche', 'und', 'sicher@@', 'heits@@', 'politische', 'Be@@', 'zieh@@', 'ungen', 'zu', 'bes@@', 'pre@@', 'chen', '.']
2026-05-11 21:53:03,196 - DEBUG - joeynmt.training - 	Tokenized reference:  ['Indi@@', 'a', '&apos;s', 'new', 'pri@@', 'me', 'minist@@', 'er', ',', 'N@@', 'ar@@', 'end@@', 'ra', 'Mo@@', 'd@@', 'i', ',', 'is', 'me@@', 'eting', 'his', 'J@@', 'ap@@', 'an@@', 'ese', 'coun@@', 'ter@@', 'part', ',', 'S@@', 'hin@@', 'z@@', 'o', 'A@@', 'be', ',', 'in', 'T@@', 'ok@@', 'y@@', 'o', 'to', 'disc@@', 'uss', 'economic', 'and', 'security', 'ties', ',', 'on', 'his', 'first', 'major', 'fore@@', 'ign', 'visi@@', 't', 'since', 'w@@', 'inn@@', 'ing', 'Ma@@', 'y', '&apos;s', 'elec@@', 'tion', '.']
2026-05-11 21:53:03,196 - DEBUG - joeynmt.training - 	Tokenized hypothesis: ['Indi@@', 'a', '&apos;s', 'new', 'Pri@@', 'me', 'Minist@@', 'er', 'N@@', 'ar@@', 'end@@', 'ra', 'Mo@@', 'd@@', 'i', ',', 'in', 'his', 'first', 'important', 'fore@@', 'ign', 'fore@@', 'ign', 'and', 'in', 'his', 'elec@@', 'tion', 'in', 'Ma@@', 'y', ',', 'in', 'his', 'elec@@', 'tion', ',', 'in', 'the', 'first', 'of', 'all', 'colle@@', 'ag@@', 'u@@', 'es', 'of', 'his', 'J@@', 'ap@@', 'an@@', 'ese', 'colle@@', 'ag@@', 'ue', ',', 'S@@', 'hin@@', 'z@@', 'o', 'A@@', 'be', 'in', 'T@@', 'ok@@', 'o', 'to', 're@@', 'mo@@', 've', 'economic', 'and', 'security', 'policy', '.', '</s>']
2026-05-11 21:53:03,196 - INFO - joeynmt.training - 	Source:     Indiens neuer Premierminister Narendra Modi trifft bei seinem ersten wichtigen Auslandsbesuch seit seinem Wahlsieg im Mai seinen japanischen Amtskollegen Shinzo Abe in Toko , um wirtschaftliche und sicherheitspolitische Beziehungen zu besprechen .
2026-05-11 21:53:03,196 - INFO - joeynmt.training - 	Reference:  India &apos;s new prime minister , Narendra Modi , is meeting his Japanese counterpart , Shinzo Abe , in Tokyo to discuss economic and security ties , on his first major foreign visit since winning May &apos;s election .
2026-05-11 21:53:03,196 - INFO - joeynmt.training - 	Hypothesis: India &apos;s new Prime Minister Narendra Modi , in his first important foreign foreign and in his election in May , in his election , in the first of all colleagues of his Japanese colleague , Shinzo Abe in Toko to remove economic and security policy .
2026-05-11 21:53:03,196 - INFO - joeynmt.training - Example #2
2026-05-11 21:53:03,196 - DEBUG - joeynmt.training - 	Tokenized source:     ['Herr', 'Mo@@', 'd@@', 'i', 'befindet', 'sich', 'auf', 'einer', 'fü@@', 'n@@', 'f@@', 'tä@@', 'gi@@', 'gen', 'Rei@@', 'se', 'nach', 'J@@', 'ap@@', 'an', ',', 'um', 'die', 'wirtschaf@@', 'tlichen', 'Be@@', 'zieh@@', 'ungen', 'mit', 'der', 'd@@', 'rit@@', 't@@', 'größ@@', 'ten', 'Wirtschafts@@', 'n@@', 'ation', 'der', 'Welt', 'zu', 'fes@@', 'tigen', '.']
2026-05-11 21:53:03,196 - DEBUG - joeynmt.training - 	Tokenized reference:  ['Mr', 'Mo@@', 'd@@', 'i', 'is', 'on', 'a', 'fi@@', 've', '@@@', '-@@', '@', 'day', 'tri@@', 'p', 'to', 'J@@', 'ap@@', 'an', 'to', 'streng@@', 'then', 'economic', 'ties', 'with', 'the', 'third', 'lar@@', 'ges@@', 't', 'econom@@', 'y', 'in', 'the', 'world', '.']
2026-05-11 21:53:03,196 - DEBUG - joeynmt.training - 	Tokenized hypothesis: ['Mr', 'Mo@@', 'd@@', 'i', 'is', 'located', 'on', 'a', 'fi@@', 'f@@', 'ty', 'of', 'a', 'fi@@', 'f@@', 'ty', 'of', 'the', 'world', '&apos;s', 'economic', 'rel@@', 'ations', 'with', 'the', 'third', 'lar@@', 'ges@@', 't', 'economic', 'rel@@', 'ations', 'with', 'the', 'third', 'lar@@', 'ges@@', 't', 'economic', 'rel@@', 'ations', '.', '</s>']
2026-05-11 21:53:03,196 - INFO - joeynmt.training - 	Source:     Herr Modi befindet sich auf einer fünftägigen Reise nach Japan , um die wirtschaftlichen Beziehungen mit der drittgrößten Wirtschaftsnation der Welt zu festigen .
2026-05-11 21:53:03,196 - INFO - joeynmt.training - 	Reference:  Mr Modi is on a five @-@ day trip to Japan to strengthen economic ties with the third largest economy in the world .
2026-05-11 21:53:03,196 - INFO - joeynmt.training - 	Hypothesis: Mr Modi is located on a fifty of a fifty of the world &apos;s economic relations with the third largest economic relations with the third largest economic relations .
2026-05-11 21:53:03,196 - INFO - joeynmt.training - Example #3
2026-05-11 21:53:03,197 - DEBUG - joeynmt.training - 	Tokenized source:     ['P@@', 'län@@', 'e', 'für', 'eine', 'stärk@@', 'ere', 'k@@', 'ern@@', 'techn@@', 'ische', 'Zusammenarbeit', 'stehen', 'ganz', 'ob@@', 'en', 'auf', 'der', 'Tag@@', 'es@@', 'ordnung', '.']
2026-05-11 21:53:03,197 - DEBUG - joeynmt.training - 	Tokenized reference:  ['high', 'on', 'the', 'agen@@', 'da', 'are', 'pl@@', 'ans', 'for', 'gre@@', 'ater', 'nu@@', 'clear', 'c@@', 'o', '@@@', '-@@', '@', 'operation', '.']
2026-05-11 21:53:03,197 - DEBUG - joeynmt.training - 	Tokenized hypothesis: ['pl@@', 'ans', 'for', 'more', 'di@@', 'st@@', 'in@@', 'ct', 'cor@@', 'por@@', 'ate', 'techn@@', 'ical', 'cooperation', 'are', 'all', 'the', 'agen@@', 'da', '.', '</s>']
2026-05-11 21:53:03,197 - INFO - joeynmt.training - 	Source:     Pläne für eine stärkere kerntechnische Zusammenarbeit stehen ganz oben auf der Tagesordnung .
2026-05-11 21:53:03,197 - INFO - joeynmt.training - 	Reference:  high on the agenda are plans for greater nuclear co @-@ operation .
2026-05-11 21:53:03,197 - INFO - joeynmt.training - 	Hypothesis: plans for more distinct corporate technical cooperation are all the agenda .
2026-05-11 21:53:03,197 - INFO - joeynmt.training - Example #4
2026-05-11 21:53:03,197 - DEBUG - joeynmt.training - 	Tokenized source:     ['Berich@@', 'ten', 'zu@@', 'fol@@', 'ge', 'ho@@', 'fft', 'Indi@@', 'en', 'darüber', 'hinaus', 'auf', 'einen', 'Ver@@', 'trag', 'zur', 'Ver@@', 'tei@@', 'dig@@', 'ungs@@', 'zusammen@@', 'arbeit', 'zwischen', 'den', 'beiden', 'N@@', 'ationen', '.']
2026-05-11 21:53:03,197 - DEBUG - joeynmt.training - 	Tokenized reference:  ['Indi@@', 'a', 'is', 'also', 're@@', 'porte@@', 'dly', 'hop@@', 'ing', 'for', 'a', 'de@@', 'al', 'on', 'def@@', 'ence', 'c@@', 'oll@@', 'ab@@', 'or@@', 'ation', 'between', 'the', 'two', 'n@@', 'ations', '.']
2026-05-11 21:53:03,197 - DEBUG - joeynmt.training - 	Tokenized hypothesis: ['it', 'is', 'also', 'the', 'same', 'as', 'Indi@@', 'a', 'is', 'to', 'be', 'able', 'to', 'def@@', 'ence', 'cooperation', 'between', 'the', 'two', 'n@@', 'ations', '.', '</s>']
2026-05-11 21:53:03,197 - INFO - joeynmt.training - 	Source:     Berichten zufolge hofft Indien darüber hinaus auf einen Vertrag zur Verteidigungszusammenarbeit zwischen den beiden Nationen .
2026-05-11 21:53:03,197 - INFO - joeynmt.training - 	Reference:  India is also reportedly hoping for a deal on defence collaboration between the two nations .
2026-05-11 21:53:03,197 - INFO - joeynmt.training - 	Hypothesis: it is also the same as India is to be able to defence cooperation between the two nations .
2026-05-11 21:53:29,840 - INFO - joeynmt.training - Epoch   9: total training loss 6791.36
2026-05-11 21:53:29,841 - INFO - joeynmt.training - EPOCH 10
2026-05-11 21:53:30,959 - INFO - joeynmt.training - Epoch  10, Step:    36600, Batch Loss:     1.608439, Batch Acc: 0.548338, Tokens per Sec:     2962, Lr: 0.000300
2026-05-11 21:53:58,618 - INFO - joeynmt.training - Epoch  10, Step:    36700, Batch Loss:     1.759407, Batch Acc: 0.558841, Tokens per Sec:     3275, Lr: 0.000300
2026-05-11 21:54:26,078 - INFO - joeynmt.training - Epoch  10, Step:    36800, Batch Loss:     1.698277, Batch Acc: 0.559737, Tokens per Sec:     3336, Lr: 0.000300
2026-05-11 21:54:53,668 - INFO - joeynmt.training - Epoch  10, Step:    36900, Batch Loss:     1.560739, Batch Acc: 0.552227, Tokens per Sec:     3371, Lr: 0.000300
2026-05-11 21:55:21,350 - INFO - joeynmt.training - Epoch  10, Step:    37000, Batch Loss:     1.572315, Batch Acc: 0.555533, Tokens per Sec:     3275, Lr: 0.000300
2026-05-11 21:55:21,351 - INFO - joeynmt.prediction - Predicting 500 example(s)... (Greedy decoding with min_output_length=1, max_output_length=-1, return_prob='none', generate_unk=True, repetition_penalty=-1, no_repeat_ngram_size=-1)
2026-05-11 21:56:06,214 - INFO - joeynmt.prediction - Evaluation result (greedy) loss:   2.08, ppl:   8.03, acc:   0.46, generation: 44.8554[sec], evaluation: 0.0000[sec]
2026-05-11 21:56:06,383 - INFO - joeynmt.helpers - delete models/deen_transformer_pre/32000.ckpt
2026-05-11 21:56:06,391 - INFO - joeynmt.training - Example #0
2026-05-11 21:56:06,391 - DEBUG - joeynmt.training - 	Tokenized source:     ['die', 'Pre@@', 'mi@@', 'er@@', 'minist@@', 'er', 'Indi@@', 'ens', 'und', 'J@@', 'ap@@', 'ans', 'tra@@', 'fen', 'sich', 'in', 'T@@', 'ok@@', 'i@@', 'o', '.']
2026-05-11 21:56:06,391 - DEBUG - joeynmt.training - 	Tokenized reference:  ['Indi@@', 'a', 'and', 'J@@', 'ap@@', 'an', 'pri@@', 'me', 'minist@@', 'ers', 'me@@', 'et', 'in', 'T@@', 'ok@@', 'y@@', 'o']
2026-05-11 21:56:06,391 - DEBUG - joeynmt.training - 	Tokenized hypothesis: ['the', 'Pri@@', 'me', 'Minist@@', 'er', 'Indi@@', 'a', 'and', 'J@@', 'ap@@', 'an', '&apos;s', 'pri@@', 'me', 'minist@@', 'er', 'in', 'T@@', 'ok@@', 'i@@', 'o', '.', '</s>']
2026-05-11 21:56:06,391 - INFO - joeynmt.training - 	Source:     die Premierminister Indiens und Japans trafen sich in Tokio .
2026-05-11 21:56:06,391 - INFO - joeynmt.training - 	Reference:  India and Japan prime ministers meet in Tokyo
2026-05-11 21:56:06,391 - INFO - joeynmt.training - 	Hypothesis: the Prime Minister India and Japan &apos;s prime minister in Tokio .
2026-05-11 21:56:06,391 - INFO - joeynmt.training - Example #1
2026-05-11 21:56:06,391 - DEBUG - joeynmt.training - 	Tokenized source:     ['Indi@@', 'ens', 'neu@@', 'er', 'Pre@@', 'mi@@', 'er@@', 'minist@@', 'er', 'N@@', 'ar@@', 'end@@', 'ra', 'Mo@@', 'd@@', 'i', 'tri@@', 'fft', 'bei', 's@@', 'einem', 'ersten', 'wichti@@', 'gen', 'Aus@@', 'land@@', 's@@', 'bes@@', 'u@@', 'ch', 'seit', 's@@', 'einem', 'W@@', 'ah@@', 'l@@', 'si@@', 'e@@', 'g', 'im', 'Ma@@', 'i', 'seinen', 'j@@', 'ap@@', 'an@@', 'ischen', 'Am@@', 'ts@@', 'k@@', 'olle@@', 'gen', 'S@@', 'hin@@', 'z@@', 'o', 'A@@', 'be', 'in', 'T@@', 'ok@@', 'o', ',', 'um', 'wirtschaf@@', 'tliche', 'und', 'sicher@@', 'heits@@', 'politische', 'Be@@', 'zieh@@', 'ungen', 'zu', 'bes@@', 'pre@@', 'chen', '.']
2026-05-11 21:56:06,392 - DEBUG - joeynmt.training - 	Tokenized reference:  ['Indi@@', 'a', '&apos;s', 'new', 'pri@@', 'me', 'minist@@', 'er', ',', 'N@@', 'ar@@', 'end@@', 'ra', 'Mo@@', 'd@@', 'i', ',', 'is', 'me@@', 'eting', 'his', 'J@@', 'ap@@', 'an@@', 'ese', 'coun@@', 'ter@@', 'part', ',', 'S@@', 'hin@@', 'z@@', 'o', 'A@@', 'be', ',', 'in', 'T@@', 'ok@@', 'y@@', 'o', 'to', 'disc@@', 'uss', 'economic', 'and', 'security', 'ties', ',', 'on', 'his', 'first', 'major', 'fore@@', 'ign', 'visi@@', 't', 'since', 'w@@', 'inn@@', 'ing', 'Ma@@', 'y', '&apos;s', 'elec@@', 'tion', '.']
2026-05-11 21:56:06,392 - DEBUG - joeynmt.training - 	Tokenized hypothesis: ['Indi@@', 'a', '&apos;s', 'new', 'Pri@@', 'me', 'Minist@@', 'er', 'N@@', 'ar@@', 'end@@', 'ra', 'Mo@@', 'd@@', 'i', ',', 'in', 'his', 'first', 'important', 'fore@@', 'ign', 'fore@@', 'ign', 'ex@@', 'land@@', 's@@', '-@@', 'm@@', '-@@', 'm@@', '-@@', 'm@@', 'embers', 'of', 'the', 'J@@', 'ap@@', 'an@@', 'ese', 'off@@', 'ice', 'in', 'M@@', 'er@@', 'c@@', 'o', ',', 'S@@', 'hin@@', 'z@@', 'o', 'A@@', 'be', 'in', 'T@@', 'ok@@', 'o', 'to', 'ch@@', 'oo@@', 'se', 'economic', 'and', 'security', 'policy', 'rel@@', 'ations', '.', '</s>']
2026-05-11 21:56:06,392 - INFO - joeynmt.training - 	Source:     Indiens neuer Premierminister Narendra Modi trifft bei seinem ersten wichtigen Auslandsbesuch seit seinem Wahlsieg im Mai seinen japanischen Amtskollegen Shinzo Abe in Toko , um wirtschaftliche und sicherheitspolitische Beziehungen zu besprechen .
2026-05-11 21:56:06,392 - INFO - joeynmt.training - 	Reference:  India &apos;s new prime minister , Narendra Modi , is meeting his Japanese counterpart , Shinzo Abe , in Tokyo to discuss economic and security ties , on his first major foreign visit since winning May &apos;s election .
2026-05-11 21:56:06,392 - INFO - joeynmt.training - 	Hypothesis: India &apos;s new Prime Minister Narendra Modi , in his first important foreign foreign exlands-m-m-members of the Japanese office in Merco , Shinzo Abe in Toko to choose economic and security policy relations .
2026-05-11 21:56:06,392 - INFO - joeynmt.training - Example #2
2026-05-11 21:56:06,392 - DEBUG - joeynmt.training - 	Tokenized source:     ['Herr', 'Mo@@', 'd@@', 'i', 'befindet', 'sich', 'auf', 'einer', 'fü@@', 'n@@', 'f@@', 'tä@@', 'gi@@', 'gen', 'Rei@@', 'se', 'nach', 'J@@', 'ap@@', 'an', ',', 'um', 'die', 'wirtschaf@@', 'tlichen', 'Be@@', 'zieh@@', 'ungen', 'mit', 'der', 'd@@', 'rit@@', 't@@', 'größ@@', 'ten', 'Wirtschafts@@', 'n@@', 'ation', 'der', 'Welt', 'zu', 'fes@@', 'tigen', '.']
2026-05-11 21:56:06,392 - DEBUG - joeynmt.training - 	Tokenized reference:  ['Mr', 'Mo@@', 'd@@', 'i', 'is', 'on', 'a', 'fi@@', 've', '@@@', '-@@', '@', 'day', 'tri@@', 'p', 'to', 'J@@', 'ap@@', 'an', 'to', 'streng@@', 'then', 'economic', 'ties', 'with', 'the', 'third', 'lar@@', 'ges@@', 't', 'econom@@', 'y', 'in', 'the', 'world', '.']
2026-05-11 21:56:06,392 - DEBUG - joeynmt.training - 	Tokenized hypothesis: ['Mr', 'Mo@@', 'd@@', 'i', 'is', 'located', 'on', 'a', 'fi@@', 'f@@', 'ty', 'of', 'a', 'fi@@', 'f@@', 'ty', 'tra@@', 'v@@', 'el', 'to', 'J@@', 'ap@@', 'an', ',', 'to', 'J@@', 'ap@@', 'an', ',', 'to', 'the', 'economic', 'rel@@', 'ations', 'of', 'the', 'world', '.', '</s>']
2026-05-11 21:56:06,392 - INFO - joeynmt.training - 	Source:     Herr Modi befindet sich auf einer fünftägigen Reise nach Japan , um die wirtschaftlichen Beziehungen mit der drittgrößten Wirtschaftsnation der Welt zu festigen .
2026-05-11 21:56:06,392 - INFO - joeynmt.training - 	Reference:  Mr Modi is on a five @-@ day trip to Japan to strengthen economic ties with the third largest economy in the world .
2026-05-11 21:56:06,392 - INFO - joeynmt.training - 	Hypothesis: Mr Modi is located on a fifty of a fifty travel to Japan , to Japan , to the economic relations of the world .
2026-05-11 21:56:06,392 - INFO - joeynmt.training - Example #3
2026-05-11 21:56:06,392 - DEBUG - joeynmt.training - 	Tokenized source:     ['P@@', 'län@@', 'e', 'für', 'eine', 'stärk@@', 'ere', 'k@@', 'ern@@', 'techn@@', 'ische', 'Zusammenarbeit', 'stehen', 'ganz', 'ob@@', 'en', 'auf', 'der', 'Tag@@', 'es@@', 'ordnung', '.']
2026-05-11 21:56:06,392 - DEBUG - joeynmt.training - 	Tokenized reference:  ['high', 'on', 'the', 'agen@@', 'da', 'are', 'pl@@', 'ans', 'for', 'gre@@', 'ater', 'nu@@', 'clear', 'c@@', 'o', '@@@', '-@@', '@', 'operation', '.']
2026-05-11 21:56:06,392 - DEBUG - joeynmt.training - 	Tokenized hypothesis: ['pl@@', 'ans', 'for', 'more', 'seri@@', 'ous', 'techn@@', 'ical', 'cooperation', 'are', 'very', 'ob@@', 'vi@@', 'ously', 'on', 'the', 'agen@@', 'da', '.', '</s>']
2026-05-11 21:56:06,392 - INFO - joeynmt.training - 	Source:     Pläne für eine stärkere kerntechnische Zusammenarbeit stehen ganz oben auf der Tagesordnung .
2026-05-11 21:56:06,393 - INFO - joeynmt.training - 	Reference:  high on the agenda are plans for greater nuclear co @-@ operation .
2026-05-11 21:56:06,393 - INFO - joeynmt.training - 	Hypothesis: plans for more serious technical cooperation are very obviously on the agenda .
2026-05-11 21:56:06,393 - INFO - joeynmt.training - Example #4
2026-05-11 21:56:06,393 - DEBUG - joeynmt.training - 	Tokenized source:     ['Berich@@', 'ten', 'zu@@', 'fol@@', 'ge', 'ho@@', 'fft', 'Indi@@', 'en', 'darüber', 'hinaus', 'auf', 'einen', 'Ver@@', 'trag', 'zur', 'Ver@@', 'tei@@', 'dig@@', 'ungs@@', 'zusammen@@', 'arbeit', 'zwischen', 'den', 'beiden', 'N@@', 'ationen', '.']
2026-05-11 21:56:06,393 - DEBUG - joeynmt.training - 	Tokenized reference:  ['Indi@@', 'a', 'is', 'also', 're@@', 'porte@@', 'dly', 'hop@@', 'ing', 'for', 'a', 'de@@', 'al', 'on', 'def@@', 'ence', 'c@@', 'oll@@', 'ab@@', 'or@@', 'ation', 'between', 'the', 'two', 'n@@', 'ations', '.']
2026-05-11 21:56:06,393 - DEBUG - joeynmt.training - 	Tokenized hypothesis: ['it', 'is', 'also', 'the', 'high@@', 'li@@', 'ghts', 'of', 'the', 'same', ',', 'Indi@@', 'a', '&apos;s', 'con@@', 'dem@@', 'n@@', 'ation', 'cooperation', 'between', 'the', 'two', 'n@@', 'ations', '.', '</s>']
2026-05-11 21:56:06,393 - INFO - joeynmt.training - 	Source:     Berichten zufolge hofft Indien darüber hinaus auf einen Vertrag zur Verteidigungszusammenarbeit zwischen den beiden Nationen .
2026-05-11 21:56:06,393 - INFO - joeynmt.training - 	Reference:  India is also reportedly hoping for a deal on defence collaboration between the two nations .
2026-05-11 21:56:06,393 - INFO - joeynmt.training - 	Hypothesis: it is also the highlights of the same , India &apos;s condemnation cooperation between the two nations .
2026-05-11 21:56:34,190 - INFO - joeynmt.training - Epoch  10, Step:    37100, Batch Loss:     1.535539, Batch Acc: 0.554160, Tokens per Sec:     3247, Lr: 0.000300
2026-05-11 21:57:01,994 - INFO - joeynmt.training - Epoch  10, Step:    37200, Batch Loss:     1.526154, Batch Acc: 0.552134, Tokens per Sec:     3311, Lr: 0.000300
2026-05-11 21:57:29,092 - INFO - joeynmt.training - Epoch  10, Step:    37300, Batch Loss:     1.482030, Batch Acc: 0.551085, Tokens per Sec:     3395, Lr: 0.000300
2026-05-11 21:57:56,825 - INFO - joeynmt.training - Epoch  10, Step:    37400, Batch Loss:     1.591502, Batch Acc: 0.544213, Tokens per Sec:     3336, Lr: 0.000300
2026-05-11 21:58:24,530 - INFO - joeynmt.training - Epoch  10, Step:    37500, Batch Loss:     1.553443, Batch Acc: 0.552810, Tokens per Sec:     3284, Lr: 0.000300
2026-05-11 21:58:24,531 - INFO - joeynmt.prediction - Predicting 500 example(s)... (Greedy decoding with min_output_length=1, max_output_length=-1, return_prob='none', generate_unk=True, repetition_penalty=-1, no_repeat_ngram_size=-1)
2026-05-11 21:59:13,847 - INFO - joeynmt.prediction - Evaluation result (greedy) loss:   2.08, ppl:   7.99, acc:   0.46, generation: 49.3074[sec], evaluation: 0.0000[sec]
2026-05-11 21:59:14,012 - INFO - joeynmt.helpers - delete models/deen_transformer_pre/35000.ckpt
2026-05-11 21:59:14,021 - INFO - joeynmt.training - Example #0
2026-05-11 21:59:14,022 - DEBUG - joeynmt.training - 	Tokenized source:     ['die', 'Pre@@', 'mi@@', 'er@@', 'minist@@', 'er', 'Indi@@', 'ens', 'und', 'J@@', 'ap@@', 'ans', 'tra@@', 'fen', 'sich', 'in', 'T@@', 'ok@@', 'i@@', 'o', '.']
2026-05-11 21:59:14,022 - DEBUG - joeynmt.training - 	Tokenized reference:  ['Indi@@', 'a', 'and', 'J@@', 'ap@@', 'an', 'pri@@', 'me', 'minist@@', 'ers', 'me@@', 'et', 'in', 'T@@', 'ok@@', 'y@@', 'o']
2026-05-11 21:59:14,022 - DEBUG - joeynmt.training - 	Tokenized hypothesis: ['the', 'Pri@@', 'me', 'Minist@@', 'er', 'Indi@@', 'a', 'and', 'J@@', 'ap@@', 'an', '&apos;s', 'pri@@', 'me', 'minist@@', 'er', 'in', 'T@@', 'ok@@', 'i@@', 'o', '.', '</s>']
2026-05-11 21:59:14,022 - INFO - joeynmt.training - 	Source:     die Premierminister Indiens und Japans trafen sich in Tokio .
2026-05-11 21:59:14,022 - INFO - joeynmt.training - 	Reference:  India and Japan prime ministers meet in Tokyo
2026-05-11 21:59:14,022 - INFO - joeynmt.training - 	Hypothesis: the Prime Minister India and Japan &apos;s prime minister in Tokio .
2026-05-11 21:59:14,022 - INFO - joeynmt.training - Example #1
2026-05-11 21:59:14,022 - DEBUG - joeynmt.training - 	Tokenized source:     ['Indi@@', 'ens', 'neu@@', 'er', 'Pre@@', 'mi@@', 'er@@', 'minist@@', 'er', 'N@@', 'ar@@', 'end@@', 'ra', 'Mo@@', 'd@@', 'i', 'tri@@', 'fft', 'bei', 's@@', 'einem', 'ersten', 'wichti@@', 'gen', 'Aus@@', 'land@@', 's@@', 'bes@@', 'u@@', 'ch', 'seit', 's@@', 'einem', 'W@@', 'ah@@', 'l@@', 'si@@', 'e@@', 'g', 'im', 'Ma@@', 'i', 'seinen', 'j@@', 'ap@@', 'an@@', 'ischen', 'Am@@', 'ts@@', 'k@@', 'olle@@', 'gen', 'S@@', 'hin@@', 'z@@', 'o', 'A@@', 'be', 'in', 'T@@', 'ok@@', 'o', ',', 'um', 'wirtschaf@@', 'tliche', 'und', 'sicher@@', 'heits@@', 'politische', 'Be@@', 'zieh@@', 'ungen', 'zu', 'bes@@', 'pre@@', 'chen', '.']
2026-05-11 21:59:14,022 - DEBUG - joeynmt.training - 	Tokenized reference:  ['Indi@@', 'a', '&apos;s', 'new', 'pri@@', 'me', 'minist@@', 'er', ',', 'N@@', 'ar@@', 'end@@', 'ra', 'Mo@@', 'd@@', 'i', ',', 'is', 'me@@', 'eting', 'his', 'J@@', 'ap@@', 'an@@', 'ese', 'coun@@', 'ter@@', 'part', ',', 'S@@', 'hin@@', 'z@@', 'o', 'A@@', 'be', ',', 'in', 'T@@', 'ok@@', 'y@@', 'o', 'to', 'disc@@', 'uss', 'economic', 'and', 'security', 'ties', ',', 'on', 'his', 'first', 'major', 'fore@@', 'ign', 'visi@@', 't', 'since', 'w@@', 'inn@@', 'ing', 'Ma@@', 'y', '&apos;s', 'elec@@', 'tion', '.']
2026-05-11 21:59:14,022 - DEBUG - joeynmt.training - 	Tokenized hypothesis: ['Indi@@', 'a', '&apos;s', 'lat@@', 'er', 'Pri@@', 'me', 'Minist@@', 'er', 'N@@', 'ar@@', 'end@@', 'ra', 'Mo@@', 'd@@', 'i', ',', 'in', 'his', 'first', 'important', 'fore@@', 'ign', 'and', 'the', 'S@@', 'hin@@', 'z@@', 'o', 'A@@', 'be', 'in', 'T@@', 'ok@@', 'o', ',', 'in', 'the', 'M@@', 'ak@@', 'est', 'J@@', 'ap@@', 'an@@', 'ese', 'Pre@@', '-@@', 'A@@', 'be', 'in', 'T@@', 'ok@@', 'o', ',', 'to', 'be', 'economic', 'and', 'security', 'political', 'rel@@', 'ations', '.', '</s>']
2026-05-11 21:59:14,022 - INFO - joeynmt.training - 	Source:     Indiens neuer Premierminister Narendra Modi trifft bei seinem ersten wichtigen Auslandsbesuch seit seinem Wahlsieg im Mai seinen japanischen Amtskollegen Shinzo Abe in Toko , um wirtschaftliche und sicherheitspolitische Beziehungen zu besprechen .
2026-05-11 21:59:14,022 - INFO - joeynmt.training - 	Reference:  India &apos;s new prime minister , Narendra Modi , is meeting his Japanese counterpart , Shinzo Abe , in Tokyo to discuss economic and security ties , on his first major foreign visit since winning May &apos;s election .
2026-05-11 21:59:14,022 - INFO - joeynmt.training - 	Hypothesis: India &apos;s later Prime Minister Narendra Modi , in his first important foreign and the Shinzo Abe in Toko , in the Makest Japanese Pre-Abe in Toko , to be economic and security political relations .
2026-05-11 21:59:14,022 - INFO - joeynmt.training - Example #2
2026-05-11 21:59:14,023 - DEBUG - joeynmt.training - 	Tokenized source:     ['Herr', 'Mo@@', 'd@@', 'i', 'befindet', 'sich', 'auf', 'einer', 'fü@@', 'n@@', 'f@@', 'tä@@', 'gi@@', 'gen', 'Rei@@', 'se', 'nach', 'J@@', 'ap@@', 'an', ',', 'um', 'die', 'wirtschaf@@', 'tlichen', 'Be@@', 'zieh@@', 'ungen', 'mit', 'der', 'd@@', 'rit@@', 't@@', 'größ@@', 'ten', 'Wirtschafts@@', 'n@@', 'ation', 'der', 'Welt', 'zu', 'fes@@', 'tigen', '.']
2026-05-11 21:59:14,023 - DEBUG - joeynmt.training - 	Tokenized reference:  ['Mr', 'Mo@@', 'd@@', 'i', 'is', 'on', 'a', 'fi@@', 've', '@@@', '-@@', '@', 'day', 'tri@@', 'p', 'to', 'J@@', 'ap@@', 'an', 'to', 'streng@@', 'then', 'economic', 'ties', 'with', 'the', 'third', 'lar@@', 'ges@@', 't', 'econom@@', 'y', 'in', 'the', 'world', '.']
2026-05-11 21:59:14,023 - DEBUG - joeynmt.training - 	Tokenized hypothesis: ['Mr', 'Mo@@', 'd@@', 'i', 'is', 'on', 'a', 'fi@@', 'f@@', 'ty', 'of', 'a', 'fi@@', 'f@@', 'ty', 'of', 'the', 'world', '&apos;s', 'economic', 'rel@@', 'ations', 'with', 'the', 'third', 'lar@@', 'ges@@', 't', 'economic', 'rel@@', 'ations', 'with', 'the', 'third', 'lar@@', 'ges@@', 't', 'economic', 'rel@@', 'ations', 'with', 'the', 'third', 'lar@@', 'ges@@', 't', 'economic', 'rel@@', 'ations', '.', '</s>']
2026-05-11 21:59:14,023 - INFO - joeynmt.training - 	Source:     Herr Modi befindet sich auf einer fünftägigen Reise nach Japan , um die wirtschaftlichen Beziehungen mit der drittgrößten Wirtschaftsnation der Welt zu festigen .
2026-05-11 21:59:14,023 - INFO - joeynmt.training - 	Reference:  Mr Modi is on a five @-@ day trip to Japan to strengthen economic ties with the third largest economy in the world .
2026-05-11 21:59:14,023 - INFO - joeynmt.training - 	Hypothesis: Mr Modi is on a fifty of a fifty of the world &apos;s economic relations with the third largest economic relations with the third largest economic relations with the third largest economic relations .
2026-05-11 21:59:14,023 - INFO - joeynmt.training - Example #3
2026-05-11 21:59:14,023 - DEBUG - joeynmt.training - 	Tokenized source:     ['P@@', 'län@@', 'e', 'für', 'eine', 'stärk@@', 'ere', 'k@@', 'ern@@', 'techn@@', 'ische', 'Zusammenarbeit', 'stehen', 'ganz', 'ob@@', 'en', 'auf', 'der', 'Tag@@', 'es@@', 'ordnung', '.']
2026-05-11 21:59:14,023 - DEBUG - joeynmt.training - 	Tokenized reference:  ['high', 'on', 'the', 'agen@@', 'da', 'are', 'pl@@', 'ans', 'for', 'gre@@', 'ater', 'nu@@', 'clear', 'c@@', 'o', '@@@', '-@@', '@', 'operation', '.']
2026-05-11 21:59:14,023 - DEBUG - joeynmt.training - 	Tokenized hypothesis: ['pl@@', 'ans', 'for', 'more', 'di@@', 'st@@', 'ing@@', 'u@@', 'is@@', 'h@@', 'ed', 'nu@@', 'clear', 'techn@@', 'ical', 'cooperation', 'are', 'very', 'ob@@', 'vi@@', 'ous', 'to', 'the', 'agen@@', 'da', '.', '</s>']
2026-05-11 21:59:14,023 - INFO - joeynmt.training - 	Source:     Pläne für eine stärkere kerntechnische Zusammenarbeit stehen ganz oben auf der Tagesordnung .
2026-05-11 21:59:14,023 - INFO - joeynmt.training - 	Reference:  high on the agenda are plans for greater nuclear co @-@ operation .
2026-05-11 21:59:14,023 - INFO - joeynmt.training - 	Hypothesis: plans for more distinguished nuclear technical cooperation are very obvious to the agenda .
2026-05-11 21:59:14,023 - INFO - joeynmt.training - Example #4
2026-05-11 21:59:14,023 - DEBUG - joeynmt.training - 	Tokenized source:     ['Berich@@', 'ten', 'zu@@', 'fol@@', 'ge', 'ho@@', 'fft', 'Indi@@', 'en', 'darüber', 'hinaus', 'auf', 'einen', 'Ver@@', 'trag', 'zur', 'Ver@@', 'tei@@', 'dig@@', 'ungs@@', 'zusammen@@', 'arbeit', 'zwischen', 'den', 'beiden', 'N@@', 'ationen', '.']
2026-05-11 21:59:14,023 - DEBUG - joeynmt.training - 	Tokenized reference:  ['Indi@@', 'a', 'is', 'also', 're@@', 'porte@@', 'dly', 'hop@@', 'ing', 'for', 'a', 'de@@', 'al', 'on', 'def@@', 'ence', 'c@@', 'oll@@', 'ab@@', 'or@@', 'ation', 'between', 'the', 'two', 'n@@', 'ations', '.']
2026-05-11 21:59:14,023 - DEBUG - joeynmt.training - 	Tokenized hypothesis: ['the', 'following', 're@@', 'ports', ',', 'Indi@@', 'a', 'is', 'also', 'able', 'to', 'con@@', 'dem@@', 'n', 'with', 'the', 'con@@', 'tra@@', 'ct', 'co@@', '-@@', 'operation', 'between', 'the', 'two', 'n@@', 'ations', '.', '</s>']
2026-05-11 21:59:14,024 - INFO - joeynmt.training - 	Source:     Berichten zufolge hofft Indien darüber hinaus auf einen Vertrag zur Verteidigungszusammenarbeit zwischen den beiden Nationen .
2026-05-11 21:59:14,024 - INFO - joeynmt.training - 	Reference:  India is also reportedly hoping for a deal on defence collaboration between the two nations .
2026-05-11 21:59:14,024 - INFO - joeynmt.training - 	Hypothesis: the following reports , India is also able to condemn with the contract co-operation between the two nations .
2026-05-11 21:59:41,755 - INFO - joeynmt.training - Epoch  10, Step:    37600, Batch Loss:     1.622161, Batch Acc: 0.551498, Tokens per Sec:     3274, Lr: 0.000300
2026-05-11 22:00:09,244 - INFO - joeynmt.training - Epoch  10, Step:    37700, Batch Loss:     1.926618, Batch Acc: 0.550987, Tokens per Sec:     3342, Lr: 0.000300
2026-05-11 22:00:36,620 - INFO - joeynmt.training - Epoch  10, Step:    37800, Batch Loss:     1.722936, Batch Acc: 0.545897, Tokens per Sec:     3365, Lr: 0.000300
2026-05-11 22:01:04,295 - INFO - joeynmt.training - Epoch  10, Step:    37900, Batch Loss:     1.356666, Batch Acc: 0.556294, Tokens per Sec:     3350, Lr: 0.000300
2026-05-11 22:01:31,764 - INFO - joeynmt.training - Epoch  10, Step:    38000, Batch Loss:     1.496699, Batch Acc: 0.555745, Tokens per Sec:     3289, Lr: 0.000300
2026-05-11 22:01:31,765 - INFO - joeynmt.prediction - Predicting 500 example(s)... (Greedy decoding with min_output_length=1, max_output_length=-1, return_prob='none', generate_unk=True, repetition_penalty=-1, no_repeat_ngram_size=-1)
2026-05-11 22:02:25,938 - INFO - joeynmt.prediction - Evaluation result (greedy) loss:   2.08, ppl:   8.00, acc:   0.47, generation: 54.1654[sec], evaluation: 0.0000[sec]
2026-05-11 22:02:26,101 - INFO - joeynmt.helpers - delete models/deen_transformer_pre/37000.ckpt
2026-05-11 22:02:26,109 - INFO - joeynmt.training - Example #0
2026-05-11 22:02:26,110 - DEBUG - joeynmt.training - 	Tokenized source:     ['die', 'Pre@@', 'mi@@', 'er@@', 'minist@@', 'er', 'Indi@@', 'ens', 'und', 'J@@', 'ap@@', 'ans', 'tra@@', 'fen', 'sich', 'in', 'T@@', 'ok@@', 'i@@', 'o', '.']
2026-05-11 22:02:26,110 - DEBUG - joeynmt.training - 	Tokenized reference:  ['Indi@@', 'a', 'and', 'J@@', 'ap@@', 'an', 'pri@@', 'me', 'minist@@', 'ers', 'me@@', 'et', 'in', 'T@@', 'ok@@', 'y@@', 'o']
2026-05-11 22:02:26,110 - DEBUG - joeynmt.training - 	Tokenized hypothesis: ['the', 'Pri@@', 'me', 'Minist@@', 'er', 'Indi@@', 'a', 'and', 'J@@', 'ap@@', 'ans', 'tra@@', 'ining', 'in', 'T@@', 'ok@@', 'y@@', 'o', '.', '</s>']
2026-05-11 22:02:26,110 - INFO - joeynmt.training - 	Source:     die Premierminister Indiens und Japans trafen sich in Tokio .
2026-05-11 22:02:26,110 - INFO - joeynmt.training - 	Reference:  India and Japan prime ministers meet in Tokyo
2026-05-11 22:02:26,110 - INFO - joeynmt.training - 	Hypothesis: the Prime Minister India and Japans training in Tokyo .
2026-05-11 22:02:26,110 - INFO - joeynmt.training - Example #1
2026-05-11 22:02:26,110 - DEBUG - joeynmt.training - 	Tokenized source:     ['Indi@@', 'ens', 'neu@@', 'er', 'Pre@@', 'mi@@', 'er@@', 'minist@@', 'er', 'N@@', 'ar@@', 'end@@', 'ra', 'Mo@@', 'd@@', 'i', 'tri@@', 'fft', 'bei', 's@@', 'einem', 'ersten', 'wichti@@', 'gen', 'Aus@@', 'land@@', 's@@', 'bes@@', 'u@@', 'ch', 'seit', 's@@', 'einem', 'W@@', 'ah@@', 'l@@', 'si@@', 'e@@', 'g', 'im', 'Ma@@', 'i', 'seinen', 'j@@', 'ap@@', 'an@@', 'ischen', 'Am@@', 'ts@@', 'k@@', 'olle@@', 'gen', 'S@@', 'hin@@', 'z@@', 'o', 'A@@', 'be', 'in', 'T@@', 'ok@@', 'o', ',', 'um', 'wirtschaf@@', 'tliche', 'und', 'sicher@@', 'heits@@', 'politische', 'Be@@', 'zieh@@', 'ungen', 'zu', 'bes@@', 'pre@@', 'chen', '.']
2026-05-11 22:02:26,110 - DEBUG - joeynmt.training - 	Tokenized reference:  ['Indi@@', 'a', '&apos;s', 'new', 'pri@@', 'me', 'minist@@', 'er', ',', 'N@@', 'ar@@', 'end@@', 'ra', 'Mo@@', 'd@@', 'i', ',', 'is', 'me@@', 'eting', 'his', 'J@@', 'ap@@', 'an@@', 'ese', 'coun@@', 'ter@@', 'part', ',', 'S@@', 'hin@@', 'z@@', 'o', 'A@@', 'be', ',', 'in', 'T@@', 'ok@@', 'y@@', 'o', 'to', 'disc@@', 'uss', 'economic', 'and', 'security', 'ties', ',', 'on', 'his', 'first', 'major', 'fore@@', 'ign', 'visi@@', 't', 'since', 'w@@', 'inn@@', 'ing', 'Ma@@', 'y', '&apos;s', 'elec@@', 'tion', '.']
2026-05-11 22:02:26,110 - DEBUG - joeynmt.training - 	Tokenized hypothesis: ['Indi@@', 'a', '&apos;s', 'new', 'Pri@@', 'me', 'Minist@@', 'er', 'N@@', 'ar@@', 'end@@', 'ra', 'Mo@@', 'd@@', 'i', ',', 'in', 'his', 'first', 'important', 'ex@@', 'tern@@', 'al', 'ex@@', 'tern@@', 'al', 'ex@@', 'tern@@', 'al', 'ex@@', 'o@@', 'tic', 'of', 'J@@', 'ap@@', 'an@@', 'ese', 'off@@', 'ic@@', 'es', ',', 'in', 'the', 'Ma@@', 'y', 'of', 'his', 'J@@', 'ap@@', 'an@@', 'ese', 'off@@', 'ice', 'in', 'T@@', 'ok@@', 'o', 'to', 're@@', 'ach', 'economic', 'and', 'security', 'policy', 'rel@@', 'ations', '.', '</s>']
2026-05-11 22:02:26,110 - INFO - joeynmt.training - 	Source:     Indiens neuer Premierminister Narendra Modi trifft bei seinem ersten wichtigen Auslandsbesuch seit seinem Wahlsieg im Mai seinen japanischen Amtskollegen Shinzo Abe in Toko , um wirtschaftliche und sicherheitspolitische Beziehungen zu besprechen .
2026-05-11 22:02:26,110 - INFO - joeynmt.training - 	Reference:  India &apos;s new prime minister , Narendra Modi , is meeting his Japanese counterpart , Shinzo Abe , in Tokyo to discuss economic and security ties , on his first major foreign visit since winning May &apos;s election .
2026-05-11 22:02:26,111 - INFO - joeynmt.training - 	Hypothesis: India &apos;s new Prime Minister Narendra Modi , in his first important external external external exotic of Japanese offices , in the May of his Japanese office in Toko to reach economic and security policy relations .
2026-05-11 22:02:26,111 - INFO - joeynmt.training - Example #2
2026-05-11 22:02:26,111 - DEBUG - joeynmt.training - 	Tokenized source:     ['Herr', 'Mo@@', 'd@@', 'i', 'befindet', 'sich', 'auf', 'einer', 'fü@@', 'n@@', 'f@@', 'tä@@', 'gi@@', 'gen', 'Rei@@', 'se', 'nach', 'J@@', 'ap@@', 'an', ',', 'um', 'die', 'wirtschaf@@', 'tlichen', 'Be@@', 'zieh@@', 'ungen', 'mit', 'der', 'd@@', 'rit@@', 't@@', 'größ@@', 'ten', 'Wirtschafts@@', 'n@@', 'ation', 'der', 'Welt', 'zu', 'fes@@', 'tigen', '.']
2026-05-11 22:02:26,111 - DEBUG - joeynmt.training - 	Tokenized reference:  ['Mr', 'Mo@@', 'd@@', 'i', 'is', 'on', 'a', 'fi@@', 've', '@@@', '-@@', '@', 'day', 'tri@@', 'p', 'to', 'J@@', 'ap@@', 'an', 'to', 'streng@@', 'then', 'economic', 'ties', 'with', 'the', 'third', 'lar@@', 'ges@@', 't', 'econom@@', 'y', 'in', 'the', 'world', '.']
2026-05-11 22:02:26,111 - DEBUG - joeynmt.training - 	Tokenized hypothesis: ['Mr', 'Mo@@', 'd@@', 'i', 'is', 'located', 'on', 'a', 'fi@@', 'f@@', 'ty', 'day', 'tra@@', 'v@@', 'el', 'to', 'J@@', 'ap@@', 'an', ',', 'to', 'J@@', 'ap@@', 'an', ',', 'to', 'br@@', 'ing', 'economic', 'rel@@', 'ations', 'with', 'the', 'third', 'b@@', 'ig@@', 'ges@@', 't', 'economic', 'rel@@', 'ations', '.', '</s>']
2026-05-11 22:02:26,111 - INFO - joeynmt.training - 	Source:     Herr Modi befindet sich auf einer fünftägigen Reise nach Japan , um die wirtschaftlichen Beziehungen mit der drittgrößten Wirtschaftsnation der Welt zu festigen .
2026-05-11 22:02:26,111 - INFO - joeynmt.training - 	Reference:  Mr Modi is on a five @-@ day trip to Japan to strengthen economic ties with the third largest economy in the world .
2026-05-11 22:02:26,111 - INFO - joeynmt.training - 	Hypothesis: Mr Modi is located on a fifty day travel to Japan , to Japan , to bring economic relations with the third biggest economic relations .
2026-05-11 22:02:26,111 - INFO - joeynmt.training - Example #3
2026-05-11 22:02:26,111 - DEBUG - joeynmt.training - 	Tokenized source:     ['P@@', 'län@@', 'e', 'für', 'eine', 'stärk@@', 'ere', 'k@@', 'ern@@', 'techn@@', 'ische', 'Zusammenarbeit', 'stehen', 'ganz', 'ob@@', 'en', 'auf', 'der', 'Tag@@', 'es@@', 'ordnung', '.']
2026-05-11 22:02:26,111 - DEBUG - joeynmt.training - 	Tokenized reference:  ['high', 'on', 'the', 'agen@@', 'da', 'are', 'pl@@', 'ans', 'for', 'gre@@', 'ater', 'nu@@', 'clear', 'c@@', 'o', '@@@', '-@@', '@', 'operation', '.']
2026-05-11 22:02:26,111 - DEBUG - joeynmt.training - 	Tokenized hypothesis: ['pl@@', 'ans', 'for', 'more', 'di@@', 'st@@', 'in@@', 'c@@', 'tive', 'techn@@', 'ical', 'cooperation', 'are', 'very', 'very', 'on', 'the', 'agen@@', 'da', '.', '</s>']
2026-05-11 22:02:26,111 - INFO - joeynmt.training - 	Source:     Pläne für eine stärkere kerntechnische Zusammenarbeit stehen ganz oben auf der Tagesordnung .
2026-05-11 22:02:26,111 - INFO - joeynmt.training - 	Reference:  high on the agenda are plans for greater nuclear co @-@ operation .
2026-05-11 22:02:26,111 - INFO - joeynmt.training - 	Hypothesis: plans for more distinctive technical cooperation are very very on the agenda .
2026-05-11 22:02:26,111 - INFO - joeynmt.training - Example #4
2026-05-11 22:02:26,111 - DEBUG - joeynmt.training - 	Tokenized source:     ['Berich@@', 'ten', 'zu@@', 'fol@@', 'ge', 'ho@@', 'fft', 'Indi@@', 'en', 'darüber', 'hinaus', 'auf', 'einen', 'Ver@@', 'trag', 'zur', 'Ver@@', 'tei@@', 'dig@@', 'ungs@@', 'zusammen@@', 'arbeit', 'zwischen', 'den', 'beiden', 'N@@', 'ationen', '.']
2026-05-11 22:02:26,111 - DEBUG - joeynmt.training - 	Tokenized reference:  ['Indi@@', 'a', 'is', 'also', 're@@', 'porte@@', 'dly', 'hop@@', 'ing', 'for', 'a', 'de@@', 'al', 'on', 'def@@', 'ence', 'c@@', 'oll@@', 'ab@@', 'or@@', 'ation', 'between', 'the', 'two', 'n@@', 'ations', '.']
2026-05-11 22:02:26,111 - DEBUG - joeynmt.training - 	Tokenized hypothesis: ['the', 're@@', 'ports', ',', 'Indi@@', 'a', 'is', 'also', 'a@@', 'ware', 'of', 'a', 'con@@', 'tra@@', 'ct', 'on', 'the', 'con@@', 'tra@@', 'ct', 'cooperation', 'between', 'the', 'two', 'n@@', 'ations', '.', '</s>']
2026-05-11 22:02:26,112 - INFO - joeynmt.training - 	Source:     Berichten zufolge hofft Indien darüber hinaus auf einen Vertrag zur Verteidigungszusammenarbeit zwischen den beiden Nationen .
2026-05-11 22:02:26,112 - INFO - joeynmt.training - 	Reference:  India is also reportedly hoping for a deal on defence collaboration between the two nations .
2026-05-11 22:02:26,112 - INFO - joeynmt.training - 	Hypothesis: the reports , India is also aware of a contract on the contract cooperation between the two nations .
2026-05-11 22:02:53,985 - INFO - joeynmt.training - Epoch  10, Step:    38100, Batch Loss:     1.626893, Batch Acc: 0.552989, Tokens per Sec:     3286, Lr: 0.000300
2026-05-11 22:03:21,517 - INFO - joeynmt.training - Epoch  10, Step:    38200, Batch Loss:     1.510659, Batch Acc: 0.548288, Tokens per Sec:     3336, Lr: 0.000300
2026-05-11 22:03:49,419 - INFO - joeynmt.training - Epoch  10, Step:    38300, Batch Loss:     1.507018, Batch Acc: 0.547035, Tokens per Sec:     3342, Lr: 0.000300
2026-05-11 22:04:17,143 - INFO - joeynmt.training - Epoch  10, Step:    38400, Batch Loss:     1.659925, Batch Acc: 0.551357, Tokens per Sec:     3359, Lr: 0.000300
2026-05-11 22:04:44,928 - INFO - joeynmt.training - Epoch  10, Step:    38500, Batch Loss:     1.453301, Batch Acc: 0.549740, Tokens per Sec:     3302, Lr: 0.000300
2026-05-11 22:04:44,929 - INFO - joeynmt.prediction - Predicting 500 example(s)... (Greedy decoding with min_output_length=1, max_output_length=-1, return_prob='none', generate_unk=True, repetition_penalty=-1, no_repeat_ngram_size=-1)
2026-05-11 22:05:27,567 - INFO - joeynmt.prediction - Evaluation result (greedy) loss:   2.08, ppl:   8.04, acc:   0.46, generation: 42.6308[sec], evaluation: 0.0000[sec]
2026-05-11 22:05:27,570 - INFO - joeynmt.training - Example #0
2026-05-11 22:05:27,570 - DEBUG - joeynmt.training - 	Tokenized source:     ['die', 'Pre@@', 'mi@@', 'er@@', 'minist@@', 'er', 'Indi@@', 'ens', 'und', 'J@@', 'ap@@', 'ans', 'tra@@', 'fen', 'sich', 'in', 'T@@', 'ok@@', 'i@@', 'o', '.']
2026-05-11 22:05:27,570 - DEBUG - joeynmt.training - 	Tokenized reference:  ['Indi@@', 'a', 'and', 'J@@', 'ap@@', 'an', 'pri@@', 'me', 'minist@@', 'ers', 'me@@', 'et', 'in', 'T@@', 'ok@@', 'y@@', 'o']
2026-05-11 22:05:27,570 - DEBUG - joeynmt.training - 	Tokenized hypothesis: ['pri@@', 'me', 'minist@@', 'er', 'Indi@@', 'a', 'and', 'J@@', 'ap@@', 'an', '&apos;s', 'pri@@', 'me', 'minist@@', 'er', 'and', 'J@@', 'ap@@', 'an', '&apos;s', 'in', 'T@@', 'ok@@', 'y@@', 'o', '.', '</s>']
2026-05-11 22:05:27,570 - INFO - joeynmt.training - 	Source:     die Premierminister Indiens und Japans trafen sich in Tokio .
2026-05-11 22:05:27,571 - INFO - joeynmt.training - 	Reference:  India and Japan prime ministers meet in Tokyo
2026-05-11 22:05:27,571 - INFO - joeynmt.training - 	Hypothesis: prime minister India and Japan &apos;s prime minister and Japan &apos;s in Tokyo .
2026-05-11 22:05:27,571 - INFO - joeynmt.training - Example #1
2026-05-11 22:05:27,571 - DEBUG - joeynmt.training - 	Tokenized source:     ['Indi@@', 'ens', 'neu@@', 'er', 'Pre@@', 'mi@@', 'er@@', 'minist@@', 'er', 'N@@', 'ar@@', 'end@@', 'ra', 'Mo@@', 'd@@', 'i', 'tri@@', 'fft', 'bei', 's@@', 'einem', 'ersten', 'wichti@@', 'gen', 'Aus@@', 'land@@', 's@@', 'bes@@', 'u@@', 'ch', 'seit', 's@@', 'einem', 'W@@', 'ah@@', 'l@@', 'si@@', 'e@@', 'g', 'im', 'Ma@@', 'i', 'seinen', 'j@@', 'ap@@', 'an@@', 'ischen', 'Am@@', 'ts@@', 'k@@', 'olle@@', 'gen', 'S@@', 'hin@@', 'z@@', 'o', 'A@@', 'be', 'in', 'T@@', 'ok@@', 'o', ',', 'um', 'wirtschaf@@', 'tliche', 'und', 'sicher@@', 'heits@@', 'politische', 'Be@@', 'zieh@@', 'ungen', 'zu', 'bes@@', 'pre@@', 'chen', '.']
2026-05-11 22:05:27,571 - DEBUG - joeynmt.training - 	Tokenized reference:  ['Indi@@', 'a', '&apos;s', 'new', 'pri@@', 'me', 'minist@@', 'er', ',', 'N@@', 'ar@@', 'end@@', 'ra', 'Mo@@', 'd@@', 'i', ',', 'is', 'me@@', 'eting', 'his', 'J@@', 'ap@@', 'an@@', 'ese', 'coun@@', 'ter@@', 'part', ',', 'S@@', 'hin@@', 'z@@', 'o', 'A@@', 'be', ',', 'in', 'T@@', 'ok@@', 'y@@', 'o', 'to', 'disc@@', 'uss', 'economic', 'and', 'security', 'ties', ',', 'on', 'his', 'first', 'major', 'fore@@', 'ign', 'visi@@', 't', 'since', 'w@@', 'inn@@', 'ing', 'Ma@@', 'y', '&apos;s', 'elec@@', 'tion', '.']
2026-05-11 22:05:27,571 - DEBUG - joeynmt.training - 	Tokenized hypothesis: ['Indi@@', 'a', '&apos;s', 'first', 'pri@@', 'me', 'minist@@', 'er', 'N@@', 'ar@@', 'end@@', 'ra', 'Mo@@', 'd@@', 'i', ',', 'in', 'his', 'first', 'important', 'fore@@', 'ign', 'country', 'for', 'his', 'elec@@', 'tion', 'in', 'Ma@@', 'y', ',', 'in', 'his', 'con@@', 'text', ',', 'in', 'the', 'first', 'place', 'in', 'Ma@@', 'y', ',', 'in', 'the', 'M@@', 'a@@', 'vi@@', 'an', 'S@@', 'hin@@', 'z@@', 'o', 'A@@', 'be', 'in', 'T@@', 'ok@@', 'o', 'to', 're@@', 'mo@@', 've', 'in', 'T@@', 'ok@@', 'o', 'to', 're@@', 'mo@@', 've', 'in', 'T@@', 'ok@@', 'o', '.', '</s>']
2026-05-11 22:05:27,571 - INFO - joeynmt.training - 	Source:     Indiens neuer Premierminister Narendra Modi trifft bei seinem ersten wichtigen Auslandsbesuch seit seinem Wahlsieg im Mai seinen japanischen Amtskollegen Shinzo Abe in Toko , um wirtschaftliche und sicherheitspolitische Beziehungen zu besprechen .
2026-05-11 22:05:27,571 - INFO - joeynmt.training - 	Reference:  India &apos;s new prime minister , Narendra Modi , is meeting his Japanese counterpart , Shinzo Abe , in Tokyo to discuss economic and security ties , on his first major foreign visit since winning May &apos;s election .
2026-05-11 22:05:27,571 - INFO - joeynmt.training - 	Hypothesis: India &apos;s first prime minister Narendra Modi , in his first important foreign country for his election in May , in his context , in the first place in May , in the Mavian Shinzo Abe in Toko to remove in Toko to remove in Toko .
2026-05-11 22:05:27,571 - INFO - joeynmt.training - Example #2
2026-05-11 22:05:27,571 - DEBUG - joeynmt.training - 	Tokenized source:     ['Herr', 'Mo@@', 'd@@', 'i', 'befindet', 'sich', 'auf', 'einer', 'fü@@', 'n@@', 'f@@', 'tä@@', 'gi@@', 'gen', 'Rei@@', 'se', 'nach', 'J@@', 'ap@@', 'an', ',', 'um', 'die', 'wirtschaf@@', 'tlichen', 'Be@@', 'zieh@@', 'ungen', 'mit', 'der', 'd@@', 'rit@@', 't@@', 'größ@@', 'ten', 'Wirtschafts@@', 'n@@', 'ation', 'der', 'Welt', 'zu', 'fes@@', 'tigen', '.']
2026-05-11 22:05:27,571 - DEBUG - joeynmt.training - 	Tokenized reference:  ['Mr', 'Mo@@', 'd@@', 'i', 'is', 'on', 'a', 'fi@@', 've', '@@@', '-@@', '@', 'day', 'tri@@', 'p', 'to', 'J@@', 'ap@@', 'an', 'to', 'streng@@', 'then', 'economic', 'ties', 'with', 'the', 'third', 'lar@@', 'ges@@', 't', 'econom@@', 'y', 'in', 'the', 'world', '.']
2026-05-11 22:05:27,571 - DEBUG - joeynmt.training - 	Tokenized hypothesis: ['Mr', 'Mo@@', 'd@@', 'i', 'is', 'a', 'fi@@', 'f@@', 'ty', 'of', 'a', 'fi@@', 'f@@', 'ty', ',', 'in', 'order', 'to', 'br@@', 'ing', 'the', 'economic', 'rel@@', 'ations', 'with', 'the', 'third', 'lar@@', 'ges@@', 't', 'economic', 'rel@@', 'ations', 'with', 'the', 'third', 'lar@@', 'ges@@', 't', 'economic', 'rel@@', 'ations', '.', '</s>']
2026-05-11 22:05:27,571 - INFO - joeynmt.training - 	Source:     Herr Modi befindet sich auf einer fünftägigen Reise nach Japan , um die wirtschaftlichen Beziehungen mit der drittgrößten Wirtschaftsnation der Welt zu festigen .
2026-05-11 22:05:27,571 - INFO - joeynmt.training - 	Reference:  Mr Modi is on a five @-@ day trip to Japan to strengthen economic ties with the third largest economy in the world .
2026-05-11 22:05:27,571 - INFO - joeynmt.training - 	Hypothesis: Mr Modi is a fifty of a fifty , in order to bring the economic relations with the third largest economic relations with the third largest economic relations .
2026-05-11 22:05:27,572 - INFO - joeynmt.training - Example #3
2026-05-11 22:05:27,572 - DEBUG - joeynmt.training - 	Tokenized source:     ['P@@', 'län@@', 'e', 'für', 'eine', 'stärk@@', 'ere', 'k@@', 'ern@@', 'techn@@', 'ische', 'Zusammenarbeit', 'stehen', 'ganz', 'ob@@', 'en', 'auf', 'der', 'Tag@@', 'es@@', 'ordnung', '.']
2026-05-11 22:05:27,572 - DEBUG - joeynmt.training - 	Tokenized reference:  ['high', 'on', 'the', 'agen@@', 'da', 'are', 'pl@@', 'ans', 'for', 'gre@@', 'ater', 'nu@@', 'clear', 'c@@', 'o', '@@@', '-@@', '@', 'operation', '.']
2026-05-11 22:05:27,572 - DEBUG - joeynmt.training - 	Tokenized hypothesis: ['pl@@', 'ans', 'for', 'more', 'seri@@', 'ous', 'techn@@', 'ical', 'cooperation', 'are', 'very', 'ob@@', 'vi@@', 'ously', 'on', 'the', 'agen@@', 'da', '.', '</s>']
2026-05-11 22:05:27,572 - INFO - joeynmt.training - 	Source:     Pläne für eine stärkere kerntechnische Zusammenarbeit stehen ganz oben auf der Tagesordnung .
2026-05-11 22:05:27,572 - INFO - joeynmt.training - 	Reference:  high on the agenda are plans for greater nuclear co @-@ operation .
2026-05-11 22:05:27,572 - INFO - joeynmt.training - 	Hypothesis: plans for more serious technical cooperation are very obviously on the agenda .
2026-05-11 22:05:27,572 - INFO - joeynmt.training - Example #4
2026-05-11 22:05:27,572 - DEBUG - joeynmt.training - 	Tokenized source:     ['Berich@@', 'ten', 'zu@@', 'fol@@', 'ge', 'ho@@', 'fft', 'Indi@@', 'en', 'darüber', 'hinaus', 'auf', 'einen', 'Ver@@', 'trag', 'zur', 'Ver@@', 'tei@@', 'dig@@', 'ungs@@', 'zusammen@@', 'arbeit', 'zwischen', 'den', 'beiden', 'N@@', 'ationen', '.']
2026-05-11 22:05:27,572 - DEBUG - joeynmt.training - 	Tokenized reference:  ['Indi@@', 'a', 'is', 'also', 're@@', 'porte@@', 'dly', 'hop@@', 'ing', 'for', 'a', 'de@@', 'al', 'on', 'def@@', 'ence', 'c@@', 'oll@@', 'ab@@', 'or@@', 'ation', 'between', 'the', 'two', 'n@@', 'ations', '.']
2026-05-11 22:05:27,572 - DEBUG - joeynmt.training - 	Tokenized hypothesis: ['the', 're@@', 'ports', ',', 'the', 'same', 'indi@@', 'c@@', 'ation', 'of', 'the', 'con@@', 'tra@@', 'ct', 'on', 'the', 'con@@', 'tra@@', 'ct', 'cooperation', 'between', 'the', 'two', 'n@@', 'ations', '.', '</s>']
2026-05-11 22:05:27,572 - INFO - joeynmt.training - 	Source:     Berichten zufolge hofft Indien darüber hinaus auf einen Vertrag zur Verteidigungszusammenarbeit zwischen den beiden Nationen .
2026-05-11 22:05:27,572 - INFO - joeynmt.training - 	Reference:  India is also reportedly hoping for a deal on defence collaboration between the two nations .
2026-05-11 22:05:27,572 - INFO - joeynmt.training - 	Hypothesis: the reports , the same indication of the contract on the contract cooperation between the two nations .
2026-05-11 22:05:56,131 - INFO - joeynmt.training - Epoch  10, Step:    38600, Batch Loss:     1.583713, Batch Acc: 0.550564, Tokens per Sec:     3178, Lr: 0.000300
2026-05-11 22:06:23,824 - INFO - joeynmt.training - Epoch  10, Step:    38700, Batch Loss:     1.743969, Batch Acc: 0.545520, Tokens per Sec:     3326, Lr: 0.000300
2026-05-11 22:06:51,939 - INFO - joeynmt.training - Epoch  10, Step:    38800, Batch Loss:     1.657999, Batch Acc: 0.550530, Tokens per Sec:     3264, Lr: 0.000300
2026-05-11 22:07:19,969 - INFO - joeynmt.training - Epoch  10, Step:    38900, Batch Loss:     1.832587, Batch Acc: 0.548282, Tokens per Sec:     3274, Lr: 0.000300
2026-05-11 22:07:49,242 - INFO - joeynmt.training - Epoch  10, Step:    39000, Batch Loss:     1.414784, Batch Acc: 0.551476, Tokens per Sec:     3096, Lr: 0.000300
2026-05-11 22:07:49,243 - INFO - joeynmt.prediction - Predicting 500 example(s)... (Greedy decoding with min_output_length=1, max_output_length=-1, return_prob='none', generate_unk=True, repetition_penalty=-1, no_repeat_ngram_size=-1)
2026-05-11 22:08:34,979 - INFO - joeynmt.prediction - Evaluation result (greedy) loss:   2.08, ppl:   7.98, acc:   0.47, generation: 45.7283[sec], evaluation: 0.0000[sec]
2026-05-11 22:08:35,149 - INFO - joeynmt.helpers - delete models/deen_transformer_pre/38000.ckpt
2026-05-11 22:08:35,158 - INFO - joeynmt.helpers - delete /Users/jill/Desktop/Jill/Studium/FS_26/Machine_translation/mt-exercise-03/models/deen_transformer_pre/38000.ckpt
2026-05-11 22:08:35,158 - WARNING - joeynmt.helpers - Wanted to delete old checkpoint /Users/jill/Desktop/Jill/Studium/FS_26/Machine_translation/mt-exercise-03/models/deen_transformer_pre/38000.ckpt but file does not exist. ([Errno 2] No such file or directory: '/Users/jill/Desktop/Jill/Studium/FS_26/Machine_translation/mt-exercise-03/models/deen_transformer_pre/38000.ckpt')
2026-05-11 22:08:35,158 - INFO - joeynmt.training - Example #0
2026-05-11 22:08:35,159 - DEBUG - joeynmt.training - 	Tokenized source:     ['die', 'Pre@@', 'mi@@', 'er@@', 'minist@@', 'er', 'Indi@@', 'ens', 'und', 'J@@', 'ap@@', 'ans', 'tra@@', 'fen', 'sich', 'in', 'T@@', 'ok@@', 'i@@', 'o', '.']
2026-05-11 22:08:35,159 - DEBUG - joeynmt.training - 	Tokenized reference:  ['Indi@@', 'a', 'and', 'J@@', 'ap@@', 'an', 'pri@@', 'me', 'minist@@', 'ers', 'me@@', 'et', 'in', 'T@@', 'ok@@', 'y@@', 'o']
2026-05-11 22:08:35,159 - DEBUG - joeynmt.training - 	Tokenized hypothesis: ['Pri@@', 'me', 'Minist@@', 'er', 'Indi@@', 'a', 'and', 'J@@', 'ap@@', 'an', '&apos;s', 'Pri@@', 'me', 'Minist@@', 'er', ',', 'Indi@@', 'a', 'and', 'J@@', 'ap@@', 'an', '&apos;s', 'represent@@', 'ative', '.', '</s>']
2026-05-11 22:08:35,159 - INFO - joeynmt.training - 	Source:     die Premierminister Indiens und Japans trafen sich in Tokio .
2026-05-11 22:08:35,159 - INFO - joeynmt.training - 	Reference:  India and Japan prime ministers meet in Tokyo
2026-05-11 22:08:35,159 - INFO - joeynmt.training - 	Hypothesis: Prime Minister India and Japan &apos;s Prime Minister , India and Japan &apos;s representative .
2026-05-11 22:08:35,159 - INFO - joeynmt.training - Example #1
2026-05-11 22:08:35,159 - DEBUG - joeynmt.training - 	Tokenized source:     ['Indi@@', 'ens', 'neu@@', 'er', 'Pre@@', 'mi@@', 'er@@', 'minist@@', 'er', 'N@@', 'ar@@', 'end@@', 'ra', 'Mo@@', 'd@@', 'i', 'tri@@', 'fft', 'bei', 's@@', 'einem', 'ersten', 'wichti@@', 'gen', 'Aus@@', 'land@@', 's@@', 'bes@@', 'u@@', 'ch', 'seit', 's@@', 'einem', 'W@@', 'ah@@', 'l@@', 'si@@', 'e@@', 'g', 'im', 'Ma@@', 'i', 'seinen', 'j@@', 'ap@@', 'an@@', 'ischen', 'Am@@', 'ts@@', 'k@@', 'olle@@', 'gen', 'S@@', 'hin@@', 'z@@', 'o', 'A@@', 'be', 'in', 'T@@', 'ok@@', 'o', ',', 'um', 'wirtschaf@@', 'tliche', 'und', 'sicher@@', 'heits@@', 'politische', 'Be@@', 'zieh@@', 'ungen', 'zu', 'bes@@', 'pre@@', 'chen', '.']
2026-05-11 22:08:35,159 - DEBUG - joeynmt.training - 	Tokenized reference:  ['Indi@@', 'a', '&apos;s', 'new', 'pri@@', 'me', 'minist@@', 'er', ',', 'N@@', 'ar@@', 'end@@', 'ra', 'Mo@@', 'd@@', 'i', ',', 'is', 'me@@', 'eting', 'his', 'J@@', 'ap@@', 'an@@', 'ese', 'coun@@', 'ter@@', 'part', ',', 'S@@', 'hin@@', 'z@@', 'o', 'A@@', 'be', ',', 'in', 'T@@', 'ok@@', 'y@@', 'o', 'to', 'disc@@', 'uss', 'economic', 'and', 'security', 'ties', ',', 'on', 'his', 'first', 'major', 'fore@@', 'ign', 'visi@@', 't', 'since', 'w@@', 'inn@@', 'ing', 'Ma@@', 'y', '&apos;s', 'elec@@', 'tion', '.']
2026-05-11 22:08:35,159 - DEBUG - joeynmt.training - 	Tokenized hypothesis: ['Indi@@', 'a', '&apos;s', 'first', 'pri@@', 'me', 'minist@@', 'er', 'N@@', 'ar@@', 'end@@', 'ra', 'Mo@@', 'd@@', 'i', ',', 'in', 'his', 'first', 'important', 'fore@@', 'ign', 'country', 'since', 'his', 'elec@@', 'tion', ',', 'in', 'Ma@@', 'y', 'J@@', 'ap@@', 'an@@', 'ese', 'J@@', 'ap@@', 'an@@', 'ese', 'S@@', 'hin@@', 'z@@', 'o', 'A@@', 'be', 'in', 'T@@', 'ok@@', 'o', ',', 'in', 'T@@', 'ok@@', 'o', ',', 'in', 'the', 'first', 'place', 'in', 'M@@', 'ol@@', 'a', ',', 'in', 'T@@', 'ok@@', 'o', ',', 'in', 'order', 'to', 'visi@@', 't', 'his', 'elec@@', 'tion', '.', '</s>']
2026-05-11 22:08:35,159 - INFO - joeynmt.training - 	Source:     Indiens neuer Premierminister Narendra Modi trifft bei seinem ersten wichtigen Auslandsbesuch seit seinem Wahlsieg im Mai seinen japanischen Amtskollegen Shinzo Abe in Toko , um wirtschaftliche und sicherheitspolitische Beziehungen zu besprechen .
2026-05-11 22:08:35,160 - INFO - joeynmt.training - 	Reference:  India &apos;s new prime minister , Narendra Modi , is meeting his Japanese counterpart , Shinzo Abe , in Tokyo to discuss economic and security ties , on his first major foreign visit since winning May &apos;s election .
2026-05-11 22:08:35,160 - INFO - joeynmt.training - 	Hypothesis: India &apos;s first prime minister Narendra Modi , in his first important foreign country since his election , in May Japanese Japanese Shinzo Abe in Toko , in Toko , in the first place in Mola , in Toko , in order to visit his election .
2026-05-11 22:08:35,160 - INFO - joeynmt.training - Example #2
2026-05-11 22:08:35,160 - DEBUG - joeynmt.training - 	Tokenized source:     ['Herr', 'Mo@@', 'd@@', 'i', 'befindet', 'sich', 'auf', 'einer', 'fü@@', 'n@@', 'f@@', 'tä@@', 'gi@@', 'gen', 'Rei@@', 'se', 'nach', 'J@@', 'ap@@', 'an', ',', 'um', 'die', 'wirtschaf@@', 'tlichen', 'Be@@', 'zieh@@', 'ungen', 'mit', 'der', 'd@@', 'rit@@', 't@@', 'größ@@', 'ten', 'Wirtschafts@@', 'n@@', 'ation', 'der', 'Welt', 'zu', 'fes@@', 'tigen', '.']
2026-05-11 22:08:35,160 - DEBUG - joeynmt.training - 	Tokenized reference:  ['Mr', 'Mo@@', 'd@@', 'i', 'is', 'on', 'a', 'fi@@', 've', '@@@', '-@@', '@', 'day', 'tri@@', 'p', 'to', 'J@@', 'ap@@', 'an', 'to', 'streng@@', 'then', 'economic', 'ties', 'with', 'the', 'third', 'lar@@', 'ges@@', 't', 'econom@@', 'y', 'in', 'the', 'world', '.']
2026-05-11 22:08:35,160 - DEBUG - joeynmt.training - 	Tokenized hypothesis: ['Mr', 'Mo@@', 'd@@', 'i', 'is', 'located', 'on', 'a', 'fi@@', 'f@@', 'ty', 'tra@@', 'v@@', 'ell@@', 'ing', 'to', 'J@@', 'ap@@', 'an', 'to', 'J@@', 'ap@@', 'an', '&apos;s', 'economic', 'rel@@', 'ations', 'with', 'the', 'third', 'lar@@', 'ges@@', 't', 'economic', 'rel@@', 'ations', 'with', 'the', 'third', 'lar@@', 'ges@@', 't', 'economic', 'rel@@', 'ations', '.', '</s>']
2026-05-11 22:08:35,160 - INFO - joeynmt.training - 	Source:     Herr Modi befindet sich auf einer fünftägigen Reise nach Japan , um die wirtschaftlichen Beziehungen mit der drittgrößten Wirtschaftsnation der Welt zu festigen .
2026-05-11 22:08:35,160 - INFO - joeynmt.training - 	Reference:  Mr Modi is on a five @-@ day trip to Japan to strengthen economic ties with the third largest economy in the world .
2026-05-11 22:08:35,160 - INFO - joeynmt.training - 	Hypothesis: Mr Modi is located on a fifty travelling to Japan to Japan &apos;s economic relations with the third largest economic relations with the third largest economic relations .
2026-05-11 22:08:35,160 - INFO - joeynmt.training - Example #3
2026-05-11 22:08:35,160 - DEBUG - joeynmt.training - 	Tokenized source:     ['P@@', 'län@@', 'e', 'für', 'eine', 'stärk@@', 'ere', 'k@@', 'ern@@', 'techn@@', 'ische', 'Zusammenarbeit', 'stehen', 'ganz', 'ob@@', 'en', 'auf', 'der', 'Tag@@', 'es@@', 'ordnung', '.']
2026-05-11 22:08:35,160 - DEBUG - joeynmt.training - 	Tokenized reference:  ['high', 'on', 'the', 'agen@@', 'da', 'are', 'pl@@', 'ans', 'for', 'gre@@', 'ater', 'nu@@', 'clear', 'c@@', 'o', '@@@', '-@@', '@', 'operation', '.']
2026-05-11 22:08:35,160 - DEBUG - joeynmt.training - 	Tokenized hypothesis: ['pl@@', 'ans', 'for', 'more', 'nu@@', 'clear', 'techn@@', 'ical', 'cooperation', 'are', 'very', 'ob@@', 'vi@@', 'ous', 'on', 'the', 'agen@@', 'da', '.', '</s>']
2026-05-11 22:08:35,160 - INFO - joeynmt.training - 	Source:     Pläne für eine stärkere kerntechnische Zusammenarbeit stehen ganz oben auf der Tagesordnung .
2026-05-11 22:08:35,160 - INFO - joeynmt.training - 	Reference:  high on the agenda are plans for greater nuclear co @-@ operation .
2026-05-11 22:08:35,160 - INFO - joeynmt.training - 	Hypothesis: plans for more nuclear technical cooperation are very obvious on the agenda .
2026-05-11 22:08:35,160 - INFO - joeynmt.training - Example #4
2026-05-11 22:08:35,160 - DEBUG - joeynmt.training - 	Tokenized source:     ['Berich@@', 'ten', 'zu@@', 'fol@@', 'ge', 'ho@@', 'fft', 'Indi@@', 'en', 'darüber', 'hinaus', 'auf', 'einen', 'Ver@@', 'trag', 'zur', 'Ver@@', 'tei@@', 'dig@@', 'ungs@@', 'zusammen@@', 'arbeit', 'zwischen', 'den', 'beiden', 'N@@', 'ationen', '.']
2026-05-11 22:08:35,161 - DEBUG - joeynmt.training - 	Tokenized reference:  ['Indi@@', 'a', 'is', 'also', 're@@', 'porte@@', 'dly', 'hop@@', 'ing', 'for', 'a', 'de@@', 'al', 'on', 'def@@', 'ence', 'c@@', 'oll@@', 'ab@@', 'or@@', 'ation', 'between', 'the', 'two', 'n@@', 'ations', '.']
2026-05-11 22:08:35,161 - DEBUG - joeynmt.training - 	Tokenized hypothesis: ['in', 'ad@@', 'dition', ',', 'Indi@@', 'a', 'is', 'also', 'a@@', 'ware', 'of', 'the', 'con@@', 'tra@@', 'ct', 'on', 'a', 'con@@', 'tra@@', 'ct', 'on', 'the', 'con@@', 'tra@@', 'ct', 'cooperation', 'between', 'the', 'two', 'n@@', 'ations', '.', '</s>']
2026-05-11 22:08:35,161 - INFO - joeynmt.training - 	Source:     Berichten zufolge hofft Indien darüber hinaus auf einen Vertrag zur Verteidigungszusammenarbeit zwischen den beiden Nationen .
2026-05-11 22:08:35,161 - INFO - joeynmt.training - 	Reference:  India is also reportedly hoping for a deal on defence collaboration between the two nations .
2026-05-11 22:08:35,161 - INFO - joeynmt.training - 	Hypothesis: in addition , India is also aware of the contract on a contract on the contract cooperation between the two nations .
2026-05-11 22:09:02,411 - INFO - joeynmt.training - Epoch  10, Step:    39100, Batch Loss:     1.598693, Batch Acc: 0.548856, Tokens per Sec:     3295, Lr: 0.000300
2026-05-11 22:09:31,398 - INFO - joeynmt.training - Epoch  10, Step:    39200, Batch Loss:     1.519930, Batch Acc: 0.548123, Tokens per Sec:     3164, Lr: 0.000300
2026-05-11 22:10:00,292 - INFO - joeynmt.training - Epoch  10, Step:    39300, Batch Loss:     1.692116, Batch Acc: 0.548806, Tokens per Sec:     3142, Lr: 0.000300
2026-05-11 22:10:29,414 - INFO - joeynmt.training - Epoch  10, Step:    39400, Batch Loss:     1.664294, Batch Acc: 0.545558, Tokens per Sec:     3140, Lr: 0.000300
2026-05-11 22:10:56,754 - INFO - joeynmt.training - Epoch  10, Step:    39500, Batch Loss:     1.688369, Batch Acc: 0.553590, Tokens per Sec:     3366, Lr: 0.000300
2026-05-11 22:10:56,755 - INFO - joeynmt.prediction - Predicting 500 example(s)... (Greedy decoding with min_output_length=1, max_output_length=-1, return_prob='none', generate_unk=True, repetition_penalty=-1, no_repeat_ngram_size=-1)
2026-05-11 22:11:53,113 - INFO - joeynmt.prediction - Evaluation result (greedy) loss:   2.07, ppl:   7.92, acc:   0.47, generation: 56.3493[sec], evaluation: 0.0000[sec]
2026-05-11 22:11:53,116 - INFO - joeynmt.training - Hooray! New best validation result [ppl]!
2026-05-11 22:11:53,479 - INFO - joeynmt.helpers - delete models/deen_transformer_pre/36000.ckpt
2026-05-11 22:11:53,484 - INFO - joeynmt.training - Example #0
2026-05-11 22:11:53,484 - DEBUG - joeynmt.training - 	Tokenized source:     ['die', 'Pre@@', 'mi@@', 'er@@', 'minist@@', 'er', 'Indi@@', 'ens', 'und', 'J@@', 'ap@@', 'ans', 'tra@@', 'fen', 'sich', 'in', 'T@@', 'ok@@', 'i@@', 'o', '.']
2026-05-11 22:11:53,484 - DEBUG - joeynmt.training - 	Tokenized reference:  ['Indi@@', 'a', 'and', 'J@@', 'ap@@', 'an', 'pri@@', 'me', 'minist@@', 'ers', 'me@@', 'et', 'in', 'T@@', 'ok@@', 'y@@', 'o']
2026-05-11 22:11:53,484 - DEBUG - joeynmt.training - 	Tokenized hypothesis: ['the', 'Pri@@', 'me', 'Minist@@', 'er', 'Indi@@', 'a', 'and', 'J@@', 'ap@@', 'an', '&apos;s', 'and', 'J@@', 'ap@@', 'an', '&apos;s', 'tra@@', 'ff@@', 'ic', '.', '</s>']
2026-05-11 22:11:53,485 - INFO - joeynmt.training - 	Source:     die Premierminister Indiens und Japans trafen sich in Tokio .
2026-05-11 22:11:53,485 - INFO - joeynmt.training - 	Reference:  India and Japan prime ministers meet in Tokyo
2026-05-11 22:11:53,485 - INFO - joeynmt.training - 	Hypothesis: the Prime Minister India and Japan &apos;s and Japan &apos;s traffic .
2026-05-11 22:11:53,485 - INFO - joeynmt.training - Example #1
2026-05-11 22:11:53,485 - DEBUG - joeynmt.training - 	Tokenized source:     ['Indi@@', 'ens', 'neu@@', 'er', 'Pre@@', 'mi@@', 'er@@', 'minist@@', 'er', 'N@@', 'ar@@', 'end@@', 'ra', 'Mo@@', 'd@@', 'i', 'tri@@', 'fft', 'bei', 's@@', 'einem', 'ersten', 'wichti@@', 'gen', 'Aus@@', 'land@@', 's@@', 'bes@@', 'u@@', 'ch', 'seit', 's@@', 'einem', 'W@@', 'ah@@', 'l@@', 'si@@', 'e@@', 'g', 'im', 'Ma@@', 'i', 'seinen', 'j@@', 'ap@@', 'an@@', 'ischen', 'Am@@', 'ts@@', 'k@@', 'olle@@', 'gen', 'S@@', 'hin@@', 'z@@', 'o', 'A@@', 'be', 'in', 'T@@', 'ok@@', 'o', ',', 'um', 'wirtschaf@@', 'tliche', 'und', 'sicher@@', 'heits@@', 'politische', 'Be@@', 'zieh@@', 'ungen', 'zu', 'bes@@', 'pre@@', 'chen', '.']
2026-05-11 22:11:53,485 - DEBUG - joeynmt.training - 	Tokenized reference:  ['Indi@@', 'a', '&apos;s', 'new', 'pri@@', 'me', 'minist@@', 'er', ',', 'N@@', 'ar@@', 'end@@', 'ra', 'Mo@@', 'd@@', 'i', ',', 'is', 'me@@', 'eting', 'his', 'J@@', 'ap@@', 'an@@', 'ese', 'coun@@', 'ter@@', 'part', ',', 'S@@', 'hin@@', 'z@@', 'o', 'A@@', 'be', ',', 'in', 'T@@', 'ok@@', 'y@@', 'o', 'to', 'disc@@', 'uss', 'economic', 'and', 'security', 'ties', ',', 'on', 'his', 'first', 'major', 'fore@@', 'ign', 'visi@@', 't', 'since', 'w@@', 'inn@@', 'ing', 'Ma@@', 'y', '&apos;s', 'elec@@', 'tion', '.']
2026-05-11 22:11:53,485 - DEBUG - joeynmt.training - 	Tokenized hypothesis: ['Indi@@', 'a', '&apos;s', 'new', 'Pri@@', 'me', 'Minist@@', 'er', 'N@@', 'ar@@', 'end@@', 'ra', 'Mo@@', 'd@@', 'i', ',', 'in', 'his', 'first', 'important', 'fore@@', 'ign', ',', 'the', 'first', 'important', 'fore@@', 'ign', ',', 'for', 'his', 'elec@@', 'tion', ',', 'in', 'the', 'Ma@@', 'y', 'of', 'his', 'J@@', 'ap@@', 'an@@', 'ese', 'off@@', 'ice', 'of', 'J@@', 'ap@@', 'an@@', 'ese', 'off@@', 'ice', ',', 'in', 'T@@', 'ok@@', 'o', ',', 'to', 'economic', 'and', 'security', 'policy', 'rel@@', 'ations', '.', '</s>']
2026-05-11 22:11:53,485 - INFO - joeynmt.training - 	Source:     Indiens neuer Premierminister Narendra Modi trifft bei seinem ersten wichtigen Auslandsbesuch seit seinem Wahlsieg im Mai seinen japanischen Amtskollegen Shinzo Abe in Toko , um wirtschaftliche und sicherheitspolitische Beziehungen zu besprechen .
2026-05-11 22:11:53,485 - INFO - joeynmt.training - 	Reference:  India &apos;s new prime minister , Narendra Modi , is meeting his Japanese counterpart , Shinzo Abe , in Tokyo to discuss economic and security ties , on his first major foreign visit since winning May &apos;s election .
2026-05-11 22:11:53,485 - INFO - joeynmt.training - 	Hypothesis: India &apos;s new Prime Minister Narendra Modi , in his first important foreign , the first important foreign , for his election , in the May of his Japanese office of Japanese office , in Toko , to economic and security policy relations .
2026-05-11 22:11:53,485 - INFO - joeynmt.training - Example #2
2026-05-11 22:11:53,486 - DEBUG - joeynmt.training - 	Tokenized source:     ['Herr', 'Mo@@', 'd@@', 'i', 'befindet', 'sich', 'auf', 'einer', 'fü@@', 'n@@', 'f@@', 'tä@@', 'gi@@', 'gen', 'Rei@@', 'se', 'nach', 'J@@', 'ap@@', 'an', ',', 'um', 'die', 'wirtschaf@@', 'tlichen', 'Be@@', 'zieh@@', 'ungen', 'mit', 'der', 'd@@', 'rit@@', 't@@', 'größ@@', 'ten', 'Wirtschafts@@', 'n@@', 'ation', 'der', 'Welt', 'zu', 'fes@@', 'tigen', '.']
2026-05-11 22:11:53,486 - DEBUG - joeynmt.training - 	Tokenized reference:  ['Mr', 'Mo@@', 'd@@', 'i', 'is', 'on', 'a', 'fi@@', 've', '@@@', '-@@', '@', 'day', 'tri@@', 'p', 'to', 'J@@', 'ap@@', 'an', 'to', 'streng@@', 'then', 'economic', 'ties', 'with', 'the', 'third', 'lar@@', 'ges@@', 't', 'econom@@', 'y', 'in', 'the', 'world', '.']
2026-05-11 22:11:53,486 - DEBUG - joeynmt.training - 	Tokenized hypothesis: ['Mr', 'Mo@@', 'd@@', 'i', 'is', 'on', 'a', 'fi@@', 'f@@', 'ty', 'of', 'a', 'fi@@', 'f@@', 'ty', 'of', 'J@@', 'ap@@', 'an', ',', 'to', 'br@@', 'ing', 'the', 'economic', 'rel@@', 'ations', 'with', 'the', 'third', 'lar@@', 'ges@@', 't', 'economic', 'rel@@', 'ations', 'with', 'the', 'world', '.', '</s>']
2026-05-11 22:11:53,486 - INFO - joeynmt.training - 	Source:     Herr Modi befindet sich auf einer fünftägigen Reise nach Japan , um die wirtschaftlichen Beziehungen mit der drittgrößten Wirtschaftsnation der Welt zu festigen .
2026-05-11 22:11:53,486 - INFO - joeynmt.training - 	Reference:  Mr Modi is on a five @-@ day trip to Japan to strengthen economic ties with the third largest economy in the world .
2026-05-11 22:11:53,486 - INFO - joeynmt.training - 	Hypothesis: Mr Modi is on a fifty of a fifty of Japan , to bring the economic relations with the third largest economic relations with the world .
2026-05-11 22:11:53,486 - INFO - joeynmt.training - Example #3
2026-05-11 22:11:53,486 - DEBUG - joeynmt.training - 	Tokenized source:     ['P@@', 'län@@', 'e', 'für', 'eine', 'stärk@@', 'ere', 'k@@', 'ern@@', 'techn@@', 'ische', 'Zusammenarbeit', 'stehen', 'ganz', 'ob@@', 'en', 'auf', 'der', 'Tag@@', 'es@@', 'ordnung', '.']
2026-05-11 22:11:53,486 - DEBUG - joeynmt.training - 	Tokenized reference:  ['high', 'on', 'the', 'agen@@', 'da', 'are', 'pl@@', 'ans', 'for', 'gre@@', 'ater', 'nu@@', 'clear', 'c@@', 'o', '@@@', '-@@', '@', 'operation', '.']
2026-05-11 22:11:53,486 - DEBUG - joeynmt.training - 	Tokenized hypothesis: ['pl@@', 'ans', 'for', 'more', 'di@@', 'st@@', 'ing@@', 'u@@', 'is@@', 'h@@', 'ed', 'cooperation', 'are', 'very', 'ob@@', 'vi@@', 'ous', 'on', 'the', 'agen@@', 'da', '.', '</s>']
2026-05-11 22:11:53,486 - INFO - joeynmt.training - 	Source:     Pläne für eine stärkere kerntechnische Zusammenarbeit stehen ganz oben auf der Tagesordnung .
2026-05-11 22:11:53,486 - INFO - joeynmt.training - 	Reference:  high on the agenda are plans for greater nuclear co @-@ operation .
2026-05-11 22:11:53,486 - INFO - joeynmt.training - 	Hypothesis: plans for more distinguished cooperation are very obvious on the agenda .
2026-05-11 22:11:53,486 - INFO - joeynmt.training - Example #4
2026-05-11 22:11:53,487 - DEBUG - joeynmt.training - 	Tokenized source:     ['Berich@@', 'ten', 'zu@@', 'fol@@', 'ge', 'ho@@', 'fft', 'Indi@@', 'en', 'darüber', 'hinaus', 'auf', 'einen', 'Ver@@', 'trag', 'zur', 'Ver@@', 'tei@@', 'dig@@', 'ungs@@', 'zusammen@@', 'arbeit', 'zwischen', 'den', 'beiden', 'N@@', 'ationen', '.']
2026-05-11 22:11:53,487 - DEBUG - joeynmt.training - 	Tokenized reference:  ['Indi@@', 'a', 'is', 'also', 're@@', 'porte@@', 'dly', 'hop@@', 'ing', 'for', 'a', 'de@@', 'al', 'on', 'def@@', 'ence', 'c@@', 'oll@@', 'ab@@', 'or@@', 'ation', 'between', 'the', 'two', 'n@@', 'ations', '.']
2026-05-11 22:11:53,487 - DEBUG - joeynmt.training - 	Tokenized hypothesis: ['the', 'following', 're@@', 'ports', ',', 'Indi@@', 'a', 'is', 'also', 'a', 'con@@', 'tra@@', 'ct', 'on', 'a', 'con@@', 'tra@@', 'ct', 'cooperation', 'between', 'the', 'two', 'n@@', 'ations', '.', '</s>']
2026-05-11 22:11:53,487 - INFO - joeynmt.training - 	Source:     Berichten zufolge hofft Indien darüber hinaus auf einen Vertrag zur Verteidigungszusammenarbeit zwischen den beiden Nationen .
2026-05-11 22:11:53,487 - INFO - joeynmt.training - 	Reference:  India is also reportedly hoping for a deal on defence collaboration between the two nations .
2026-05-11 22:11:53,487 - INFO - joeynmt.training - 	Hypothesis: the following reports , India is also a contract on a contract cooperation between the two nations .
2026-05-11 22:12:28,963 - INFO - joeynmt.training - Epoch  10, Step:    39600, Batch Loss:     1.704641, Batch Acc: 0.548999, Tokens per Sec:     2560, Lr: 0.000300
2026-05-11 22:12:58,571 - INFO - joeynmt.training - Epoch  10, Step:    39700, Batch Loss:     1.743468, Batch Acc: 0.544984, Tokens per Sec:     3103, Lr: 0.000300
2026-05-11 22:13:26,052 - INFO - joeynmt.training - Epoch  10, Step:    39800, Batch Loss:     1.725033, Batch Acc: 0.550148, Tokens per Sec:     3346, Lr: 0.000300
2026-05-11 22:13:53,911 - INFO - joeynmt.training - Epoch  10, Step:    39900, Batch Loss:     1.806886, Batch Acc: 0.546549, Tokens per Sec:     3326, Lr: 0.000300
2026-05-11 22:14:21,704 - INFO - joeynmt.training - Epoch  10, Step:    40000, Batch Loss:     1.675003, Batch Acc: 0.553643, Tokens per Sec:     3332, Lr: 0.000300
2026-05-11 22:14:21,704 - INFO - joeynmt.prediction - Predicting 500 example(s)... (Greedy decoding with min_output_length=1, max_output_length=-1, return_prob='none', generate_unk=True, repetition_penalty=-1, no_repeat_ngram_size=-1)
2026-05-11 22:15:11,938 - INFO - joeynmt.prediction - Evaluation result (greedy) loss:   2.07, ppl:   7.89, acc:   0.47, generation: 50.2255[sec], evaluation: 0.0000[sec]
2026-05-11 22:15:11,941 - INFO - joeynmt.training - Hooray! New best validation result [ppl]!
2026-05-11 22:15:12,106 - INFO - joeynmt.helpers - delete models/deen_transformer_pre/37500.ckpt
2026-05-11 22:15:12,112 - INFO - joeynmt.training - Example #0
2026-05-11 22:15:12,112 - DEBUG - joeynmt.training - 	Tokenized source:     ['die', 'Pre@@', 'mi@@', 'er@@', 'minist@@', 'er', 'Indi@@', 'ens', 'und', 'J@@', 'ap@@', 'ans', 'tra@@', 'fen', 'sich', 'in', 'T@@', 'ok@@', 'i@@', 'o', '.']
2026-05-11 22:15:12,112 - DEBUG - joeynmt.training - 	Tokenized reference:  ['Indi@@', 'a', 'and', 'J@@', 'ap@@', 'an', 'pri@@', 'me', 'minist@@', 'ers', 'me@@', 'et', 'in', 'T@@', 'ok@@', 'y@@', 'o']
2026-05-11 22:15:12,112 - DEBUG - joeynmt.training - 	Tokenized hypothesis: ['Pri@@', 'me', 'Minist@@', 'er', 'Indi@@', 'a', 'and', 'J@@', 'ap@@', 'an', '&apos;s', 'pri@@', 'me', 'minist@@', 'er', 'in', 'T@@', 'ok@@', 'i@@', 'o', '.', '</s>']
2026-05-11 22:15:12,112 - INFO - joeynmt.training - 	Source:     die Premierminister Indiens und Japans trafen sich in Tokio .
2026-05-11 22:15:12,113 - INFO - joeynmt.training - 	Reference:  India and Japan prime ministers meet in Tokyo
2026-05-11 22:15:12,113 - INFO - joeynmt.training - 	Hypothesis: Prime Minister India and Japan &apos;s prime minister in Tokio .
2026-05-11 22:15:12,113 - INFO - joeynmt.training - Example #1
2026-05-11 22:15:12,113 - DEBUG - joeynmt.training - 	Tokenized source:     ['Indi@@', 'ens', 'neu@@', 'er', 'Pre@@', 'mi@@', 'er@@', 'minist@@', 'er', 'N@@', 'ar@@', 'end@@', 'ra', 'Mo@@', 'd@@', 'i', 'tri@@', 'fft', 'bei', 's@@', 'einem', 'ersten', 'wichti@@', 'gen', 'Aus@@', 'land@@', 's@@', 'bes@@', 'u@@', 'ch', 'seit', 's@@', 'einem', 'W@@', 'ah@@', 'l@@', 'si@@', 'e@@', 'g', 'im', 'Ma@@', 'i', 'seinen', 'j@@', 'ap@@', 'an@@', 'ischen', 'Am@@', 'ts@@', 'k@@', 'olle@@', 'gen', 'S@@', 'hin@@', 'z@@', 'o', 'A@@', 'be', 'in', 'T@@', 'ok@@', 'o', ',', 'um', 'wirtschaf@@', 'tliche', 'und', 'sicher@@', 'heits@@', 'politische', 'Be@@', 'zieh@@', 'ungen', 'zu', 'bes@@', 'pre@@', 'chen', '.']
2026-05-11 22:15:12,113 - DEBUG - joeynmt.training - 	Tokenized reference:  ['Indi@@', 'a', '&apos;s', 'new', 'pri@@', 'me', 'minist@@', 'er', ',', 'N@@', 'ar@@', 'end@@', 'ra', 'Mo@@', 'd@@', 'i', ',', 'is', 'me@@', 'eting', 'his', 'J@@', 'ap@@', 'an@@', 'ese', 'coun@@', 'ter@@', 'part', ',', 'S@@', 'hin@@', 'z@@', 'o', 'A@@', 'be', ',', 'in', 'T@@', 'ok@@', 'y@@', 'o', 'to', 'disc@@', 'uss', 'economic', 'and', 'security', 'ties', ',', 'on', 'his', 'first', 'major', 'fore@@', 'ign', 'visi@@', 't', 'since', 'w@@', 'inn@@', 'ing', 'Ma@@', 'y', '&apos;s', 'elec@@', 'tion', '.']
2026-05-11 22:15:12,113 - DEBUG - joeynmt.training - 	Tokenized hypothesis: ['Indi@@', 'a', '&apos;s', 'first', 'pri@@', 'me', 'minist@@', 'er', 'N@@', 'ar@@', 'end@@', 'ra', 'Mo@@', 'd@@', 'i', 'i', ',', 'in', 'his', 'first', 'important', 'ex@@', 'tern@@', 'al', 'ex@@', 'tern@@', 'al', 'ex@@', 'tern@@', 'al', 'of', 'the', 'J@@', 'ap@@', 'an', 'A@@', 'be', 'in', 'T@@', 'ok@@', 'ok@@', 'o', ',', 'in', 'the', 'Ma@@', 'y', 'of', 'his', 'J@@', 'ap@@', 'an', ',', 'in', 'T@@', 'ok@@', 'o', ',', 'to', 'economic', 'and', 'security', 'political', 'rel@@', 'ations', '.', '</s>']
2026-05-11 22:15:12,113 - INFO - joeynmt.training - 	Source:     Indiens neuer Premierminister Narendra Modi trifft bei seinem ersten wichtigen Auslandsbesuch seit seinem Wahlsieg im Mai seinen japanischen Amtskollegen Shinzo Abe in Toko , um wirtschaftliche und sicherheitspolitische Beziehungen zu besprechen .
2026-05-11 22:15:12,113 - INFO - joeynmt.training - 	Reference:  India &apos;s new prime minister , Narendra Modi , is meeting his Japanese counterpart , Shinzo Abe , in Tokyo to discuss economic and security ties , on his first major foreign visit since winning May &apos;s election .
2026-05-11 22:15:12,113 - INFO - joeynmt.training - 	Hypothesis: India &apos;s first prime minister Narendra Modi i , in his first important external external external of the Japan Abe in Tokoko , in the May of his Japan , in Toko , to economic and security political relations .
2026-05-11 22:15:12,113 - INFO - joeynmt.training - Example #2
2026-05-11 22:15:12,114 - DEBUG - joeynmt.training - 	Tokenized source:     ['Herr', 'Mo@@', 'd@@', 'i', 'befindet', 'sich', 'auf', 'einer', 'fü@@', 'n@@', 'f@@', 'tä@@', 'gi@@', 'gen', 'Rei@@', 'se', 'nach', 'J@@', 'ap@@', 'an', ',', 'um', 'die', 'wirtschaf@@', 'tlichen', 'Be@@', 'zieh@@', 'ungen', 'mit', 'der', 'd@@', 'rit@@', 't@@', 'größ@@', 'ten', 'Wirtschafts@@', 'n@@', 'ation', 'der', 'Welt', 'zu', 'fes@@', 'tigen', '.']
2026-05-11 22:15:12,114 - DEBUG - joeynmt.training - 	Tokenized reference:  ['Mr', 'Mo@@', 'd@@', 'i', 'is', 'on', 'a', 'fi@@', 've', '@@@', '-@@', '@', 'day', 'tri@@', 'p', 'to', 'J@@', 'ap@@', 'an', 'to', 'streng@@', 'then', 'economic', 'ties', 'with', 'the', 'third', 'lar@@', 'ges@@', 't', 'econom@@', 'y', 'in', 'the', 'world', '.']
2026-05-11 22:15:12,114 - DEBUG - joeynmt.training - 	Tokenized hypothesis: ['Mr', 'Mo@@', 'd@@', 'i', 'is', 'on', 'a', 'fi@@', 'f@@', 'ty', 'of', 'fi@@', 'f@@', 'ty', ',', 'to', 'J@@', 'ap@@', 'an', ',', 'to', 're@@', 'ach', 'the', 'economic', 'rel@@', 'ations', 'with', 'the', 'third', 'lar@@', 'ges@@', 't', 'economic', 'rel@@', 'ations', 'with', 'the', 'third', 'lar@@', 'ges@@', 't', 'economic', 'rel@@', 'ations', 'with', 'the', 'world', '.', '</s>']
2026-05-11 22:15:12,114 - INFO - joeynmt.training - 	Source:     Herr Modi befindet sich auf einer fünftägigen Reise nach Japan , um die wirtschaftlichen Beziehungen mit der drittgrößten Wirtschaftsnation der Welt zu festigen .
2026-05-11 22:15:12,114 - INFO - joeynmt.training - 	Reference:  Mr Modi is on a five @-@ day trip to Japan to strengthen economic ties with the third largest economy in the world .
2026-05-11 22:15:12,114 - INFO - joeynmt.training - 	Hypothesis: Mr Modi is on a fifty of fifty , to Japan , to reach the economic relations with the third largest economic relations with the third largest economic relations with the world .
2026-05-11 22:15:12,114 - INFO - joeynmt.training - Example #3
2026-05-11 22:15:12,114 - DEBUG - joeynmt.training - 	Tokenized source:     ['P@@', 'län@@', 'e', 'für', 'eine', 'stärk@@', 'ere', 'k@@', 'ern@@', 'techn@@', 'ische', 'Zusammenarbeit', 'stehen', 'ganz', 'ob@@', 'en', 'auf', 'der', 'Tag@@', 'es@@', 'ordnung', '.']
2026-05-11 22:15:12,114 - DEBUG - joeynmt.training - 	Tokenized reference:  ['high', 'on', 'the', 'agen@@', 'da', 'are', 'pl@@', 'ans', 'for', 'gre@@', 'ater', 'nu@@', 'clear', 'c@@', 'o', '@@@', '-@@', '@', 'operation', '.']
2026-05-11 22:15:12,114 - DEBUG - joeynmt.training - 	Tokenized hypothesis: ['pl@@', 'ans', 'for', 'more', 'nu@@', 'clear', 'techn@@', 'ical', 'cooperation', 'are', 'all', 'ob@@', 'vi@@', 'ously', 'on', 'the', 'agen@@', 'da', '.', '</s>']
2026-05-11 22:15:12,114 - INFO - joeynmt.training - 	Source:     Pläne für eine stärkere kerntechnische Zusammenarbeit stehen ganz oben auf der Tagesordnung .
2026-05-11 22:15:12,115 - INFO - joeynmt.training - 	Reference:  high on the agenda are plans for greater nuclear co @-@ operation .
2026-05-11 22:15:12,115 - INFO - joeynmt.training - 	Hypothesis: plans for more nuclear technical cooperation are all obviously on the agenda .
2026-05-11 22:15:12,115 - INFO - joeynmt.training - Example #4
2026-05-11 22:15:12,115 - DEBUG - joeynmt.training - 	Tokenized source:     ['Berich@@', 'ten', 'zu@@', 'fol@@', 'ge', 'ho@@', 'fft', 'Indi@@', 'en', 'darüber', 'hinaus', 'auf', 'einen', 'Ver@@', 'trag', 'zur', 'Ver@@', 'tei@@', 'dig@@', 'ungs@@', 'zusammen@@', 'arbeit', 'zwischen', 'den', 'beiden', 'N@@', 'ationen', '.']
2026-05-11 22:15:12,115 - DEBUG - joeynmt.training - 	Tokenized reference:  ['Indi@@', 'a', 'is', 'also', 're@@', 'porte@@', 'dly', 'hop@@', 'ing', 'for', 'a', 'de@@', 'al', 'on', 'def@@', 'ence', 'c@@', 'oll@@', 'ab@@', 'or@@', 'ation', 'between', 'the', 'two', 'n@@', 'ations', '.']
2026-05-11 22:15:12,115 - DEBUG - joeynmt.training - 	Tokenized hypothesis: ['mo@@', 're@@', 'ports', ',', 'Indi@@', 'a', 'is', 'also', 'a', 'con@@', 'tra@@', 'ct', 'on', 'a', 'con@@', 'tra@@', 'ct', 'cooperation', 'between', 'the', 'two', 'n@@', 'ations', '.', '</s>']
2026-05-11 22:15:12,115 - INFO - joeynmt.training - 	Source:     Berichten zufolge hofft Indien darüber hinaus auf einen Vertrag zur Verteidigungszusammenarbeit zwischen den beiden Nationen .
2026-05-11 22:15:12,115 - INFO - joeynmt.training - 	Reference:  India is also reportedly hoping for a deal on defence collaboration between the two nations .
2026-05-11 22:15:12,115 - INFO - joeynmt.training - 	Hypothesis: moreports , India is also a contract on a contract cooperation between the two nations .
2026-05-11 22:15:44,999 - INFO - joeynmt.training - Epoch  10, Step:    40100, Batch Loss:     1.705725, Batch Acc: 0.544551, Tokens per Sec:     2762, Lr: 0.000300
2026-05-11 22:16:15,106 - INFO - joeynmt.training - Epoch  10, Step:    40200, Batch Loss:     1.715802, Batch Acc: 0.542336, Tokens per Sec:     3040, Lr: 0.000300
2026-05-11 22:16:44,101 - INFO - joeynmt.training - Epoch  10, Step:    40300, Batch Loss:     1.549051, Batch Acc: 0.547154, Tokens per Sec:     3164, Lr: 0.000300
2026-05-11 22:17:11,290 - INFO - joeynmt.training - Epoch  10, Step:    40400, Batch Loss:     1.681714, Batch Acc: 0.552458, Tokens per Sec:     3391, Lr: 0.000300
2026-05-11 22:17:39,078 - INFO - joeynmt.training - Epoch  10, Step:    40500, Batch Loss:     1.631654, Batch Acc: 0.543636, Tokens per Sec:     3351, Lr: 0.000300
2026-05-11 22:17:39,079 - INFO - joeynmt.prediction - Predicting 500 example(s)... (Greedy decoding with min_output_length=1, max_output_length=-1, return_prob='none', generate_unk=True, repetition_penalty=-1, no_repeat_ngram_size=-1)
2026-05-11 22:18:30,638 - INFO - joeynmt.prediction - Evaluation result (greedy) loss:   2.07, ppl:   7.91, acc:   0.47, generation: 51.5512[sec], evaluation: 0.0000[sec]
2026-05-11 22:18:30,808 - INFO - joeynmt.helpers - delete models/deen_transformer_pre/39000.ckpt
2026-05-11 22:18:30,815 - INFO - joeynmt.training - Example #0
2026-05-11 22:18:30,815 - DEBUG - joeynmt.training - 	Tokenized source:     ['die', 'Pre@@', 'mi@@', 'er@@', 'minist@@', 'er', 'Indi@@', 'ens', 'und', 'J@@', 'ap@@', 'ans', 'tra@@', 'fen', 'sich', 'in', 'T@@', 'ok@@', 'i@@', 'o', '.']
2026-05-11 22:18:30,815 - DEBUG - joeynmt.training - 	Tokenized reference:  ['Indi@@', 'a', 'and', 'J@@', 'ap@@', 'an', 'pri@@', 'me', 'minist@@', 'ers', 'me@@', 'et', 'in', 'T@@', 'ok@@', 'y@@', 'o']
2026-05-11 22:18:30,815 - DEBUG - joeynmt.training - 	Tokenized hypothesis: ['Pri@@', 'me', 'Minist@@', 'er', 'Indi@@', 'a', 'and', 'J@@', 'ap@@', 'an', 'Indi@@', 'a', 'and', 'J@@', 'ap@@', 'an', '&apos;s', 'tra@@', 'ining', 'in', 'T@@', 'ok@@', 'i@@', 'o', '.', '</s>']
2026-05-11 22:18:30,815 - INFO - joeynmt.training - 	Source:     die Premierminister Indiens und Japans trafen sich in Tokio .
2026-05-11 22:18:30,815 - INFO - joeynmt.training - 	Reference:  India and Japan prime ministers meet in Tokyo
2026-05-11 22:18:30,815 - INFO - joeynmt.training - 	Hypothesis: Prime Minister India and Japan India and Japan &apos;s training in Tokio .
2026-05-11 22:18:30,815 - INFO - joeynmt.training - Example #1
2026-05-11 22:18:30,816 - DEBUG - joeynmt.training - 	Tokenized source:     ['Indi@@', 'ens', 'neu@@', 'er', 'Pre@@', 'mi@@', 'er@@', 'minist@@', 'er', 'N@@', 'ar@@', 'end@@', 'ra', 'Mo@@', 'd@@', 'i', 'tri@@', 'fft', 'bei', 's@@', 'einem', 'ersten', 'wichti@@', 'gen', 'Aus@@', 'land@@', 's@@', 'bes@@', 'u@@', 'ch', 'seit', 's@@', 'einem', 'W@@', 'ah@@', 'l@@', 'si@@', 'e@@', 'g', 'im', 'Ma@@', 'i', 'seinen', 'j@@', 'ap@@', 'an@@', 'ischen', 'Am@@', 'ts@@', 'k@@', 'olle@@', 'gen', 'S@@', 'hin@@', 'z@@', 'o', 'A@@', 'be', 'in', 'T@@', 'ok@@', 'o', ',', 'um', 'wirtschaf@@', 'tliche', 'und', 'sicher@@', 'heits@@', 'politische', 'Be@@', 'zieh@@', 'ungen', 'zu', 'bes@@', 'pre@@', 'chen', '.']
2026-05-11 22:18:30,816 - DEBUG - joeynmt.training - 	Tokenized reference:  ['Indi@@', 'a', '&apos;s', 'new', 'pri@@', 'me', 'minist@@', 'er', ',', 'N@@', 'ar@@', 'end@@', 'ra', 'Mo@@', 'd@@', 'i', ',', 'is', 'me@@', 'eting', 'his', 'J@@', 'ap@@', 'an@@', 'ese', 'coun@@', 'ter@@', 'part', ',', 'S@@', 'hin@@', 'z@@', 'o', 'A@@', 'be', ',', 'in', 'T@@', 'ok@@', 'y@@', 'o', 'to', 'disc@@', 'uss', 'economic', 'and', 'security', 'ties', ',', 'on', 'his', 'first', 'major', 'fore@@', 'ign', 'visi@@', 't', 'since', 'w@@', 'inn@@', 'ing', 'Ma@@', 'y', '&apos;s', 'elec@@', 'tion', '.']
2026-05-11 22:18:30,816 - DEBUG - joeynmt.training - 	Tokenized hypothesis: ['Indi@@', 'a', '&apos;s', 'new', 'Pri@@', 'me', 'Minist@@', 'er', 'N@@', 'ar@@', 'end@@', 'ra', 'Mo@@', 'd@@', 'i', ',', 'in', 'his', 'first', 'important', 'fore@@', 'ign', 'and', 'for', 'his', 'first', 'important', 'fore@@', 'ign', 'visi@@', 'tors', ',', 'since', 'his', 'elec@@', 'tion', ',', 'in', 'Ma@@', 'y', 'its', 'J@@', 'ap@@', 'an@@', 'ese', 'off@@', 'ic@@', 'ers', 'S@@', 'hin@@', 'z@@', 'o', 'A@@', 'be', 'in', 'T@@', 'ok@@', 'o', 'to', 'economic', 'and', 'saf@@', 'ety', '.', '</s>']
2026-05-11 22:18:30,816 - INFO - joeynmt.training - 	Source:     Indiens neuer Premierminister Narendra Modi trifft bei seinem ersten wichtigen Auslandsbesuch seit seinem Wahlsieg im Mai seinen japanischen Amtskollegen Shinzo Abe in Toko , um wirtschaftliche und sicherheitspolitische Beziehungen zu besprechen .
2026-05-11 22:18:30,816 - INFO - joeynmt.training - 	Reference:  India &apos;s new prime minister , Narendra Modi , is meeting his Japanese counterpart , Shinzo Abe , in Tokyo to discuss economic and security ties , on his first major foreign visit since winning May &apos;s election .
2026-05-11 22:18:30,816 - INFO - joeynmt.training - 	Hypothesis: India &apos;s new Prime Minister Narendra Modi , in his first important foreign and for his first important foreign visitors , since his election , in May its Japanese officers Shinzo Abe in Toko to economic and safety .
2026-05-11 22:18:30,816 - INFO - joeynmt.training - Example #2
2026-05-11 22:18:30,816 - DEBUG - joeynmt.training - 	Tokenized source:     ['Herr', 'Mo@@', 'd@@', 'i', 'befindet', 'sich', 'auf', 'einer', 'fü@@', 'n@@', 'f@@', 'tä@@', 'gi@@', 'gen', 'Rei@@', 'se', 'nach', 'J@@', 'ap@@', 'an', ',', 'um', 'die', 'wirtschaf@@', 'tlichen', 'Be@@', 'zieh@@', 'ungen', 'mit', 'der', 'd@@', 'rit@@', 't@@', 'größ@@', 'ten', 'Wirtschafts@@', 'n@@', 'ation', 'der', 'Welt', 'zu', 'fes@@', 'tigen', '.']
2026-05-11 22:18:30,816 - DEBUG - joeynmt.training - 	Tokenized reference:  ['Mr', 'Mo@@', 'd@@', 'i', 'is', 'on', 'a', 'fi@@', 've', '@@@', '-@@', '@', 'day', 'tri@@', 'p', 'to', 'J@@', 'ap@@', 'an', 'to', 'streng@@', 'then', 'economic', 'ties', 'with', 'the', 'third', 'lar@@', 'ges@@', 't', 'econom@@', 'y', 'in', 'the', 'world', '.']
2026-05-11 22:18:30,816 - DEBUG - joeynmt.training - 	Tokenized hypothesis: ['Mr', 'Mo@@', 'd@@', 'i', 'is', 'located', 'on', 'a', 'fi@@', 'f@@', '-@@', 'day', 'tra@@', 'v@@', 'el', 'to', 'J@@', 'ap@@', 'an', ',', 'to', 'J@@', 'ap@@', 'an', ',', 'to', 'the', 'economic', 'rel@@', 'ation@@', 'ship', 'with', 'the', 'third', 'lar@@', 'ges@@', 't', 'economic', 'rel@@', 'ations', 'with', 'the', 'third', 'lar@@', 'ges@@', 't', 'economic', 'rel@@', 'ations', 'with', 'the', 'third', 'lar@@', 'ges@@', 't', 'economic', 'rel@@', 'ations', 'with', 'the', 'third', 'lar@@', 'ges@@', 't', 'economic', 'rel@@', 'ations', 'with', 'the', 'third', 'lar@@', 'ges@@', 't', 'economic', 'rel@@', 'ations', 'with', 'the', 'third', 'b@@', 'ig@@', 'ges@@', 't', 'of', 'the', 'world', '.', '</s>']
2026-05-11 22:18:30,816 - INFO - joeynmt.training - 	Source:     Herr Modi befindet sich auf einer fünftägigen Reise nach Japan , um die wirtschaftlichen Beziehungen mit der drittgrößten Wirtschaftsnation der Welt zu festigen .
2026-05-11 22:18:30,816 - INFO - joeynmt.training - 	Reference:  Mr Modi is on a five @-@ day trip to Japan to strengthen economic ties with the third largest economy in the world .
2026-05-11 22:18:30,816 - INFO - joeynmt.training - 	Hypothesis: Mr Modi is located on a fif-day travel to Japan , to Japan , to the economic relationship with the third largest economic relations with the third largest economic relations with the third largest economic relations with the third largest economic relations with the third largest economic relations with the third biggest of the world .
2026-05-11 22:18:30,817 - INFO - joeynmt.training - Example #3
2026-05-11 22:18:30,817 - DEBUG - joeynmt.training - 	Tokenized source:     ['P@@', 'län@@', 'e', 'für', 'eine', 'stärk@@', 'ere', 'k@@', 'ern@@', 'techn@@', 'ische', 'Zusammenarbeit', 'stehen', 'ganz', 'ob@@', 'en', 'auf', 'der', 'Tag@@', 'es@@', 'ordnung', '.']
2026-05-11 22:18:30,817 - DEBUG - joeynmt.training - 	Tokenized reference:  ['high', 'on', 'the', 'agen@@', 'da', 'are', 'pl@@', 'ans', 'for', 'gre@@', 'ater', 'nu@@', 'clear', 'c@@', 'o', '@@@', '-@@', '@', 'operation', '.']
2026-05-11 22:18:30,817 - DEBUG - joeynmt.training - 	Tokenized hypothesis: ['pl@@', 'ans', 'for', 'more', 'more', 'nu@@', 'clear', 'techn@@', 'ical', 'cooperation', 'are', 'very', 'ob@@', 'vi@@', 'ously', 'on', 'the', 'agen@@', 'da', '.', '</s>']
2026-05-11 22:18:30,817 - INFO - joeynmt.training - 	Source:     Pläne für eine stärkere kerntechnische Zusammenarbeit stehen ganz oben auf der Tagesordnung .
2026-05-11 22:18:30,817 - INFO - joeynmt.training - 	Reference:  high on the agenda are plans for greater nuclear co @-@ operation .
2026-05-11 22:18:30,817 - INFO - joeynmt.training - 	Hypothesis: plans for more more nuclear technical cooperation are very obviously on the agenda .
2026-05-11 22:18:30,817 - INFO - joeynmt.training - Example #4
2026-05-11 22:18:30,817 - DEBUG - joeynmt.training - 	Tokenized source:     ['Berich@@', 'ten', 'zu@@', 'fol@@', 'ge', 'ho@@', 'fft', 'Indi@@', 'en', 'darüber', 'hinaus', 'auf', 'einen', 'Ver@@', 'trag', 'zur', 'Ver@@', 'tei@@', 'dig@@', 'ungs@@', 'zusammen@@', 'arbeit', 'zwischen', 'den', 'beiden', 'N@@', 'ationen', '.']
2026-05-11 22:18:30,817 - DEBUG - joeynmt.training - 	Tokenized reference:  ['Indi@@', 'a', 'is', 'also', 're@@', 'porte@@', 'dly', 'hop@@', 'ing', 'for', 'a', 'de@@', 'al', 'on', 'def@@', 'ence', 'c@@', 'oll@@', 'ab@@', 'or@@', 'ation', 'between', 'the', 'two', 'n@@', 'ations', '.']
2026-05-11 22:18:30,817 - DEBUG - joeynmt.training - 	Tokenized hypothesis: ['it', 'is', 'also', 'the', 'fact', 'that', 'Indi@@', 'a', 'is', 'the', 'fact', 'that', 'it', 'is', 'a', 'Tre@@', 'aty', 'on', 'the', 'con@@', 'tra@@', 'ct', 'cooperation', 'between', 'the', 'two', 'n@@', 'ations', '.', '</s>']
2026-05-11 22:18:30,817 - INFO - joeynmt.training - 	Source:     Berichten zufolge hofft Indien darüber hinaus auf einen Vertrag zur Verteidigungszusammenarbeit zwischen den beiden Nationen .
2026-05-11 22:18:30,817 - INFO - joeynmt.training - 	Reference:  India is also reportedly hoping for a deal on defence collaboration between the two nations .
2026-05-11 22:18:30,817 - INFO - joeynmt.training - 	Hypothesis: it is also the fact that India is the fact that it is a Treaty on the contract cooperation between the two nations .
2026-05-11 22:18:58,450 - INFO - joeynmt.training - Epoch  10, Step:    40600, Batch Loss:     1.496211, Batch Acc: 0.553405, Tokens per Sec:     3297, Lr: 0.000300
2026-05-11 22:19:17,334 - INFO - joeynmt.training - Epoch  10: total training loss 6685.45
2026-05-11 22:19:17,335 - INFO - joeynmt.training - Training ended after  10 epochs.
2026-05-11 22:19:17,335 - INFO - joeynmt.training - Best validation result (greedy) at step    40000:   7.89 ppl.
2026-05-11 22:19:17,377 - INFO - joeynmt.model - Building an encoder-decoder model...
2026-05-11 22:19:17,449 - INFO - joeynmt.model - Enc-dec model built.
2026-05-11 22:19:17,500 - INFO - joeynmt.helpers - Load model from /Users/jill/Desktop/Jill/Studium/FS_26/Machine_translation/mt-exercise-03/models/deen_transformer_pre/40000.ckpt.
2026-05-11 22:19:17,511 - INFO - joeynmt.prediction - Model(
	encoder=TransformerEncoder(num_layers=4, num_heads=2, alpha=1.0, layer_norm="pre", activation=ReLU()),
	decoder=TransformerDecoder(num_layers=1, num_heads=2, alpha=1.0, layer_norm="pre", activation=ReLU()),
	src_embed=Embeddings(embedding_dim=256, vocab_size=4117),
	trg_embed=Embeddings(embedding_dim=256, vocab_size=4117),
	loss_function=None)
2026-05-11 22:19:17,519 - INFO - joeynmt.prediction - Decoding on dev set...
2026-05-11 22:19:17,519 - INFO - joeynmt.prediction - Predicting 500 example(s)... (Beam search with beam_size=5, beam_alpha=1.0, n_best=1, min_output_length=1, max_output_length=-1, return_prob='none', generate_unk=True, repetition_penalty=-1, no_repeat_ngram_size=-1)
2026-05-11 22:20:44,698 - INFO - joeynmt.prediction - Evaluation result (beam search) , generation: 87.1709[sec], evaluation: 0.0000[sec]
2026-05-11 22:20:44,703 - INFO - joeynmt.prediction - Translations saved to: /Users/jill/Desktop/Jill/Studium/FS_26/Machine_translation/mt-exercise-03/models/deen_transformer_pre/00040000.hyps.dev.
2026-05-11 22:20:44,703 - INFO - joeynmt.prediction - Decoding on test set...
2026-05-11 22:20:44,703 - INFO - joeynmt.prediction - Predicting 2999 example(s)... (Beam search with beam_size=5, beam_alpha=1.0, n_best=1, min_output_length=1, max_output_length=-1, return_prob='none', generate_unk=True, repetition_penalty=-1, no_repeat_ngram_size=-1)
2026-05-11 22:29:29,931 - INFO - joeynmt.prediction - Evaluation result (beam search) , generation: 525.1826[sec], evaluation: 0.0000[sec]
2026-05-11 22:29:29,936 - INFO - joeynmt.prediction - Translations saved to: /Users/jill/Desktop/Jill/Studium/FS_26/Machine_translation/mt-exercise-03/models/deen_transformer_pre/00040000.hyps.test.
