2026-05-11 22:46:58,362 - INFO - root - Hello! This is Joey-NMT (version 2.2.0).
2026-05-11 22:46:58,363 - INFO - joeynmt.helpers -                           cfg.name : deen_transformer_post
2026-05-11 22:46:58,363 - INFO - joeynmt.helpers -                cfg.joeynmt_version : 2.0.0
2026-05-11 22:46:58,363 - INFO - joeynmt.helpers -                     cfg.data.train : data/train
2026-05-11 22:46:58,363 - INFO - joeynmt.helpers -                       cfg.data.dev : data/dev
2026-05-11 22:46:58,363 - INFO - joeynmt.helpers -                      cfg.data.test : data/test
2026-05-11 22:46:58,363 - INFO - joeynmt.helpers -              cfg.data.dataset_type : plain
2026-05-11 22:46:58,363 - INFO - joeynmt.helpers -                  cfg.data.src.lang : de
2026-05-11 22:46:58,363 - INFO - joeynmt.helpers -             cfg.data.src.lowercase : False
2026-05-11 22:46:58,363 - INFO - joeynmt.helpers -                 cfg.data.src.level : bpe
2026-05-11 22:46:58,363 - INFO - joeynmt.helpers -             cfg.data.src.voc_limit : 32000
2026-05-11 22:46:58,363 - INFO - joeynmt.helpers -          cfg.data.src.voc_min_freq : 1
2026-05-11 22:46:58,363 - INFO - joeynmt.helpers -            cfg.data.src.max_length : 100
2026-05-11 22:46:58,363 - INFO - joeynmt.helpers -              cfg.data.src.voc_file : shared_models/joint-vocab.txt
2026-05-11 22:46:58,363 - INFO - joeynmt.helpers -        cfg.data.src.tokenizer_type : subword-nmt
2026-05-11 22:46:58,363 - INFO - joeynmt.helpers - cfg.data.src.tokenizer_cfg.pretokenizer : none
2026-05-11 22:46:58,363 - INFO - joeynmt.helpers - cfg.data.src.tokenizer_cfg.num_merges : 3200
2026-05-11 22:46:58,363 - INFO - joeynmt.helpers -   cfg.data.src.tokenizer_cfg.codes : data/codes3200.bpe
2026-05-11 22:46:58,363 - INFO - joeynmt.helpers -                  cfg.data.trg.lang : en
2026-05-11 22:46:58,363 - INFO - joeynmt.helpers -             cfg.data.trg.lowercase : False
2026-05-11 22:46:58,363 - INFO - joeynmt.helpers -                 cfg.data.trg.level : bpe
2026-05-11 22:46:58,363 - INFO - joeynmt.helpers -             cfg.data.trg.voc_limit : 32000
2026-05-11 22:46:58,363 - INFO - joeynmt.helpers -          cfg.data.trg.voc_min_freq : 1
2026-05-11 22:46:58,363 - INFO - joeynmt.helpers -            cfg.data.trg.max_length : 100
2026-05-11 22:46:58,363 - INFO - joeynmt.helpers -              cfg.data.trg.voc_file : shared_models/joint-vocab.txt
2026-05-11 22:46:58,363 - INFO - joeynmt.helpers -        cfg.data.trg.tokenizer_type : subword-nmt
2026-05-11 22:46:58,363 - INFO - joeynmt.helpers - cfg.data.trg.tokenizer_cfg.pretokenizer : none
2026-05-11 22:46:58,364 - INFO - joeynmt.helpers - cfg.data.trg.tokenizer_cfg.num_merges : 3200
2026-05-11 22:46:58,364 - INFO - joeynmt.helpers -   cfg.data.trg.tokenizer_cfg.codes : data/codes3200.bpe
2026-05-11 22:46:58,364 - INFO - joeynmt.helpers -              cfg.testing.beam_size : 5
2026-05-11 22:46:58,364 - INFO - joeynmt.helpers -             cfg.testing.beam_alpha : 1.0
2026-05-11 22:46:58,364 - INFO - joeynmt.helpers -           cfg.training.random_seed : 42
2026-05-11 22:46:58,364 - INFO - joeynmt.helpers -             cfg.training.optimizer : adam
2026-05-11 22:46:58,364 - INFO - joeynmt.helpers -         cfg.training.normalization : tokens
2026-05-11 22:46:58,364 - INFO - joeynmt.helpers -         cfg.training.learning_rate : 0.0003
2026-05-11 22:46:58,364 - INFO - joeynmt.helpers -            cfg.training.batch_size : 2048
2026-05-11 22:46:58,364 - INFO - joeynmt.helpers -            cfg.training.batch_type : token
2026-05-11 22:46:58,364 - INFO - joeynmt.helpers -       cfg.training.eval_batch_size : 1024
2026-05-11 22:46:58,364 - INFO - joeynmt.helpers -       cfg.training.eval_batch_type : token
2026-05-11 22:46:58,364 - INFO - joeynmt.helpers -            cfg.training.scheduling : plateau
2026-05-11 22:46:58,364 - INFO - joeynmt.helpers -              cfg.training.patience : 8
2026-05-11 22:46:58,364 - INFO - joeynmt.helpers -          cfg.training.weight_decay : 0.0
2026-05-11 22:46:58,364 - INFO - joeynmt.helpers -       cfg.training.decrease_factor : 0.7
2026-05-11 22:46:58,364 - INFO - joeynmt.helpers - cfg.training.early_stopping_metric : ppl
2026-05-11 22:46:58,364 - INFO - joeynmt.helpers -                cfg.training.epochs : 10
2026-05-11 22:46:58,364 - INFO - joeynmt.helpers -       cfg.training.validation_freq : 500
2026-05-11 22:46:58,364 - INFO - joeynmt.helpers -          cfg.training.logging_freq : 100
2026-05-11 22:46:58,364 - INFO - joeynmt.helpers -           cfg.training.eval_metric : ['bleu']
2026-05-11 22:46:58,364 - INFO - joeynmt.helpers -             cfg.training.model_dir : models/deen_transformer_post
2026-05-11 22:46:58,364 - INFO - joeynmt.helpers -             cfg.training.overwrite : False
2026-05-11 22:46:58,364 - INFO - joeynmt.helpers -               cfg.training.shuffle : True
2026-05-11 22:46:58,364 - INFO - joeynmt.helpers -              cfg.training.use_cuda : False
2026-05-11 22:46:58,364 - INFO - joeynmt.helpers -     cfg.training.max_output_length : 100
2026-05-11 22:46:58,364 - INFO - joeynmt.helpers -     cfg.training.print_valid_sents : [0, 1, 2, 3, 4]
2026-05-11 22:46:58,364 - INFO - joeynmt.helpers -       cfg.training.label_smoothing : 0.3
2026-05-11 22:46:58,364 - INFO - joeynmt.helpers -              cfg.model.initializer : xavier_uniform
2026-05-11 22:46:58,364 - INFO - joeynmt.helpers -         cfg.model.bias_initializer : zeros
2026-05-11 22:46:58,364 - INFO - joeynmt.helpers -                cfg.model.init_gain : 1.0
2026-05-11 22:46:58,365 - INFO - joeynmt.helpers -        cfg.model.embed_initializer : xavier_uniform
2026-05-11 22:46:58,365 - INFO - joeynmt.helpers -          cfg.model.embed_init_gain : 1.0
2026-05-11 22:46:58,365 - INFO - joeynmt.helpers -          cfg.model.tied_embeddings : True
2026-05-11 22:46:58,365 - INFO - joeynmt.helpers -             cfg.model.tied_softmax : True
2026-05-11 22:46:58,365 - INFO - joeynmt.helpers -             cfg.model.encoder.type : transformer
2026-05-11 22:46:58,365 - INFO - joeynmt.helpers -       cfg.model.encoder.num_layers : 4
2026-05-11 22:46:58,365 - INFO - joeynmt.helpers -        cfg.model.encoder.num_heads : 2
2026-05-11 22:46:58,365 - INFO - joeynmt.helpers -       cfg.model.encoder.layer_norm : post
2026-05-11 22:46:58,365 - INFO - joeynmt.helpers - cfg.model.encoder.embeddings.embedding_dim : 256
2026-05-11 22:46:58,365 - INFO - joeynmt.helpers - cfg.model.encoder.embeddings.scale : True
2026-05-11 22:46:58,365 - INFO - joeynmt.helpers - cfg.model.encoder.embeddings.dropout : 0
2026-05-11 22:46:58,365 - INFO - joeynmt.helpers -      cfg.model.encoder.hidden_size : 256
2026-05-11 22:46:58,365 - INFO - joeynmt.helpers -          cfg.model.encoder.ff_size : 512
2026-05-11 22:46:58,365 - INFO - joeynmt.helpers -          cfg.model.encoder.dropout : 0
2026-05-11 22:46:58,365 - INFO - joeynmt.helpers -             cfg.model.decoder.type : transformer
2026-05-11 22:46:58,365 - INFO - joeynmt.helpers -       cfg.model.decoder.num_layers : 1
2026-05-11 22:46:58,365 - INFO - joeynmt.helpers -        cfg.model.decoder.num_heads : 2
2026-05-11 22:46:58,365 - INFO - joeynmt.helpers -       cfg.model.decoder.layer_norm : post
2026-05-11 22:46:58,365 - INFO - joeynmt.helpers - cfg.model.decoder.embeddings.embedding_dim : 256
2026-05-11 22:46:58,365 - INFO - joeynmt.helpers - cfg.model.decoder.embeddings.scale : True
2026-05-11 22:46:58,365 - INFO - joeynmt.helpers - cfg.model.decoder.embeddings.dropout : 0
2026-05-11 22:46:58,365 - INFO - joeynmt.helpers -      cfg.model.decoder.hidden_size : 256
2026-05-11 22:46:58,365 - INFO - joeynmt.helpers -          cfg.model.decoder.ff_size : 512
2026-05-11 22:46:58,365 - INFO - joeynmt.helpers -          cfg.model.decoder.dropout : 0
2026-05-11 22:46:58,382 - INFO - joeynmt.data - Building tokenizer...
2026-05-11 22:46:58,412 - INFO - joeynmt.tokenizers - de tokenizer: SubwordNMTTokenizer(level=bpe, lowercase=False, normalize=False, filter_by_length=(-1, 100), pretokenizer=none, tokenizer=BPE, separator=@@, dropout=0.0)
2026-05-11 22:46:58,412 - INFO - joeynmt.tokenizers - en tokenizer: SubwordNMTTokenizer(level=bpe, lowercase=False, normalize=False, filter_by_length=(-1, 100), pretokenizer=none, tokenizer=BPE, separator=@@, dropout=0.0)
2026-05-11 22:46:58,412 - INFO - joeynmt.data - Loading train set...
2026-05-11 22:46:58,723 - INFO - joeynmt.data - Building vocabulary...
2026-05-11 22:46:58,915 - INFO - joeynmt.data - Loading dev set...
2026-05-11 22:46:58,931 - INFO - joeynmt.data - Loading test set...
2026-05-11 22:46:58,966 - INFO - joeynmt.data - Data loaded.
2026-05-11 22:46:58,966 - INFO - joeynmt.data - Train dataset: PlaintextDataset(split=train, len=100000, src_lang=de, trg_lang=en, has_trg=True, random_subset=-1)
2026-05-11 22:46:58,967 - INFO - joeynmt.data - Valid dataset: PlaintextDataset(split=dev, len=500, src_lang=de, trg_lang=en, has_trg=True, random_subset=-1)
2026-05-11 22:46:58,967 - INFO - joeynmt.data -  Test dataset: PlaintextDataset(split=test, len=2999, src_lang=de, trg_lang=en, has_trg=True, random_subset=-1)
2026-05-11 22:46:58,968 - INFO - joeynmt.data - First training example:
	[SRC] gem@@ ä@@ ß der vom Europäischen Parlament und von der gesam@@ ten Europäischen Union n@@ un@@ mehr ständi@@ g ver@@ tre@@ ten@@ en Lin@@ ie möchte ich Sie jedoch bit@@ ten , den gan@@ zen Ein@@ f@@ lu@@ ß Ih@@ res Am@@ tes und der Institu@@ tion , die Sie ver@@ treten , bei dem Prä@@ sident@@ schaf@@ ts@@ kan@@ di@@ d@@ aten und G@@ ou@@ ver@@ ne@@ ur von Tex@@ as , Ge@@ or@@ ge W@@ . B@@ us@@ h , der zur Aus@@ setzung der V@@ oll@@ stre@@ ck@@ ung des To@@ des@@ ur@@ teil@@ s und zur Be@@ gn@@ a@@ di@@ gung des Ver@@ ur@@ teil@@ ten be@@ fu@@ gt ist , gel@@ ten@@ d zu machen .
	[TRG] however , I would ask you , in acc@@ ord@@ ance with the line which is now con@@ st@@ ant@@ ly fol@@ low@@ ed by the European Parliament and by the whole of the European Community , to make represent@@ ations , using the wei@@ ght of your pres@@ ti@@ gi@@ ous off@@ ice and the institu@@ tion you re@@ present , to the President and to the Go@@ vern@@ or of Tex@@ as , Mr B@@ us@@ h , who has the power to order a stay of ex@@ ec@@ ution and to re@@ pri@@ e@@ ve the con@@ dem@@ ned per@@ son .
2026-05-11 22:46:58,968 - INFO - joeynmt.data - First 10 Src tokens: (0) <unk> (1) <pad> (2) <s> (3) </s> (4) , (5) . (6) the (7) in (8) die (9) der
2026-05-11 22:46:58,968 - INFO - joeynmt.data - First 10 Trg tokens: (0) <unk> (1) <pad> (2) <s> (3) </s> (4) , (5) . (6) the (7) in (8) die (9) der
2026-05-11 22:46:58,969 - INFO - joeynmt.data - Number of unique Src tokens (vocab_size): 4117
2026-05-11 22:46:58,969 - INFO - joeynmt.data - Number of unique Trg tokens (vocab_size): 4117
2026-05-11 22:46:58,971 - INFO - joeynmt.model - Building an encoder-decoder model...
2026-05-11 22:46:59,046 - INFO - joeynmt.model - Enc-dec model built.
2026-05-11 22:46:59,048 - INFO - joeynmt.model - Total params: 3953152
2026-05-11 22:46:59,048 - DEBUG - joeynmt.model - Trainable parameters: ['decoder.layers.0.dec_layer_norm.bias', 'decoder.layers.0.dec_layer_norm.weight', 'decoder.layers.0.feed_forward.layer_norm.bias', 'decoder.layers.0.feed_forward.layer_norm.weight', 'decoder.layers.0.feed_forward.pwff_layer.0.bias', 'decoder.layers.0.feed_forward.pwff_layer.0.weight', 'decoder.layers.0.feed_forward.pwff_layer.3.bias', 'decoder.layers.0.feed_forward.pwff_layer.3.weight', 'decoder.layers.0.src_trg_att.k_layer.bias', 'decoder.layers.0.src_trg_att.k_layer.weight', 'decoder.layers.0.src_trg_att.output_layer.bias', 'decoder.layers.0.src_trg_att.output_layer.weight', 'decoder.layers.0.src_trg_att.q_layer.bias', 'decoder.layers.0.src_trg_att.q_layer.weight', 'decoder.layers.0.src_trg_att.v_layer.bias', 'decoder.layers.0.src_trg_att.v_layer.weight', 'decoder.layers.0.trg_trg_att.k_layer.bias', 'decoder.layers.0.trg_trg_att.k_layer.weight', 'decoder.layers.0.trg_trg_att.output_layer.bias', 'decoder.layers.0.trg_trg_att.output_layer.weight', 'decoder.layers.0.trg_trg_att.q_layer.bias', 'decoder.layers.0.trg_trg_att.q_layer.weight', 'decoder.layers.0.trg_trg_att.v_layer.bias', 'decoder.layers.0.trg_trg_att.v_layer.weight', 'decoder.layers.0.x_layer_norm.bias', 'decoder.layers.0.x_layer_norm.weight', 'encoder.layers.0.feed_forward.layer_norm.bias', 'encoder.layers.0.feed_forward.layer_norm.weight', 'encoder.layers.0.feed_forward.pwff_layer.0.bias', 'encoder.layers.0.feed_forward.pwff_layer.0.weight', 'encoder.layers.0.feed_forward.pwff_layer.3.bias', 'encoder.layers.0.feed_forward.pwff_layer.3.weight', 'encoder.layers.0.layer_norm.bias', 'encoder.layers.0.layer_norm.weight', 'encoder.layers.0.src_src_att.k_layer.bias', 'encoder.layers.0.src_src_att.k_layer.weight', 'encoder.layers.0.src_src_att.output_layer.bias', 'encoder.layers.0.src_src_att.output_layer.weight', 'encoder.layers.0.src_src_att.q_layer.bias', 'encoder.layers.0.src_src_att.q_layer.weight', 'encoder.layers.0.src_src_att.v_layer.bias', 'encoder.layers.0.src_src_att.v_layer.weight', 'encoder.layers.1.feed_forward.layer_norm.bias', 'encoder.layers.1.feed_forward.layer_norm.weight', 'encoder.layers.1.feed_forward.pwff_layer.0.bias', 'encoder.layers.1.feed_forward.pwff_layer.0.weight', 'encoder.layers.1.feed_forward.pwff_layer.3.bias', 'encoder.layers.1.feed_forward.pwff_layer.3.weight', 'encoder.layers.1.layer_norm.bias', 'encoder.layers.1.layer_norm.weight', 'encoder.layers.1.src_src_att.k_layer.bias', 'encoder.layers.1.src_src_att.k_layer.weight', 'encoder.layers.1.src_src_att.output_layer.bias', 'encoder.layers.1.src_src_att.output_layer.weight', 'encoder.layers.1.src_src_att.q_layer.bias', 'encoder.layers.1.src_src_att.q_layer.weight', 'encoder.layers.1.src_src_att.v_layer.bias', 'encoder.layers.1.src_src_att.v_layer.weight', 'encoder.layers.2.feed_forward.layer_norm.bias', 'encoder.layers.2.feed_forward.layer_norm.weight', 'encoder.layers.2.feed_forward.pwff_layer.0.bias', 'encoder.layers.2.feed_forward.pwff_layer.0.weight', 'encoder.layers.2.feed_forward.pwff_layer.3.bias', 'encoder.layers.2.feed_forward.pwff_layer.3.weight', 'encoder.layers.2.layer_norm.bias', 'encoder.layers.2.layer_norm.weight', 'encoder.layers.2.src_src_att.k_layer.bias', 'encoder.layers.2.src_src_att.k_layer.weight', 'encoder.layers.2.src_src_att.output_layer.bias', 'encoder.layers.2.src_src_att.output_layer.weight', 'encoder.layers.2.src_src_att.q_layer.bias', 'encoder.layers.2.src_src_att.q_layer.weight', 'encoder.layers.2.src_src_att.v_layer.bias', 'encoder.layers.2.src_src_att.v_layer.weight', 'encoder.layers.3.feed_forward.layer_norm.bias', 'encoder.layers.3.feed_forward.layer_norm.weight', 'encoder.layers.3.feed_forward.pwff_layer.0.bias', 'encoder.layers.3.feed_forward.pwff_layer.0.weight', 'encoder.layers.3.feed_forward.pwff_layer.3.bias', 'encoder.layers.3.feed_forward.pwff_layer.3.weight', 'encoder.layers.3.layer_norm.bias', 'encoder.layers.3.layer_norm.weight', 'encoder.layers.3.src_src_att.k_layer.bias', 'encoder.layers.3.src_src_att.k_layer.weight', 'encoder.layers.3.src_src_att.output_layer.bias', 'encoder.layers.3.src_src_att.output_layer.weight', 'encoder.layers.3.src_src_att.q_layer.bias', 'encoder.layers.3.src_src_att.q_layer.weight', 'encoder.layers.3.src_src_att.v_layer.bias', 'encoder.layers.3.src_src_att.v_layer.weight', 'src_embed.lut.weight']
2026-05-11 22:46:59,048 - INFO - joeynmt.training - Model(
	encoder=TransformerEncoder(num_layers=4, num_heads=2, alpha=1.0, layer_norm="post", activation=ReLU()),
	decoder=TransformerDecoder(num_layers=1, num_heads=2, alpha=1.0, layer_norm="post", activation=ReLU()),
	src_embed=Embeddings(embedding_dim=256, vocab_size=4117),
	trg_embed=Embeddings(embedding_dim=256, vocab_size=4117),
	loss_function=XentLoss(criterion=KLDivLoss(), smoothing=0.3))
2026-05-11 22:46:59,049 - INFO - joeynmt.builders - Adam(lr=0.0003, weight_decay=0.0, betas=(0.9, 0.999))
2026-05-11 22:46:59,049 - INFO - joeynmt.builders - ReduceLROnPlateau(mode=min, verbose=False, threshold_mode=abs, eps=0.0, factor=0.7, patience=8)
2026-05-11 22:46:59,049 - INFO - joeynmt.training - Train stats:
	device: cpu
	n_gpu: 0
	16-bits training: False
	gradient accumulation: 1
	batch size per device: 2048
	effective batch size (w. parallel & accumulation): 2048
2026-05-11 22:46:59,049 - INFO - joeynmt.training - EPOCH 1
2026-05-11 22:47:26,505 - INFO - joeynmt.training - Epoch   1, Step:      100, Batch Loss:     4.233010, Batch Acc: 0.055867, Tokens per Sec:     3352, Lr: 0.000300
2026-05-11 22:47:54,843 - INFO - joeynmt.training - Epoch   1, Step:      200, Batch Loss:     4.031566, Batch Acc: 0.090192, Tokens per Sec:     3255, Lr: 0.000300
2026-05-11 22:48:20,308 - INFO - joeynmt.training - Epoch   1, Step:      300, Batch Loss:     3.762244, Batch Acc: 0.104952, Tokens per Sec:     3635, Lr: 0.000300
2026-05-11 22:48:46,993 - INFO - joeynmt.training - Epoch   1, Step:      400, Batch Loss:     3.683112, Batch Acc: 0.118219, Tokens per Sec:     3436, Lr: 0.000300
2026-05-11 22:49:16,911 - INFO - joeynmt.training - Epoch   1, Step:      500, Batch Loss:     3.510698, Batch Acc: 0.142785, Tokens per Sec:     3102, Lr: 0.000300
2026-05-11 22:49:16,912 - INFO - joeynmt.prediction - Predicting 500 example(s)... (Greedy decoding with min_output_length=1, max_output_length=-1, return_prob='none', generate_unk=True, repetition_penalty=-1, no_repeat_ngram_size=-1)
2026-05-11 22:49:38,167 - INFO - joeynmt.prediction - Evaluation result (greedy) loss:   3.73, ppl:  41.50, acc:   0.12, generation: 21.2474[sec], evaluation: 0.0000[sec]
2026-05-11 22:49:38,170 - INFO - joeynmt.training - Hooray! New best validation result [ppl]!
2026-05-11 22:49:38,344 - INFO - joeynmt.training - Example #0
2026-05-11 22:49:38,345 - DEBUG - joeynmt.training - 	Tokenized source:     ['die', 'Pre@@', 'mi@@', 'er@@', 'minist@@', 'er', 'Indi@@', 'ens', 'und', 'J@@', 'ap@@', 'ans', 'tra@@', 'fen', 'sich', 'in', 'T@@', 'ok@@', 'i@@', 'o', '.']
2026-05-11 22:49:38,345 - DEBUG - joeynmt.training - 	Tokenized reference:  ['Indi@@', 'a', 'and', 'J@@', 'ap@@', 'an', 'pri@@', 'me', 'minist@@', 'ers', 'me@@', 'et', 'in', 'T@@', 'ok@@', 'y@@', 'o']
2026-05-11 22:49:38,345 - DEBUG - joeynmt.training - 	Tokenized hypothesis: ['the', 'Commission', 'is', 'the', 'Commission', 'is', 'a', 'a', 'a', 'a', 'a', 'a', '.', '</s>']
2026-05-11 22:49:38,345 - INFO - joeynmt.training - 	Source:     die Premierminister Indiens und Japans trafen sich in Tokio .
2026-05-11 22:49:38,345 - INFO - joeynmt.training - 	Reference:  India and Japan prime ministers meet in Tokyo
2026-05-11 22:49:38,345 - INFO - joeynmt.training - 	Hypothesis: the Commission is the Commission is a a a a a a .
2026-05-11 22:49:38,345 - INFO - joeynmt.training - Example #1
2026-05-11 22:49:38,345 - DEBUG - joeynmt.training - 	Tokenized source:     ['Indi@@', 'ens', 'neu@@', 'er', 'Pre@@', 'mi@@', 'er@@', 'minist@@', 'er', 'N@@', 'ar@@', 'end@@', 'ra', 'Mo@@', 'd@@', 'i', 'tri@@', 'fft', 'bei', 's@@', 'einem', 'ersten', 'wichti@@', 'gen', 'Aus@@', 'land@@', 's@@', 'bes@@', 'u@@', 'ch', 'seit', 's@@', 'einem', 'W@@', 'ah@@', 'l@@', 'si@@', 'e@@', 'g', 'im', 'Ma@@', 'i', 'seinen', 'j@@', 'ap@@', 'an@@', 'ischen', 'Am@@', 'ts@@', 'k@@', 'olle@@', 'gen', 'S@@', 'hin@@', 'z@@', 'o', 'A@@', 'be', 'in', 'T@@', 'ok@@', 'o', ',', 'um', 'wirtschaf@@', 'tliche', 'und', 'sicher@@', 'heits@@', 'politische', 'Be@@', 'zieh@@', 'ungen', 'zu', 'bes@@', 'pre@@', 'chen', '.']
2026-05-11 22:49:38,345 - DEBUG - joeynmt.training - 	Tokenized reference:  ['Indi@@', 'a', '&apos;s', 'new', 'pri@@', 'me', 'minist@@', 'er', ',', 'N@@', 'ar@@', 'end@@', 'ra', 'Mo@@', 'd@@', 'i', ',', 'is', 'me@@', 'eting', 'his', 'J@@', 'ap@@', 'an@@', 'ese', 'coun@@', 'ter@@', 'part', ',', 'S@@', 'hin@@', 'z@@', 'o', 'A@@', 'be', ',', 'in', 'T@@', 'ok@@', 'y@@', 'o', 'to', 'disc@@', 'uss', 'economic', 'and', 'security', 'ties', ',', 'on', 'his', 'first', 'major', 'fore@@', 'ign', 'visi@@', 't', 'since', 'w@@', 'inn@@', 'ing', 'Ma@@', 'y', '&apos;s', 'elec@@', 'tion', '.']
2026-05-11 22:49:38,345 - DEBUG - joeynmt.training - 	Tokenized hypothesis: ['the', 'Commission', 'is', 'the', 'Commission', 'is', 'a', ',', 'the', 'Commission', 'of', 'the', 'Commission', 'of', 'the', 'Commission', 'is', 'a', ',', 'and', 'the', 'Commission', ',', 'the', 'Commission', 'of', 'the', 'Commission', 'of', 'the', 'Commission', ',', 'the', 'Commission', 'of', 'the', 'Commission', ',', 'and', 'the', 'Commission', ',', 'and', 'the', 'Commission', ',', 'and', 'the', 'Commission', ',', 'and', 'the', 'Commission', 'of', 'the', 'Commission', 'of', 'the', 'European', 'Union', '.', '</s>']
2026-05-11 22:49:38,345 - INFO - joeynmt.training - 	Source:     Indiens neuer Premierminister Narendra Modi trifft bei seinem ersten wichtigen Auslandsbesuch seit seinem Wahlsieg im Mai seinen japanischen Amtskollegen Shinzo Abe in Toko , um wirtschaftliche und sicherheitspolitische Beziehungen zu besprechen .
2026-05-11 22:49:38,345 - INFO - joeynmt.training - 	Reference:  India &apos;s new prime minister , Narendra Modi , is meeting his Japanese counterpart , Shinzo Abe , in Tokyo to discuss economic and security ties , on his first major foreign visit since winning May &apos;s election .
2026-05-11 22:49:38,345 - INFO - joeynmt.training - 	Hypothesis: the Commission is the Commission is a , the Commission of the Commission of the Commission is a , and the Commission , the Commission of the Commission of the Commission , the Commission of the Commission , and the Commission , and the Commission , and the Commission , and the Commission of the Commission of the European Union .
2026-05-11 22:49:38,345 - INFO - joeynmt.training - Example #2
2026-05-11 22:49:38,346 - DEBUG - joeynmt.training - 	Tokenized source:     ['Herr', 'Mo@@', 'd@@', 'i', 'befindet', 'sich', 'auf', 'einer', 'fü@@', 'n@@', 'f@@', 'tä@@', 'gi@@', 'gen', 'Rei@@', 'se', 'nach', 'J@@', 'ap@@', 'an', ',', 'um', 'die', 'wirtschaf@@', 'tlichen', 'Be@@', 'zieh@@', 'ungen', 'mit', 'der', 'd@@', 'rit@@', 't@@', 'größ@@', 'ten', 'Wirtschafts@@', 'n@@', 'ation', 'der', 'Welt', 'zu', 'fes@@', 'tigen', '.']
2026-05-11 22:49:38,346 - DEBUG - joeynmt.training - 	Tokenized reference:  ['Mr', 'Mo@@', 'd@@', 'i', 'is', 'on', 'a', 'fi@@', 've', '@@@', '-@@', '@', 'day', 'tri@@', 'p', 'to', 'J@@', 'ap@@', 'an', 'to', 'streng@@', 'then', 'economic', 'ties', 'with', 'the', 'third', 'lar@@', 'ges@@', 't', 'econom@@', 'y', 'in', 'the', 'world', '.']
2026-05-11 22:49:38,346 - DEBUG - joeynmt.training - 	Tokenized hypothesis: ['the', 'Commission', 'is', 'the', 'Commission', 'is', 'a', ',', 'the', 'Commission', 'is', 'a', ',', 'the', 'Commission', 'is', 'a', ',', 'and', 'the', 'Commission', ',', 'and', 'the', 'Commission', 'of', 'the', 'Commission', 'of', 'the', 'Commission', '.', '</s>']
2026-05-11 22:49:38,346 - INFO - joeynmt.training - 	Source:     Herr Modi befindet sich auf einer fünftägigen Reise nach Japan , um die wirtschaftlichen Beziehungen mit der drittgrößten Wirtschaftsnation der Welt zu festigen .
2026-05-11 22:49:38,346 - INFO - joeynmt.training - 	Reference:  Mr Modi is on a five @-@ day trip to Japan to strengthen economic ties with the third largest economy in the world .
2026-05-11 22:49:38,346 - INFO - joeynmt.training - 	Hypothesis: the Commission is the Commission is a , the Commission is a , the Commission is a , and the Commission , and the Commission of the Commission of the Commission .
2026-05-11 22:49:38,346 - INFO - joeynmt.training - Example #3
2026-05-11 22:49:38,346 - DEBUG - joeynmt.training - 	Tokenized source:     ['P@@', 'län@@', 'e', 'für', 'eine', 'stärk@@', 'ere', 'k@@', 'ern@@', 'techn@@', 'ische', 'Zusammenarbeit', 'stehen', 'ganz', 'ob@@', 'en', 'auf', 'der', 'Tag@@', 'es@@', 'ordnung', '.']
2026-05-11 22:49:38,346 - DEBUG - joeynmt.training - 	Tokenized reference:  ['high', 'on', 'the', 'agen@@', 'da', 'are', 'pl@@', 'ans', 'for', 'gre@@', 'ater', 'nu@@', 'clear', 'c@@', 'o', '@@@', '-@@', '@', 'operation', '.']
2026-05-11 22:49:38,346 - DEBUG - joeynmt.training - 	Tokenized hypothesis: ['the', 'Commission', 'is', 'the', 'Commission', 'is', 'a', 'a', 'a', 'a', 'a', 'a', '.', '</s>']
2026-05-11 22:49:38,346 - INFO - joeynmt.training - 	Source:     Pläne für eine stärkere kerntechnische Zusammenarbeit stehen ganz oben auf der Tagesordnung .
2026-05-11 22:49:38,346 - INFO - joeynmt.training - 	Reference:  high on the agenda are plans for greater nuclear co @-@ operation .
2026-05-11 22:49:38,346 - INFO - joeynmt.training - 	Hypothesis: the Commission is the Commission is a a a a a a .
2026-05-11 22:49:38,346 - INFO - joeynmt.training - Example #4
2026-05-11 22:49:38,346 - DEBUG - joeynmt.training - 	Tokenized source:     ['Berich@@', 'ten', 'zu@@', 'fol@@', 'ge', 'ho@@', 'fft', 'Indi@@', 'en', 'darüber', 'hinaus', 'auf', 'einen', 'Ver@@', 'trag', 'zur', 'Ver@@', 'tei@@', 'dig@@', 'ungs@@', 'zusammen@@', 'arbeit', 'zwischen', 'den', 'beiden', 'N@@', 'ationen', '.']
2026-05-11 22:49:38,346 - DEBUG - joeynmt.training - 	Tokenized reference:  ['Indi@@', 'a', 'is', 'also', 're@@', 'porte@@', 'dly', 'hop@@', 'ing', 'for', 'a', 'de@@', 'al', 'on', 'def@@', 'ence', 'c@@', 'oll@@', 'ab@@', 'or@@', 'ation', 'between', 'the', 'two', 'n@@', 'ations', '.']
2026-05-11 22:49:38,346 - DEBUG - joeynmt.training - 	Tokenized hypothesis: ['the', 'Commission', 'is', 'the', 'Commission', 'is', 'a', ',', 'the', 'Commission', 'is', 'a', ',', 'the', 'Commission', 'of', 'the', 'Commission', 'is', 'a', '.', '</s>']
2026-05-11 22:49:38,347 - INFO - joeynmt.training - 	Source:     Berichten zufolge hofft Indien darüber hinaus auf einen Vertrag zur Verteidigungszusammenarbeit zwischen den beiden Nationen .
2026-05-11 22:49:38,347 - INFO - joeynmt.training - 	Reference:  India is also reportedly hoping for a deal on defence collaboration between the two nations .
2026-05-11 22:49:38,347 - INFO - joeynmt.training - 	Hypothesis: the Commission is the Commission is a , the Commission is a , the Commission of the Commission is a .
2026-05-11 22:50:08,141 - INFO - joeynmt.training - Epoch   1, Step:      600, Batch Loss:     3.444365, Batch Acc: 0.161641, Tokens per Sec:     3130, Lr: 0.000300
2026-05-11 22:50:35,224 - INFO - joeynmt.training - Epoch   1, Step:      700, Batch Loss:     3.226882, Batch Acc: 0.173187, Tokens per Sec:     3416, Lr: 0.000300
2026-05-11 22:51:01,162 - INFO - joeynmt.training - Epoch   1, Step:      800, Batch Loss:     3.245929, Batch Acc: 0.180272, Tokens per Sec:     3531, Lr: 0.000300
2026-05-11 22:51:27,250 - INFO - joeynmt.training - Epoch   1, Step:      900, Batch Loss:     3.034873, Batch Acc: 0.192887, Tokens per Sec:     3483, Lr: 0.000300
2026-05-11 22:51:53,160 - INFO - joeynmt.training - Epoch   1, Step:     1000, Batch Loss:     3.056531, Batch Acc: 0.193217, Tokens per Sec:     3627, Lr: 0.000300
2026-05-11 22:51:53,160 - INFO - joeynmt.prediction - Predicting 500 example(s)... (Greedy decoding with min_output_length=1, max_output_length=-1, return_prob='none', generate_unk=True, repetition_penalty=-1, no_repeat_ngram_size=-1)
2026-05-11 22:53:09,901 - INFO - joeynmt.prediction - Evaluation result (greedy) loss:   3.41, ppl:  30.22, acc:   0.16, generation: 76.7279[sec], evaluation: 0.0000[sec]
2026-05-11 22:53:09,904 - INFO - joeynmt.training - Hooray! New best validation result [ppl]!
2026-05-11 22:53:10,074 - INFO - joeynmt.training - Example #0
2026-05-11 22:53:10,074 - DEBUG - joeynmt.training - 	Tokenized source:     ['die', 'Pre@@', 'mi@@', 'er@@', 'minist@@', 'er', 'Indi@@', 'ens', 'und', 'J@@', 'ap@@', 'ans', 'tra@@', 'fen', 'sich', 'in', 'T@@', 'ok@@', 'i@@', 'o', '.']
2026-05-11 22:53:10,074 - DEBUG - joeynmt.training - 	Tokenized reference:  ['Indi@@', 'a', 'and', 'J@@', 'ap@@', 'an', 'pri@@', 'me', 'minist@@', 'ers', 'me@@', 'et', 'in', 'T@@', 'ok@@', 'y@@', 'o']
2026-05-11 22:53:10,074 - DEBUG - joeynmt.training - 	Tokenized hypothesis: ['the', 'S@@', 'S@@', 'S@@', 'S@@', 'S@@', 'S@@', 'S@@', 'S@@', 'S@@', 'S@@', 'S@@', 'S@@', 'S@@', 'S@@', 'S@@', 'S@@', 'S@@', 'S@@', 'S@@', 'S@@', 'S@@', 'S@@', 'S@@', 'S@@', 'S@@', 'S@@', 'S@@', 'S@@', 'S@@', 'S@@', 'S@@', 'S@@', 'S@@', 'S@@', 'S@@', 'S@@', 'S@@', 'S@@', 'S@@', 'S@@', 'S@@', 'S@@', 'S@@', 'S@@', 'S@@', 'S@@', 'S@@', 'S@@', 'S@@', 'S@@', 'S@@', 'S@@', 'S@@', 'S@@', 'S@@', 'S@@', 'S@@', 'S@@', 'S@@', 'S@@', 'S@@', 'S@@', 'S@@', 'S@@', 'S@@', 'S@@', 'S@@', 'S@@', 'S@@', 'S@@', 'S@@', 'S@@', 'S@@', 'S@@', 'S@@', 'S@@', 'S@@', 'S@@', 'S@@', 'S@@', 'S@@', 'S@@', 'S@@', 'S@@', 'S@@', 'S@@', 'S@@', 'S@@', 'S@@', 'S@@', 'S@@', 'S@@', 'S@@', 'S@@', 'S@@', 'S@@', 'S@@', 'S@@', 'S@@', 'S@@', 'S@@', 'S@@', 'S@@', 'S@@', 'S@@', 'S@@', 'S@@', 'S@@', 'S@@', 'S@@', 'S@@', 'S@@', 'S@@', 'S@@', '.', '</s>']
2026-05-11 22:53:10,075 - INFO - joeynmt.training - 	Source:     die Premierminister Indiens und Japans trafen sich in Tokio .
2026-05-11 22:53:10,075 - INFO - joeynmt.training - 	Reference:  India and Japan prime ministers meet in Tokyo
2026-05-11 22:53:10,075 - INFO - joeynmt.training - 	Hypothesis: the SSSSSSSSSSSSSSSSSSSSSSSSSSSSSSSSSSSSSSSSSSSSSSSSSSSSSSSSSSSSSSSSSSSSSSSSSSSSSSSSSSSSSSSSSSSSSSSSSSSSSSSSSSSSSSSSSS.
2026-05-11 22:53:10,075 - INFO - joeynmt.training - Example #1
2026-05-11 22:53:10,075 - DEBUG - joeynmt.training - 	Tokenized source:     ['Indi@@', 'ens', 'neu@@', 'er', 'Pre@@', 'mi@@', 'er@@', 'minist@@', 'er', 'N@@', 'ar@@', 'end@@', 'ra', 'Mo@@', 'd@@', 'i', 'tri@@', 'fft', 'bei', 's@@', 'einem', 'ersten', 'wichti@@', 'gen', 'Aus@@', 'land@@', 's@@', 'bes@@', 'u@@', 'ch', 'seit', 's@@', 'einem', 'W@@', 'ah@@', 'l@@', 'si@@', 'e@@', 'g', 'im', 'Ma@@', 'i', 'seinen', 'j@@', 'ap@@', 'an@@', 'ischen', 'Am@@', 'ts@@', 'k@@', 'olle@@', 'gen', 'S@@', 'hin@@', 'z@@', 'o', 'A@@', 'be', 'in', 'T@@', 'ok@@', 'o', ',', 'um', 'wirtschaf@@', 'tliche', 'und', 'sicher@@', 'heits@@', 'politische', 'Be@@', 'zieh@@', 'ungen', 'zu', 'bes@@', 'pre@@', 'chen', '.']
2026-05-11 22:53:10,075 - DEBUG - joeynmt.training - 	Tokenized reference:  ['Indi@@', 'a', '&apos;s', 'new', 'pri@@', 'me', 'minist@@', 'er', ',', 'N@@', 'ar@@', 'end@@', 'ra', 'Mo@@', 'd@@', 'i', ',', 'is', 'me@@', 'eting', 'his', 'J@@', 'ap@@', 'an@@', 'ese', 'coun@@', 'ter@@', 'part', ',', 'S@@', 'hin@@', 'z@@', 'o', 'A@@', 'be', ',', 'in', 'T@@', 'ok@@', 'y@@', 'o', 'to', 'disc@@', 'uss', 'economic', 'and', 'security', 'ties', ',', 'on', 'his', 'first', 'major', 'fore@@', 'ign', 'visi@@', 't', 'since', 'w@@', 'inn@@', 'ing', 'Ma@@', 'y', '&apos;s', 'elec@@', 'tion', '.']
2026-05-11 22:53:10,075 - DEBUG - joeynmt.training - 	Tokenized hypothesis: ['the', 'European', 'Union', 'is', 'a', 'number', 'of', 'the', 'European', 'Union', ',', 'the', 'European', 'Union', ',', 'the', 'European', 'Union', ',', 'the', 'European', 'Union', ',', 'the', 'European', 'Union', 'and', 'the', 'European', 'Union', 'and', 'the', 'European', 'Union', 'and', 'the', 'European', 'Union', 'and', 'the', 'European', 'Union', 'and', 'the', 'European', 'Union', 'and', 'the', 'European', 'Union', 'and', 'the', 'European', 'Union', '.', '</s>']
2026-05-11 22:53:10,075 - INFO - joeynmt.training - 	Source:     Indiens neuer Premierminister Narendra Modi trifft bei seinem ersten wichtigen Auslandsbesuch seit seinem Wahlsieg im Mai seinen japanischen Amtskollegen Shinzo Abe in Toko , um wirtschaftliche und sicherheitspolitische Beziehungen zu besprechen .
2026-05-11 22:53:10,075 - INFO - joeynmt.training - 	Reference:  India &apos;s new prime minister , Narendra Modi , is meeting his Japanese counterpart , Shinzo Abe , in Tokyo to discuss economic and security ties , on his first major foreign visit since winning May &apos;s election .
2026-05-11 22:53:10,075 - INFO - joeynmt.training - 	Hypothesis: the European Union is a number of the European Union , the European Union , the European Union , the European Union , the European Union and the European Union and the European Union and the European Union and the European Union and the European Union and the European Union and the European Union .
2026-05-11 22:53:10,075 - INFO - joeynmt.training - Example #2
2026-05-11 22:53:10,075 - DEBUG - joeynmt.training - 	Tokenized source:     ['Herr', 'Mo@@', 'd@@', 'i', 'befindet', 'sich', 'auf', 'einer', 'fü@@', 'n@@', 'f@@', 'tä@@', 'gi@@', 'gen', 'Rei@@', 'se', 'nach', 'J@@', 'ap@@', 'an', ',', 'um', 'die', 'wirtschaf@@', 'tlichen', 'Be@@', 'zieh@@', 'ungen', 'mit', 'der', 'd@@', 'rit@@', 't@@', 'größ@@', 'ten', 'Wirtschafts@@', 'n@@', 'ation', 'der', 'Welt', 'zu', 'fes@@', 'tigen', '.']
2026-05-11 22:53:10,075 - DEBUG - joeynmt.training - 	Tokenized reference:  ['Mr', 'Mo@@', 'd@@', 'i', 'is', 'on', 'a', 'fi@@', 've', '@@@', '-@@', '@', 'day', 'tri@@', 'p', 'to', 'J@@', 'ap@@', 'an', 'to', 'streng@@', 'then', 'economic', 'ties', 'with', 'the', 'third', 'lar@@', 'ges@@', 't', 'econom@@', 'y', 'in', 'the', 'world', '.']
2026-05-11 22:53:10,075 - DEBUG - joeynmt.training - 	Tokenized hypothesis: ['the', 'Commission', 'is', 'a', 'few', 'few', 'few', 'few', 'few', 'm@@', 'ate', 'to', 'the', 'European', 'Union', ',', 'the', 'European', 'Union', ',', 'and', 'the', 'European', 'Union', 'and', 'the', 'European', 'Union', '.', '</s>']
2026-05-11 22:53:10,075 - INFO - joeynmt.training - 	Source:     Herr Modi befindet sich auf einer fünftägigen Reise nach Japan , um die wirtschaftlichen Beziehungen mit der drittgrößten Wirtschaftsnation der Welt zu festigen .
2026-05-11 22:53:10,076 - INFO - joeynmt.training - 	Reference:  Mr Modi is on a five @-@ day trip to Japan to strengthen economic ties with the third largest economy in the world .
2026-05-11 22:53:10,076 - INFO - joeynmt.training - 	Hypothesis: the Commission is a few few few few few mate to the European Union , the European Union , and the European Union and the European Union .
2026-05-11 22:53:10,076 - INFO - joeynmt.training - Example #3
2026-05-11 22:53:10,076 - DEBUG - joeynmt.training - 	Tokenized source:     ['P@@', 'län@@', 'e', 'für', 'eine', 'stärk@@', 'ere', 'k@@', 'ern@@', 'techn@@', 'ische', 'Zusammenarbeit', 'stehen', 'ganz', 'ob@@', 'en', 'auf', 'der', 'Tag@@', 'es@@', 'ordnung', '.']
2026-05-11 22:53:10,076 - DEBUG - joeynmt.training - 	Tokenized reference:  ['high', 'on', 'the', 'agen@@', 'da', 'are', 'pl@@', 'ans', 'for', 'gre@@', 'ater', 'nu@@', 'clear', 'c@@', 'o', '@@@', '-@@', '@', 'operation', '.']
2026-05-11 22:53:10,076 - DEBUG - joeynmt.training - 	Tokenized hypothesis: ['the', 'Commission', 'is', 'a', 'few', 'm@@', 'embers', 'of', 'the', 'European', 'Union', 'is', 'a', 'few', 'm@@', 'embers', 'of', 'the', 'European', 'Union', '.', '</s>']
2026-05-11 22:53:10,076 - INFO - joeynmt.training - 	Source:     Pläne für eine stärkere kerntechnische Zusammenarbeit stehen ganz oben auf der Tagesordnung .
2026-05-11 22:53:10,076 - INFO - joeynmt.training - 	Reference:  high on the agenda are plans for greater nuclear co @-@ operation .
2026-05-11 22:53:10,076 - INFO - joeynmt.training - 	Hypothesis: the Commission is a few members of the European Union is a few members of the European Union .
2026-05-11 22:53:10,076 - INFO - joeynmt.training - Example #4
2026-05-11 22:53:10,076 - DEBUG - joeynmt.training - 	Tokenized source:     ['Berich@@', 'ten', 'zu@@', 'fol@@', 'ge', 'ho@@', 'fft', 'Indi@@', 'en', 'darüber', 'hinaus', 'auf', 'einen', 'Ver@@', 'trag', 'zur', 'Ver@@', 'tei@@', 'dig@@', 'ungs@@', 'zusammen@@', 'arbeit', 'zwischen', 'den', 'beiden', 'N@@', 'ationen', '.']
2026-05-11 22:53:10,076 - DEBUG - joeynmt.training - 	Tokenized reference:  ['Indi@@', 'a', 'is', 'also', 're@@', 'porte@@', 'dly', 'hop@@', 'ing', 'for', 'a', 'de@@', 'al', 'on', 'def@@', 'ence', 'c@@', 'oll@@', 'ab@@', 'or@@', 'ation', 'between', 'the', 'two', 'n@@', 'ations', '.']
2026-05-11 22:53:10,076 - DEBUG - joeynmt.training - 	Tokenized hypothesis: ['the', 'Commission', 'is', 'a', 'few', 'few', 'm@@', 'embers', 'of', 'the', 'Commission', 'and', 'the', 'European', 'Union', '.', '</s>']
2026-05-11 22:53:10,076 - INFO - joeynmt.training - 	Source:     Berichten zufolge hofft Indien darüber hinaus auf einen Vertrag zur Verteidigungszusammenarbeit zwischen den beiden Nationen .
2026-05-11 22:53:10,076 - INFO - joeynmt.training - 	Reference:  India is also reportedly hoping for a deal on defence collaboration between the two nations .
2026-05-11 22:53:10,076 - INFO - joeynmt.training - 	Hypothesis: the Commission is a few few members of the Commission and the European Union .
2026-05-11 22:53:36,124 - INFO - joeynmt.training - Epoch   1, Step:     1100, Batch Loss:     3.184347, Batch Acc: 0.202074, Tokens per Sec:     3505, Lr: 0.000300
2026-05-11 22:54:02,029 - INFO - joeynmt.training - Epoch   1, Step:     1200, Batch Loss:     3.084926, Batch Acc: 0.205898, Tokens per Sec:     3575, Lr: 0.000300
2026-05-11 22:54:28,581 - INFO - joeynmt.training - Epoch   1, Step:     1300, Batch Loss:     3.027295, Batch Acc: 0.208638, Tokens per Sec:     3465, Lr: 0.000300
2026-05-11 22:54:58,556 - INFO - joeynmt.training - Epoch   1, Step:     1400, Batch Loss:     3.025950, Batch Acc: 0.212335, Tokens per Sec:     3054, Lr: 0.000300
2026-05-11 22:55:26,234 - INFO - joeynmt.training - Epoch   1, Step:     1500, Batch Loss:     2.985979, Batch Acc: 0.222225, Tokens per Sec:     3287, Lr: 0.000300
2026-05-11 22:55:26,235 - INFO - joeynmt.prediction - Predicting 500 example(s)... (Greedy decoding with min_output_length=1, max_output_length=-1, return_prob='none', generate_unk=True, repetition_penalty=-1, no_repeat_ngram_size=-1)
2026-05-11 22:56:19,887 - INFO - joeynmt.prediction - Evaluation result (greedy) loss:   3.30, ppl:  27.02, acc:   0.17, generation: 53.6413[sec], evaluation: 0.0000[sec]
2026-05-11 22:56:19,890 - INFO - joeynmt.training - Hooray! New best validation result [ppl]!
2026-05-11 22:56:20,062 - INFO - joeynmt.training - Example #0
2026-05-11 22:56:20,062 - DEBUG - joeynmt.training - 	Tokenized source:     ['die', 'Pre@@', 'mi@@', 'er@@', 'minist@@', 'er', 'Indi@@', 'ens', 'und', 'J@@', 'ap@@', 'ans', 'tra@@', 'fen', 'sich', 'in', 'T@@', 'ok@@', 'i@@', 'o', '.']
2026-05-11 22:56:20,062 - DEBUG - joeynmt.training - 	Tokenized reference:  ['Indi@@', 'a', 'and', 'J@@', 'ap@@', 'an', 'pri@@', 'me', 'minist@@', 'ers', 'me@@', 'et', 'in', 'T@@', 'ok@@', 'y@@', 'o']
2026-05-11 22:56:20,062 - DEBUG - joeynmt.training - 	Tokenized hypothesis: ['the', 're@@', 'la@@', 'y', 'of', 'the', 're@@', 'la@@', 'y', 'of', 'the', 'b@@', 'ut@@', 'y', 'of', 'the', 're@@', 'la@@', 'y', '.', '</s>']
2026-05-11 22:56:20,062 - INFO - joeynmt.training - 	Source:     die Premierminister Indiens und Japans trafen sich in Tokio .
2026-05-11 22:56:20,062 - INFO - joeynmt.training - 	Reference:  India and Japan prime ministers meet in Tokyo
2026-05-11 22:56:20,062 - INFO - joeynmt.training - 	Hypothesis: the relay of the relay of the buty of the relay .
2026-05-11 22:56:20,062 - INFO - joeynmt.training - Example #1
2026-05-11 22:56:20,062 - DEBUG - joeynmt.training - 	Tokenized source:     ['Indi@@', 'ens', 'neu@@', 'er', 'Pre@@', 'mi@@', 'er@@', 'minist@@', 'er', 'N@@', 'ar@@', 'end@@', 'ra', 'Mo@@', 'd@@', 'i', 'tri@@', 'fft', 'bei', 's@@', 'einem', 'ersten', 'wichti@@', 'gen', 'Aus@@', 'land@@', 's@@', 'bes@@', 'u@@', 'ch', 'seit', 's@@', 'einem', 'W@@', 'ah@@', 'l@@', 'si@@', 'e@@', 'g', 'im', 'Ma@@', 'i', 'seinen', 'j@@', 'ap@@', 'an@@', 'ischen', 'Am@@', 'ts@@', 'k@@', 'olle@@', 'gen', 'S@@', 'hin@@', 'z@@', 'o', 'A@@', 'be', 'in', 'T@@', 'ok@@', 'o', ',', 'um', 'wirtschaf@@', 'tliche', 'und', 'sicher@@', 'heits@@', 'politische', 'Be@@', 'zieh@@', 'ungen', 'zu', 'bes@@', 'pre@@', 'chen', '.']
2026-05-11 22:56:20,062 - DEBUG - joeynmt.training - 	Tokenized reference:  ['Indi@@', 'a', '&apos;s', 'new', 'pri@@', 'me', 'minist@@', 'er', ',', 'N@@', 'ar@@', 'end@@', 'ra', 'Mo@@', 'd@@', 'i', ',', 'is', 'me@@', 'eting', 'his', 'J@@', 'ap@@', 'an@@', 'ese', 'coun@@', 'ter@@', 'part', ',', 'S@@', 'hin@@', 'z@@', 'o', 'A@@', 'be', ',', 'in', 'T@@', 'ok@@', 'y@@', 'o', 'to', 'disc@@', 'uss', 'economic', 'and', 'security', 'ties', ',', 'on', 'his', 'first', 'major', 'fore@@', 'ign', 'visi@@', 't', 'since', 'w@@', 'inn@@', 'ing', 'Ma@@', 'y', '&apos;s', 'elec@@', 'tion', '.']
2026-05-11 22:56:20,062 - DEBUG - joeynmt.training - 	Tokenized hypothesis: ['the', 're@@', 'la@@', 'y', 'of', 'the', 're@@', 'la@@', 'x@@', 'ed', 'and', 'the', 're@@', 'la@@', 'x@@', 'ed', 'of', 'the', 're@@', 'la@@', 'x@@', 'ed', 'and', 'the', 're@@', 'la@@', 'x@@', 'ed', 'of', 'the', 're@@', 'la@@', 'x@@', 'ed', 'and', 'the', 're@@', 'st', 'of', 'the', 'most', 'important', 'of', 'the', 're@@', 'la@@', 'x@@', 'ed', 'and', 'the', 're@@', 'lev@@', 'ant', 'of', 'the', 're@@', 'la@@', 'x@@', 'ed', 'and', 'the', 're@@', 'st', 'of', 'the', 're@@', 'la@@', 'x@@', 'ing', 'of', 'the', 'world', '.', '</s>']
2026-05-11 22:56:20,063 - INFO - joeynmt.training - 	Source:     Indiens neuer Premierminister Narendra Modi trifft bei seinem ersten wichtigen Auslandsbesuch seit seinem Wahlsieg im Mai seinen japanischen Amtskollegen Shinzo Abe in Toko , um wirtschaftliche und sicherheitspolitische Beziehungen zu besprechen .
2026-05-11 22:56:20,063 - INFO - joeynmt.training - 	Reference:  India &apos;s new prime minister , Narendra Modi , is meeting his Japanese counterpart , Shinzo Abe , in Tokyo to discuss economic and security ties , on his first major foreign visit since winning May &apos;s election .
2026-05-11 22:56:20,063 - INFO - joeynmt.training - 	Hypothesis: the relay of the relaxed and the relaxed of the relaxed and the relaxed of the relaxed and the rest of the most important of the relaxed and the relevant of the relaxed and the rest of the relaxing of the world .
2026-05-11 22:56:20,063 - INFO - joeynmt.training - Example #2
2026-05-11 22:56:20,063 - DEBUG - joeynmt.training - 	Tokenized source:     ['Herr', 'Mo@@', 'd@@', 'i', 'befindet', 'sich', 'auf', 'einer', 'fü@@', 'n@@', 'f@@', 'tä@@', 'gi@@', 'gen', 'Rei@@', 'se', 'nach', 'J@@', 'ap@@', 'an', ',', 'um', 'die', 'wirtschaf@@', 'tlichen', 'Be@@', 'zieh@@', 'ungen', 'mit', 'der', 'd@@', 'rit@@', 't@@', 'größ@@', 'ten', 'Wirtschafts@@', 'n@@', 'ation', 'der', 'Welt', 'zu', 'fes@@', 'tigen', '.']
2026-05-11 22:56:20,063 - DEBUG - joeynmt.training - 	Tokenized reference:  ['Mr', 'Mo@@', 'd@@', 'i', 'is', 'on', 'a', 'fi@@', 've', '@@@', '-@@', '@', 'day', 'tri@@', 'p', 'to', 'J@@', 'ap@@', 'an', 'to', 'streng@@', 'then', 'economic', 'ties', 'with', 'the', 'third', 'lar@@', 'ges@@', 't', 'econom@@', 'y', 'in', 'the', 'world', '.']
2026-05-11 22:56:20,063 - DEBUG - joeynmt.training - 	Tokenized hypothesis: ['the', 'Commission', 'has', 'been', 'been', 'been', 'been', 'made', 'in', 'the', 'European', 'Union', ',', 'and', 'the', 'European', 'Union', ',', 'and', 'the', 'European', 'Union', ',', 'and', 'the', 'European', 'Union', ',', 'and', 'the', 'European', 'Union', ',', 'and', 'the', 'European', 'Union', '.', '</s>']
2026-05-11 22:56:20,063 - INFO - joeynmt.training - 	Source:     Herr Modi befindet sich auf einer fünftägigen Reise nach Japan , um die wirtschaftlichen Beziehungen mit der drittgrößten Wirtschaftsnation der Welt zu festigen .
2026-05-11 22:56:20,063 - INFO - joeynmt.training - 	Reference:  Mr Modi is on a five @-@ day trip to Japan to strengthen economic ties with the third largest economy in the world .
2026-05-11 22:56:20,063 - INFO - joeynmt.training - 	Hypothesis: the Commission has been been been been made in the European Union , and the European Union , and the European Union , and the European Union , and the European Union , and the European Union .
2026-05-11 22:56:20,063 - INFO - joeynmt.training - Example #3
2026-05-11 22:56:20,063 - DEBUG - joeynmt.training - 	Tokenized source:     ['P@@', 'län@@', 'e', 'für', 'eine', 'stärk@@', 'ere', 'k@@', 'ern@@', 'techn@@', 'ische', 'Zusammenarbeit', 'stehen', 'ganz', 'ob@@', 'en', 'auf', 'der', 'Tag@@', 'es@@', 'ordnung', '.']
2026-05-11 22:56:20,063 - DEBUG - joeynmt.training - 	Tokenized reference:  ['high', 'on', 'the', 'agen@@', 'da', 'are', 'pl@@', 'ans', 'for', 'gre@@', 'ater', 'nu@@', 'clear', 'c@@', 'o', '@@@', '-@@', '@', 'operation', '.']
2026-05-11 22:56:20,063 - DEBUG - joeynmt.training - 	Tokenized hypothesis: ['the', 'European', 'Union', 'is', 'a', 'great', 'de@@', 'al', 'of', 'the', 'European', 'Union', ',', 'the', 'European', 'Union', '.', '</s>']
2026-05-11 22:56:20,064 - INFO - joeynmt.training - 	Source:     Pläne für eine stärkere kerntechnische Zusammenarbeit stehen ganz oben auf der Tagesordnung .
2026-05-11 22:56:20,064 - INFO - joeynmt.training - 	Reference:  high on the agenda are plans for greater nuclear co @-@ operation .
2026-05-11 22:56:20,064 - INFO - joeynmt.training - 	Hypothesis: the European Union is a great deal of the European Union , the European Union .
2026-05-11 22:56:20,064 - INFO - joeynmt.training - Example #4
2026-05-11 22:56:20,064 - DEBUG - joeynmt.training - 	Tokenized source:     ['Berich@@', 'ten', 'zu@@', 'fol@@', 'ge', 'ho@@', 'fft', 'Indi@@', 'en', 'darüber', 'hinaus', 'auf', 'einen', 'Ver@@', 'trag', 'zur', 'Ver@@', 'tei@@', 'dig@@', 'ungs@@', 'zusammen@@', 'arbeit', 'zwischen', 'den', 'beiden', 'N@@', 'ationen', '.']
2026-05-11 22:56:20,064 - DEBUG - joeynmt.training - 	Tokenized reference:  ['Indi@@', 'a', 'is', 'also', 're@@', 'porte@@', 'dly', 'hop@@', 'ing', 'for', 'a', 'de@@', 'al', 'on', 'def@@', 'ence', 'c@@', 'oll@@', 'ab@@', 'or@@', 'ation', 'between', 'the', 'two', 'n@@', 'ations', '.']
2026-05-11 22:56:20,064 - DEBUG - joeynmt.training - 	Tokenized hypothesis: ['the', 'Commission', 'has', 'been', 'been', 'made', 'to', 'the', 'European', 'Union', 'and', 'the', 'European', 'Union', ',', 'the', 'European', 'Union', ',', 'the', 'European', 'Union', '.', '</s>']
2026-05-11 22:56:20,064 - INFO - joeynmt.training - 	Source:     Berichten zufolge hofft Indien darüber hinaus auf einen Vertrag zur Verteidigungszusammenarbeit zwischen den beiden Nationen .
2026-05-11 22:56:20,064 - INFO - joeynmt.training - 	Reference:  India is also reportedly hoping for a deal on defence collaboration between the two nations .
2026-05-11 22:56:20,064 - INFO - joeynmt.training - 	Hypothesis: the Commission has been been made to the European Union and the European Union , the European Union , the European Union .
2026-05-11 22:56:47,126 - INFO - joeynmt.training - Epoch   1, Step:     1600, Batch Loss:     3.028476, Batch Acc: 0.222991, Tokens per Sec:     3427, Lr: 0.000300
2026-05-11 22:57:13,178 - INFO - joeynmt.training - Epoch   1, Step:     1700, Batch Loss:     2.918354, Batch Acc: 0.227824, Tokens per Sec:     3493, Lr: 0.000300
2026-05-11 22:57:40,145 - INFO - joeynmt.training - Epoch   1, Step:     1800, Batch Loss:     2.950900, Batch Acc: 0.228026, Tokens per Sec:     3399, Lr: 0.000300
2026-05-11 22:58:05,991 - INFO - joeynmt.training - Epoch   1, Step:     1900, Batch Loss:     2.897376, Batch Acc: 0.235026, Tokens per Sec:     3558, Lr: 0.000300
2026-05-11 22:58:32,394 - INFO - joeynmt.training - Epoch   1, Step:     2000, Batch Loss:     2.835780, Batch Acc: 0.237326, Tokens per Sec:     3464, Lr: 0.000300
2026-05-11 22:58:32,394 - INFO - joeynmt.prediction - Predicting 500 example(s)... (Greedy decoding with min_output_length=1, max_output_length=-1, return_prob='none', generate_unk=True, repetition_penalty=-1, no_repeat_ngram_size=-1)
2026-05-11 22:59:50,450 - INFO - joeynmt.prediction - Evaluation result (greedy) loss:   3.21, ppl:  24.83, acc:   0.19, generation: 78.0422[sec], evaluation: 0.0000[sec]
2026-05-11 22:59:50,453 - INFO - joeynmt.training - Hooray! New best validation result [ppl]!
2026-05-11 22:59:50,621 - INFO - joeynmt.training - Example #0
2026-05-11 22:59:50,621 - DEBUG - joeynmt.training - 	Tokenized source:     ['die', 'Pre@@', 'mi@@', 'er@@', 'minist@@', 'er', 'Indi@@', 'ens', 'und', 'J@@', 'ap@@', 'ans', 'tra@@', 'fen', 'sich', 'in', 'T@@', 'ok@@', 'i@@', 'o', '.']
2026-05-11 22:59:50,621 - DEBUG - joeynmt.training - 	Tokenized reference:  ['Indi@@', 'a', 'and', 'J@@', 'ap@@', 'an', 'pri@@', 'me', 'minist@@', 'ers', 'me@@', 'et', 'in', 'T@@', 'ok@@', 'y@@', 'o']
2026-05-11 22:59:50,621 - DEBUG - joeynmt.training - 	Tokenized hypothesis: ['the', 'S@@', 'ec@@', 'urity', 'is', 'a', 'good', 'of', 'the', 'C@@', 'i@@', 'an', 'and', 'the', 'C@@', 'i@@', 'an', 'and', 'the', 'C@@', 'i@@', 'an', '.', '</s>']
2026-05-11 22:59:50,621 - INFO - joeynmt.training - 	Source:     die Premierminister Indiens und Japans trafen sich in Tokio .
2026-05-11 22:59:50,621 - INFO - joeynmt.training - 	Reference:  India and Japan prime ministers meet in Tokyo
2026-05-11 22:59:50,621 - INFO - joeynmt.training - 	Hypothesis: the Security is a good of the Cian and the Cian and the Cian .
2026-05-11 22:59:50,622 - INFO - joeynmt.training - Example #1
2026-05-11 22:59:50,622 - DEBUG - joeynmt.training - 	Tokenized source:     ['Indi@@', 'ens', 'neu@@', 'er', 'Pre@@', 'mi@@', 'er@@', 'minist@@', 'er', 'N@@', 'ar@@', 'end@@', 'ra', 'Mo@@', 'd@@', 'i', 'tri@@', 'fft', 'bei', 's@@', 'einem', 'ersten', 'wichti@@', 'gen', 'Aus@@', 'land@@', 's@@', 'bes@@', 'u@@', 'ch', 'seit', 's@@', 'einem', 'W@@', 'ah@@', 'l@@', 'si@@', 'e@@', 'g', 'im', 'Ma@@', 'i', 'seinen', 'j@@', 'ap@@', 'an@@', 'ischen', 'Am@@', 'ts@@', 'k@@', 'olle@@', 'gen', 'S@@', 'hin@@', 'z@@', 'o', 'A@@', 'be', 'in', 'T@@', 'ok@@', 'o', ',', 'um', 'wirtschaf@@', 'tliche', 'und', 'sicher@@', 'heits@@', 'politische', 'Be@@', 'zieh@@', 'ungen', 'zu', 'bes@@', 'pre@@', 'chen', '.']
2026-05-11 22:59:50,622 - DEBUG - joeynmt.training - 	Tokenized reference:  ['Indi@@', 'a', '&apos;s', 'new', 'pri@@', 'me', 'minist@@', 'er', ',', 'N@@', 'ar@@', 'end@@', 'ra', 'Mo@@', 'd@@', 'i', ',', 'is', 'me@@', 'eting', 'his', 'J@@', 'ap@@', 'an@@', 'ese', 'coun@@', 'ter@@', 'part', ',', 'S@@', 'hin@@', 'z@@', 'o', 'A@@', 'be', ',', 'in', 'T@@', 'ok@@', 'y@@', 'o', 'to', 'disc@@', 'uss', 'economic', 'and', 'security', 'ties', ',', 'on', 'his', 'first', 'major', 'fore@@', 'ign', 'visi@@', 't', 'since', 'w@@', 'inn@@', 'ing', 'Ma@@', 'y', '&apos;s', 'elec@@', 'tion', '.']
2026-05-11 22:59:50,622 - DEBUG - joeynmt.training - 	Tokenized hypothesis: ['the', 'S@@', 'S@@', 'S@@', 'S@@', 'S@@', 'S@@', 'S@@', 'S@@', 'S@@', 'S@@', 'S@@', 'S@@', 'S@@', 'S@@', 'S@@', 'S@@', 'S@@', 'S@@', 'S@@', 'S@@', 'S@@', 'S@@', 'S@@', 'S@@', 'S@@', 'S@@', 'S@@', 'S@@', 'S@@', 'S@@', 'S@@', 'S@@', 'S@@', 'S@@', 'S@@', 'S@@', 'S@@', 'S@@', 'S@@', 'S@@', 'S@@', 'S@@', 'S@@', 'S@@', 'S@@', 'S@@', 'S@@', 'S@@', 'S@@', 'S@@', 'S@@', 'S@@', 'S@@', 'S@@', 'S@@', 'S@@', 'S@@', 'S@@', 'S@@', 'S@@', 'S@@', 'S@@', 'S@@', 'S@@', 'S@@', 'S@@', 'S@@', 'S@@', 'S@@', 'S@@', 'S@@', 'S@@', 'S@@', 'S@@', 'S@@', 'S@@', 'S@@', 'S@@', 'S@@', 'S@@', 'S@@', 'S@@', 'S@@', 'S@@', 'S@@', 'S@@', 'S@@', 'S@@', 'S@@', 'S@@', 'S@@', 'S@@', 'S@@', 'S@@', 'S@@', 'S@@', 'S@@', 'S@@', 'S@@', 'S@@', 'S@@', 'S@@', 'S@@', 'S@@', 'S@@', 'S@@', 'S@@', 'S@@', 'S@@', 'S@@', 'S@@', 'S@@', 'S@@', 'E', '-RRB-', '-RRB-', '-RRB-', '-RRB-', '-RRB-', '-RRB-', '-RRB-', '-RRB-', '-RRB-', '-RRB-', '-RRB-', '-RRB-', '-RRB-', '-RRB-', '-RRB-', '-RRB-', '-RRB-', '-RRB-', '-RRB-', ',', '&apos;&apos;', '&apos;&apos;', '&apos;&apos;']
2026-05-11 22:59:50,622 - INFO - joeynmt.training - 	Source:     Indiens neuer Premierminister Narendra Modi trifft bei seinem ersten wichtigen Auslandsbesuch seit seinem Wahlsieg im Mai seinen japanischen Amtskollegen Shinzo Abe in Toko , um wirtschaftliche und sicherheitspolitische Beziehungen zu besprechen .
2026-05-11 22:59:50,622 - INFO - joeynmt.training - 	Reference:  India &apos;s new prime minister , Narendra Modi , is meeting his Japanese counterpart , Shinzo Abe , in Tokyo to discuss economic and security ties , on his first major foreign visit since winning May &apos;s election .
2026-05-11 22:59:50,622 - INFO - joeynmt.training - 	Hypothesis: the SSSSSSSSSSSSSSSSSSSSSSSSSSSSSSSSSSSSSSSSSSSSSSSSSSSSSSSSSSSSSSSSSSSSSSSSSSSSSSSSSSSSSSSSSSSSSSSSSSSSSSSSSSSSSSSSSE -RRB- -RRB- -RRB- -RRB- -RRB- -RRB- -RRB- -RRB- -RRB- -RRB- -RRB- -RRB- -RRB- -RRB- -RRB- -RRB- -RRB- -RRB- -RRB- , &apos;&apos; &apos;&apos; &apos;&apos;
2026-05-11 22:59:50,622 - INFO - joeynmt.training - Example #2
2026-05-11 22:59:50,622 - DEBUG - joeynmt.training - 	Tokenized source:     ['Herr', 'Mo@@', 'd@@', 'i', 'befindet', 'sich', 'auf', 'einer', 'fü@@', 'n@@', 'f@@', 'tä@@', 'gi@@', 'gen', 'Rei@@', 'se', 'nach', 'J@@', 'ap@@', 'an', ',', 'um', 'die', 'wirtschaf@@', 'tlichen', 'Be@@', 'zieh@@', 'ungen', 'mit', 'der', 'd@@', 'rit@@', 't@@', 'größ@@', 'ten', 'Wirtschafts@@', 'n@@', 'ation', 'der', 'Welt', 'zu', 'fes@@', 'tigen', '.']
2026-05-11 22:59:50,622 - DEBUG - joeynmt.training - 	Tokenized reference:  ['Mr', 'Mo@@', 'd@@', 'i', 'is', 'on', 'a', 'fi@@', 've', '@@@', '-@@', '@', 'day', 'tri@@', 'p', 'to', 'J@@', 'ap@@', 'an', 'to', 'streng@@', 'then', 'economic', 'ties', 'with', 'the', 'third', 'lar@@', 'ges@@', 't', 'econom@@', 'y', 'in', 'the', 'world', '.']
2026-05-11 22:59:50,622 - DEBUG - joeynmt.training - 	Tokenized hypothesis: ['the', 'Commission', 'is', 'the', 'Commission', 'to', 'be', 'able', 'to', 'be', 'a', 'good', 'of', 'the', 'Commission', ',', 'the', 'Commission', ',', 'the', 'Commission', ',', 'the', 'Commission', ',', 'the', 'Commission', ',', 'the', 'Commission', 'is', 'not', 'be', 'able', 'to', 'be', 'a', 'good', '.', '</s>']
2026-05-11 22:59:50,622 - INFO - joeynmt.training - 	Source:     Herr Modi befindet sich auf einer fünftägigen Reise nach Japan , um die wirtschaftlichen Beziehungen mit der drittgrößten Wirtschaftsnation der Welt zu festigen .
2026-05-11 22:59:50,622 - INFO - joeynmt.training - 	Reference:  Mr Modi is on a five @-@ day trip to Japan to strengthen economic ties with the third largest economy in the world .
2026-05-11 22:59:50,623 - INFO - joeynmt.training - 	Hypothesis: the Commission is the Commission to be able to be a good of the Commission , the Commission , the Commission , the Commission , the Commission , the Commission is not be able to be a good .
2026-05-11 22:59:50,623 - INFO - joeynmt.training - Example #3
2026-05-11 22:59:50,623 - DEBUG - joeynmt.training - 	Tokenized source:     ['P@@', 'län@@', 'e', 'für', 'eine', 'stärk@@', 'ere', 'k@@', 'ern@@', 'techn@@', 'ische', 'Zusammenarbeit', 'stehen', 'ganz', 'ob@@', 'en', 'auf', 'der', 'Tag@@', 'es@@', 'ordnung', '.']
2026-05-11 22:59:50,623 - DEBUG - joeynmt.training - 	Tokenized reference:  ['high', 'on', 'the', 'agen@@', 'da', 'are', 'pl@@', 'ans', 'for', 'gre@@', 'ater', 'nu@@', 'clear', 'c@@', 'o', '@@@', '-@@', '@', 'operation', '.']
2026-05-11 22:59:50,623 - DEBUG - joeynmt.training - 	Tokenized hypothesis: ['the', 'Commission', 'is', 'the', 'European', 'Union', 'to', 'be', 'able', 'to', 'be', 'able', 'to', 'be', 'a', 'new', 'new', 'new', '.', '</s>']
2026-05-11 22:59:50,623 - INFO - joeynmt.training - 	Source:     Pläne für eine stärkere kerntechnische Zusammenarbeit stehen ganz oben auf der Tagesordnung .
2026-05-11 22:59:50,623 - INFO - joeynmt.training - 	Reference:  high on the agenda are plans for greater nuclear co @-@ operation .
2026-05-11 22:59:50,623 - INFO - joeynmt.training - 	Hypothesis: the Commission is the European Union to be able to be able to be a new new new .
2026-05-11 22:59:50,623 - INFO - joeynmt.training - Example #4
2026-05-11 22:59:50,623 - DEBUG - joeynmt.training - 	Tokenized source:     ['Berich@@', 'ten', 'zu@@', 'fol@@', 'ge', 'ho@@', 'fft', 'Indi@@', 'en', 'darüber', 'hinaus', 'auf', 'einen', 'Ver@@', 'trag', 'zur', 'Ver@@', 'tei@@', 'dig@@', 'ungs@@', 'zusammen@@', 'arbeit', 'zwischen', 'den', 'beiden', 'N@@', 'ationen', '.']
2026-05-11 22:59:50,623 - DEBUG - joeynmt.training - 	Tokenized reference:  ['Indi@@', 'a', 'is', 'also', 're@@', 'porte@@', 'dly', 'hop@@', 'ing', 'for', 'a', 'de@@', 'al', 'on', 'def@@', 'ence', 'c@@', 'oll@@', 'ab@@', 'or@@', 'ation', 'between', 'the', 'two', 'n@@', 'ations', '.']
2026-05-11 22:59:50,623 - DEBUG - joeynmt.training - 	Tokenized hypothesis: ['the', 'Commission', 'is', 'the', 'European', 'Union', 'to', 'be', 'able', 'to', 'be', 'able', 'to', 'the', 'European', 'Union', '.', '</s>']
2026-05-11 22:59:50,623 - INFO - joeynmt.training - 	Source:     Berichten zufolge hofft Indien darüber hinaus auf einen Vertrag zur Verteidigungszusammenarbeit zwischen den beiden Nationen .
2026-05-11 22:59:50,623 - INFO - joeynmt.training - 	Reference:  India is also reportedly hoping for a deal on defence collaboration between the two nations .
2026-05-11 22:59:50,623 - INFO - joeynmt.training - 	Hypothesis: the Commission is the European Union to be able to be able to the European Union .
2026-05-11 23:00:17,030 - INFO - joeynmt.training - Epoch   1, Step:     2100, Batch Loss:     2.793700, Batch Acc: 0.240893, Tokens per Sec:     3462, Lr: 0.000300
2026-05-11 23:00:42,991 - INFO - joeynmt.training - Epoch   1, Step:     2200, Batch Loss:     2.832768, Batch Acc: 0.240663, Tokens per Sec:     3519, Lr: 0.000300
2026-05-11 23:01:08,738 - INFO - joeynmt.training - Epoch   1, Step:     2300, Batch Loss:     3.011366, Batch Acc: 0.244164, Tokens per Sec:     3544, Lr: 0.000300
2026-05-11 23:01:34,614 - INFO - joeynmt.training - Epoch   1, Step:     2400, Batch Loss:     2.890547, Batch Acc: 0.252014, Tokens per Sec:     3469, Lr: 0.000300
2026-05-11 23:02:00,730 - INFO - joeynmt.training - Epoch   1, Step:     2500, Batch Loss:     2.878970, Batch Acc: 0.251560, Tokens per Sec:     3448, Lr: 0.000300
2026-05-11 23:02:00,731 - INFO - joeynmt.prediction - Predicting 500 example(s)... (Greedy decoding with min_output_length=1, max_output_length=-1, return_prob='none', generate_unk=True, repetition_penalty=-1, no_repeat_ngram_size=-1)
2026-05-11 23:03:28,251 - INFO - joeynmt.prediction - Evaluation result (greedy) loss:   3.16, ppl:  23.64, acc:   0.20, generation: 87.5093[sec], evaluation: 0.0000[sec]
2026-05-11 23:03:28,254 - INFO - joeynmt.training - Hooray! New best validation result [ppl]!
2026-05-11 23:03:28,420 - INFO - joeynmt.training - Example #0
2026-05-11 23:03:28,420 - DEBUG - joeynmt.training - 	Tokenized source:     ['die', 'Pre@@', 'mi@@', 'er@@', 'minist@@', 'er', 'Indi@@', 'ens', 'und', 'J@@', 'ap@@', 'ans', 'tra@@', 'fen', 'sich', 'in', 'T@@', 'ok@@', 'i@@', 'o', '.']
2026-05-11 23:03:28,420 - DEBUG - joeynmt.training - 	Tokenized reference:  ['Indi@@', 'a', 'and', 'J@@', 'ap@@', 'an', 'pri@@', 'me', 'minist@@', 'ers', 'me@@', 'et', 'in', 'T@@', 'ok@@', 'y@@', 'o']
2026-05-11 23:03:28,420 - DEBUG - joeynmt.training - 	Tokenized hypothesis: ['the', 'hotel', 'is', 'a', 'great', 'de@@', 'al', 'of', 'the', 'C@@', 'ro@@', 'und', 'of', 'the', 'C@@', 'ro@@', 'und', '.', '</s>']
2026-05-11 23:03:28,421 - INFO - joeynmt.training - 	Source:     die Premierminister Indiens und Japans trafen sich in Tokio .
2026-05-11 23:03:28,421 - INFO - joeynmt.training - 	Reference:  India and Japan prime ministers meet in Tokyo
2026-05-11 23:03:28,421 - INFO - joeynmt.training - 	Hypothesis: the hotel is a great deal of the Cround of the Cround .
2026-05-11 23:03:28,421 - INFO - joeynmt.training - Example #1
2026-05-11 23:03:28,421 - DEBUG - joeynmt.training - 	Tokenized source:     ['Indi@@', 'ens', 'neu@@', 'er', 'Pre@@', 'mi@@', 'er@@', 'minist@@', 'er', 'N@@', 'ar@@', 'end@@', 'ra', 'Mo@@', 'd@@', 'i', 'tri@@', 'fft', 'bei', 's@@', 'einem', 'ersten', 'wichti@@', 'gen', 'Aus@@', 'land@@', 's@@', 'bes@@', 'u@@', 'ch', 'seit', 's@@', 'einem', 'W@@', 'ah@@', 'l@@', 'si@@', 'e@@', 'g', 'im', 'Ma@@', 'i', 'seinen', 'j@@', 'ap@@', 'an@@', 'ischen', 'Am@@', 'ts@@', 'k@@', 'olle@@', 'gen', 'S@@', 'hin@@', 'z@@', 'o', 'A@@', 'be', 'in', 'T@@', 'ok@@', 'o', ',', 'um', 'wirtschaf@@', 'tliche', 'und', 'sicher@@', 'heits@@', 'politische', 'Be@@', 'zieh@@', 'ungen', 'zu', 'bes@@', 'pre@@', 'chen', '.']
2026-05-11 23:03:28,421 - DEBUG - joeynmt.training - 	Tokenized reference:  ['Indi@@', 'a', '&apos;s', 'new', 'pri@@', 'me', 'minist@@', 'er', ',', 'N@@', 'ar@@', 'end@@', 'ra', 'Mo@@', 'd@@', 'i', ',', 'is', 'me@@', 'eting', 'his', 'J@@', 'ap@@', 'an@@', 'ese', 'coun@@', 'ter@@', 'part', ',', 'S@@', 'hin@@', 'z@@', 'o', 'A@@', 'be', ',', 'in', 'T@@', 'ok@@', 'y@@', 'o', 'to', 'disc@@', 'uss', 'economic', 'and', 'security', 'ties', ',', 'on', 'his', 'first', 'major', 'fore@@', 'ign', 'visi@@', 't', 'since', 'w@@', 'inn@@', 'ing', 'Ma@@', 'y', '&apos;s', 'elec@@', 'tion', '.']
2026-05-11 23:03:28,421 - DEBUG - joeynmt.training - 	Tokenized hypothesis: ['the', 'C@@', 'or@@', 'e', 'is', 'a', 're@@', 'la@@', 'x@@', 'ed', 'in', 'the', 'C@@', 'ro@@', 'und', ',', 'the', 'C@@', 'or@@', 'e', ',', 'the', 'C@@', 'or@@', 'e', 'of', 'the', 'C@@', 'or@@', 'd', ',', 'the', 'C@@', 'or@@', 'e', 'of', 'the', 'C@@', 'li@@', 'an', ',', 'the', 'C@@', 'or@@', 'e', 'of', 'the', 'C@@', 'or@@', 'e', ',', 'the', 'C@@', 'or@@', 'e', 'of', 'the', 'C@@', 'ol@@', 'a', '&apos;s', '&apos;s', '&apos;s', 'the', 'C@@', 'ro@@', 'w', 'of', 'the', 'C@@', 'or@@', 'd', 'of', 'the', 'C@@', 'ol@@', 'and', 'the', 'C@@', 'ol@@', 'ol@@', 'ol@@', 'ol@@', 'a', ',', 'the', 'C@@', 'le', 'of', 'the', 'C@@', 'z@@', 'z@@', 'z@@', 'z@@', 'z@@', 'z@@', 'z@@', 'z@@', 'z@@', 'z@@', 'z@@', 'z@@', 'z@@', 'z@@', 'z@@', 'z@@', 'z@@', 'z@@', 'z@@', 'z@@', 'z@@', 'z@@', 'z@@', 'z@@', 'and', ',', 'and', ',', 'and', ',', 'and', 'and', 'and', 'the', 'C@@', 'i@@', 'i@@', 'i@@', 'i@@', 'i@@', 'i@@', 'i@@', 'i', ',', 'and', ',', 'and']
2026-05-11 23:03:28,421 - INFO - joeynmt.training - 	Source:     Indiens neuer Premierminister Narendra Modi trifft bei seinem ersten wichtigen Auslandsbesuch seit seinem Wahlsieg im Mai seinen japanischen Amtskollegen Shinzo Abe in Toko , um wirtschaftliche und sicherheitspolitische Beziehungen zu besprechen .
2026-05-11 23:03:28,421 - INFO - joeynmt.training - 	Reference:  India &apos;s new prime minister , Narendra Modi , is meeting his Japanese counterpart , Shinzo Abe , in Tokyo to discuss economic and security ties , on his first major foreign visit since winning May &apos;s election .
2026-05-11 23:03:28,421 - INFO - joeynmt.training - 	Hypothesis: the Core is a relaxed in the Cround , the Core , the Core of the Cord , the Core of the Clian , the Core of the Core , the Core of the Cola &apos;s &apos;s &apos;s the Crow of the Cord of the Coland the Colololola , the Cle of the Czzzzzzzzzzzzzzzzzzzzzzzzand , and , and , and and and the Ciiiiiiii , and , and
2026-05-11 23:03:28,421 - INFO - joeynmt.training - Example #2
2026-05-11 23:03:28,421 - DEBUG - joeynmt.training - 	Tokenized source:     ['Herr', 'Mo@@', 'd@@', 'i', 'befindet', 'sich', 'auf', 'einer', 'fü@@', 'n@@', 'f@@', 'tä@@', 'gi@@', 'gen', 'Rei@@', 'se', 'nach', 'J@@', 'ap@@', 'an', ',', 'um', 'die', 'wirtschaf@@', 'tlichen', 'Be@@', 'zieh@@', 'ungen', 'mit', 'der', 'd@@', 'rit@@', 't@@', 'größ@@', 'ten', 'Wirtschafts@@', 'n@@', 'ation', 'der', 'Welt', 'zu', 'fes@@', 'tigen', '.']
2026-05-11 23:03:28,422 - DEBUG - joeynmt.training - 	Tokenized reference:  ['Mr', 'Mo@@', 'd@@', 'i', 'is', 'on', 'a', 'fi@@', 've', '@@@', '-@@', '@', 'day', 'tri@@', 'p', 'to', 'J@@', 'ap@@', 'an', 'to', 'streng@@', 'then', 'economic', 'ties', 'with', 'the', 'third', 'lar@@', 'ges@@', 't', 'econom@@', 'y', 'in', 'the', 'world', '.']
2026-05-11 23:03:28,422 - DEBUG - joeynmt.training - 	Tokenized hypothesis: ['the', 'first', 'of', 'the', 'C@@', 'or@@', 'd', 'is', 'a', 're@@', 'lev@@', 'ant', 'of', 'the', 'European', 'Union', ',', 'the', 'European', 'Union', ',', 'the', 'European', 'Union', ',', 'the', 'European', 'Union', ',', 'the', 'European', 'Union', ',', 'the', 'most', 'important', 'of', 'the', 'European', 'Union', ',', 'the', 'European', 'Union', ',', 'the', 'most', 'important', 'of', 'the', 'European', 'Union', '.', '</s>']
2026-05-11 23:03:28,422 - INFO - joeynmt.training - 	Source:     Herr Modi befindet sich auf einer fünftägigen Reise nach Japan , um die wirtschaftlichen Beziehungen mit der drittgrößten Wirtschaftsnation der Welt zu festigen .
2026-05-11 23:03:28,422 - INFO - joeynmt.training - 	Reference:  Mr Modi is on a five @-@ day trip to Japan to strengthen economic ties with the third largest economy in the world .
2026-05-11 23:03:28,422 - INFO - joeynmt.training - 	Hypothesis: the first of the Cord is a relevant of the European Union , the European Union , the European Union , the European Union , the European Union , the most important of the European Union , the European Union , the most important of the European Union .
2026-05-11 23:03:28,422 - INFO - joeynmt.training - Example #3
2026-05-11 23:03:28,422 - DEBUG - joeynmt.training - 	Tokenized source:     ['P@@', 'län@@', 'e', 'für', 'eine', 'stärk@@', 'ere', 'k@@', 'ern@@', 'techn@@', 'ische', 'Zusammenarbeit', 'stehen', 'ganz', 'ob@@', 'en', 'auf', 'der', 'Tag@@', 'es@@', 'ordnung', '.']
2026-05-11 23:03:28,422 - DEBUG - joeynmt.training - 	Tokenized reference:  ['high', 'on', 'the', 'agen@@', 'da', 'are', 'pl@@', 'ans', 'for', 'gre@@', 'ater', 'nu@@', 'clear', 'c@@', 'o', '@@@', '-@@', '@', 'operation', '.']
2026-05-11 23:03:28,422 - DEBUG - joeynmt.training - 	Tokenized hypothesis: ['the', 'first', 'time', ',', 'the', 're@@', 'lev@@', 'ant', 'is', 'the', 'most', 'important', 'of', 'the', 'European', 'Union', '.', '</s>']
2026-05-11 23:03:28,422 - INFO - joeynmt.training - 	Source:     Pläne für eine stärkere kerntechnische Zusammenarbeit stehen ganz oben auf der Tagesordnung .
2026-05-11 23:03:28,422 - INFO - joeynmt.training - 	Reference:  high on the agenda are plans for greater nuclear co @-@ operation .
2026-05-11 23:03:28,422 - INFO - joeynmt.training - 	Hypothesis: the first time , the relevant is the most important of the European Union .
2026-05-11 23:03:28,422 - INFO - joeynmt.training - Example #4
2026-05-11 23:03:28,422 - DEBUG - joeynmt.training - 	Tokenized source:     ['Berich@@', 'ten', 'zu@@', 'fol@@', 'ge', 'ho@@', 'fft', 'Indi@@', 'en', 'darüber', 'hinaus', 'auf', 'einen', 'Ver@@', 'trag', 'zur', 'Ver@@', 'tei@@', 'dig@@', 'ungs@@', 'zusammen@@', 'arbeit', 'zwischen', 'den', 'beiden', 'N@@', 'ationen', '.']
2026-05-11 23:03:28,422 - DEBUG - joeynmt.training - 	Tokenized reference:  ['Indi@@', 'a', 'is', 'also', 're@@', 'porte@@', 'dly', 'hop@@', 'ing', 'for', 'a', 'de@@', 'al', 'on', 'def@@', 'ence', 'c@@', 'oll@@', 'ab@@', 'or@@', 'ation', 'between', 'the', 'two', 'n@@', 'ations', '.']
2026-05-11 23:03:28,422 - DEBUG - joeynmt.training - 	Tokenized hypothesis: ['the', 'Commission', 'is', 'the', 'European', 'Union', 'to', 'be', 'able', 'to', 'the', 'European', 'Union', 'and', 'the', 'European', 'Union', '.', '</s>']
2026-05-11 23:03:28,423 - INFO - joeynmt.training - 	Source:     Berichten zufolge hofft Indien darüber hinaus auf einen Vertrag zur Verteidigungszusammenarbeit zwischen den beiden Nationen .
2026-05-11 23:03:28,423 - INFO - joeynmt.training - 	Reference:  India is also reportedly hoping for a deal on defence collaboration between the two nations .
2026-05-11 23:03:28,423 - INFO - joeynmt.training - 	Hypothesis: the Commission is the European Union to be able to the European Union and the European Union .
2026-05-11 23:03:55,022 - INFO - joeynmt.training - Epoch   1, Step:     2600, Batch Loss:     2.745072, Batch Acc: 0.256991, Tokens per Sec:     3453, Lr: 0.000300
2026-05-11 23:04:21,191 - INFO - joeynmt.training - Epoch   1, Step:     2700, Batch Loss:     2.803136, Batch Acc: 0.256712, Tokens per Sec:     3531, Lr: 0.000300
2026-05-11 23:04:48,015 - INFO - joeynmt.training - Epoch   1, Step:     2800, Batch Loss:     2.810887, Batch Acc: 0.257323, Tokens per Sec:     3429, Lr: 0.000300
2026-05-11 23:05:14,056 - INFO - joeynmt.training - Epoch   1, Step:     2900, Batch Loss:     2.806371, Batch Acc: 0.263925, Tokens per Sec:     3507, Lr: 0.000300
2026-05-11 23:05:39,918 - INFO - joeynmt.training - Epoch   1, Step:     3000, Batch Loss:     2.678746, Batch Acc: 0.265427, Tokens per Sec:     3563, Lr: 0.000300
2026-05-11 23:05:39,919 - INFO - joeynmt.prediction - Predicting 500 example(s)... (Greedy decoding with min_output_length=1, max_output_length=-1, return_prob='none', generate_unk=True, repetition_penalty=-1, no_repeat_ngram_size=-1)
2026-05-11 23:06:49,403 - INFO - joeynmt.prediction - Evaluation result (greedy) loss:   3.12, ppl:  22.56, acc:   0.21, generation: 69.4751[sec], evaluation: 0.0000[sec]
2026-05-11 23:06:49,406 - INFO - joeynmt.training - Hooray! New best validation result [ppl]!
2026-05-11 23:06:49,748 - INFO - joeynmt.helpers - delete models/deen_transformer_post/500.ckpt
2026-05-11 23:06:49,753 - INFO - joeynmt.training - Example #0
2026-05-11 23:06:49,753 - DEBUG - joeynmt.training - 	Tokenized source:     ['die', 'Pre@@', 'mi@@', 'er@@', 'minist@@', 'er', 'Indi@@', 'ens', 'und', 'J@@', 'ap@@', 'ans', 'tra@@', 'fen', 'sich', 'in', 'T@@', 'ok@@', 'i@@', 'o', '.']
2026-05-11 23:06:49,753 - DEBUG - joeynmt.training - 	Tokenized reference:  ['Indi@@', 'a', 'and', 'J@@', 'ap@@', 'an', 'pri@@', 'me', 'minist@@', 'ers', 'me@@', 'et', 'in', 'T@@', 'ok@@', 'y@@', 'o']
2026-05-11 23:06:49,753 - DEBUG - joeynmt.training - 	Tokenized hypothesis: ['the', 'C@@', 'or@@', 'e', 'of', 'the', 'C@@', 'or@@', 'e', 'of', 'the', 'C@@', 'or@@', 'e', 'of', 'the', 'C@@', 'or@@', 'e', '.', '</s>']
2026-05-11 23:06:49,753 - INFO - joeynmt.training - 	Source:     die Premierminister Indiens und Japans trafen sich in Tokio .
2026-05-11 23:06:49,753 - INFO - joeynmt.training - 	Reference:  India and Japan prime ministers meet in Tokyo
2026-05-11 23:06:49,753 - INFO - joeynmt.training - 	Hypothesis: the Core of the Core of the Core of the Core .
2026-05-11 23:06:49,753 - INFO - joeynmt.training - Example #1
2026-05-11 23:06:49,753 - DEBUG - joeynmt.training - 	Tokenized source:     ['Indi@@', 'ens', 'neu@@', 'er', 'Pre@@', 'mi@@', 'er@@', 'minist@@', 'er', 'N@@', 'ar@@', 'end@@', 'ra', 'Mo@@', 'd@@', 'i', 'tri@@', 'fft', 'bei', 's@@', 'einem', 'ersten', 'wichti@@', 'gen', 'Aus@@', 'land@@', 's@@', 'bes@@', 'u@@', 'ch', 'seit', 's@@', 'einem', 'W@@', 'ah@@', 'l@@', 'si@@', 'e@@', 'g', 'im', 'Ma@@', 'i', 'seinen', 'j@@', 'ap@@', 'an@@', 'ischen', 'Am@@', 'ts@@', 'k@@', 'olle@@', 'gen', 'S@@', 'hin@@', 'z@@', 'o', 'A@@', 'be', 'in', 'T@@', 'ok@@', 'o', ',', 'um', 'wirtschaf@@', 'tliche', 'und', 'sicher@@', 'heits@@', 'politische', 'Be@@', 'zieh@@', 'ungen', 'zu', 'bes@@', 'pre@@', 'chen', '.']
2026-05-11 23:06:49,754 - DEBUG - joeynmt.training - 	Tokenized reference:  ['Indi@@', 'a', '&apos;s', 'new', 'pri@@', 'me', 'minist@@', 'er', ',', 'N@@', 'ar@@', 'end@@', 'ra', 'Mo@@', 'd@@', 'i', ',', 'is', 'me@@', 'eting', 'his', 'J@@', 'ap@@', 'an@@', 'ese', 'coun@@', 'ter@@', 'part', ',', 'S@@', 'hin@@', 'z@@', 'o', 'A@@', 'be', ',', 'in', 'T@@', 'ok@@', 'y@@', 'o', 'to', 'disc@@', 'uss', 'economic', 'and', 'security', 'ties', ',', 'on', 'his', 'first', 'major', 'fore@@', 'ign', 'visi@@', 't', 'since', 'w@@', 'inn@@', 'ing', 'Ma@@', 'y', '&apos;s', 'elec@@', 'tion', '.']
2026-05-11 23:06:49,754 - DEBUG - joeynmt.training - 	Tokenized hypothesis: ['-LRB-', '-LRB-', 'P@@', 'L', '-RRB-', 'the', 'C@@', 'or@@', 'e', 'of', 'the', 'C@@', 'or@@', 'e', 'of', 'the', 'C@@', 'or@@', 'e', 'of', 'the', 'C@@', 'or@@', 'e', 'of', 'the', 'C@@', 'or@@', 'e', 'of', 'the', 'C@@', 'ro@@', 'ad', ',', 'the', 'C@@', 'ro@@', 'ad', ',', 'the', 'C@@', 'ro@@', 'ad', 'of', 'the', 'C@@', 'ro@@', 'ad', ',', 'the', 'S@@', 'outh', 'A@@', 'c@@', 'le', 'A@@', 'pri@@', 'l', ',', 'the', 'C@@', 'or@@', 'e', 'of', 'the', 'C@@', 'our@@', 't', 'of', 'the', 'C@@', 'or@@', 'm@@', 'ous', 'C@@', 'ity', 'of', 'the', 'C@@', 'or@@', 'ders', 'of', 'the', 'C@@', 'our@@', 'n@@', 'a', ',', 'the', 'C@@', 'ro@@', 'r', 'of', 'the', 'C@@', 'our@@', 'th', 'of', 'the', 'C@@', 'ro@@', 'r', '.', '</s>']
2026-05-11 23:06:49,754 - INFO - joeynmt.training - 	Source:     Indiens neuer Premierminister Narendra Modi trifft bei seinem ersten wichtigen Auslandsbesuch seit seinem Wahlsieg im Mai seinen japanischen Amtskollegen Shinzo Abe in Toko , um wirtschaftliche und sicherheitspolitische Beziehungen zu besprechen .
2026-05-11 23:06:49,754 - INFO - joeynmt.training - 	Reference:  India &apos;s new prime minister , Narendra Modi , is meeting his Japanese counterpart , Shinzo Abe , in Tokyo to discuss economic and security ties , on his first major foreign visit since winning May &apos;s election .
2026-05-11 23:06:49,754 - INFO - joeynmt.training - 	Hypothesis: -LRB- -LRB- PL -RRB- the Core of the Core of the Core of the Core of the Core of the Croad , the Croad , the Croad of the Croad , the South Acle April , the Core of the Court of the Cormous City of the Corders of the Courna , the Cror of the Courth of the Cror .
2026-05-11 23:06:49,754 - INFO - joeynmt.training - Example #2
2026-05-11 23:06:49,754 - DEBUG - joeynmt.training - 	Tokenized source:     ['Herr', 'Mo@@', 'd@@', 'i', 'befindet', 'sich', 'auf', 'einer', 'fü@@', 'n@@', 'f@@', 'tä@@', 'gi@@', 'gen', 'Rei@@', 'se', 'nach', 'J@@', 'ap@@', 'an', ',', 'um', 'die', 'wirtschaf@@', 'tlichen', 'Be@@', 'zieh@@', 'ungen', 'mit', 'der', 'd@@', 'rit@@', 't@@', 'größ@@', 'ten', 'Wirtschafts@@', 'n@@', 'ation', 'der', 'Welt', 'zu', 'fes@@', 'tigen', '.']
2026-05-11 23:06:49,754 - DEBUG - joeynmt.training - 	Tokenized reference:  ['Mr', 'Mo@@', 'd@@', 'i', 'is', 'on', 'a', 'fi@@', 've', '@@@', '-@@', '@', 'day', 'tri@@', 'p', 'to', 'J@@', 'ap@@', 'an', 'to', 'streng@@', 'then', 'economic', 'ties', 'with', 'the', 'third', 'lar@@', 'ges@@', 't', 'econom@@', 'y', 'in', 'the', 'world', '.']
2026-05-11 23:06:49,754 - DEBUG - joeynmt.training - 	Tokenized hypothesis: ['Mr', 'President', ',', 'the', 'first', 'of', 'the', 'C@@', 'or@@', 'e', 'of', 'the', 'European', 'Union', ',', 'the', 'most', 'of', 'the', 'European', 'Union', ',', 'the', 'European', 'Union', ',', 'the', 'European', 'Union', ',', 'the', 'European', 'Union', ',', 'the', 'European', 'Union', ',', 'the', 'European', 'Union', '&apos;s', 'pro@@', 'gress', '.', '</s>']
2026-05-11 23:06:49,754 - INFO - joeynmt.training - 	Source:     Herr Modi befindet sich auf einer fünftägigen Reise nach Japan , um die wirtschaftlichen Beziehungen mit der drittgrößten Wirtschaftsnation der Welt zu festigen .
2026-05-11 23:06:49,754 - INFO - joeynmt.training - 	Reference:  Mr Modi is on a five @-@ day trip to Japan to strengthen economic ties with the third largest economy in the world .
2026-05-11 23:06:49,754 - INFO - joeynmt.training - 	Hypothesis: Mr President , the first of the Core of the European Union , the most of the European Union , the European Union , the European Union , the European Union , the European Union , the European Union &apos;s progress .
2026-05-11 23:06:49,754 - INFO - joeynmt.training - Example #3
2026-05-11 23:06:49,754 - DEBUG - joeynmt.training - 	Tokenized source:     ['P@@', 'län@@', 'e', 'für', 'eine', 'stärk@@', 'ere', 'k@@', 'ern@@', 'techn@@', 'ische', 'Zusammenarbeit', 'stehen', 'ganz', 'ob@@', 'en', 'auf', 'der', 'Tag@@', 'es@@', 'ordnung', '.']
2026-05-11 23:06:49,754 - DEBUG - joeynmt.training - 	Tokenized reference:  ['high', 'on', 'the', 'agen@@', 'da', 'are', 'pl@@', 'ans', 'for', 'gre@@', 'ater', 'nu@@', 'clear', 'c@@', 'o', '@@@', '-@@', '@', 'operation', '.']
2026-05-11 23:06:49,754 - DEBUG - joeynmt.training - 	Tokenized hypothesis: ['-LRB-', 'E@@', 'L', '-RRB-', 'the', 'European', 'Union', '&apos;s', 'pro@@', 'gress', 'is', 'a', 'good', 'way', 'to', 'be', 'able', 'to', 'be', 'able', 'to', 'be', 'able', 'to', 'be', 'a', 'good', '.', '</s>']
2026-05-11 23:06:49,755 - INFO - joeynmt.training - 	Source:     Pläne für eine stärkere kerntechnische Zusammenarbeit stehen ganz oben auf der Tagesordnung .
2026-05-11 23:06:49,755 - INFO - joeynmt.training - 	Reference:  high on the agenda are plans for greater nuclear co @-@ operation .
2026-05-11 23:06:49,755 - INFO - joeynmt.training - 	Hypothesis: -LRB- EL -RRB- the European Union &apos;s progress is a good way to be able to be able to be able to be a good .
2026-05-11 23:06:49,755 - INFO - joeynmt.training - Example #4
2026-05-11 23:06:49,755 - DEBUG - joeynmt.training - 	Tokenized source:     ['Berich@@', 'ten', 'zu@@', 'fol@@', 'ge', 'ho@@', 'fft', 'Indi@@', 'en', 'darüber', 'hinaus', 'auf', 'einen', 'Ver@@', 'trag', 'zur', 'Ver@@', 'tei@@', 'dig@@', 'ungs@@', 'zusammen@@', 'arbeit', 'zwischen', 'den', 'beiden', 'N@@', 'ationen', '.']
2026-05-11 23:06:49,755 - DEBUG - joeynmt.training - 	Tokenized reference:  ['Indi@@', 'a', 'is', 'also', 're@@', 'porte@@', 'dly', 'hop@@', 'ing', 'for', 'a', 'de@@', 'al', 'on', 'def@@', 'ence', 'c@@', 'oll@@', 'ab@@', 'or@@', 'ation', 'between', 'the', 'two', 'n@@', 'ations', '.']
2026-05-11 23:06:49,755 - DEBUG - joeynmt.training - 	Tokenized hypothesis: ['-LRB-', 'E@@', 'L', '-RRB-', 'Madam', 'President', ',', 'the', 'Commission', 'is', 'the', 'European', 'Union', '&apos;s', 'report', 'is', 'the', 'European', 'Union', '-RRB-', '.', '</s>']
2026-05-11 23:06:49,755 - INFO - joeynmt.training - 	Source:     Berichten zufolge hofft Indien darüber hinaus auf einen Vertrag zur Verteidigungszusammenarbeit zwischen den beiden Nationen .
2026-05-11 23:06:49,755 - INFO - joeynmt.training - 	Reference:  India is also reportedly hoping for a deal on defence collaboration between the two nations .
2026-05-11 23:06:49,755 - INFO - joeynmt.training - 	Hypothesis: -LRB- EL -RRB- Madam President , the Commission is the European Union &apos;s report is the European Union -RRB- .
2026-05-11 23:07:15,749 - INFO - joeynmt.training - Epoch   1, Step:     3100, Batch Loss:     2.724509, Batch Acc: 0.270612, Tokens per Sec:     3527, Lr: 0.000300
2026-05-11 23:07:41,592 - INFO - joeynmt.training - Epoch   1, Step:     3200, Batch Loss:     2.621252, Batch Acc: 0.273203, Tokens per Sec:     3524, Lr: 0.000300
2026-05-11 23:08:07,499 - INFO - joeynmt.training - Epoch   1, Step:     3300, Batch Loss:     2.710624, Batch Acc: 0.275634, Tokens per Sec:     3522, Lr: 0.000300
2026-05-11 23:08:33,528 - INFO - joeynmt.training - Epoch   1, Step:     3400, Batch Loss:     2.577519, Batch Acc: 0.279742, Tokens per Sec:     3570, Lr: 0.000300
2026-05-11 23:08:59,899 - INFO - joeynmt.training - Epoch   1, Step:     3500, Batch Loss:     2.582759, Batch Acc: 0.275197, Tokens per Sec:     3478, Lr: 0.000300
2026-05-11 23:08:59,899 - INFO - joeynmt.prediction - Predicting 500 example(s)... (Greedy decoding with min_output_length=1, max_output_length=-1, return_prob='none', generate_unk=True, repetition_penalty=-1, no_repeat_ngram_size=-1)
2026-05-11 23:09:32,885 - INFO - joeynmt.prediction - Evaluation result (greedy) loss:   3.07, ppl:  21.51, acc:   0.22, generation: 32.9789[sec], evaluation: 0.0000[sec]
2026-05-11 23:09:32,888 - INFO - joeynmt.training - Hooray! New best validation result [ppl]!
2026-05-11 23:09:33,046 - INFO - joeynmt.helpers - delete models/deen_transformer_post/1000.ckpt
2026-05-11 23:09:33,050 - INFO - joeynmt.training - Example #0
2026-05-11 23:09:33,051 - DEBUG - joeynmt.training - 	Tokenized source:     ['die', 'Pre@@', 'mi@@', 'er@@', 'minist@@', 'er', 'Indi@@', 'ens', 'und', 'J@@', 'ap@@', 'ans', 'tra@@', 'fen', 'sich', 'in', 'T@@', 'ok@@', 'i@@', 'o', '.']
2026-05-11 23:09:33,051 - DEBUG - joeynmt.training - 	Tokenized reference:  ['Indi@@', 'a', 'and', 'J@@', 'ap@@', 'an', 'pri@@', 'me', 'minist@@', 'ers', 'me@@', 'et', 'in', 'T@@', 'ok@@', 'y@@', 'o']
2026-05-11 23:09:33,051 - DEBUG - joeynmt.training - 	Tokenized hypothesis: ['the', 'C@@', 'ol@@', 'f', 'is', 'the', 'b@@', 'ig@@', 'ges@@', 't', 'and', 'the', 'b@@', 'ig@@', 'ges@@', 't', 'of', 'the', 'C@@', 'hr@@', 'is@@', 'ti@@', 'an', '.', '</s>']
2026-05-11 23:09:33,051 - INFO - joeynmt.training - 	Source:     die Premierminister Indiens und Japans trafen sich in Tokio .
2026-05-11 23:09:33,051 - INFO - joeynmt.training - 	Reference:  India and Japan prime ministers meet in Tokyo
2026-05-11 23:09:33,051 - INFO - joeynmt.training - 	Hypothesis: the Colf is the biggest and the biggest of the Christian .
2026-05-11 23:09:33,051 - INFO - joeynmt.training - Example #1
2026-05-11 23:09:33,051 - DEBUG - joeynmt.training - 	Tokenized source:     ['Indi@@', 'ens', 'neu@@', 'er', 'Pre@@', 'mi@@', 'er@@', 'minist@@', 'er', 'N@@', 'ar@@', 'end@@', 'ra', 'Mo@@', 'd@@', 'i', 'tri@@', 'fft', 'bei', 's@@', 'einem', 'ersten', 'wichti@@', 'gen', 'Aus@@', 'land@@', 's@@', 'bes@@', 'u@@', 'ch', 'seit', 's@@', 'einem', 'W@@', 'ah@@', 'l@@', 'si@@', 'e@@', 'g', 'im', 'Ma@@', 'i', 'seinen', 'j@@', 'ap@@', 'an@@', 'ischen', 'Am@@', 'ts@@', 'k@@', 'olle@@', 'gen', 'S@@', 'hin@@', 'z@@', 'o', 'A@@', 'be', 'in', 'T@@', 'ok@@', 'o', ',', 'um', 'wirtschaf@@', 'tliche', 'und', 'sicher@@', 'heits@@', 'politische', 'Be@@', 'zieh@@', 'ungen', 'zu', 'bes@@', 'pre@@', 'chen', '.']
2026-05-11 23:09:33,051 - DEBUG - joeynmt.training - 	Tokenized reference:  ['Indi@@', 'a', '&apos;s', 'new', 'pri@@', 'me', 'minist@@', 'er', ',', 'N@@', 'ar@@', 'end@@', 'ra', 'Mo@@', 'd@@', 'i', ',', 'is', 'me@@', 'eting', 'his', 'J@@', 'ap@@', 'an@@', 'ese', 'coun@@', 'ter@@', 'part', ',', 'S@@', 'hin@@', 'z@@', 'o', 'A@@', 'be', ',', 'in', 'T@@', 'ok@@', 'y@@', 'o', 'to', 'disc@@', 'uss', 'economic', 'and', 'security', 'ties', ',', 'on', 'his', 'first', 'major', 'fore@@', 'ign', 'visi@@', 't', 'since', 'w@@', 'inn@@', 'ing', 'Ma@@', 'y', '&apos;s', 'elec@@', 'tion', '.']
2026-05-11 23:09:33,051 - DEBUG - joeynmt.training - 	Tokenized hypothesis: ['the', 'first', 'of', 'the', 'C@@', 'hr@@', 'is@@', 'ti@@', 'an', 'in@@', 'dep@@', 'end@@', 'ent', 'of', 'the', 'C@@', 'hr@@', 'is@@', 'ti@@', 'an', ',', 'the', 're@@', 'st', 'of', 'the', 're@@', 'st', 'of', 'the', 're@@', 'lev@@', 'ant', 'and', 'the', 're@@', 'lev@@', 'ant', 'of', 'the', 'European', 'Union', ',', 'which', 'is', 'the', 're@@', 'lev@@', 'ant', 'of', 'the', 'European', 'Union', ',', 'and', 'the', 'European', 'Union', ',', 'which', 'is', 'the', 're@@', 'lev@@', 'ant', 'of', 'the', 'world', '.', '</s>']
2026-05-11 23:09:33,051 - INFO - joeynmt.training - 	Source:     Indiens neuer Premierminister Narendra Modi trifft bei seinem ersten wichtigen Auslandsbesuch seit seinem Wahlsieg im Mai seinen japanischen Amtskollegen Shinzo Abe in Toko , um wirtschaftliche und sicherheitspolitische Beziehungen zu besprechen .
2026-05-11 23:09:33,051 - INFO - joeynmt.training - 	Reference:  India &apos;s new prime minister , Narendra Modi , is meeting his Japanese counterpart , Shinzo Abe , in Tokyo to discuss economic and security ties , on his first major foreign visit since winning May &apos;s election .
2026-05-11 23:09:33,051 - INFO - joeynmt.training - 	Hypothesis: the first of the Christian independent of the Christian , the rest of the rest of the relevant and the relevant of the European Union , which is the relevant of the European Union , and the European Union , which is the relevant of the world .
2026-05-11 23:09:33,051 - INFO - joeynmt.training - Example #2
2026-05-11 23:09:33,052 - DEBUG - joeynmt.training - 	Tokenized source:     ['Herr', 'Mo@@', 'd@@', 'i', 'befindet', 'sich', 'auf', 'einer', 'fü@@', 'n@@', 'f@@', 'tä@@', 'gi@@', 'gen', 'Rei@@', 'se', 'nach', 'J@@', 'ap@@', 'an', ',', 'um', 'die', 'wirtschaf@@', 'tlichen', 'Be@@', 'zieh@@', 'ungen', 'mit', 'der', 'd@@', 'rit@@', 't@@', 'größ@@', 'ten', 'Wirtschafts@@', 'n@@', 'ation', 'der', 'Welt', 'zu', 'fes@@', 'tigen', '.']
2026-05-11 23:09:33,052 - DEBUG - joeynmt.training - 	Tokenized reference:  ['Mr', 'Mo@@', 'd@@', 'i', 'is', 'on', 'a', 'fi@@', 've', '@@@', '-@@', '@', 'day', 'tri@@', 'p', 'to', 'J@@', 'ap@@', 'an', 'to', 'streng@@', 'then', 'economic', 'ties', 'with', 'the', 'third', 'lar@@', 'ges@@', 't', 'econom@@', 'y', 'in', 'the', 'world', '.']
2026-05-11 23:09:33,052 - DEBUG - joeynmt.training - 	Tokenized hypothesis: ['Mr', 'President', ',', 'the', 'b@@', 'ig@@', 'ges@@', 't', 'of', 'the', 'C@@', 'our@@', 't', 'of', 'the', 'European', 'Union', ',', 'the', 'European', 'Union', ',', 'which', 'is', 'the', 'European', 'Union', 'and', 'the', 'European', 'Union', '.', '</s>']
2026-05-11 23:09:33,052 - INFO - joeynmt.training - 	Source:     Herr Modi befindet sich auf einer fünftägigen Reise nach Japan , um die wirtschaftlichen Beziehungen mit der drittgrößten Wirtschaftsnation der Welt zu festigen .
2026-05-11 23:09:33,052 - INFO - joeynmt.training - 	Reference:  Mr Modi is on a five @-@ day trip to Japan to strengthen economic ties with the third largest economy in the world .
2026-05-11 23:09:33,052 - INFO - joeynmt.training - 	Hypothesis: Mr President , the biggest of the Court of the European Union , the European Union , which is the European Union and the European Union .
2026-05-11 23:09:33,052 - INFO - joeynmt.training - Example #3
2026-05-11 23:09:33,052 - DEBUG - joeynmt.training - 	Tokenized source:     ['P@@', 'län@@', 'e', 'für', 'eine', 'stärk@@', 'ere', 'k@@', 'ern@@', 'techn@@', 'ische', 'Zusammenarbeit', 'stehen', 'ganz', 'ob@@', 'en', 'auf', 'der', 'Tag@@', 'es@@', 'ordnung', '.']
2026-05-11 23:09:33,052 - DEBUG - joeynmt.training - 	Tokenized reference:  ['high', 'on', 'the', 'agen@@', 'da', 'are', 'pl@@', 'ans', 'for', 'gre@@', 'ater', 'nu@@', 'clear', 'c@@', 'o', '@@@', '-@@', '@', 'operation', '.']
2026-05-11 23:09:33,052 - DEBUG - joeynmt.training - 	Tokenized hypothesis: ['the', 'EU', 'must', 'be', 'able', 'to', 'be', 'able', 'to', 'be', 'able', 'to', 'the', 'Council', 'and', 'the', 'Council', '.', '</s>']
2026-05-11 23:09:33,052 - INFO - joeynmt.training - 	Source:     Pläne für eine stärkere kerntechnische Zusammenarbeit stehen ganz oben auf der Tagesordnung .
2026-05-11 23:09:33,052 - INFO - joeynmt.training - 	Reference:  high on the agenda are plans for greater nuclear co @-@ operation .
2026-05-11 23:09:33,052 - INFO - joeynmt.training - 	Hypothesis: the EU must be able to be able to be able to the Council and the Council .
2026-05-11 23:09:33,052 - INFO - joeynmt.training - Example #4
2026-05-11 23:09:33,052 - DEBUG - joeynmt.training - 	Tokenized source:     ['Berich@@', 'ten', 'zu@@', 'fol@@', 'ge', 'ho@@', 'fft', 'Indi@@', 'en', 'darüber', 'hinaus', 'auf', 'einen', 'Ver@@', 'trag', 'zur', 'Ver@@', 'tei@@', 'dig@@', 'ungs@@', 'zusammen@@', 'arbeit', 'zwischen', 'den', 'beiden', 'N@@', 'ationen', '.']
2026-05-11 23:09:33,052 - DEBUG - joeynmt.training - 	Tokenized reference:  ['Indi@@', 'a', 'is', 'also', 're@@', 'porte@@', 'dly', 'hop@@', 'ing', 'for', 'a', 'de@@', 'al', 'on', 'def@@', 'ence', 'c@@', 'oll@@', 'ab@@', 'or@@', 'ation', 'between', 'the', 'two', 'n@@', 'ations', '.']
2026-05-11 23:09:33,052 - DEBUG - joeynmt.training - 	Tokenized hypothesis: ['the', 'Commission', '&apos;s', 'report', ',', 'the', 'Council', 'has', 'been', 'made', 'by', 'the', 'European', 'Union', '&apos;s', 'report', 'on', 'the', 'con@@', 'fi@@', 'dence', 'of', 'the', 'European', 'Union', '.', '</s>']
2026-05-11 23:09:33,053 - INFO - joeynmt.training - 	Source:     Berichten zufolge hofft Indien darüber hinaus auf einen Vertrag zur Verteidigungszusammenarbeit zwischen den beiden Nationen .
2026-05-11 23:09:33,053 - INFO - joeynmt.training - 	Reference:  India is also reportedly hoping for a deal on defence collaboration between the two nations .
2026-05-11 23:09:33,053 - INFO - joeynmt.training - 	Hypothesis: the Commission &apos;s report , the Council has been made by the European Union &apos;s report on the confidence of the European Union .
2026-05-11 23:09:59,023 - INFO - joeynmt.training - Epoch   1, Step:     3600, Batch Loss:     2.962385, Batch Acc: 0.279507, Tokens per Sec:     3530, Lr: 0.000300
2026-05-11 23:10:24,966 - INFO - joeynmt.training - Epoch   1, Step:     3700, Batch Loss:     2.579587, Batch Acc: 0.276761, Tokens per Sec:     3559, Lr: 0.000300
2026-05-11 23:10:51,021 - INFO - joeynmt.training - Epoch   1, Step:     3800, Batch Loss:     2.723683, Batch Acc: 0.283033, Tokens per Sec:     3545, Lr: 0.000300
2026-05-11 23:11:18,004 - INFO - joeynmt.training - Epoch   1, Step:     3900, Batch Loss:     2.633020, Batch Acc: 0.284952, Tokens per Sec:     3445, Lr: 0.000300
2026-05-11 23:11:44,138 - INFO - joeynmt.training - Epoch   1, Step:     4000, Batch Loss:     2.586066, Batch Acc: 0.288834, Tokens per Sec:     3526, Lr: 0.000300
2026-05-11 23:11:44,139 - INFO - joeynmt.prediction - Predicting 500 example(s)... (Greedy decoding with min_output_length=1, max_output_length=-1, return_prob='none', generate_unk=True, repetition_penalty=-1, no_repeat_ngram_size=-1)
2026-05-11 23:12:26,967 - INFO - joeynmt.prediction - Evaluation result (greedy) loss:   3.03, ppl:  20.74, acc:   0.22, generation: 42.8195[sec], evaluation: 0.0000[sec]
2026-05-11 23:12:26,970 - INFO - joeynmt.training - Hooray! New best validation result [ppl]!
2026-05-11 23:12:27,135 - INFO - joeynmt.helpers - delete models/deen_transformer_post/1500.ckpt
2026-05-11 23:12:27,141 - INFO - joeynmt.training - Example #0
2026-05-11 23:12:27,141 - DEBUG - joeynmt.training - 	Tokenized source:     ['die', 'Pre@@', 'mi@@', 'er@@', 'minist@@', 'er', 'Indi@@', 'ens', 'und', 'J@@', 'ap@@', 'ans', 'tra@@', 'fen', 'sich', 'in', 'T@@', 'ok@@', 'i@@', 'o', '.']
2026-05-11 23:12:27,141 - DEBUG - joeynmt.training - 	Tokenized reference:  ['Indi@@', 'a', 'and', 'J@@', 'ap@@', 'an', 'pri@@', 'me', 'minist@@', 'ers', 'me@@', 'et', 'in', 'T@@', 'ok@@', 'y@@', 'o']
2026-05-11 23:12:27,141 - DEBUG - joeynmt.training - 	Tokenized hypothesis: ['the', 'most', 'of', 'the', 'most', 'of', 'the', 'most', 'of', 'the', 'people', 'of', 'the', 'C@@', 'an@@', 'o@@', 'u', '.', '</s>']
2026-05-11 23:12:27,141 - INFO - joeynmt.training - 	Source:     die Premierminister Indiens und Japans trafen sich in Tokio .
2026-05-11 23:12:27,141 - INFO - joeynmt.training - 	Reference:  India and Japan prime ministers meet in Tokyo
2026-05-11 23:12:27,141 - INFO - joeynmt.training - 	Hypothesis: the most of the most of the most of the people of the Canou .
2026-05-11 23:12:27,141 - INFO - joeynmt.training - Example #1
2026-05-11 23:12:27,141 - DEBUG - joeynmt.training - 	Tokenized source:     ['Indi@@', 'ens', 'neu@@', 'er', 'Pre@@', 'mi@@', 'er@@', 'minist@@', 'er', 'N@@', 'ar@@', 'end@@', 'ra', 'Mo@@', 'd@@', 'i', 'tri@@', 'fft', 'bei', 's@@', 'einem', 'ersten', 'wichti@@', 'gen', 'Aus@@', 'land@@', 's@@', 'bes@@', 'u@@', 'ch', 'seit', 's@@', 'einem', 'W@@', 'ah@@', 'l@@', 'si@@', 'e@@', 'g', 'im', 'Ma@@', 'i', 'seinen', 'j@@', 'ap@@', 'an@@', 'ischen', 'Am@@', 'ts@@', 'k@@', 'olle@@', 'gen', 'S@@', 'hin@@', 'z@@', 'o', 'A@@', 'be', 'in', 'T@@', 'ok@@', 'o', ',', 'um', 'wirtschaf@@', 'tliche', 'und', 'sicher@@', 'heits@@', 'politische', 'Be@@', 'zieh@@', 'ungen', 'zu', 'bes@@', 'pre@@', 'chen', '.']
2026-05-11 23:12:27,141 - DEBUG - joeynmt.training - 	Tokenized reference:  ['Indi@@', 'a', '&apos;s', 'new', 'pri@@', 'me', 'minist@@', 'er', ',', 'N@@', 'ar@@', 'end@@', 'ra', 'Mo@@', 'd@@', 'i', ',', 'is', 'me@@', 'eting', 'his', 'J@@', 'ap@@', 'an@@', 'ese', 'coun@@', 'ter@@', 'part', ',', 'S@@', 'hin@@', 'z@@', 'o', 'A@@', 'be', ',', 'in', 'T@@', 'ok@@', 'y@@', 'o', 'to', 'disc@@', 'uss', 'economic', 'and', 'security', 'ties', ',', 'on', 'his', 'first', 'major', 'fore@@', 'ign', 'visi@@', 't', 'since', 'w@@', 'inn@@', 'ing', 'Ma@@', 'y', '&apos;s', 'elec@@', 'tion', '.']
2026-05-11 23:12:27,141 - DEBUG - joeynmt.training - 	Tokenized hypothesis: ['in', 'the', 'con@@', 'text', 'of', 'the', 'C@@', 'an@@', 'o@@', 'o@@', 'o@@', 'o@@', 'k', 'was', 'a', 'very', 'important', 'of', 'the', 'C@@', 'our@@', 't', 'of', 'the', 'C@@', 'an@@', 'o@@', 'u', 'of', 'the', 'C@@', 'our@@', 't', 'of', 'the', 'European', 'Union', 'and', 'the', 'European', 'Union', ',', 'and', 'the', 'European', 'Union', 'and', 'the', 'European', 'Union', 'to', 'be', 'a', 'very', 'important', 'of', 'the', 'European', 'Union', '.', '</s>']
2026-05-11 23:12:27,142 - INFO - joeynmt.training - 	Source:     Indiens neuer Premierminister Narendra Modi trifft bei seinem ersten wichtigen Auslandsbesuch seit seinem Wahlsieg im Mai seinen japanischen Amtskollegen Shinzo Abe in Toko , um wirtschaftliche und sicherheitspolitische Beziehungen zu besprechen .
2026-05-11 23:12:27,142 - INFO - joeynmt.training - 	Reference:  India &apos;s new prime minister , Narendra Modi , is meeting his Japanese counterpart , Shinzo Abe , in Tokyo to discuss economic and security ties , on his first major foreign visit since winning May &apos;s election .
2026-05-11 23:12:27,142 - INFO - joeynmt.training - 	Hypothesis: in the context of the Canooook was a very important of the Court of the Canou of the Court of the European Union and the European Union , and the European Union and the European Union to be a very important of the European Union .
2026-05-11 23:12:27,142 - INFO - joeynmt.training - Example #2
2026-05-11 23:12:27,142 - DEBUG - joeynmt.training - 	Tokenized source:     ['Herr', 'Mo@@', 'd@@', 'i', 'befindet', 'sich', 'auf', 'einer', 'fü@@', 'n@@', 'f@@', 'tä@@', 'gi@@', 'gen', 'Rei@@', 'se', 'nach', 'J@@', 'ap@@', 'an', ',', 'um', 'die', 'wirtschaf@@', 'tlichen', 'Be@@', 'zieh@@', 'ungen', 'mit', 'der', 'd@@', 'rit@@', 't@@', 'größ@@', 'ten', 'Wirtschafts@@', 'n@@', 'ation', 'der', 'Welt', 'zu', 'fes@@', 'tigen', '.']
2026-05-11 23:12:27,142 - DEBUG - joeynmt.training - 	Tokenized reference:  ['Mr', 'Mo@@', 'd@@', 'i', 'is', 'on', 'a', 'fi@@', 've', '@@@', '-@@', '@', 'day', 'tri@@', 'p', 'to', 'J@@', 'ap@@', 'an', 'to', 'streng@@', 'then', 'economic', 'ties', 'with', 'the', 'third', 'lar@@', 'ges@@', 't', 'econom@@', 'y', 'in', 'the', 'world', '.']
2026-05-11 23:12:27,142 - DEBUG - joeynmt.training - 	Tokenized hypothesis: ['Mr', 'President', ',', 'the', 'hotel', 'is', 'a', 'very', 'important', 'for', 'the', 'most', 'important', 'of', 'the', 'European', 'Union', 'and', 'the', 'European', 'Union', 'to', 'be', 'a', 'very', 'important', 'of', 'the', 'European', 'Union', '.', '</s>']
2026-05-11 23:12:27,142 - INFO - joeynmt.training - 	Source:     Herr Modi befindet sich auf einer fünftägigen Reise nach Japan , um die wirtschaftlichen Beziehungen mit der drittgrößten Wirtschaftsnation der Welt zu festigen .
2026-05-11 23:12:27,142 - INFO - joeynmt.training - 	Reference:  Mr Modi is on a five @-@ day trip to Japan to strengthen economic ties with the third largest economy in the world .
2026-05-11 23:12:27,142 - INFO - joeynmt.training - 	Hypothesis: Mr President , the hotel is a very important for the most important of the European Union and the European Union to be a very important of the European Union .
2026-05-11 23:12:27,142 - INFO - joeynmt.training - Example #3
2026-05-11 23:12:27,142 - DEBUG - joeynmt.training - 	Tokenized source:     ['P@@', 'län@@', 'e', 'für', 'eine', 'stärk@@', 'ere', 'k@@', 'ern@@', 'techn@@', 'ische', 'Zusammenarbeit', 'stehen', 'ganz', 'ob@@', 'en', 'auf', 'der', 'Tag@@', 'es@@', 'ordnung', '.']
2026-05-11 23:12:27,142 - DEBUG - joeynmt.training - 	Tokenized reference:  ['high', 'on', 'the', 'agen@@', 'da', 'are', 'pl@@', 'ans', 'for', 'gre@@', 'ater', 'nu@@', 'clear', 'c@@', 'o', '@@@', '-@@', '@', 'operation', '.']
2026-05-11 23:12:27,142 - DEBUG - joeynmt.training - 	Tokenized hypothesis: ['the', 'most', 'important', 'important', 'policy', 'is', 'to', 'be', 'able', 'to', 'be', 'able', 'to', 'be', 'a', 'very', 'important', '.', '</s>']
2026-05-11 23:12:27,142 - INFO - joeynmt.training - 	Source:     Pläne für eine stärkere kerntechnische Zusammenarbeit stehen ganz oben auf der Tagesordnung .
2026-05-11 23:12:27,142 - INFO - joeynmt.training - 	Reference:  high on the agenda are plans for greater nuclear co @-@ operation .
2026-05-11 23:12:27,143 - INFO - joeynmt.training - 	Hypothesis: the most important important policy is to be able to be able to be a very important .
2026-05-11 23:12:27,143 - INFO - joeynmt.training - Example #4
2026-05-11 23:12:27,143 - DEBUG - joeynmt.training - 	Tokenized source:     ['Berich@@', 'ten', 'zu@@', 'fol@@', 'ge', 'ho@@', 'fft', 'Indi@@', 'en', 'darüber', 'hinaus', 'auf', 'einen', 'Ver@@', 'trag', 'zur', 'Ver@@', 'tei@@', 'dig@@', 'ungs@@', 'zusammen@@', 'arbeit', 'zwischen', 'den', 'beiden', 'N@@', 'ationen', '.']
2026-05-11 23:12:27,143 - DEBUG - joeynmt.training - 	Tokenized reference:  ['Indi@@', 'a', 'is', 'also', 're@@', 'porte@@', 'dly', 'hop@@', 'ing', 'for', 'a', 'de@@', 'al', 'on', 'def@@', 'ence', 'c@@', 'oll@@', 'ab@@', 'or@@', 'ation', 'between', 'the', 'two', 'n@@', 'ations', '.']
2026-05-11 23:12:27,143 - DEBUG - joeynmt.training - 	Tokenized hypothesis: ['the', 'first', 'of', 'the', 'Committee', 'on', 'A@@', 'men@@', 'd@@', 'ment', ',', 'the', 'Commission', 'has', 'been', 'made', 'in', 'the', 'European', 'Union', '.', '</s>']
2026-05-11 23:12:27,143 - INFO - joeynmt.training - 	Source:     Berichten zufolge hofft Indien darüber hinaus auf einen Vertrag zur Verteidigungszusammenarbeit zwischen den beiden Nationen .
2026-05-11 23:12:27,143 - INFO - joeynmt.training - 	Reference:  India is also reportedly hoping for a deal on defence collaboration between the two nations .
2026-05-11 23:12:27,143 - INFO - joeynmt.training - 	Hypothesis: the first of the Committee on Amendment , the Commission has been made in the European Union .
2026-05-11 23:12:43,046 - INFO - joeynmt.training - Epoch   1: total training loss 12256.66
2026-05-11 23:12:43,047 - INFO - joeynmt.training - EPOCH 2
2026-05-11 23:12:52,561 - INFO - joeynmt.training - Epoch   2, Step:     4100, Batch Loss:     2.636261, Batch Acc: 0.291776, Tokens per Sec:     3488, Lr: 0.000300
2026-05-11 23:13:18,009 - INFO - joeynmt.training - Epoch   2, Step:     4200, Batch Loss:     2.662101, Batch Acc: 0.290825, Tokens per Sec:     3630, Lr: 0.000300
2026-05-11 23:13:44,132 - INFO - joeynmt.training - Epoch   2, Step:     4300, Batch Loss:     2.561323, Batch Acc: 0.293532, Tokens per Sec:     3475, Lr: 0.000300
2026-05-11 23:14:11,198 - INFO - joeynmt.training - Epoch   2, Step:     4400, Batch Loss:     2.725298, Batch Acc: 0.293514, Tokens per Sec:     3409, Lr: 0.000300
2026-05-11 23:14:37,892 - INFO - joeynmt.training - Epoch   2, Step:     4500, Batch Loss:     2.745947, Batch Acc: 0.295605, Tokens per Sec:     3468, Lr: 0.000300
2026-05-11 23:14:37,892 - INFO - joeynmt.prediction - Predicting 500 example(s)... (Greedy decoding with min_output_length=1, max_output_length=-1, return_prob='none', generate_unk=True, repetition_penalty=-1, no_repeat_ngram_size=-1)
2026-05-11 23:15:36,249 - INFO - joeynmt.prediction - Evaluation result (greedy) loss:   3.01, ppl:  20.19, acc:   0.23, generation: 58.3470[sec], evaluation: 0.0000[sec]
2026-05-11 23:15:36,252 - INFO - joeynmt.training - Hooray! New best validation result [ppl]!
2026-05-11 23:15:36,416 - INFO - joeynmt.helpers - delete models/deen_transformer_post/2000.ckpt
2026-05-11 23:15:36,422 - INFO - joeynmt.training - Example #0
2026-05-11 23:15:36,423 - DEBUG - joeynmt.training - 	Tokenized source:     ['die', 'Pre@@', 'mi@@', 'er@@', 'minist@@', 'er', 'Indi@@', 'ens', 'und', 'J@@', 'ap@@', 'ans', 'tra@@', 'fen', 'sich', 'in', 'T@@', 'ok@@', 'i@@', 'o', '.']
2026-05-11 23:15:36,423 - DEBUG - joeynmt.training - 	Tokenized reference:  ['Indi@@', 'a', 'and', 'J@@', 'ap@@', 'an', 'pri@@', 'me', 'minist@@', 'ers', 'me@@', 'et', 'in', 'T@@', 'ok@@', 'y@@', 'o']
2026-05-11 23:15:36,423 - DEBUG - joeynmt.training - 	Tokenized hypothesis: ['the', 're@@', 'st', 'of', 'the', 'most', 'important', 'and', 'the', 're@@', 'st', 'of', 'the', 'most', 'of', 'the', 'world', '.', '</s>']
2026-05-11 23:15:36,423 - INFO - joeynmt.training - 	Source:     die Premierminister Indiens und Japans trafen sich in Tokio .
2026-05-11 23:15:36,423 - INFO - joeynmt.training - 	Reference:  India and Japan prime ministers meet in Tokyo
2026-05-11 23:15:36,423 - INFO - joeynmt.training - 	Hypothesis: the rest of the most important and the rest of the most of the world .
2026-05-11 23:15:36,423 - INFO - joeynmt.training - Example #1
2026-05-11 23:15:36,423 - DEBUG - joeynmt.training - 	Tokenized source:     ['Indi@@', 'ens', 'neu@@', 'er', 'Pre@@', 'mi@@', 'er@@', 'minist@@', 'er', 'N@@', 'ar@@', 'end@@', 'ra', 'Mo@@', 'd@@', 'i', 'tri@@', 'fft', 'bei', 's@@', 'einem', 'ersten', 'wichti@@', 'gen', 'Aus@@', 'land@@', 's@@', 'bes@@', 'u@@', 'ch', 'seit', 's@@', 'einem', 'W@@', 'ah@@', 'l@@', 'si@@', 'e@@', 'g', 'im', 'Ma@@', 'i', 'seinen', 'j@@', 'ap@@', 'an@@', 'ischen', 'Am@@', 'ts@@', 'k@@', 'olle@@', 'gen', 'S@@', 'hin@@', 'z@@', 'o', 'A@@', 'be', 'in', 'T@@', 'ok@@', 'o', ',', 'um', 'wirtschaf@@', 'tliche', 'und', 'sicher@@', 'heits@@', 'politische', 'Be@@', 'zieh@@', 'ungen', 'zu', 'bes@@', 'pre@@', 'chen', '.']
2026-05-11 23:15:36,423 - DEBUG - joeynmt.training - 	Tokenized reference:  ['Indi@@', 'a', '&apos;s', 'new', 'pri@@', 'me', 'minist@@', 'er', ',', 'N@@', 'ar@@', 'end@@', 'ra', 'Mo@@', 'd@@', 'i', ',', 'is', 'me@@', 'eting', 'his', 'J@@', 'ap@@', 'an@@', 'ese', 'coun@@', 'ter@@', 'part', ',', 'S@@', 'hin@@', 'z@@', 'o', 'A@@', 'be', ',', 'in', 'T@@', 'ok@@', 'y@@', 'o', 'to', 'disc@@', 'uss', 'economic', 'and', 'security', 'ties', ',', 'on', 'his', 'first', 'major', 'fore@@', 'ign', 'visi@@', 't', 'since', 'w@@', 'inn@@', 'ing', 'Ma@@', 'y', '&apos;s', 'elec@@', 'tion', '.']
2026-05-11 23:15:36,423 - DEBUG - joeynmt.training - 	Tokenized hypothesis: ['the', 'most', 'of', 'the', 'most', 'of', 'the', 're@@', 'st', 'of', 'the', 're@@', 'st', 'of', 'the', 're@@', 'st', 'of', 'the', 're@@', 'st', 'of', 'the', 're@@', 'st', 'of', 'the', 're@@', 'st', 'of', 'the', 're@@', 'st', 'of', 'the', 're@@', 'st', 'of', 'the', 'European', 'Union', ',', 'which', 'has', 'been', 'the', 're@@', 'lev@@', 'ant', 'and', 'the', 'European', 'Union', '.', '</s>']
2026-05-11 23:15:36,423 - INFO - joeynmt.training - 	Source:     Indiens neuer Premierminister Narendra Modi trifft bei seinem ersten wichtigen Auslandsbesuch seit seinem Wahlsieg im Mai seinen japanischen Amtskollegen Shinzo Abe in Toko , um wirtschaftliche und sicherheitspolitische Beziehungen zu besprechen .
2026-05-11 23:15:36,423 - INFO - joeynmt.training - 	Reference:  India &apos;s new prime minister , Narendra Modi , is meeting his Japanese counterpart , Shinzo Abe , in Tokyo to discuss economic and security ties , on his first major foreign visit since winning May &apos;s election .
2026-05-11 23:15:36,423 - INFO - joeynmt.training - 	Hypothesis: the most of the most of the rest of the rest of the rest of the rest of the rest of the rest of the rest of the rest of the European Union , which has been the relevant and the European Union .
2026-05-11 23:15:36,423 - INFO - joeynmt.training - Example #2
2026-05-11 23:15:36,424 - DEBUG - joeynmt.training - 	Tokenized source:     ['Herr', 'Mo@@', 'd@@', 'i', 'befindet', 'sich', 'auf', 'einer', 'fü@@', 'n@@', 'f@@', 'tä@@', 'gi@@', 'gen', 'Rei@@', 'se', 'nach', 'J@@', 'ap@@', 'an', ',', 'um', 'die', 'wirtschaf@@', 'tlichen', 'Be@@', 'zieh@@', 'ungen', 'mit', 'der', 'd@@', 'rit@@', 't@@', 'größ@@', 'ten', 'Wirtschafts@@', 'n@@', 'ation', 'der', 'Welt', 'zu', 'fes@@', 'tigen', '.']
2026-05-11 23:15:36,424 - DEBUG - joeynmt.training - 	Tokenized reference:  ['Mr', 'Mo@@', 'd@@', 'i', 'is', 'on', 'a', 'fi@@', 've', '@@@', '-@@', '@', 'day', 'tri@@', 'p', 'to', 'J@@', 'ap@@', 'an', 'to', 'streng@@', 'then', 'economic', 'ties', 'with', 'the', 'third', 'lar@@', 'ges@@', 't', 'econom@@', 'y', 'in', 'the', 'world', '.']
2026-05-11 23:15:36,424 - DEBUG - joeynmt.training - 	Tokenized hypothesis: ['Mr', 'President', ',', 'the', 'b@@', 'l@@', 'ack', 'of', 'the', 'most', 'of', 'the', 'most', 'of', 'the', 'world', '&apos;s', 're@@', 'ma@@', 'ins', 'of', 'the', 'world', '&apos;s', 're@@', 'ma@@', 'ins', '.', '</s>']
2026-05-11 23:15:36,424 - INFO - joeynmt.training - 	Source:     Herr Modi befindet sich auf einer fünftägigen Reise nach Japan , um die wirtschaftlichen Beziehungen mit der drittgrößten Wirtschaftsnation der Welt zu festigen .
2026-05-11 23:15:36,424 - INFO - joeynmt.training - 	Reference:  Mr Modi is on a five @-@ day trip to Japan to strengthen economic ties with the third largest economy in the world .
2026-05-11 23:15:36,424 - INFO - joeynmt.training - 	Hypothesis: Mr President , the black of the most of the most of the world &apos;s remains of the world &apos;s remains .
2026-05-11 23:15:36,424 - INFO - joeynmt.training - Example #3
2026-05-11 23:15:36,424 - DEBUG - joeynmt.training - 	Tokenized source:     ['P@@', 'län@@', 'e', 'für', 'eine', 'stärk@@', 'ere', 'k@@', 'ern@@', 'techn@@', 'ische', 'Zusammenarbeit', 'stehen', 'ganz', 'ob@@', 'en', 'auf', 'der', 'Tag@@', 'es@@', 'ordnung', '.']
2026-05-11 23:15:36,424 - DEBUG - joeynmt.training - 	Tokenized reference:  ['high', 'on', 'the', 'agen@@', 'da', 'are', 'pl@@', 'ans', 'for', 'gre@@', 'ater', 'nu@@', 'clear', 'c@@', 'o', '@@@', '-@@', '@', 'operation', '.']
2026-05-11 23:15:36,424 - DEBUG - joeynmt.training - 	Tokenized hypothesis: ['the', 'most', 'important', 'important', 'important', 'policy', 'is', 'the', 'most', 'important', 'for', 'the', 'development', 'of', 'the', 'European', 'Union', '.', '</s>']
2026-05-11 23:15:36,424 - INFO - joeynmt.training - 	Source:     Pläne für eine stärkere kerntechnische Zusammenarbeit stehen ganz oben auf der Tagesordnung .
2026-05-11 23:15:36,424 - INFO - joeynmt.training - 	Reference:  high on the agenda are plans for greater nuclear co @-@ operation .
2026-05-11 23:15:36,424 - INFO - joeynmt.training - 	Hypothesis: the most important important important policy is the most important for the development of the European Union .
2026-05-11 23:15:36,424 - INFO - joeynmt.training - Example #4
2026-05-11 23:15:36,424 - DEBUG - joeynmt.training - 	Tokenized source:     ['Berich@@', 'ten', 'zu@@', 'fol@@', 'ge', 'ho@@', 'fft', 'Indi@@', 'en', 'darüber', 'hinaus', 'auf', 'einen', 'Ver@@', 'trag', 'zur', 'Ver@@', 'tei@@', 'dig@@', 'ungs@@', 'zusammen@@', 'arbeit', 'zwischen', 'den', 'beiden', 'N@@', 'ationen', '.']
2026-05-11 23:15:36,424 - DEBUG - joeynmt.training - 	Tokenized reference:  ['Indi@@', 'a', 'is', 'also', 're@@', 'porte@@', 'dly', 'hop@@', 'ing', 'for', 'a', 'de@@', 'al', 'on', 'def@@', 'ence', 'c@@', 'oll@@', 'ab@@', 'or@@', 'ation', 'between', 'the', 'two', 'n@@', 'ations', '.']
2026-05-11 23:15:36,424 - DEBUG - joeynmt.training - 	Tokenized hypothesis: ['the', 'report', 'has', 'been', 'the', 're@@', 'lev@@', 'ant', 'to', 'the', 're@@', 'form', 'of', 'the', 're@@', 'lev@@', 'ant', 'st@@', 'ep@@', 's', 'to', 'the', 're@@', 'form', 'of', 'the', 're@@', 'lev@@', 'ant', '.', '</s>']
2026-05-11 23:15:36,425 - INFO - joeynmt.training - 	Source:     Berichten zufolge hofft Indien darüber hinaus auf einen Vertrag zur Verteidigungszusammenarbeit zwischen den beiden Nationen .
2026-05-11 23:15:36,425 - INFO - joeynmt.training - 	Reference:  India is also reportedly hoping for a deal on defence collaboration between the two nations .
2026-05-11 23:15:36,425 - INFO - joeynmt.training - 	Hypothesis: the report has been the relevant to the reform of the relevant steps to the reform of the relevant .
2026-05-11 23:16:03,718 - INFO - joeynmt.training - Epoch   2, Step:     4600, Batch Loss:     2.514195, Batch Acc: 0.299324, Tokens per Sec:     3394, Lr: 0.000300
2026-05-11 23:16:30,316 - INFO - joeynmt.training - Epoch   2, Step:     4700, Batch Loss:     2.563484, Batch Acc: 0.299260, Tokens per Sec:     3443, Lr: 0.000300
2026-05-11 23:16:57,802 - INFO - joeynmt.training - Epoch   2, Step:     4800, Batch Loss:     2.637552, Batch Acc: 0.301854, Tokens per Sec:     3398, Lr: 0.000300
2026-05-11 23:17:24,273 - INFO - joeynmt.training - Epoch   2, Step:     4900, Batch Loss:     2.600620, Batch Acc: 0.303884, Tokens per Sec:     3462, Lr: 0.000300
2026-05-11 23:17:51,072 - INFO - joeynmt.training - Epoch   2, Step:     5000, Batch Loss:     2.546208, Batch Acc: 0.304021, Tokens per Sec:     3407, Lr: 0.000300
2026-05-11 23:17:51,073 - INFO - joeynmt.prediction - Predicting 500 example(s)... (Greedy decoding with min_output_length=1, max_output_length=-1, return_prob='none', generate_unk=True, repetition_penalty=-1, no_repeat_ngram_size=-1)
2026-05-11 23:18:37,897 - INFO - joeynmt.prediction - Evaluation result (greedy) loss:   2.98, ppl:  19.60, acc:   0.24, generation: 46.8164[sec], evaluation: 0.0000[sec]
2026-05-11 23:18:37,900 - INFO - joeynmt.training - Hooray! New best validation result [ppl]!
2026-05-11 23:18:38,063 - INFO - joeynmt.helpers - delete models/deen_transformer_post/2500.ckpt
2026-05-11 23:18:38,068 - INFO - joeynmt.training - Example #0
2026-05-11 23:18:38,068 - DEBUG - joeynmt.training - 	Tokenized source:     ['die', 'Pre@@', 'mi@@', 'er@@', 'minist@@', 'er', 'Indi@@', 'ens', 'und', 'J@@', 'ap@@', 'ans', 'tra@@', 'fen', 'sich', 'in', 'T@@', 'ok@@', 'i@@', 'o', '.']
2026-05-11 23:18:38,068 - DEBUG - joeynmt.training - 	Tokenized reference:  ['Indi@@', 'a', 'and', 'J@@', 'ap@@', 'an', 'pri@@', 'me', 'minist@@', 'ers', 'me@@', 'et', 'in', 'T@@', 'ok@@', 'y@@', 'o']
2026-05-11 23:18:38,068 - DEBUG - joeynmt.training - 	Tokenized hypothesis: ['the', 'S@@', 'wi@@', 'ss', 'A@@', 'mer@@', 'ic@@', 'a', 'and', 'the', 'S@@', 'wi@@', 'ss', 'of', 'the', 'b@@', 'ir@@', 'th', 'of', 'the', 'b@@', 'ig@@', 'ges@@', 't', '.', '</s>']
2026-05-11 23:18:38,068 - INFO - joeynmt.training - 	Source:     die Premierminister Indiens und Japans trafen sich in Tokio .
2026-05-11 23:18:38,068 - INFO - joeynmt.training - 	Reference:  India and Japan prime ministers meet in Tokyo
2026-05-11 23:18:38,068 - INFO - joeynmt.training - 	Hypothesis: the Swiss America and the Swiss of the birth of the biggest .
2026-05-11 23:18:38,068 - INFO - joeynmt.training - Example #1
2026-05-11 23:18:38,069 - DEBUG - joeynmt.training - 	Tokenized source:     ['Indi@@', 'ens', 'neu@@', 'er', 'Pre@@', 'mi@@', 'er@@', 'minist@@', 'er', 'N@@', 'ar@@', 'end@@', 'ra', 'Mo@@', 'd@@', 'i', 'tri@@', 'fft', 'bei', 's@@', 'einem', 'ersten', 'wichti@@', 'gen', 'Aus@@', 'land@@', 's@@', 'bes@@', 'u@@', 'ch', 'seit', 's@@', 'einem', 'W@@', 'ah@@', 'l@@', 'si@@', 'e@@', 'g', 'im', 'Ma@@', 'i', 'seinen', 'j@@', 'ap@@', 'an@@', 'ischen', 'Am@@', 'ts@@', 'k@@', 'olle@@', 'gen', 'S@@', 'hin@@', 'z@@', 'o', 'A@@', 'be', 'in', 'T@@', 'ok@@', 'o', ',', 'um', 'wirtschaf@@', 'tliche', 'und', 'sicher@@', 'heits@@', 'politische', 'Be@@', 'zieh@@', 'ungen', 'zu', 'bes@@', 'pre@@', 'chen', '.']
2026-05-11 23:18:38,069 - DEBUG - joeynmt.training - 	Tokenized reference:  ['Indi@@', 'a', '&apos;s', 'new', 'pri@@', 'me', 'minist@@', 'er', ',', 'N@@', 'ar@@', 'end@@', 'ra', 'Mo@@', 'd@@', 'i', ',', 'is', 'me@@', 'eting', 'his', 'J@@', 'ap@@', 'an@@', 'ese', 'coun@@', 'ter@@', 'part', ',', 'S@@', 'hin@@', 'z@@', 'o', 'A@@', 'be', ',', 'in', 'T@@', 'ok@@', 'y@@', 'o', 'to', 'disc@@', 'uss', 'economic', 'and', 'security', 'ties', ',', 'on', 'his', 'first', 'major', 'fore@@', 'ign', 'visi@@', 't', 'since', 'w@@', 'inn@@', 'ing', 'Ma@@', 'y', '&apos;s', 'elec@@', 'tion', '.']
2026-05-11 23:18:38,069 - DEBUG - joeynmt.training - 	Tokenized hypothesis: ['in', 'the', 'con@@', 'f@@', 'lic@@', 't', 'of', 'the', 'S@@', 'wi@@', 'ss', 'A@@', 'mer@@', 'ic@@', 'a', ',', 'which', 'was', 'a', 'very', 'good', 'time', 'in', 'the', 'first', 'time', 'of', 'the', 'S@@', 'wi@@', 'ss', 'of', 'the', 're@@', 'lev@@', 'ant', 'and', 'the', 're@@', 'st', 'of', 'the', 'C@@', 'our@@', 't', 'of', 'the', 'United', 'States', 'and', 'the', 'United', 'States', '.', '</s>']
2026-05-11 23:18:38,069 - INFO - joeynmt.training - 	Source:     Indiens neuer Premierminister Narendra Modi trifft bei seinem ersten wichtigen Auslandsbesuch seit seinem Wahlsieg im Mai seinen japanischen Amtskollegen Shinzo Abe in Toko , um wirtschaftliche und sicherheitspolitische Beziehungen zu besprechen .
2026-05-11 23:18:38,069 - INFO - joeynmt.training - 	Reference:  India &apos;s new prime minister , Narendra Modi , is meeting his Japanese counterpart , Shinzo Abe , in Tokyo to discuss economic and security ties , on his first major foreign visit since winning May &apos;s election .
2026-05-11 23:18:38,069 - INFO - joeynmt.training - 	Hypothesis: in the conflict of the Swiss America , which was a very good time in the first time of the Swiss of the relevant and the rest of the Court of the United States and the United States .
2026-05-11 23:18:38,069 - INFO - joeynmt.training - Example #2
2026-05-11 23:18:38,069 - DEBUG - joeynmt.training - 	Tokenized source:     ['Herr', 'Mo@@', 'd@@', 'i', 'befindet', 'sich', 'auf', 'einer', 'fü@@', 'n@@', 'f@@', 'tä@@', 'gi@@', 'gen', 'Rei@@', 'se', 'nach', 'J@@', 'ap@@', 'an', ',', 'um', 'die', 'wirtschaf@@', 'tlichen', 'Be@@', 'zieh@@', 'ungen', 'mit', 'der', 'd@@', 'rit@@', 't@@', 'größ@@', 'ten', 'Wirtschafts@@', 'n@@', 'ation', 'der', 'Welt', 'zu', 'fes@@', 'tigen', '.']
2026-05-11 23:18:38,069 - DEBUG - joeynmt.training - 	Tokenized reference:  ['Mr', 'Mo@@', 'd@@', 'i', 'is', 'on', 'a', 'fi@@', 've', '@@@', '-@@', '@', 'day', 'tri@@', 'p', 'to', 'J@@', 'ap@@', 'an', 'to', 'streng@@', 'then', 'economic', 'ties', 'with', 'the', 'third', 'lar@@', 'ges@@', 't', 'econom@@', 'y', 'in', 'the', 'world', '.']
2026-05-11 23:18:38,069 - DEBUG - joeynmt.training - 	Tokenized hypothesis: ['Mr', 'President', ',', 'the', 'C@@', 'our@@', 't', 'of', 'the', 'United', 'States', ',', 'the', 'United', 'States', ',', 'the', 'European', 'Union', 'and', 'the', 'world', 'of', 'the', 'world', 'of', 'the', 'world', 'of', 'the', 'world', '.', '</s>']
2026-05-11 23:18:38,069 - INFO - joeynmt.training - 	Source:     Herr Modi befindet sich auf einer fünftägigen Reise nach Japan , um die wirtschaftlichen Beziehungen mit der drittgrößten Wirtschaftsnation der Welt zu festigen .
2026-05-11 23:18:38,069 - INFO - joeynmt.training - 	Reference:  Mr Modi is on a five @-@ day trip to Japan to strengthen economic ties with the third largest economy in the world .
2026-05-11 23:18:38,069 - INFO - joeynmt.training - 	Hypothesis: Mr President , the Court of the United States , the United States , the European Union and the world of the world of the world of the world .
2026-05-11 23:18:38,069 - INFO - joeynmt.training - Example #3
2026-05-11 23:18:38,069 - DEBUG - joeynmt.training - 	Tokenized source:     ['P@@', 'län@@', 'e', 'für', 'eine', 'stärk@@', 'ere', 'k@@', 'ern@@', 'techn@@', 'ische', 'Zusammenarbeit', 'stehen', 'ganz', 'ob@@', 'en', 'auf', 'der', 'Tag@@', 'es@@', 'ordnung', '.']
2026-05-11 23:18:38,070 - DEBUG - joeynmt.training - 	Tokenized reference:  ['high', 'on', 'the', 'agen@@', 'da', 'are', 'pl@@', 'ans', 'for', 'gre@@', 'ater', 'nu@@', 'clear', 'c@@', 'o', '@@@', '-@@', '@', 'operation', '.']
2026-05-11 23:18:38,070 - DEBUG - joeynmt.training - 	Tokenized hypothesis: ['the', 'same', 'way', 'to', 'the', 're@@', 'form', 'of', 'the', 're@@', 'lev@@', 'ant', 'and', 'the', 're@@', 'st', 'of', 'the', 'year', '.', '</s>']
2026-05-11 23:18:38,070 - INFO - joeynmt.training - 	Source:     Pläne für eine stärkere kerntechnische Zusammenarbeit stehen ganz oben auf der Tagesordnung .
2026-05-11 23:18:38,070 - INFO - joeynmt.training - 	Reference:  high on the agenda are plans for greater nuclear co @-@ operation .
2026-05-11 23:18:38,070 - INFO - joeynmt.training - 	Hypothesis: the same way to the reform of the relevant and the rest of the year .
2026-05-11 23:18:38,070 - INFO - joeynmt.training - Example #4
2026-05-11 23:18:38,070 - DEBUG - joeynmt.training - 	Tokenized source:     ['Berich@@', 'ten', 'zu@@', 'fol@@', 'ge', 'ho@@', 'fft', 'Indi@@', 'en', 'darüber', 'hinaus', 'auf', 'einen', 'Ver@@', 'trag', 'zur', 'Ver@@', 'tei@@', 'dig@@', 'ungs@@', 'zusammen@@', 'arbeit', 'zwischen', 'den', 'beiden', 'N@@', 'ationen', '.']
2026-05-11 23:18:38,070 - DEBUG - joeynmt.training - 	Tokenized reference:  ['Indi@@', 'a', 'is', 'also', 're@@', 'porte@@', 'dly', 'hop@@', 'ing', 'for', 'a', 'de@@', 'al', 'on', 'def@@', 'ence', 'c@@', 'oll@@', 'ab@@', 'or@@', 'ation', 'between', 'the', 'two', 'n@@', 'ations', '.']
2026-05-11 23:18:38,070 - DEBUG - joeynmt.training - 	Tokenized hypothesis: ['I', 'would', 'like', 'to', 'say', 'that', 'the', 're@@', 'form', 'of', 'the', 're@@', 'lev@@', 'ant', 'report', 'on', 'the', 'subject', 'of', 'the', 'year', '.', '</s>']
2026-05-11 23:18:38,070 - INFO - joeynmt.training - 	Source:     Berichten zufolge hofft Indien darüber hinaus auf einen Vertrag zur Verteidigungszusammenarbeit zwischen den beiden Nationen .
2026-05-11 23:18:38,070 - INFO - joeynmt.training - 	Reference:  India is also reportedly hoping for a deal on defence collaboration between the two nations .
2026-05-11 23:18:38,070 - INFO - joeynmt.training - 	Hypothesis: I would like to say that the reform of the relevant report on the subject of the year .
2026-05-11 23:19:05,432 - INFO - joeynmt.training - Epoch   2, Step:     5100, Batch Loss:     2.607320, Batch Acc: 0.303514, Tokens per Sec:     3331, Lr: 0.000300
2026-05-11 23:19:32,760 - INFO - joeynmt.training - Epoch   2, Step:     5200, Batch Loss:     2.535142, Batch Acc: 0.307253, Tokens per Sec:     3473, Lr: 0.000300
2026-05-11 23:20:00,100 - INFO - joeynmt.training - Epoch   2, Step:     5300, Batch Loss:     2.470329, Batch Acc: 0.307916, Tokens per Sec:     3350, Lr: 0.000300
2026-05-11 23:20:28,245 - INFO - joeynmt.training - Epoch   2, Step:     5400, Batch Loss:     2.491845, Batch Acc: 0.312723, Tokens per Sec:     3300, Lr: 0.000300
2026-05-11 23:20:55,466 - INFO - joeynmt.training - Epoch   2, Step:     5500, Batch Loss:     2.534594, Batch Acc: 0.309697, Tokens per Sec:     3412, Lr: 0.000300
2026-05-11 23:20:55,467 - INFO - joeynmt.prediction - Predicting 500 example(s)... (Greedy decoding with min_output_length=1, max_output_length=-1, return_prob='none', generate_unk=True, repetition_penalty=-1, no_repeat_ngram_size=-1)
2026-05-11 23:21:31,004 - INFO - joeynmt.prediction - Evaluation result (greedy) loss:   2.94, ppl:  18.95, acc:   0.25, generation: 35.5298[sec], evaluation: 0.0000[sec]
2026-05-11 23:21:31,007 - INFO - joeynmt.training - Hooray! New best validation result [ppl]!
2026-05-11 23:21:31,174 - INFO - joeynmt.helpers - delete models/deen_transformer_post/3000.ckpt
2026-05-11 23:21:31,181 - INFO - joeynmt.training - Example #0
2026-05-11 23:21:31,181 - DEBUG - joeynmt.training - 	Tokenized source:     ['die', 'Pre@@', 'mi@@', 'er@@', 'minist@@', 'er', 'Indi@@', 'ens', 'und', 'J@@', 'ap@@', 'ans', 'tra@@', 'fen', 'sich', 'in', 'T@@', 'ok@@', 'i@@', 'o', '.']
2026-05-11 23:21:31,181 - DEBUG - joeynmt.training - 	Tokenized reference:  ['Indi@@', 'a', 'and', 'J@@', 'ap@@', 'an', 'pri@@', 'me', 'minist@@', 'ers', 'me@@', 'et', 'in', 'T@@', 'ok@@', 'y@@', 'o']
2026-05-11 23:21:31,181 - DEBUG - joeynmt.training - 	Tokenized hypothesis: ['the', 'C@@', 'our@@', 't', 'of', 'A@@', 'mer@@', 'ic@@', 'a', 'and', 'the', 'C@@', 'our@@', 't', 'of', 'S@@', 'wi@@', 'tz@@', 'er@@', 'land', '.', '</s>']
2026-05-11 23:21:31,181 - INFO - joeynmt.training - 	Source:     die Premierminister Indiens und Japans trafen sich in Tokio .
2026-05-11 23:21:31,181 - INFO - joeynmt.training - 	Reference:  India and Japan prime ministers meet in Tokyo
2026-05-11 23:21:31,181 - INFO - joeynmt.training - 	Hypothesis: the Court of America and the Court of Switzerland .
2026-05-11 23:21:31,181 - INFO - joeynmt.training - Example #1
2026-05-11 23:21:31,181 - DEBUG - joeynmt.training - 	Tokenized source:     ['Indi@@', 'ens', 'neu@@', 'er', 'Pre@@', 'mi@@', 'er@@', 'minist@@', 'er', 'N@@', 'ar@@', 'end@@', 'ra', 'Mo@@', 'd@@', 'i', 'tri@@', 'fft', 'bei', 's@@', 'einem', 'ersten', 'wichti@@', 'gen', 'Aus@@', 'land@@', 's@@', 'bes@@', 'u@@', 'ch', 'seit', 's@@', 'einem', 'W@@', 'ah@@', 'l@@', 'si@@', 'e@@', 'g', 'im', 'Ma@@', 'i', 'seinen', 'j@@', 'ap@@', 'an@@', 'ischen', 'Am@@', 'ts@@', 'k@@', 'olle@@', 'gen', 'S@@', 'hin@@', 'z@@', 'o', 'A@@', 'be', 'in', 'T@@', 'ok@@', 'o', ',', 'um', 'wirtschaf@@', 'tliche', 'und', 'sicher@@', 'heits@@', 'politische', 'Be@@', 'zieh@@', 'ungen', 'zu', 'bes@@', 'pre@@', 'chen', '.']
2026-05-11 23:21:31,181 - DEBUG - joeynmt.training - 	Tokenized reference:  ['Indi@@', 'a', '&apos;s', 'new', 'pri@@', 'me', 'minist@@', 'er', ',', 'N@@', 'ar@@', 'end@@', 'ra', 'Mo@@', 'd@@', 'i', ',', 'is', 'me@@', 'eting', 'his', 'J@@', 'ap@@', 'an@@', 'ese', 'coun@@', 'ter@@', 'part', ',', 'S@@', 'hin@@', 'z@@', 'o', 'A@@', 'be', ',', 'in', 'T@@', 'ok@@', 'y@@', 'o', 'to', 'disc@@', 'uss', 'economic', 'and', 'security', 'ties', ',', 'on', 'his', 'first', 'major', 'fore@@', 'ign', 'visi@@', 't', 'since', 'w@@', 'inn@@', 'ing', 'Ma@@', 'y', '&apos;s', 'elec@@', 'tion', '.']
2026-05-11 23:21:31,181 - DEBUG - joeynmt.training - 	Tokenized hypothesis: ['the', 'A@@', 'mer@@', 'ic@@', 'a', ',', 'the', 'A@@', 'mer@@', 'ic@@', 'a', ',', 'the', 'first', 'time', ',', 'the', 'first', 'of', 'the', 'first', 'read@@', 'ing', ',', 'the', 'first', 'of', 'the', 'C@@', 'ro@@', 'ati@@', 'a', ',', 'the', 're@@', 'p@@', 'ut@@', 'ed', 'by', 'the', 'C@@', 'ro@@', 'ati@@', 'a', ',', 'and', 'the', 're@@', 'ality', 'of', 'the', 'European', 'Union', '.', '</s>']
2026-05-11 23:21:31,181 - INFO - joeynmt.training - 	Source:     Indiens neuer Premierminister Narendra Modi trifft bei seinem ersten wichtigen Auslandsbesuch seit seinem Wahlsieg im Mai seinen japanischen Amtskollegen Shinzo Abe in Toko , um wirtschaftliche und sicherheitspolitische Beziehungen zu besprechen .
2026-05-11 23:21:31,182 - INFO - joeynmt.training - 	Reference:  India &apos;s new prime minister , Narendra Modi , is meeting his Japanese counterpart , Shinzo Abe , in Tokyo to discuss economic and security ties , on his first major foreign visit since winning May &apos;s election .
2026-05-11 23:21:31,182 - INFO - joeynmt.training - 	Hypothesis: the America , the America , the first time , the first of the first reading , the first of the Croatia , the reputed by the Croatia , and the reality of the European Union .
2026-05-11 23:21:31,182 - INFO - joeynmt.training - Example #2
2026-05-11 23:21:31,182 - DEBUG - joeynmt.training - 	Tokenized source:     ['Herr', 'Mo@@', 'd@@', 'i', 'befindet', 'sich', 'auf', 'einer', 'fü@@', 'n@@', 'f@@', 'tä@@', 'gi@@', 'gen', 'Rei@@', 'se', 'nach', 'J@@', 'ap@@', 'an', ',', 'um', 'die', 'wirtschaf@@', 'tlichen', 'Be@@', 'zieh@@', 'ungen', 'mit', 'der', 'd@@', 'rit@@', 't@@', 'größ@@', 'ten', 'Wirtschafts@@', 'n@@', 'ation', 'der', 'Welt', 'zu', 'fes@@', 'tigen', '.']
2026-05-11 23:21:31,182 - DEBUG - joeynmt.training - 	Tokenized reference:  ['Mr', 'Mo@@', 'd@@', 'i', 'is', 'on', 'a', 'fi@@', 've', '@@@', '-@@', '@', 'day', 'tri@@', 'p', 'to', 'J@@', 'ap@@', 'an', 'to', 'streng@@', 'then', 'economic', 'ties', 'with', 'the', 'third', 'lar@@', 'ges@@', 't', 'econom@@', 'y', 'in', 'the', 'world', '.']
2026-05-11 23:21:31,182 - DEBUG - joeynmt.training - 	Tokenized hypothesis: ['Mr', 'President', ',', 'the', 'C@@', 'as@@', 'in@@', 'o', 'is', 'a', 'great', 'de@@', 'al', 'of', 'the', 'European', 'Union', ',', 'the', 'economic', 'and', 'the', 'world', '&apos;s', 'economic', 'and', 'the', 'world', '.', '</s>']
2026-05-11 23:21:31,182 - INFO - joeynmt.training - 	Source:     Herr Modi befindet sich auf einer fünftägigen Reise nach Japan , um die wirtschaftlichen Beziehungen mit der drittgrößten Wirtschaftsnation der Welt zu festigen .
2026-05-11 23:21:31,182 - INFO - joeynmt.training - 	Reference:  Mr Modi is on a five @-@ day trip to Japan to strengthen economic ties with the third largest economy in the world .
2026-05-11 23:21:31,182 - INFO - joeynmt.training - 	Hypothesis: Mr President , the Casino is a great deal of the European Union , the economic and the world &apos;s economic and the world .
2026-05-11 23:21:31,182 - INFO - joeynmt.training - Example #3
2026-05-11 23:21:31,182 - DEBUG - joeynmt.training - 	Tokenized source:     ['P@@', 'län@@', 'e', 'für', 'eine', 'stärk@@', 'ere', 'k@@', 'ern@@', 'techn@@', 'ische', 'Zusammenarbeit', 'stehen', 'ganz', 'ob@@', 'en', 'auf', 'der', 'Tag@@', 'es@@', 'ordnung', '.']
2026-05-11 23:21:31,182 - DEBUG - joeynmt.training - 	Tokenized reference:  ['high', 'on', 'the', 'agen@@', 'da', 'are', 'pl@@', 'ans', 'for', 'gre@@', 'ater', 'nu@@', 'clear', 'c@@', 'o', '@@@', '-@@', '@', 'operation', '.']
2026-05-11 23:21:31,182 - DEBUG - joeynmt.training - 	Tokenized hypothesis: ['the', 'same', 'way', 'to', 'be', 'able', 'to', 'be', 'able', 'to', 'be', 'able', 'to', 'be', 'able', 'to', 'be', 'able', 'to', 'the', 'proposal', '.', '</s>']
2026-05-11 23:21:31,182 - INFO - joeynmt.training - 	Source:     Pläne für eine stärkere kerntechnische Zusammenarbeit stehen ganz oben auf der Tagesordnung .
2026-05-11 23:21:31,182 - INFO - joeynmt.training - 	Reference:  high on the agenda are plans for greater nuclear co @-@ operation .
2026-05-11 23:21:31,182 - INFO - joeynmt.training - 	Hypothesis: the same way to be able to be able to be able to be able to be able to the proposal .
2026-05-11 23:21:31,182 - INFO - joeynmt.training - Example #4
2026-05-11 23:21:31,183 - DEBUG - joeynmt.training - 	Tokenized source:     ['Berich@@', 'ten', 'zu@@', 'fol@@', 'ge', 'ho@@', 'fft', 'Indi@@', 'en', 'darüber', 'hinaus', 'auf', 'einen', 'Ver@@', 'trag', 'zur', 'Ver@@', 'tei@@', 'dig@@', 'ungs@@', 'zusammen@@', 'arbeit', 'zwischen', 'den', 'beiden', 'N@@', 'ationen', '.']
2026-05-11 23:21:31,183 - DEBUG - joeynmt.training - 	Tokenized reference:  ['Indi@@', 'a', 'is', 'also', 're@@', 'porte@@', 'dly', 'hop@@', 'ing', 'for', 'a', 'de@@', 'al', 'on', 'def@@', 'ence', 'c@@', 'oll@@', 'ab@@', 'or@@', 'ation', 'between', 'the', 'two', 'n@@', 'ations', '.']
2026-05-11 23:21:31,183 - DEBUG - joeynmt.training - 	Tokenized hypothesis: ['in', 'the', 'Committee', 'on', 'A@@', 'pri@@', 'l', ',', 'the', 'A@@', 'men@@', 'd@@', 'ments', ',', 'the', 'Committee', 'on', 'the', 'A@@', 'men@@', 'd@@', 'ment', '.', '</s>']
2026-05-11 23:21:31,183 - INFO - joeynmt.training - 	Source:     Berichten zufolge hofft Indien darüber hinaus auf einen Vertrag zur Verteidigungszusammenarbeit zwischen den beiden Nationen .
2026-05-11 23:21:31,183 - INFO - joeynmt.training - 	Reference:  India is also reportedly hoping for a deal on defence collaboration between the two nations .
2026-05-11 23:21:31,183 - INFO - joeynmt.training - 	Hypothesis: in the Committee on April , the Amendments , the Committee on the Amendment .
2026-05-11 23:21:57,731 - INFO - joeynmt.training - Epoch   2, Step:     5600, Batch Loss:     2.474415, Batch Acc: 0.315984, Tokens per Sec:     3339, Lr: 0.000300
2026-05-11 23:22:24,496 - INFO - joeynmt.training - Epoch   2, Step:     5700, Batch Loss:     2.418437, Batch Acc: 0.312878, Tokens per Sec:     3398, Lr: 0.000300
2026-05-11 23:22:51,466 - INFO - joeynmt.training - Epoch   2, Step:     5800, Batch Loss:     2.570484, Batch Acc: 0.312968, Tokens per Sec:     3449, Lr: 0.000300
2026-05-11 23:23:18,567 - INFO - joeynmt.training - Epoch   2, Step:     5900, Batch Loss:     2.576060, Batch Acc: 0.318375, Tokens per Sec:     3366, Lr: 0.000300
2026-05-11 23:23:45,530 - INFO - joeynmt.training - Epoch   2, Step:     6000, Batch Loss:     2.495192, Batch Acc: 0.316991, Tokens per Sec:     3445, Lr: 0.000300
2026-05-11 23:23:45,531 - INFO - joeynmt.prediction - Predicting 500 example(s)... (Greedy decoding with min_output_length=1, max_output_length=-1, return_prob='none', generate_unk=True, repetition_penalty=-1, no_repeat_ngram_size=-1)
2026-05-11 23:24:46,445 - INFO - joeynmt.prediction - Evaluation result (greedy) loss:   2.92, ppl:  18.49, acc:   0.25, generation: 60.9051[sec], evaluation: 0.0000[sec]
2026-05-11 23:24:46,448 - INFO - joeynmt.training - Hooray! New best validation result [ppl]!
2026-05-11 23:24:46,611 - INFO - joeynmt.helpers - delete models/deen_transformer_post/3500.ckpt
2026-05-11 23:24:46,616 - INFO - joeynmt.training - Example #0
2026-05-11 23:24:46,616 - DEBUG - joeynmt.training - 	Tokenized source:     ['die', 'Pre@@', 'mi@@', 'er@@', 'minist@@', 'er', 'Indi@@', 'ens', 'und', 'J@@', 'ap@@', 'ans', 'tra@@', 'fen', 'sich', 'in', 'T@@', 'ok@@', 'i@@', 'o', '.']
2026-05-11 23:24:46,616 - DEBUG - joeynmt.training - 	Tokenized reference:  ['Indi@@', 'a', 'and', 'J@@', 'ap@@', 'an', 'pri@@', 'me', 'minist@@', 'ers', 'me@@', 'et', 'in', 'T@@', 'ok@@', 'y@@', 'o']
2026-05-11 23:24:46,616 - DEBUG - joeynmt.training - 	Tokenized hypothesis: ['the', 're@@', 'siden@@', 'ce', 'of', 'the', 'United', 'N@@', 'ations', 'and', 'S@@', 'wi@@', 'tz@@', 'er@@', 'land', '.', '</s>']
2026-05-11 23:24:46,616 - INFO - joeynmt.training - 	Source:     die Premierminister Indiens und Japans trafen sich in Tokio .
2026-05-11 23:24:46,616 - INFO - joeynmt.training - 	Reference:  India and Japan prime ministers meet in Tokyo
2026-05-11 23:24:46,616 - INFO - joeynmt.training - 	Hypothesis: the residence of the United Nations and Switzerland .
2026-05-11 23:24:46,616 - INFO - joeynmt.training - Example #1
2026-05-11 23:24:46,616 - DEBUG - joeynmt.training - 	Tokenized source:     ['Indi@@', 'ens', 'neu@@', 'er', 'Pre@@', 'mi@@', 'er@@', 'minist@@', 'er', 'N@@', 'ar@@', 'end@@', 'ra', 'Mo@@', 'd@@', 'i', 'tri@@', 'fft', 'bei', 's@@', 'einem', 'ersten', 'wichti@@', 'gen', 'Aus@@', 'land@@', 's@@', 'bes@@', 'u@@', 'ch', 'seit', 's@@', 'einem', 'W@@', 'ah@@', 'l@@', 'si@@', 'e@@', 'g', 'im', 'Ma@@', 'i', 'seinen', 'j@@', 'ap@@', 'an@@', 'ischen', 'Am@@', 'ts@@', 'k@@', 'olle@@', 'gen', 'S@@', 'hin@@', 'z@@', 'o', 'A@@', 'be', 'in', 'T@@', 'ok@@', 'o', ',', 'um', 'wirtschaf@@', 'tliche', 'und', 'sicher@@', 'heits@@', 'politische', 'Be@@', 'zieh@@', 'ungen', 'zu', 'bes@@', 'pre@@', 'chen', '.']
2026-05-11 23:24:46,616 - DEBUG - joeynmt.training - 	Tokenized reference:  ['Indi@@', 'a', '&apos;s', 'new', 'pri@@', 'me', 'minist@@', 'er', ',', 'N@@', 'ar@@', 'end@@', 'ra', 'Mo@@', 'd@@', 'i', ',', 'is', 'me@@', 'eting', 'his', 'J@@', 'ap@@', 'an@@', 'ese', 'coun@@', 'ter@@', 'part', ',', 'S@@', 'hin@@', 'z@@', 'o', 'A@@', 'be', ',', 'in', 'T@@', 'ok@@', 'y@@', 'o', 'to', 'disc@@', 'uss', 'economic', 'and', 'security', 'ties', ',', 'on', 'his', 'first', 'major', 'fore@@', 'ign', 'visi@@', 't', 'since', 'w@@', 'inn@@', 'ing', 'Ma@@', 'y', '&apos;s', 'elec@@', 'tion', '.']
2026-05-11 23:24:46,616 - DEBUG - joeynmt.training - 	Tokenized hypothesis: ['the', 'new', 'A@@', 'mer@@', 'ic@@', 'a', '&apos;s', 'c@@', 'la@@', 'im@@', 'ed', 'in', 'the', 'first', 'of', 'the', 'first', 'time', ',', 'the', 'first', 'of', 'the', 'first', 'time', 'of', 'the', 'first', 'time', ',', 'which', 'has', 'been', 'made', 'in', 'the', 'first', 'time', 'of', 'the', 'C@@', 'a@@', 'vi@@', 'g@@', 'or@@', 'ous', ',', 'and', 'the', 're@@', 'siden@@', 'ce', 'of', 'the', 'United', 'States', ',', 'and', 'the', 're@@', 'stri@@', 'c@@', 'ted', 'by', 'the', 'United', 'States', '.', '</s>']
2026-05-11 23:24:46,617 - INFO - joeynmt.training - 	Source:     Indiens neuer Premierminister Narendra Modi trifft bei seinem ersten wichtigen Auslandsbesuch seit seinem Wahlsieg im Mai seinen japanischen Amtskollegen Shinzo Abe in Toko , um wirtschaftliche und sicherheitspolitische Beziehungen zu besprechen .
2026-05-11 23:24:46,617 - INFO - joeynmt.training - 	Reference:  India &apos;s new prime minister , Narendra Modi , is meeting his Japanese counterpart , Shinzo Abe , in Tokyo to discuss economic and security ties , on his first major foreign visit since winning May &apos;s election .
2026-05-11 23:24:46,617 - INFO - joeynmt.training - 	Hypothesis: the new America &apos;s claimed in the first of the first time , the first of the first time of the first time , which has been made in the first time of the Cavigorous , and the residence of the United States , and the restricted by the United States .
2026-05-11 23:24:46,617 - INFO - joeynmt.training - Example #2
2026-05-11 23:24:46,617 - DEBUG - joeynmt.training - 	Tokenized source:     ['Herr', 'Mo@@', 'd@@', 'i', 'befindet', 'sich', 'auf', 'einer', 'fü@@', 'n@@', 'f@@', 'tä@@', 'gi@@', 'gen', 'Rei@@', 'se', 'nach', 'J@@', 'ap@@', 'an', ',', 'um', 'die', 'wirtschaf@@', 'tlichen', 'Be@@', 'zieh@@', 'ungen', 'mit', 'der', 'd@@', 'rit@@', 't@@', 'größ@@', 'ten', 'Wirtschafts@@', 'n@@', 'ation', 'der', 'Welt', 'zu', 'fes@@', 'tigen', '.']
2026-05-11 23:24:46,617 - DEBUG - joeynmt.training - 	Tokenized reference:  ['Mr', 'Mo@@', 'd@@', 'i', 'is', 'on', 'a', 'fi@@', 've', '@@@', '-@@', '@', 'day', 'tri@@', 'p', 'to', 'J@@', 'ap@@', 'an', 'to', 'streng@@', 'then', 'economic', 'ties', 'with', 'the', 'third', 'lar@@', 'ges@@', 't', 'econom@@', 'y', 'in', 'the', 'world', '.']
2026-05-11 23:24:46,617 - DEBUG - joeynmt.training - 	Tokenized hypothesis: ['Mr', 'President', ',', 'the', 'first', 'of', 'the', 'most', 'important', 'st@@', 'ati@@', 'sti@@', 'c@@', 's', 'of', 'the', 'most', 'important', 'role', 'of', 'the', 'world', ',', 'which', 'is', 'the', 'most', 'important', 'of', 'the', 'world', '&apos;s', 'most', 'of', 'the', 'world', '.', '</s>']
2026-05-11 23:24:46,617 - INFO - joeynmt.training - 	Source:     Herr Modi befindet sich auf einer fünftägigen Reise nach Japan , um die wirtschaftlichen Beziehungen mit der drittgrößten Wirtschaftsnation der Welt zu festigen .
2026-05-11 23:24:46,617 - INFO - joeynmt.training - 	Reference:  Mr Modi is on a five @-@ day trip to Japan to strengthen economic ties with the third largest economy in the world .
2026-05-11 23:24:46,617 - INFO - joeynmt.training - 	Hypothesis: Mr President , the first of the most important statistics of the most important role of the world , which is the most important of the world &apos;s most of the world .
2026-05-11 23:24:46,617 - INFO - joeynmt.training - Example #3
2026-05-11 23:24:46,617 - DEBUG - joeynmt.training - 	Tokenized source:     ['P@@', 'län@@', 'e', 'für', 'eine', 'stärk@@', 'ere', 'k@@', 'ern@@', 'techn@@', 'ische', 'Zusammenarbeit', 'stehen', 'ganz', 'ob@@', 'en', 'auf', 'der', 'Tag@@', 'es@@', 'ordnung', '.']
2026-05-11 23:24:46,617 - DEBUG - joeynmt.training - 	Tokenized reference:  ['high', 'on', 'the', 'agen@@', 'da', 'are', 'pl@@', 'ans', 'for', 'gre@@', 'ater', 'nu@@', 'clear', 'c@@', 'o', '@@@', '-@@', '@', 'operation', '.']
2026-05-11 23:24:46,617 - DEBUG - joeynmt.training - 	Tokenized hypothesis: ['A@@', 'p@@', 'pl@@', 'an', 'for', 'a', 'development', 'of', 'the', 'development', 'of', 'the', 'development', 'of', 'the', 're@@', 'st', 'of', 'the', 're@@', 'st', 'of', 'the', 're@@', 'st', 'of', 'the', 'debate', '.', '</s>']
2026-05-11 23:24:46,617 - INFO - joeynmt.training - 	Source:     Pläne für eine stärkere kerntechnische Zusammenarbeit stehen ganz oben auf der Tagesordnung .
2026-05-11 23:24:46,617 - INFO - joeynmt.training - 	Reference:  high on the agenda are plans for greater nuclear co @-@ operation .
2026-05-11 23:24:46,617 - INFO - joeynmt.training - 	Hypothesis: Applan for a development of the development of the development of the rest of the rest of the rest of the debate .
2026-05-11 23:24:46,618 - INFO - joeynmt.training - Example #4
2026-05-11 23:24:46,618 - DEBUG - joeynmt.training - 	Tokenized source:     ['Berich@@', 'ten', 'zu@@', 'fol@@', 'ge', 'ho@@', 'fft', 'Indi@@', 'en', 'darüber', 'hinaus', 'auf', 'einen', 'Ver@@', 'trag', 'zur', 'Ver@@', 'tei@@', 'dig@@', 'ungs@@', 'zusammen@@', 'arbeit', 'zwischen', 'den', 'beiden', 'N@@', 'ationen', '.']
2026-05-11 23:24:46,618 - DEBUG - joeynmt.training - 	Tokenized reference:  ['Indi@@', 'a', 'is', 'also', 're@@', 'porte@@', 'dly', 'hop@@', 'ing', 'for', 'a', 'de@@', 'al', 'on', 'def@@', 'ence', 'c@@', 'oll@@', 'ab@@', 'or@@', 'ation', 'between', 'the', 'two', 'n@@', 'ations', '.']
2026-05-11 23:24:46,618 - DEBUG - joeynmt.training - 	Tokenized hypothesis: ['in', 'the', 'report', ',', 'the', 'United', 'N@@', 'ations', 'are', 'also', 'a', 'few', 'min@@', 'utes', 'of', 'the', 'two', 're@@', 'ports', '.', '</s>']
2026-05-11 23:24:46,618 - INFO - joeynmt.training - 	Source:     Berichten zufolge hofft Indien darüber hinaus auf einen Vertrag zur Verteidigungszusammenarbeit zwischen den beiden Nationen .
2026-05-11 23:24:46,618 - INFO - joeynmt.training - 	Reference:  India is also reportedly hoping for a deal on defence collaboration between the two nations .
2026-05-11 23:24:46,618 - INFO - joeynmt.training - 	Hypothesis: in the report , the United Nations are also a few minutes of the two reports .
2026-05-11 23:25:14,158 - INFO - joeynmt.training - Epoch   2, Step:     6100, Batch Loss:     2.395459, Batch Acc: 0.316297, Tokens per Sec:     3313, Lr: 0.000300
2026-05-11 23:25:41,042 - INFO - joeynmt.training - Epoch   2, Step:     6200, Batch Loss:     2.591400, Batch Acc: 0.318186, Tokens per Sec:     3409, Lr: 0.000300
2026-05-11 23:26:08,166 - INFO - joeynmt.training - Epoch   2, Step:     6300, Batch Loss:     2.414380, Batch Acc: 0.321104, Tokens per Sec:     3418, Lr: 0.000300
2026-05-11 23:26:35,210 - INFO - joeynmt.training - Epoch   2, Step:     6400, Batch Loss:     2.331922, Batch Acc: 0.327610, Tokens per Sec:     3375, Lr: 0.000300
2026-05-11 23:27:02,325 - INFO - joeynmt.training - Epoch   2, Step:     6500, Batch Loss:     2.509947, Batch Acc: 0.325439, Tokens per Sec:     3303, Lr: 0.000300
2026-05-11 23:27:02,326 - INFO - joeynmt.prediction - Predicting 500 example(s)... (Greedy decoding with min_output_length=1, max_output_length=-1, return_prob='none', generate_unk=True, repetition_penalty=-1, no_repeat_ngram_size=-1)
2026-05-11 23:28:04,553 - INFO - joeynmt.prediction - Evaluation result (greedy) loss:   2.89, ppl:  17.94, acc:   0.26, generation: 62.2176[sec], evaluation: 0.0000[sec]
2026-05-11 23:28:04,557 - INFO - joeynmt.training - Hooray! New best validation result [ppl]!
2026-05-11 23:28:04,773 - INFO - joeynmt.helpers - delete models/deen_transformer_post/4000.ckpt
2026-05-11 23:28:04,779 - INFO - joeynmt.training - Example #0
2026-05-11 23:28:04,779 - DEBUG - joeynmt.training - 	Tokenized source:     ['die', 'Pre@@', 'mi@@', 'er@@', 'minist@@', 'er', 'Indi@@', 'ens', 'und', 'J@@', 'ap@@', 'ans', 'tra@@', 'fen', 'sich', 'in', 'T@@', 'ok@@', 'i@@', 'o', '.']
2026-05-11 23:28:04,779 - DEBUG - joeynmt.training - 	Tokenized reference:  ['Indi@@', 'a', 'and', 'J@@', 'ap@@', 'an', 'pri@@', 'me', 'minist@@', 'ers', 'me@@', 'et', 'in', 'T@@', 'ok@@', 'y@@', 'o']
2026-05-11 23:28:04,779 - DEBUG - joeynmt.training - 	Tokenized hypothesis: ['the', 'S@@', 'we@@', 'den', 'and', 'J@@', 'us@@', 'tice', 'in', 'the', 'S@@', 'we@@', 'den', 'and', 'J@@', 'o@@', 'w@@', 'ner', '.', '</s>']
2026-05-11 23:28:04,779 - INFO - joeynmt.training - 	Source:     die Premierminister Indiens und Japans trafen sich in Tokio .
2026-05-11 23:28:04,779 - INFO - joeynmt.training - 	Reference:  India and Japan prime ministers meet in Tokyo
2026-05-11 23:28:04,779 - INFO - joeynmt.training - 	Hypothesis: the Sweden and Justice in the Sweden and Jowner .
2026-05-11 23:28:04,779 - INFO - joeynmt.training - Example #1
2026-05-11 23:28:04,780 - DEBUG - joeynmt.training - 	Tokenized source:     ['Indi@@', 'ens', 'neu@@', 'er', 'Pre@@', 'mi@@', 'er@@', 'minist@@', 'er', 'N@@', 'ar@@', 'end@@', 'ra', 'Mo@@', 'd@@', 'i', 'tri@@', 'fft', 'bei', 's@@', 'einem', 'ersten', 'wichti@@', 'gen', 'Aus@@', 'land@@', 's@@', 'bes@@', 'u@@', 'ch', 'seit', 's@@', 'einem', 'W@@', 'ah@@', 'l@@', 'si@@', 'e@@', 'g', 'im', 'Ma@@', 'i', 'seinen', 'j@@', 'ap@@', 'an@@', 'ischen', 'Am@@', 'ts@@', 'k@@', 'olle@@', 'gen', 'S@@', 'hin@@', 'z@@', 'o', 'A@@', 'be', 'in', 'T@@', 'ok@@', 'o', ',', 'um', 'wirtschaf@@', 'tliche', 'und', 'sicher@@', 'heits@@', 'politische', 'Be@@', 'zieh@@', 'ungen', 'zu', 'bes@@', 'pre@@', 'chen', '.']
2026-05-11 23:28:04,780 - DEBUG - joeynmt.training - 	Tokenized reference:  ['Indi@@', 'a', '&apos;s', 'new', 'pri@@', 'me', 'minist@@', 'er', ',', 'N@@', 'ar@@', 'end@@', 'ra', 'Mo@@', 'd@@', 'i', ',', 'is', 'me@@', 'eting', 'his', 'J@@', 'ap@@', 'an@@', 'ese', 'coun@@', 'ter@@', 'part', ',', 'S@@', 'hin@@', 'z@@', 'o', 'A@@', 'be', ',', 'in', 'T@@', 'ok@@', 'y@@', 'o', 'to', 'disc@@', 'uss', 'economic', 'and', 'security', 'ties', ',', 'on', 'his', 'first', 'major', 'fore@@', 'ign', 'visi@@', 't', 'since', 'w@@', 'inn@@', 'ing', 'Ma@@', 'y', '&apos;s', 'elec@@', 'tion', '.']
2026-05-11 23:28:04,780 - DEBUG - joeynmt.training - 	Tokenized hypothesis: ['in', 'the', 'last', 'year', ',', 'the', 'first', 'of', 'the', 'first', 'of', 'the', 'first', 'of', 'the', 'first', 'first', 'of', 'the', 'first', 'of', 'the', 'first', 'read@@', 'ing', 'of', 'the', 'first', 'b@@', 'ig@@', 'ges@@', 't', 'a', 'b@@', 'l@@', 'ack', 'of', 'the', 'b@@', 'ig@@', 'ges@@', 't', 'of', 'the', 'S@@', 'ol@@', 'o', ',', 'the', 'S@@', 'ol@@', 'o', ',', 'and', 'the', 're@@', 'st', 'of', 'the', 'political', 'and', 'the', 'political', 'and', 'the', 'political', 'and', 'the', 'political', 'and', 'the', 'political', 'and', 'the', 'political', '.', '</s>']
2026-05-11 23:28:04,780 - INFO - joeynmt.training - 	Source:     Indiens neuer Premierminister Narendra Modi trifft bei seinem ersten wichtigen Auslandsbesuch seit seinem Wahlsieg im Mai seinen japanischen Amtskollegen Shinzo Abe in Toko , um wirtschaftliche und sicherheitspolitische Beziehungen zu besprechen .
2026-05-11 23:28:04,780 - INFO - joeynmt.training - 	Reference:  India &apos;s new prime minister , Narendra Modi , is meeting his Japanese counterpart , Shinzo Abe , in Tokyo to discuss economic and security ties , on his first major foreign visit since winning May &apos;s election .
2026-05-11 23:28:04,780 - INFO - joeynmt.training - 	Hypothesis: in the last year , the first of the first of the first of the first first of the first of the first reading of the first biggest a black of the biggest of the Solo , the Solo , and the rest of the political and the political and the political and the political and the political and the political .
2026-05-11 23:28:04,780 - INFO - joeynmt.training - Example #2
2026-05-11 23:28:04,780 - DEBUG - joeynmt.training - 	Tokenized source:     ['Herr', 'Mo@@', 'd@@', 'i', 'befindet', 'sich', 'auf', 'einer', 'fü@@', 'n@@', 'f@@', 'tä@@', 'gi@@', 'gen', 'Rei@@', 'se', 'nach', 'J@@', 'ap@@', 'an', ',', 'um', 'die', 'wirtschaf@@', 'tlichen', 'Be@@', 'zieh@@', 'ungen', 'mit', 'der', 'd@@', 'rit@@', 't@@', 'größ@@', 'ten', 'Wirtschafts@@', 'n@@', 'ation', 'der', 'Welt', 'zu', 'fes@@', 'tigen', '.']
2026-05-11 23:28:04,780 - DEBUG - joeynmt.training - 	Tokenized reference:  ['Mr', 'Mo@@', 'd@@', 'i', 'is', 'on', 'a', 'fi@@', 've', '@@@', '-@@', '@', 'day', 'tri@@', 'p', 'to', 'J@@', 'ap@@', 'an', 'to', 'streng@@', 'then', 'economic', 'ties', 'with', 'the', 'third', 'lar@@', 'ges@@', 't', 'econom@@', 'y', 'in', 'the', 'world', '.']
2026-05-11 23:28:04,780 - DEBUG - joeynmt.training - 	Tokenized hypothesis: ['Mr', 'President', ',', 'the', 'b@@', 'ig@@', 'ges@@', 't', 'c@@', 'ard', 'is', 'a', 'great', 'de@@', 'al', 'of', 'the', 'economic', ',', 'the', 'economic', 'economic', ',', 'the', 'world', '&apos;s', 'economic', 'policy', ',', 'the', 'world', '&apos;s', 'economic', 'crisis', '.', '</s>']
2026-05-11 23:28:04,780 - INFO - joeynmt.training - 	Source:     Herr Modi befindet sich auf einer fünftägigen Reise nach Japan , um die wirtschaftlichen Beziehungen mit der drittgrößten Wirtschaftsnation der Welt zu festigen .
2026-05-11 23:28:04,780 - INFO - joeynmt.training - 	Reference:  Mr Modi is on a five @-@ day trip to Japan to strengthen economic ties with the third largest economy in the world .
2026-05-11 23:28:04,781 - INFO - joeynmt.training - 	Hypothesis: Mr President , the biggest card is a great deal of the economic , the economic economic , the world &apos;s economic policy , the world &apos;s economic crisis .
2026-05-11 23:28:04,781 - INFO - joeynmt.training - Example #3
2026-05-11 23:28:04,781 - DEBUG - joeynmt.training - 	Tokenized source:     ['P@@', 'län@@', 'e', 'für', 'eine', 'stärk@@', 'ere', 'k@@', 'ern@@', 'techn@@', 'ische', 'Zusammenarbeit', 'stehen', 'ganz', 'ob@@', 'en', 'auf', 'der', 'Tag@@', 'es@@', 'ordnung', '.']
2026-05-11 23:28:04,781 - DEBUG - joeynmt.training - 	Tokenized reference:  ['high', 'on', 'the', 'agen@@', 'da', 'are', 'pl@@', 'ans', 'for', 'gre@@', 'ater', 'nu@@', 'clear', 'c@@', 'o', '@@@', '-@@', '@', 'operation', '.']
2026-05-11 23:28:04,781 - DEBUG - joeynmt.training - 	Tokenized hypothesis: ['P@@', 'P@@', 'P@@', 's', 'for', 'a', 'a', 'European', 'partn@@', 'er@@', 'ship', ',', 'the', 'next', 'it@@', 'em', 'is', 'the', 'next', 'year', '.', '</s>']
2026-05-11 23:28:04,781 - INFO - joeynmt.training - 	Source:     Pläne für eine stärkere kerntechnische Zusammenarbeit stehen ganz oben auf der Tagesordnung .
2026-05-11 23:28:04,781 - INFO - joeynmt.training - 	Reference:  high on the agenda are plans for greater nuclear co @-@ operation .
2026-05-11 23:28:04,781 - INFO - joeynmt.training - 	Hypothesis: PPPs for a a European partnership , the next item is the next year .
2026-05-11 23:28:04,781 - INFO - joeynmt.training - Example #4
2026-05-11 23:28:04,781 - DEBUG - joeynmt.training - 	Tokenized source:     ['Berich@@', 'ten', 'zu@@', 'fol@@', 'ge', 'ho@@', 'fft', 'Indi@@', 'en', 'darüber', 'hinaus', 'auf', 'einen', 'Ver@@', 'trag', 'zur', 'Ver@@', 'tei@@', 'dig@@', 'ungs@@', 'zusammen@@', 'arbeit', 'zwischen', 'den', 'beiden', 'N@@', 'ationen', '.']
2026-05-11 23:28:04,781 - DEBUG - joeynmt.training - 	Tokenized reference:  ['Indi@@', 'a', 'is', 'also', 're@@', 'porte@@', 'dly', 'hop@@', 'ing', 'for', 'a', 'de@@', 'al', 'on', 'def@@', 'ence', 'c@@', 'oll@@', 'ab@@', 'or@@', 'ation', 'between', 'the', 'two', 'n@@', 'ations', '.']
2026-05-11 23:28:04,781 - DEBUG - joeynmt.training - 	Tokenized hypothesis: ['I', 'am', 'ple@@', 'ased', 'to', 're@@', 'duce', 'a', 're@@', 'ali@@', 'st', 'of', 'the', 'two', 'years', 'ag@@', 'o', ',', 'the', 'two', 'two', 'years', 'ag@@', 'o', '.', '</s>']
2026-05-11 23:28:04,782 - INFO - joeynmt.training - 	Source:     Berichten zufolge hofft Indien darüber hinaus auf einen Vertrag zur Verteidigungszusammenarbeit zwischen den beiden Nationen .
2026-05-11 23:28:04,782 - INFO - joeynmt.training - 	Reference:  India is also reportedly hoping for a deal on defence collaboration between the two nations .
2026-05-11 23:28:04,782 - INFO - joeynmt.training - 	Hypothesis: I am pleased to reduce a realist of the two years ago , the two two years ago .
2026-05-11 23:28:41,887 - INFO - joeynmt.training - Epoch   2, Step:     6600, Batch Loss:     2.493491, Batch Acc: 0.321759, Tokens per Sec:     2459, Lr: 0.000300
2026-05-11 23:29:14,119 - INFO - joeynmt.training - Epoch   2, Step:     6700, Batch Loss:     2.466136, Batch Acc: 0.326608, Tokens per Sec:     2850, Lr: 0.000300
2026-05-11 23:29:42,607 - INFO - joeynmt.training - Epoch   2, Step:     6800, Batch Loss:     2.454379, Batch Acc: 0.326962, Tokens per Sec:     3225, Lr: 0.000300
2026-05-11 23:30:09,639 - INFO - joeynmt.training - Epoch   2, Step:     6900, Batch Loss:     2.420118, Batch Acc: 0.325697, Tokens per Sec:     3389, Lr: 0.000300
2026-05-11 23:30:37,686 - INFO - joeynmt.training - Epoch   2, Step:     7000, Batch Loss:     2.457483, Batch Acc: 0.329080, Tokens per Sec:     3269, Lr: 0.000300
2026-05-11 23:30:37,687 - INFO - joeynmt.prediction - Predicting 500 example(s)... (Greedy decoding with min_output_length=1, max_output_length=-1, return_prob='none', generate_unk=True, repetition_penalty=-1, no_repeat_ngram_size=-1)
2026-05-11 23:31:13,246 - INFO - joeynmt.prediction - Evaluation result (greedy) loss:   2.88, ppl:  17.81, acc:   0.26, generation: 35.5508[sec], evaluation: 0.0000[sec]
2026-05-11 23:31:13,249 - INFO - joeynmt.training - Hooray! New best validation result [ppl]!
2026-05-11 23:31:13,413 - INFO - joeynmt.helpers - delete models/deen_transformer_post/4500.ckpt
2026-05-11 23:31:13,416 - INFO - joeynmt.training - Example #0
2026-05-11 23:31:13,416 - DEBUG - joeynmt.training - 	Tokenized source:     ['die', 'Pre@@', 'mi@@', 'er@@', 'minist@@', 'er', 'Indi@@', 'ens', 'und', 'J@@', 'ap@@', 'ans', 'tra@@', 'fen', 'sich', 'in', 'T@@', 'ok@@', 'i@@', 'o', '.']
2026-05-11 23:31:13,416 - DEBUG - joeynmt.training - 	Tokenized reference:  ['Indi@@', 'a', 'and', 'J@@', 'ap@@', 'an', 'pri@@', 'me', 'minist@@', 'ers', 'me@@', 'et', 'in', 'T@@', 'ok@@', 'y@@', 'o']
2026-05-11 23:31:13,416 - DEBUG - joeynmt.training - 	Tokenized hypothesis: ['the', 're@@', 'ports', 'of', 'the', 'Committee', 'on', 'A@@', 'ra@@', 'b', 'and', 'A@@', 'mer@@', 'ic@@', 'a', 'and', 'A@@', 'ra@@', 'b', '.', '</s>']
2026-05-11 23:31:13,416 - INFO - joeynmt.training - 	Source:     die Premierminister Indiens und Japans trafen sich in Tokio .
2026-05-11 23:31:13,416 - INFO - joeynmt.training - 	Reference:  India and Japan prime ministers meet in Tokyo
2026-05-11 23:31:13,416 - INFO - joeynmt.training - 	Hypothesis: the reports of the Committee on Arab and America and Arab .
2026-05-11 23:31:13,416 - INFO - joeynmt.training - Example #1
2026-05-11 23:31:13,417 - DEBUG - joeynmt.training - 	Tokenized source:     ['Indi@@', 'ens', 'neu@@', 'er', 'Pre@@', 'mi@@', 'er@@', 'minist@@', 'er', 'N@@', 'ar@@', 'end@@', 'ra', 'Mo@@', 'd@@', 'i', 'tri@@', 'fft', 'bei', 's@@', 'einem', 'ersten', 'wichti@@', 'gen', 'Aus@@', 'land@@', 's@@', 'bes@@', 'u@@', 'ch', 'seit', 's@@', 'einem', 'W@@', 'ah@@', 'l@@', 'si@@', 'e@@', 'g', 'im', 'Ma@@', 'i', 'seinen', 'j@@', 'ap@@', 'an@@', 'ischen', 'Am@@', 'ts@@', 'k@@', 'olle@@', 'gen', 'S@@', 'hin@@', 'z@@', 'o', 'A@@', 'be', 'in', 'T@@', 'ok@@', 'o', ',', 'um', 'wirtschaf@@', 'tliche', 'und', 'sicher@@', 'heits@@', 'politische', 'Be@@', 'zieh@@', 'ungen', 'zu', 'bes@@', 'pre@@', 'chen', '.']
2026-05-11 23:31:13,417 - DEBUG - joeynmt.training - 	Tokenized reference:  ['Indi@@', 'a', '&apos;s', 'new', 'pri@@', 'me', 'minist@@', 'er', ',', 'N@@', 'ar@@', 'end@@', 'ra', 'Mo@@', 'd@@', 'i', ',', 'is', 'me@@', 'eting', 'his', 'J@@', 'ap@@', 'an@@', 'ese', 'coun@@', 'ter@@', 'part', ',', 'S@@', 'hin@@', 'z@@', 'o', 'A@@', 'be', ',', 'in', 'T@@', 'ok@@', 'y@@', 'o', 'to', 'disc@@', 'uss', 'economic', 'and', 'security', 'ties', ',', 'on', 'his', 'first', 'major', 'fore@@', 'ign', 'visi@@', 't', 'since', 'w@@', 'inn@@', 'ing', 'Ma@@', 'y', '&apos;s', 'elec@@', 'tion', '.']
2026-05-11 23:31:13,417 - DEBUG - joeynmt.training - 	Tokenized hypothesis: ['in', 'the', 'new', 'report', ',', 'the', 'report', 'on', 'the', 'S@@', 'wi@@', 'ss', 'of', 'the', 'first', 'and', 'the', 'first', 'time', 'of', 'the', 'first', 'time', ',', 'the', 'first', 'time', 'of', 'the', 'first', 'time', ',', 'in', 'the', 'first', 'time', ',', 'the', 'first', 'time', 'of', 'the', 'first', 'and', 'the', 'S@@', 'um@@', 'mit', ',', 'and', 'the', 'S@@', 'wi@@', 'ss', 'of', 'the', 'C@@', 'hr@@', 'is@@', 'ti@@', 'an', 'and', 'the', 're@@', 'lev@@', 'ant', '.', '</s>']
2026-05-11 23:31:13,417 - INFO - joeynmt.training - 	Source:     Indiens neuer Premierminister Narendra Modi trifft bei seinem ersten wichtigen Auslandsbesuch seit seinem Wahlsieg im Mai seinen japanischen Amtskollegen Shinzo Abe in Toko , um wirtschaftliche und sicherheitspolitische Beziehungen zu besprechen .
2026-05-11 23:31:13,417 - INFO - joeynmt.training - 	Reference:  India &apos;s new prime minister , Narendra Modi , is meeting his Japanese counterpart , Shinzo Abe , in Tokyo to discuss economic and security ties , on his first major foreign visit since winning May &apos;s election .
2026-05-11 23:31:13,417 - INFO - joeynmt.training - 	Hypothesis: in the new report , the report on the Swiss of the first and the first time of the first time , the first time of the first time , in the first time , the first time of the first and the Summit , and the Swiss of the Christian and the relevant .
2026-05-11 23:31:13,417 - INFO - joeynmt.training - Example #2
2026-05-11 23:31:13,417 - DEBUG - joeynmt.training - 	Tokenized source:     ['Herr', 'Mo@@', 'd@@', 'i', 'befindet', 'sich', 'auf', 'einer', 'fü@@', 'n@@', 'f@@', 'tä@@', 'gi@@', 'gen', 'Rei@@', 'se', 'nach', 'J@@', 'ap@@', 'an', ',', 'um', 'die', 'wirtschaf@@', 'tlichen', 'Be@@', 'zieh@@', 'ungen', 'mit', 'der', 'd@@', 'rit@@', 't@@', 'größ@@', 'ten', 'Wirtschafts@@', 'n@@', 'ation', 'der', 'Welt', 'zu', 'fes@@', 'tigen', '.']
2026-05-11 23:31:13,417 - DEBUG - joeynmt.training - 	Tokenized reference:  ['Mr', 'Mo@@', 'd@@', 'i', 'is', 'on', 'a', 'fi@@', 've', '@@@', '-@@', '@', 'day', 'tri@@', 'p', 'to', 'J@@', 'ap@@', 'an', 'to', 'streng@@', 'then', 'economic', 'ties', 'with', 'the', 'third', 'lar@@', 'ges@@', 't', 'econom@@', 'y', 'in', 'the', 'world', '.']
2026-05-11 23:31:13,417 - DEBUG - joeynmt.training - 	Tokenized hypothesis: ['Mr', 'President', ',', 'Mr', 'B@@', 'ro@@', 'k', 'is', 'a', 'great', 'de@@', 'al', 'of', 'the', 'b@@', 'ack@@', 'gro@@', 'und', 'of', 'the', 'most', 'important', ',', 'the', 'econom@@', 'y', ',', 'the', 'world', '&apos;s', 'econom@@', 'y', '.', '</s>']
2026-05-11 23:31:13,417 - INFO - joeynmt.training - 	Source:     Herr Modi befindet sich auf einer fünftägigen Reise nach Japan , um die wirtschaftlichen Beziehungen mit der drittgrößten Wirtschaftsnation der Welt zu festigen .
2026-05-11 23:31:13,417 - INFO - joeynmt.training - 	Reference:  Mr Modi is on a five @-@ day trip to Japan to strengthen economic ties with the third largest economy in the world .
2026-05-11 23:31:13,417 - INFO - joeynmt.training - 	Hypothesis: Mr President , Mr Brok is a great deal of the background of the most important , the economy , the world &apos;s economy .
2026-05-11 23:31:13,417 - INFO - joeynmt.training - Example #3
2026-05-11 23:31:13,417 - DEBUG - joeynmt.training - 	Tokenized source:     ['P@@', 'län@@', 'e', 'für', 'eine', 'stärk@@', 'ere', 'k@@', 'ern@@', 'techn@@', 'ische', 'Zusammenarbeit', 'stehen', 'ganz', 'ob@@', 'en', 'auf', 'der', 'Tag@@', 'es@@', 'ordnung', '.']
2026-05-11 23:31:13,417 - DEBUG - joeynmt.training - 	Tokenized reference:  ['high', 'on', 'the', 'agen@@', 'da', 'are', 'pl@@', 'ans', 'for', 'gre@@', 'ater', 'nu@@', 'clear', 'c@@', 'o', '@@@', '-@@', '@', 'operation', '.']
2026-05-11 23:31:13,417 - DEBUG - joeynmt.training - 	Tokenized hypothesis: ['P@@', 'P@@', 'P@@', 'P@@', 'P', 'is', 'a', 'a', 'partn@@', 'er@@', 'ship', 'with', 'a', 're@@', 'view', 'of', 'the', 'debate', '.', '</s>']
2026-05-11 23:31:13,418 - INFO - joeynmt.training - 	Source:     Pläne für eine stärkere kerntechnische Zusammenarbeit stehen ganz oben auf der Tagesordnung .
2026-05-11 23:31:13,418 - INFO - joeynmt.training - 	Reference:  high on the agenda are plans for greater nuclear co @-@ operation .
2026-05-11 23:31:13,418 - INFO - joeynmt.training - 	Hypothesis: PPPPP is a a partnership with a review of the debate .
2026-05-11 23:31:13,418 - INFO - joeynmt.training - Example #4
2026-05-11 23:31:13,418 - DEBUG - joeynmt.training - 	Tokenized source:     ['Berich@@', 'ten', 'zu@@', 'fol@@', 'ge', 'ho@@', 'fft', 'Indi@@', 'en', 'darüber', 'hinaus', 'auf', 'einen', 'Ver@@', 'trag', 'zur', 'Ver@@', 'tei@@', 'dig@@', 'ungs@@', 'zusammen@@', 'arbeit', 'zwischen', 'den', 'beiden', 'N@@', 'ationen', '.']
2026-05-11 23:31:13,418 - DEBUG - joeynmt.training - 	Tokenized reference:  ['Indi@@', 'a', 'is', 'also', 're@@', 'porte@@', 'dly', 'hop@@', 'ing', 'for', 'a', 'de@@', 'al', 'on', 'def@@', 'ence', 'c@@', 'oll@@', 'ab@@', 'or@@', 'ation', 'between', 'the', 'two', 'n@@', 'ations', '.']
2026-05-11 23:31:13,418 - DEBUG - joeynmt.training - 	Tokenized hypothesis: ['I', 'am', 'ple@@', 'ased', 'to', 'be', 'a', 'very', 'important', 'role', 'in', 'the', 'two', 'par@@', 'ts', 'of', 'the', 'two', 'amendments', '.', '</s>']
2026-05-11 23:31:13,418 - INFO - joeynmt.training - 	Source:     Berichten zufolge hofft Indien darüber hinaus auf einen Vertrag zur Verteidigungszusammenarbeit zwischen den beiden Nationen .
2026-05-11 23:31:13,418 - INFO - joeynmt.training - 	Reference:  India is also reportedly hoping for a deal on defence collaboration between the two nations .
2026-05-11 23:31:13,418 - INFO - joeynmt.training - 	Hypothesis: I am pleased to be a very important role in the two parts of the two amendments .
2026-05-11 23:31:39,870 - INFO - joeynmt.training - Epoch   2, Step:     7100, Batch Loss:     2.447711, Batch Acc: 0.333893, Tokens per Sec:     3469, Lr: 0.000300
2026-05-11 23:32:06,231 - INFO - joeynmt.training - Epoch   2, Step:     7200, Batch Loss:     2.333270, Batch Acc: 0.328739, Tokens per Sec:     3518, Lr: 0.000300
2026-05-11 23:32:32,846 - INFO - joeynmt.training - Epoch   2, Step:     7300, Batch Loss:     2.628336, Batch Acc: 0.332905, Tokens per Sec:     3423, Lr: 0.000300
2026-05-11 23:32:59,271 - INFO - joeynmt.training - Epoch   2, Step:     7400, Batch Loss:     2.379878, Batch Acc: 0.334565, Tokens per Sec:     3411, Lr: 0.000300
2026-05-11 23:33:25,859 - INFO - joeynmt.training - Epoch   2, Step:     7500, Batch Loss:     2.499323, Batch Acc: 0.332214, Tokens per Sec:     3507, Lr: 0.000300
2026-05-11 23:33:25,860 - INFO - joeynmt.prediction - Predicting 500 example(s)... (Greedy decoding with min_output_length=1, max_output_length=-1, return_prob='none', generate_unk=True, repetition_penalty=-1, no_repeat_ngram_size=-1)
2026-05-11 23:34:04,053 - INFO - joeynmt.prediction - Evaluation result (greedy) loss:   2.85, ppl:  17.26, acc:   0.26, generation: 38.1850[sec], evaluation: 0.0000[sec]
2026-05-11 23:34:04,055 - INFO - joeynmt.training - Hooray! New best validation result [ppl]!
2026-05-11 23:34:04,209 - INFO - joeynmt.helpers - delete models/deen_transformer_post/5000.ckpt
2026-05-11 23:34:04,218 - INFO - joeynmt.training - Example #0
2026-05-11 23:34:04,218 - DEBUG - joeynmt.training - 	Tokenized source:     ['die', 'Pre@@', 'mi@@', 'er@@', 'minist@@', 'er', 'Indi@@', 'ens', 'und', 'J@@', 'ap@@', 'ans', 'tra@@', 'fen', 'sich', 'in', 'T@@', 'ok@@', 'i@@', 'o', '.']
2026-05-11 23:34:04,218 - DEBUG - joeynmt.training - 	Tokenized reference:  ['Indi@@', 'a', 'and', 'J@@', 'ap@@', 'an', 'pri@@', 'me', 'minist@@', 'ers', 'me@@', 'et', 'in', 'T@@', 'ok@@', 'y@@', 'o']
2026-05-11 23:34:04,218 - DEBUG - joeynmt.training - 	Tokenized hypothesis: ['the', 're@@', 'ports', 'of', 'the', 'J@@', 'ap@@', 'an', 'and', 'J@@', 'ap@@', 'an', 'and', 'J@@', 'ap@@', 'an', '.', '</s>']
2026-05-11 23:34:04,218 - INFO - joeynmt.training - 	Source:     die Premierminister Indiens und Japans trafen sich in Tokio .
2026-05-11 23:34:04,218 - INFO - joeynmt.training - 	Reference:  India and Japan prime ministers meet in Tokyo
2026-05-11 23:34:04,218 - INFO - joeynmt.training - 	Hypothesis: the reports of the Japan and Japan and Japan .
2026-05-11 23:34:04,219 - INFO - joeynmt.training - Example #1
2026-05-11 23:34:04,219 - DEBUG - joeynmt.training - 	Tokenized source:     ['Indi@@', 'ens', 'neu@@', 'er', 'Pre@@', 'mi@@', 'er@@', 'minist@@', 'er', 'N@@', 'ar@@', 'end@@', 'ra', 'Mo@@', 'd@@', 'i', 'tri@@', 'fft', 'bei', 's@@', 'einem', 'ersten', 'wichti@@', 'gen', 'Aus@@', 'land@@', 's@@', 'bes@@', 'u@@', 'ch', 'seit', 's@@', 'einem', 'W@@', 'ah@@', 'l@@', 'si@@', 'e@@', 'g', 'im', 'Ma@@', 'i', 'seinen', 'j@@', 'ap@@', 'an@@', 'ischen', 'Am@@', 'ts@@', 'k@@', 'olle@@', 'gen', 'S@@', 'hin@@', 'z@@', 'o', 'A@@', 'be', 'in', 'T@@', 'ok@@', 'o', ',', 'um', 'wirtschaf@@', 'tliche', 'und', 'sicher@@', 'heits@@', 'politische', 'Be@@', 'zieh@@', 'ungen', 'zu', 'bes@@', 'pre@@', 'chen', '.']
2026-05-11 23:34:04,219 - DEBUG - joeynmt.training - 	Tokenized reference:  ['Indi@@', 'a', '&apos;s', 'new', 'pri@@', 'me', 'minist@@', 'er', ',', 'N@@', 'ar@@', 'end@@', 'ra', 'Mo@@', 'd@@', 'i', ',', 'is', 'me@@', 'eting', 'his', 'J@@', 'ap@@', 'an@@', 'ese', 'coun@@', 'ter@@', 'part', ',', 'S@@', 'hin@@', 'z@@', 'o', 'A@@', 'be', ',', 'in', 'T@@', 'ok@@', 'y@@', 'o', 'to', 'disc@@', 'uss', 'economic', 'and', 'security', 'ties', ',', 'on', 'his', 'first', 'major', 'fore@@', 'ign', 'visi@@', 't', 'since', 'w@@', 'inn@@', 'ing', 'Ma@@', 'y', '&apos;s', 'elec@@', 'tion', '.']
2026-05-11 23:34:04,219 - DEBUG - joeynmt.training - 	Tokenized hypothesis: ['in', 'the', 'new', 'A@@', 's@@', 'soci@@', 'ation', 'of', 'J@@', 'o@@', 'u', 'S@@', 'an', 'Ri@@', 'ghts', ',', 'the', 'first', 'of', 'the', 'first', 'time', ',', 'in', 'the', 'first', 'time', ',', 'the', 'S@@', 'wi@@', 'tz@@', 'er@@', 'land', ',', 'in', 'the', 'S@@', 'outh', 'A@@', 's@@', 'soci@@', 'ation', 'and', 'the', 'S@@', 'outh', 'A@@', 's@@', 'soci@@', 'ation', 'of', 'the', 'C@@', 'an@@', 'o', 'and', 'the', 'European', 'So@@', 'ci@@', 'ali@@', 'st', '.', '</s>']
2026-05-11 23:34:04,219 - INFO - joeynmt.training - 	Source:     Indiens neuer Premierminister Narendra Modi trifft bei seinem ersten wichtigen Auslandsbesuch seit seinem Wahlsieg im Mai seinen japanischen Amtskollegen Shinzo Abe in Toko , um wirtschaftliche und sicherheitspolitische Beziehungen zu besprechen .
2026-05-11 23:34:04,219 - INFO - joeynmt.training - 	Reference:  India &apos;s new prime minister , Narendra Modi , is meeting his Japanese counterpart , Shinzo Abe , in Tokyo to discuss economic and security ties , on his first major foreign visit since winning May &apos;s election .
2026-05-11 23:34:04,219 - INFO - joeynmt.training - 	Hypothesis: in the new Association of Jou San Rights , the first of the first time , in the first time , the Switzerland , in the South Association and the South Association of the Cano and the European Socialist .
2026-05-11 23:34:04,219 - INFO - joeynmt.training - Example #2
2026-05-11 23:34:04,219 - DEBUG - joeynmt.training - 	Tokenized source:     ['Herr', 'Mo@@', 'd@@', 'i', 'befindet', 'sich', 'auf', 'einer', 'fü@@', 'n@@', 'f@@', 'tä@@', 'gi@@', 'gen', 'Rei@@', 'se', 'nach', 'J@@', 'ap@@', 'an', ',', 'um', 'die', 'wirtschaf@@', 'tlichen', 'Be@@', 'zieh@@', 'ungen', 'mit', 'der', 'd@@', 'rit@@', 't@@', 'größ@@', 'ten', 'Wirtschafts@@', 'n@@', 'ation', 'der', 'Welt', 'zu', 'fes@@', 'tigen', '.']
2026-05-11 23:34:04,219 - DEBUG - joeynmt.training - 	Tokenized reference:  ['Mr', 'Mo@@', 'd@@', 'i', 'is', 'on', 'a', 'fi@@', 've', '@@@', '-@@', '@', 'day', 'tri@@', 'p', 'to', 'J@@', 'ap@@', 'an', 'to', 'streng@@', 'then', 'economic', 'ties', 'with', 'the', 'third', 'lar@@', 'ges@@', 't', 'econom@@', 'y', 'in', 'the', 'world', '.']
2026-05-11 23:34:04,219 - DEBUG - joeynmt.training - 	Tokenized hypothesis: ['Mr', 'C@@', 'z@@', 'i', 'is', 'located', 'in', 'a', 'few', 'min@@', 'utes', ',', 'the', 'most', 'important', 'c@@', 'las@@', 'si@@', 'cal', 'and', 'the', 'economic', 'crisis', 'in', 'the', 'world', '&apos;s', 'economic', 'crisis', '.', '</s>']
2026-05-11 23:34:04,219 - INFO - joeynmt.training - 	Source:     Herr Modi befindet sich auf einer fünftägigen Reise nach Japan , um die wirtschaftlichen Beziehungen mit der drittgrößten Wirtschaftsnation der Welt zu festigen .
2026-05-11 23:34:04,219 - INFO - joeynmt.training - 	Reference:  Mr Modi is on a five @-@ day trip to Japan to strengthen economic ties with the third largest economy in the world .
2026-05-11 23:34:04,219 - INFO - joeynmt.training - 	Hypothesis: Mr Czi is located in a few minutes , the most important classical and the economic crisis in the world &apos;s economic crisis .
2026-05-11 23:34:04,219 - INFO - joeynmt.training - Example #3
2026-05-11 23:34:04,220 - DEBUG - joeynmt.training - 	Tokenized source:     ['P@@', 'län@@', 'e', 'für', 'eine', 'stärk@@', 'ere', 'k@@', 'ern@@', 'techn@@', 'ische', 'Zusammenarbeit', 'stehen', 'ganz', 'ob@@', 'en', 'auf', 'der', 'Tag@@', 'es@@', 'ordnung', '.']
2026-05-11 23:34:04,220 - DEBUG - joeynmt.training - 	Tokenized reference:  ['high', 'on', 'the', 'agen@@', 'da', 'are', 'pl@@', 'ans', 'for', 'gre@@', 'ater', 'nu@@', 'clear', 'c@@', 'o', '@@@', '-@@', '@', 'operation', '.']
2026-05-11 23:34:04,220 - DEBUG - joeynmt.training - 	Tokenized hypothesis: ['the', 'development', 'of', 'a', 'common', 'partn@@', 'er@@', 'ship', 'is', 'to', 'be', 'able', 'to', 'be', 'able', 'to', 'be', 'able', 'to', 'be', 'able', 'to', 'be', 'able', 'to', 'be', 'able', 'to', 'be', 'able', 'to', 'be', 'able', 'to', 'be', 'able', 'to', 'be', 'able', 'to', 'be', 'able', 'to', 'be', 'able', 'to', 'be', 'able', 'to', 'be', 'able', 'to', 'be', 'able', 'to', 'be', 'able', 'to', 'be', 'able', 'to', 'be', 'able', 'to', 're@@', 'mo@@', 've', '.', '</s>']
2026-05-11 23:34:04,220 - INFO - joeynmt.training - 	Source:     Pläne für eine stärkere kerntechnische Zusammenarbeit stehen ganz oben auf der Tagesordnung .
2026-05-11 23:34:04,220 - INFO - joeynmt.training - 	Reference:  high on the agenda are plans for greater nuclear co @-@ operation .
2026-05-11 23:34:04,220 - INFO - joeynmt.training - 	Hypothesis: the development of a common partnership is to be able to be able to be able to be able to be able to be able to be able to be able to be able to be able to be able to be able to be able to be able to be able to be able to be able to be able to remove .
2026-05-11 23:34:04,220 - INFO - joeynmt.training - Example #4
2026-05-11 23:34:04,220 - DEBUG - joeynmt.training - 	Tokenized source:     ['Berich@@', 'ten', 'zu@@', 'fol@@', 'ge', 'ho@@', 'fft', 'Indi@@', 'en', 'darüber', 'hinaus', 'auf', 'einen', 'Ver@@', 'trag', 'zur', 'Ver@@', 'tei@@', 'dig@@', 'ungs@@', 'zusammen@@', 'arbeit', 'zwischen', 'den', 'beiden', 'N@@', 'ationen', '.']
2026-05-11 23:34:04,220 - DEBUG - joeynmt.training - 	Tokenized reference:  ['Indi@@', 'a', 'is', 'also', 're@@', 'porte@@', 'dly', 'hop@@', 'ing', 'for', 'a', 'de@@', 'al', 'on', 'def@@', 'ence', 'c@@', 'oll@@', 'ab@@', 'or@@', 'ation', 'between', 'the', 'two', 'n@@', 'ations', '.']
2026-05-11 23:34:04,220 - DEBUG - joeynmt.training - 	Tokenized hypothesis: ['I', 'have', 'already', 'said', 'that', 'the', 're@@', 'ports', 'on', 'the', 're@@', 'ports', 'on', 'the', 'two', 'par@@', 'ties', 'of', 'the', 'two', 'par@@', 'ties', '.', '</s>']
2026-05-11 23:34:04,220 - INFO - joeynmt.training - 	Source:     Berichten zufolge hofft Indien darüber hinaus auf einen Vertrag zur Verteidigungszusammenarbeit zwischen den beiden Nationen .
2026-05-11 23:34:04,220 - INFO - joeynmt.training - 	Reference:  India is also reportedly hoping for a deal on defence collaboration between the two nations .
2026-05-11 23:34:04,220 - INFO - joeynmt.training - 	Hypothesis: I have already said that the reports on the reports on the two parties of the two parties .
2026-05-11 23:34:30,625 - INFO - joeynmt.training - Epoch   2, Step:     7600, Batch Loss:     2.491752, Batch Acc: 0.336249, Tokens per Sec:     3460, Lr: 0.000300
2026-05-11 23:34:57,295 - INFO - joeynmt.training - Epoch   2, Step:     7700, Batch Loss:     2.451238, Batch Acc: 0.334963, Tokens per Sec:     3481, Lr: 0.000300
2026-05-11 23:35:23,707 - INFO - joeynmt.training - Epoch   2, Step:     7800, Batch Loss:     2.435069, Batch Acc: 0.342584, Tokens per Sec:     3456, Lr: 0.000300
2026-05-11 23:35:50,694 - INFO - joeynmt.training - Epoch   2, Step:     7900, Batch Loss:     2.437785, Batch Acc: 0.341061, Tokens per Sec:     3416, Lr: 0.000300
2026-05-11 23:36:17,201 - INFO - joeynmt.training - Epoch   2, Step:     8000, Batch Loss:     2.358600, Batch Acc: 0.344416, Tokens per Sec:     3445, Lr: 0.000300
2026-05-11 23:36:17,202 - INFO - joeynmt.prediction - Predicting 500 example(s)... (Greedy decoding with min_output_length=1, max_output_length=-1, return_prob='none', generate_unk=True, repetition_penalty=-1, no_repeat_ngram_size=-1)
2026-05-11 23:36:54,100 - INFO - joeynmt.prediction - Evaluation result (greedy) loss:   2.82, ppl:  16.78, acc:   0.27, generation: 36.8900[sec], evaluation: 0.0000[sec]
2026-05-11 23:36:54,104 - INFO - joeynmt.training - Hooray! New best validation result [ppl]!
2026-05-11 23:36:54,263 - INFO - joeynmt.helpers - delete models/deen_transformer_post/5500.ckpt
2026-05-11 23:36:54,270 - INFO - joeynmt.training - Example #0
2026-05-11 23:36:54,270 - DEBUG - joeynmt.training - 	Tokenized source:     ['die', 'Pre@@', 'mi@@', 'er@@', 'minist@@', 'er', 'Indi@@', 'ens', 'und', 'J@@', 'ap@@', 'ans', 'tra@@', 'fen', 'sich', 'in', 'T@@', 'ok@@', 'i@@', 'o', '.']
2026-05-11 23:36:54,270 - DEBUG - joeynmt.training - 	Tokenized reference:  ['Indi@@', 'a', 'and', 'J@@', 'ap@@', 'an', 'pri@@', 'me', 'minist@@', 'ers', 'me@@', 'et', 'in', 'T@@', 'ok@@', 'y@@', 'o']
2026-05-11 23:36:54,270 - DEBUG - joeynmt.training - 	Tokenized hypothesis: ['the', 'pro@@', 'gress', 'of', 'of', 'the', 'J@@', 'ap@@', 'an', 'and', 'J@@', 'ap@@', 'an', 'and', 'J@@', 'ap@@', 'o', '.', '</s>']
2026-05-11 23:36:54,271 - INFO - joeynmt.training - 	Source:     die Premierminister Indiens und Japans trafen sich in Tokio .
2026-05-11 23:36:54,271 - INFO - joeynmt.training - 	Reference:  India and Japan prime ministers meet in Tokyo
2026-05-11 23:36:54,271 - INFO - joeynmt.training - 	Hypothesis: the progress of of the Japan and Japan and Japo .
2026-05-11 23:36:54,271 - INFO - joeynmt.training - Example #1
2026-05-11 23:36:54,271 - DEBUG - joeynmt.training - 	Tokenized source:     ['Indi@@', 'ens', 'neu@@', 'er', 'Pre@@', 'mi@@', 'er@@', 'minist@@', 'er', 'N@@', 'ar@@', 'end@@', 'ra', 'Mo@@', 'd@@', 'i', 'tri@@', 'fft', 'bei', 's@@', 'einem', 'ersten', 'wichti@@', 'gen', 'Aus@@', 'land@@', 's@@', 'bes@@', 'u@@', 'ch', 'seit', 's@@', 'einem', 'W@@', 'ah@@', 'l@@', 'si@@', 'e@@', 'g', 'im', 'Ma@@', 'i', 'seinen', 'j@@', 'ap@@', 'an@@', 'ischen', 'Am@@', 'ts@@', 'k@@', 'olle@@', 'gen', 'S@@', 'hin@@', 'z@@', 'o', 'A@@', 'be', 'in', 'T@@', 'ok@@', 'o', ',', 'um', 'wirtschaf@@', 'tliche', 'und', 'sicher@@', 'heits@@', 'politische', 'Be@@', 'zieh@@', 'ungen', 'zu', 'bes@@', 'pre@@', 'chen', '.']
2026-05-11 23:36:54,271 - DEBUG - joeynmt.training - 	Tokenized reference:  ['Indi@@', 'a', '&apos;s', 'new', 'pri@@', 'me', 'minist@@', 'er', ',', 'N@@', 'ar@@', 'end@@', 'ra', 'Mo@@', 'd@@', 'i', ',', 'is', 'me@@', 'eting', 'his', 'J@@', 'ap@@', 'an@@', 'ese', 'coun@@', 'ter@@', 'part', ',', 'S@@', 'hin@@', 'z@@', 'o', 'A@@', 'be', ',', 'in', 'T@@', 'ok@@', 'y@@', 'o', 'to', 'disc@@', 'uss', 'economic', 'and', 'security', 'ties', ',', 'on', 'his', 'first', 'major', 'fore@@', 'ign', 'visi@@', 't', 'since', 'w@@', 'inn@@', 'ing', 'Ma@@', 'y', '&apos;s', 'elec@@', 'tion', '.']
2026-05-11 23:36:54,271 - DEBUG - joeynmt.training - 	Tokenized hypothesis: ['in', 'the', 'last', 'year', ',', 'the', 'A@@', 's@@', 'soci@@', 'ation', 'of', 'the', 'first', 'read@@', 'ing', 'of', 'the', 'first', 'read@@', 'ing', 'of', 'the', 'first', 'read@@', 'ing', 'of', 'the', 'first', 'first', 'read@@', 'ing', 'in', 'the', 'first', 'place', ',', 'the', 'S@@', 'ec@@', 'on@@', 'd', 'A@@', 'ra@@', 'b@@', 'o', ',', 'the', 'C@@', 'ap@@', 'o', ',', 'the', 'C@@', 'ap@@', 'o', ',', 'the', 'C@@', 'as@@', 'in@@', 'o', ',', 'the', 'political', 'and', 'the', 'environ@@', 'ment', '.', '</s>']
2026-05-11 23:36:54,271 - INFO - joeynmt.training - 	Source:     Indiens neuer Premierminister Narendra Modi trifft bei seinem ersten wichtigen Auslandsbesuch seit seinem Wahlsieg im Mai seinen japanischen Amtskollegen Shinzo Abe in Toko , um wirtschaftliche und sicherheitspolitische Beziehungen zu besprechen .
2026-05-11 23:36:54,271 - INFO - joeynmt.training - 	Reference:  India &apos;s new prime minister , Narendra Modi , is meeting his Japanese counterpart , Shinzo Abe , in Tokyo to discuss economic and security ties , on his first major foreign visit since winning May &apos;s election .
2026-05-11 23:36:54,271 - INFO - joeynmt.training - 	Hypothesis: in the last year , the Association of the first reading of the first reading of the first reading of the first first reading in the first place , the Second Arabo , the Capo , the Capo , the Casino , the political and the environment .
2026-05-11 23:36:54,271 - INFO - joeynmt.training - Example #2
2026-05-11 23:36:54,271 - DEBUG - joeynmt.training - 	Tokenized source:     ['Herr', 'Mo@@', 'd@@', 'i', 'befindet', 'sich', 'auf', 'einer', 'fü@@', 'n@@', 'f@@', 'tä@@', 'gi@@', 'gen', 'Rei@@', 'se', 'nach', 'J@@', 'ap@@', 'an', ',', 'um', 'die', 'wirtschaf@@', 'tlichen', 'Be@@', 'zieh@@', 'ungen', 'mit', 'der', 'd@@', 'rit@@', 't@@', 'größ@@', 'ten', 'Wirtschafts@@', 'n@@', 'ation', 'der', 'Welt', 'zu', 'fes@@', 'tigen', '.']
2026-05-11 23:36:54,271 - DEBUG - joeynmt.training - 	Tokenized reference:  ['Mr', 'Mo@@', 'd@@', 'i', 'is', 'on', 'a', 'fi@@', 've', '@@@', '-@@', '@', 'day', 'tri@@', 'p', 'to', 'J@@', 'ap@@', 'an', 'to', 'streng@@', 'then', 'economic', 'ties', 'with', 'the', 'third', 'lar@@', 'ges@@', 't', 'econom@@', 'y', 'in', 'the', 'world', '.']
2026-05-11 23:36:54,271 - DEBUG - joeynmt.training - 	Tokenized hypothesis: ['Mr', 'C@@', 'z@@', 'i', 'is', 'located', 'in', 'a', 'few', 'min@@', 'utes', ',', 'the', 'most', 'important', ',', 'the', 'economic', 're@@', 'form', 'of', 'the', 'economic', 're@@', 'form', 'of', 'the', 'world', ',', 'with', 'the', 'world', '&apos;s', 'economic', 'growth', '.', '</s>']
2026-05-11 23:36:54,271 - INFO - joeynmt.training - 	Source:     Herr Modi befindet sich auf einer fünftägigen Reise nach Japan , um die wirtschaftlichen Beziehungen mit der drittgrößten Wirtschaftsnation der Welt zu festigen .
2026-05-11 23:36:54,271 - INFO - joeynmt.training - 	Reference:  Mr Modi is on a five @-@ day trip to Japan to strengthen economic ties with the third largest economy in the world .
2026-05-11 23:36:54,272 - INFO - joeynmt.training - 	Hypothesis: Mr Czi is located in a few minutes , the most important , the economic reform of the economic reform of the world , with the world &apos;s economic growth .
2026-05-11 23:36:54,272 - INFO - joeynmt.training - Example #3
2026-05-11 23:36:54,272 - DEBUG - joeynmt.training - 	Tokenized source:     ['P@@', 'län@@', 'e', 'für', 'eine', 'stärk@@', 'ere', 'k@@', 'ern@@', 'techn@@', 'ische', 'Zusammenarbeit', 'stehen', 'ganz', 'ob@@', 'en', 'auf', 'der', 'Tag@@', 'es@@', 'ordnung', '.']
2026-05-11 23:36:54,272 - DEBUG - joeynmt.training - 	Tokenized reference:  ['high', 'on', 'the', 'agen@@', 'da', 'are', 'pl@@', 'ans', 'for', 'gre@@', 'ater', 'nu@@', 'clear', 'c@@', 'o', '@@@', '-@@', '@', 'operation', '.']
2026-05-11 23:36:54,272 - DEBUG - joeynmt.training - 	Tokenized hypothesis: ['P@@', 'P@@', 'A@@', 'T', 'is', 'a', 'more', 'important', 'partn@@', 'er@@', 'ship', 'between', 'the', 'Committee', 'on', 'A@@', 'gen@@', 'cy', '.', '</s>']
2026-05-11 23:36:54,272 - INFO - joeynmt.training - 	Source:     Pläne für eine stärkere kerntechnische Zusammenarbeit stehen ganz oben auf der Tagesordnung .
2026-05-11 23:36:54,272 - INFO - joeynmt.training - 	Reference:  high on the agenda are plans for greater nuclear co @-@ operation .
2026-05-11 23:36:54,272 - INFO - joeynmt.training - 	Hypothesis: PPAT is a more important partnership between the Committee on Agency .
2026-05-11 23:36:54,272 - INFO - joeynmt.training - Example #4
2026-05-11 23:36:54,272 - DEBUG - joeynmt.training - 	Tokenized source:     ['Berich@@', 'ten', 'zu@@', 'fol@@', 'ge', 'ho@@', 'fft', 'Indi@@', 'en', 'darüber', 'hinaus', 'auf', 'einen', 'Ver@@', 'trag', 'zur', 'Ver@@', 'tei@@', 'dig@@', 'ungs@@', 'zusammen@@', 'arbeit', 'zwischen', 'den', 'beiden', 'N@@', 'ationen', '.']
2026-05-11 23:36:54,272 - DEBUG - joeynmt.training - 	Tokenized reference:  ['Indi@@', 'a', 'is', 'also', 're@@', 'porte@@', 'dly', 'hop@@', 'ing', 'for', 'a', 'de@@', 'al', 'on', 'def@@', 'ence', 'c@@', 'oll@@', 'ab@@', 'or@@', 'ation', 'between', 'the', 'two', 'n@@', 'ations', '.']
2026-05-11 23:36:54,272 - DEBUG - joeynmt.training - 	Tokenized hypothesis: ['the', 'Committee', 'on', 'A@@', 'pri@@', 'l', ',', 'E@@', 'ast@@', 'ern', 'A@@', 'men@@', 'd@@', 'ment', ',', 'the', 'Committee', 'on', 'A@@', 'gri@@', 'culture', '.', '</s>']
2026-05-11 23:36:54,272 - INFO - joeynmt.training - 	Source:     Berichten zufolge hofft Indien darüber hinaus auf einen Vertrag zur Verteidigungszusammenarbeit zwischen den beiden Nationen .
2026-05-11 23:36:54,272 - INFO - joeynmt.training - 	Reference:  India is also reportedly hoping for a deal on defence collaboration between the two nations .
2026-05-11 23:36:54,272 - INFO - joeynmt.training - 	Hypothesis: the Committee on April , Eastern Amendment , the Committee on Agriculture .
2026-05-11 23:37:20,258 - INFO - joeynmt.training - Epoch   2, Step:     8100, Batch Loss:     2.407122, Batch Acc: 0.344821, Tokens per Sec:     3436, Lr: 0.000300
2026-05-11 23:37:28,520 - INFO - joeynmt.training - Epoch   2: total training loss 10267.28
2026-05-11 23:37:28,520 - INFO - joeynmt.training - EPOCH 3
2026-05-11 23:37:47,020 - INFO - joeynmt.training - Epoch   3, Step:     8200, Batch Loss:     2.417333, Batch Acc: 0.344856, Tokens per Sec:     3489, Lr: 0.000300
2026-05-11 23:38:13,335 - INFO - joeynmt.training - Epoch   3, Step:     8300, Batch Loss:     2.206197, Batch Acc: 0.352229, Tokens per Sec:     3470, Lr: 0.000300
2026-05-11 23:38:39,792 - INFO - joeynmt.training - Epoch   3, Step:     8400, Batch Loss:     2.343680, Batch Acc: 0.351852, Tokens per Sec:     3436, Lr: 0.000300
2026-05-11 23:39:06,626 - INFO - joeynmt.training - Epoch   3, Step:     8500, Batch Loss:     2.529651, Batch Acc: 0.353215, Tokens per Sec:     3425, Lr: 0.000300
2026-05-11 23:39:06,627 - INFO - joeynmt.prediction - Predicting 500 example(s)... (Greedy decoding with min_output_length=1, max_output_length=-1, return_prob='none', generate_unk=True, repetition_penalty=-1, no_repeat_ngram_size=-1)
2026-05-11 23:39:51,496 - INFO - joeynmt.prediction - Evaluation result (greedy) loss:   2.79, ppl:  16.33, acc:   0.28, generation: 44.8616[sec], evaluation: 0.0000[sec]
2026-05-11 23:39:51,499 - INFO - joeynmt.training - Hooray! New best validation result [ppl]!
2026-05-11 23:39:51,660 - INFO - joeynmt.helpers - delete models/deen_transformer_post/6000.ckpt
2026-05-11 23:39:51,665 - INFO - joeynmt.training - Example #0
2026-05-11 23:39:51,665 - DEBUG - joeynmt.training - 	Tokenized source:     ['die', 'Pre@@', 'mi@@', 'er@@', 'minist@@', 'er', 'Indi@@', 'ens', 'und', 'J@@', 'ap@@', 'ans', 'tra@@', 'fen', 'sich', 'in', 'T@@', 'ok@@', 'i@@', 'o', '.']
2026-05-11 23:39:51,666 - DEBUG - joeynmt.training - 	Tokenized reference:  ['Indi@@', 'a', 'and', 'J@@', 'ap@@', 'an', 'pri@@', 'me', 'minist@@', 'ers', 'me@@', 'et', 'in', 'T@@', 'ok@@', 'y@@', 'o']
2026-05-11 23:39:51,666 - DEBUG - joeynmt.training - 	Tokenized hypothesis: ['the', 're@@', 'form', 'of', 'the', 'J@@', 'ap@@', 'an', 'and', 'J@@', 'ap@@', 'an@@', 'o', '.', '</s>']
2026-05-11 23:39:51,666 - INFO - joeynmt.training - 	Source:     die Premierminister Indiens und Japans trafen sich in Tokio .
2026-05-11 23:39:51,666 - INFO - joeynmt.training - 	Reference:  India and Japan prime ministers meet in Tokyo
2026-05-11 23:39:51,666 - INFO - joeynmt.training - 	Hypothesis: the reform of the Japan and Japano .
2026-05-11 23:39:51,666 - INFO - joeynmt.training - Example #1
2026-05-11 23:39:51,666 - DEBUG - joeynmt.training - 	Tokenized source:     ['Indi@@', 'ens', 'neu@@', 'er', 'Pre@@', 'mi@@', 'er@@', 'minist@@', 'er', 'N@@', 'ar@@', 'end@@', 'ra', 'Mo@@', 'd@@', 'i', 'tri@@', 'fft', 'bei', 's@@', 'einem', 'ersten', 'wichti@@', 'gen', 'Aus@@', 'land@@', 's@@', 'bes@@', 'u@@', 'ch', 'seit', 's@@', 'einem', 'W@@', 'ah@@', 'l@@', 'si@@', 'e@@', 'g', 'im', 'Ma@@', 'i', 'seinen', 'j@@', 'ap@@', 'an@@', 'ischen', 'Am@@', 'ts@@', 'k@@', 'olle@@', 'gen', 'S@@', 'hin@@', 'z@@', 'o', 'A@@', 'be', 'in', 'T@@', 'ok@@', 'o', ',', 'um', 'wirtschaf@@', 'tliche', 'und', 'sicher@@', 'heits@@', 'politische', 'Be@@', 'zieh@@', 'ungen', 'zu', 'bes@@', 'pre@@', 'chen', '.']
2026-05-11 23:39:51,666 - DEBUG - joeynmt.training - 	Tokenized reference:  ['Indi@@', 'a', '&apos;s', 'new', 'pri@@', 'me', 'minist@@', 'er', ',', 'N@@', 'ar@@', 'end@@', 'ra', 'Mo@@', 'd@@', 'i', ',', 'is', 'me@@', 'eting', 'his', 'J@@', 'ap@@', 'an@@', 'ese', 'coun@@', 'ter@@', 'part', ',', 'S@@', 'hin@@', 'z@@', 'o', 'A@@', 'be', ',', 'in', 'T@@', 'ok@@', 'y@@', 'o', 'to', 'disc@@', 'uss', 'economic', 'and', 'security', 'ties', ',', 'on', 'his', 'first', 'major', 'fore@@', 'ign', 'visi@@', 't', 'since', 'w@@', 'inn@@', 'ing', 'Ma@@', 'y', '&apos;s', 'elec@@', 'tion', '.']
2026-05-11 23:39:51,666 - DEBUG - joeynmt.training - 	Tokenized hypothesis: ['in', 'the', 'new', 'comm@@', 'ents', 'of', 'the', 'S@@', 'wi@@', 'tz@@', 'er@@', 'land', '&apos;s', 'report', 'on', 'the', 'first', 'first', 'first', 'of', 'a', 'very', 'important', 'role', 'in', 'the', 'first', 'first', 'of', 'his', 'first', 'first', 'time', ',', 'in', 'the', 'first', 'of', 'its', 'own', 'country', ',', 'in', 'the', 'S@@', 'ep@@', 'tem@@', 'ber', '200@@', '1', ',', 'the', 'C@@', 'ap@@', 'o', 'of', 'A@@', 'par@@', 't@@', 'ament@@', 'ary', 'and', 'economic', 'growth', '.', '</s>']
2026-05-11 23:39:51,666 - INFO - joeynmt.training - 	Source:     Indiens neuer Premierminister Narendra Modi trifft bei seinem ersten wichtigen Auslandsbesuch seit seinem Wahlsieg im Mai seinen japanischen Amtskollegen Shinzo Abe in Toko , um wirtschaftliche und sicherheitspolitische Beziehungen zu besprechen .
2026-05-11 23:39:51,666 - INFO - joeynmt.training - 	Reference:  India &apos;s new prime minister , Narendra Modi , is meeting his Japanese counterpart , Shinzo Abe , in Tokyo to discuss economic and security ties , on his first major foreign visit since winning May &apos;s election .
2026-05-11 23:39:51,666 - INFO - joeynmt.training - 	Hypothesis: in the new comments of the Switzerland &apos;s report on the first first first of a very important role in the first first of his first first time , in the first of its own country , in the September 2001 , the Capo of Apartamentary and economic growth .
2026-05-11 23:39:51,666 - INFO - joeynmt.training - Example #2
2026-05-11 23:39:51,666 - DEBUG - joeynmt.training - 	Tokenized source:     ['Herr', 'Mo@@', 'd@@', 'i', 'befindet', 'sich', 'auf', 'einer', 'fü@@', 'n@@', 'f@@', 'tä@@', 'gi@@', 'gen', 'Rei@@', 'se', 'nach', 'J@@', 'ap@@', 'an', ',', 'um', 'die', 'wirtschaf@@', 'tlichen', 'Be@@', 'zieh@@', 'ungen', 'mit', 'der', 'd@@', 'rit@@', 't@@', 'größ@@', 'ten', 'Wirtschafts@@', 'n@@', 'ation', 'der', 'Welt', 'zu', 'fes@@', 'tigen', '.']
2026-05-11 23:39:51,666 - DEBUG - joeynmt.training - 	Tokenized reference:  ['Mr', 'Mo@@', 'd@@', 'i', 'is', 'on', 'a', 'fi@@', 've', '@@@', '-@@', '@', 'day', 'tri@@', 'p', 'to', 'J@@', 'ap@@', 'an', 'to', 'streng@@', 'then', 'economic', 'ties', 'with', 'the', 'third', 'lar@@', 'ges@@', 't', 'econom@@', 'y', 'in', 'the', 'world', '.']
2026-05-11 23:39:51,666 - DEBUG - joeynmt.training - 	Tokenized hypothesis: ['Mr', 'B@@', 'la@@', 'i', 'is', 'a', 'very', 'much', 'more', 'than', 'the', 'economic', 'growth', 'of', 'economic', 'growth', ',', 'the', 'economic', 'economic', 'growth', 'of', 'economic', 'growth', 'and', 'economic', 'growth', '.', '</s>']
2026-05-11 23:39:51,667 - INFO - joeynmt.training - 	Source:     Herr Modi befindet sich auf einer fünftägigen Reise nach Japan , um die wirtschaftlichen Beziehungen mit der drittgrößten Wirtschaftsnation der Welt zu festigen .
2026-05-11 23:39:51,667 - INFO - joeynmt.training - 	Reference:  Mr Modi is on a five @-@ day trip to Japan to strengthen economic ties with the third largest economy in the world .
2026-05-11 23:39:51,667 - INFO - joeynmt.training - 	Hypothesis: Mr Blai is a very much more than the economic growth of economic growth , the economic economic growth of economic growth and economic growth .
2026-05-11 23:39:51,667 - INFO - joeynmt.training - Example #3
2026-05-11 23:39:51,667 - DEBUG - joeynmt.training - 	Tokenized source:     ['P@@', 'län@@', 'e', 'für', 'eine', 'stärk@@', 'ere', 'k@@', 'ern@@', 'techn@@', 'ische', 'Zusammenarbeit', 'stehen', 'ganz', 'ob@@', 'en', 'auf', 'der', 'Tag@@', 'es@@', 'ordnung', '.']
2026-05-11 23:39:51,667 - DEBUG - joeynmt.training - 	Tokenized reference:  ['high', 'on', 'the', 'agen@@', 'da', 'are', 'pl@@', 'ans', 'for', 'gre@@', 'ater', 'nu@@', 'clear', 'c@@', 'o', '@@@', '-@@', '@', 'operation', '.']
2026-05-11 23:39:51,667 - DEBUG - joeynmt.training - 	Tokenized hypothesis: ['P@@', 'P@@', 'P@@', 'P@@', 'P@@', 'P@@', 'E', 'is', 'a', 'very', 'important', 'role', 'in', 'the', 'debate', 'on', 'the', 'issue', 'of', 'the', 'debate', '.', '</s>']
2026-05-11 23:39:51,667 - INFO - joeynmt.training - 	Source:     Pläne für eine stärkere kerntechnische Zusammenarbeit stehen ganz oben auf der Tagesordnung .
2026-05-11 23:39:51,667 - INFO - joeynmt.training - 	Reference:  high on the agenda are plans for greater nuclear co @-@ operation .
2026-05-11 23:39:51,667 - INFO - joeynmt.training - 	Hypothesis: PPPPPPE is a very important role in the debate on the issue of the debate .
2026-05-11 23:39:51,667 - INFO - joeynmt.training - Example #4
2026-05-11 23:39:51,667 - DEBUG - joeynmt.training - 	Tokenized source:     ['Berich@@', 'ten', 'zu@@', 'fol@@', 'ge', 'ho@@', 'fft', 'Indi@@', 'en', 'darüber', 'hinaus', 'auf', 'einen', 'Ver@@', 'trag', 'zur', 'Ver@@', 'tei@@', 'dig@@', 'ungs@@', 'zusammen@@', 'arbeit', 'zwischen', 'den', 'beiden', 'N@@', 'ationen', '.']
2026-05-11 23:39:51,667 - DEBUG - joeynmt.training - 	Tokenized reference:  ['Indi@@', 'a', 'is', 'also', 're@@', 'porte@@', 'dly', 'hop@@', 'ing', 'for', 'a', 'de@@', 'al', 'on', 'def@@', 'ence', 'c@@', 'oll@@', 'ab@@', 'or@@', 'ation', 'between', 'the', 'two', 'n@@', 'ations', '.']
2026-05-11 23:39:51,667 - DEBUG - joeynmt.training - 	Tokenized hypothesis: ['I', 'have', 'also', 'been', 're@@', 'ach@@', 'ed', 'to', 'be', 'a', 're@@', 'form', 'of', 'the', 're@@', 'form', 'of', 'the', 'two', 'institutions', '.', '</s>']
2026-05-11 23:39:51,667 - INFO - joeynmt.training - 	Source:     Berichten zufolge hofft Indien darüber hinaus auf einen Vertrag zur Verteidigungszusammenarbeit zwischen den beiden Nationen .
2026-05-11 23:39:51,667 - INFO - joeynmt.training - 	Reference:  India is also reportedly hoping for a deal on defence collaboration between the two nations .
2026-05-11 23:39:51,667 - INFO - joeynmt.training - 	Hypothesis: I have also been reached to be a reform of the reform of the two institutions .
2026-05-11 23:40:18,103 - INFO - joeynmt.training - Epoch   3, Step:     8600, Batch Loss:     2.350044, Batch Acc: 0.358440, Tokens per Sec:     3428, Lr: 0.000300
2026-05-11 23:40:44,829 - INFO - joeynmt.training - Epoch   3, Step:     8700, Batch Loss:     2.305649, Batch Acc: 0.356443, Tokens per Sec:     3500, Lr: 0.000300
2026-05-11 23:41:12,118 - INFO - joeynmt.training - Epoch   3, Step:     8800, Batch Loss:     2.419537, Batch Acc: 0.356249, Tokens per Sec:     3457, Lr: 0.000300
2026-05-11 23:41:42,261 - INFO - joeynmt.training - Epoch   3, Step:     8900, Batch Loss:     2.279197, Batch Acc: 0.359760, Tokens per Sec:     3056, Lr: 0.000300
2026-05-11 23:42:09,621 - INFO - joeynmt.training - Epoch   3, Step:     9000, Batch Loss:     2.203506, Batch Acc: 0.362363, Tokens per Sec:     3391, Lr: 0.000300
2026-05-11 23:42:09,622 - INFO - joeynmt.prediction - Predicting 500 example(s)... (Greedy decoding with min_output_length=1, max_output_length=-1, return_prob='none', generate_unk=True, repetition_penalty=-1, no_repeat_ngram_size=-1)
2026-05-11 23:42:55,188 - INFO - joeynmt.prediction - Evaluation result (greedy) loss:   2.78, ppl:  16.11, acc:   0.28, generation: 45.5577[sec], evaluation: 0.0000[sec]
2026-05-11 23:42:55,191 - INFO - joeynmt.training - Hooray! New best validation result [ppl]!
2026-05-11 23:42:55,353 - INFO - joeynmt.helpers - delete models/deen_transformer_post/6500.ckpt
2026-05-11 23:42:55,358 - INFO - joeynmt.training - Example #0
2026-05-11 23:42:55,358 - DEBUG - joeynmt.training - 	Tokenized source:     ['die', 'Pre@@', 'mi@@', 'er@@', 'minist@@', 'er', 'Indi@@', 'ens', 'und', 'J@@', 'ap@@', 'ans', 'tra@@', 'fen', 'sich', 'in', 'T@@', 'ok@@', 'i@@', 'o', '.']
2026-05-11 23:42:55,358 - DEBUG - joeynmt.training - 	Tokenized reference:  ['Indi@@', 'a', 'and', 'J@@', 'ap@@', 'an', 'pri@@', 'me', 'minist@@', 'ers', 'me@@', 'et', 'in', 'T@@', 'ok@@', 'y@@', 'o']
2026-05-11 23:42:55,358 - DEBUG - joeynmt.training - 	Tokenized hypothesis: ['the', 'pro@@', 'gra@@', 'm', 'of', 'the', 'J@@', 'ap@@', 'an', 'and', 'J@@', 'ap@@', 'o', '.', '</s>']
2026-05-11 23:42:55,358 - INFO - joeynmt.training - 	Source:     die Premierminister Indiens und Japans trafen sich in Tokio .
2026-05-11 23:42:55,359 - INFO - joeynmt.training - 	Reference:  India and Japan prime ministers meet in Tokyo
2026-05-11 23:42:55,359 - INFO - joeynmt.training - 	Hypothesis: the program of the Japan and Japo .
2026-05-11 23:42:55,359 - INFO - joeynmt.training - Example #1
2026-05-11 23:42:55,359 - DEBUG - joeynmt.training - 	Tokenized source:     ['Indi@@', 'ens', 'neu@@', 'er', 'Pre@@', 'mi@@', 'er@@', 'minist@@', 'er', 'N@@', 'ar@@', 'end@@', 'ra', 'Mo@@', 'd@@', 'i', 'tri@@', 'fft', 'bei', 's@@', 'einem', 'ersten', 'wichti@@', 'gen', 'Aus@@', 'land@@', 's@@', 'bes@@', 'u@@', 'ch', 'seit', 's@@', 'einem', 'W@@', 'ah@@', 'l@@', 'si@@', 'e@@', 'g', 'im', 'Ma@@', 'i', 'seinen', 'j@@', 'ap@@', 'an@@', 'ischen', 'Am@@', 'ts@@', 'k@@', 'olle@@', 'gen', 'S@@', 'hin@@', 'z@@', 'o', 'A@@', 'be', 'in', 'T@@', 'ok@@', 'o', ',', 'um', 'wirtschaf@@', 'tliche', 'und', 'sicher@@', 'heits@@', 'politische', 'Be@@', 'zieh@@', 'ungen', 'zu', 'bes@@', 'pre@@', 'chen', '.']
2026-05-11 23:42:55,359 - DEBUG - joeynmt.training - 	Tokenized reference:  ['Indi@@', 'a', '&apos;s', 'new', 'pri@@', 'me', 'minist@@', 'er', ',', 'N@@', 'ar@@', 'end@@', 'ra', 'Mo@@', 'd@@', 'i', ',', 'is', 'me@@', 'eting', 'his', 'J@@', 'ap@@', 'an@@', 'ese', 'coun@@', 'ter@@', 'part', ',', 'S@@', 'hin@@', 'z@@', 'o', 'A@@', 'be', ',', 'in', 'T@@', 'ok@@', 'y@@', 'o', 'to', 'disc@@', 'uss', 'economic', 'and', 'security', 'ties', ',', 'on', 'his', 'first', 'major', 'fore@@', 'ign', 'visi@@', 't', 'since', 'w@@', 'inn@@', 'ing', 'Ma@@', 'y', '&apos;s', 'elec@@', 'tion', '.']
2026-05-11 23:42:55,359 - DEBUG - joeynmt.training - 	Tokenized hypothesis: ['in', 'the', 'case', 'of', 'the', 'F@@', 'ren@@', 'ch', 'Go@@', 'vern@@', 'ment', ',', 'the', 'first', 'first', 'of', 'a', 'very', 'important', 'ste@@', 'p', 'of', 'the', 'first', 'first', 'read@@', 'ing', ',', 'a', 'first', 'ste@@', 'p', 'of', 'the', 'first', 'read@@', 'ing', 'of', 'the', 'C@@', 'as@@', 'in@@', 'o', ',', 'a', 'S@@', 'ep@@', 'tem@@', 'ber', ',', 'in', 'the', 'A@@', 'pri@@', 'l', ',', 'the', 'political', 'and', 'economic', 're@@', 'form', 'of', 'the', 'political', 'and', 'economic', 're@@', 'form', '.', '</s>']
2026-05-11 23:42:55,359 - INFO - joeynmt.training - 	Source:     Indiens neuer Premierminister Narendra Modi trifft bei seinem ersten wichtigen Auslandsbesuch seit seinem Wahlsieg im Mai seinen japanischen Amtskollegen Shinzo Abe in Toko , um wirtschaftliche und sicherheitspolitische Beziehungen zu besprechen .
2026-05-11 23:42:55,359 - INFO - joeynmt.training - 	Reference:  India &apos;s new prime minister , Narendra Modi , is meeting his Japanese counterpart , Shinzo Abe , in Tokyo to discuss economic and security ties , on his first major foreign visit since winning May &apos;s election .
2026-05-11 23:42:55,359 - INFO - joeynmt.training - 	Hypothesis: in the case of the French Government , the first first of a very important step of the first first reading , a first step of the first reading of the Casino , a September , in the April , the political and economic reform of the political and economic reform .
2026-05-11 23:42:55,359 - INFO - joeynmt.training - Example #2
2026-05-11 23:42:55,359 - DEBUG - joeynmt.training - 	Tokenized source:     ['Herr', 'Mo@@', 'd@@', 'i', 'befindet', 'sich', 'auf', 'einer', 'fü@@', 'n@@', 'f@@', 'tä@@', 'gi@@', 'gen', 'Rei@@', 'se', 'nach', 'J@@', 'ap@@', 'an', ',', 'um', 'die', 'wirtschaf@@', 'tlichen', 'Be@@', 'zieh@@', 'ungen', 'mit', 'der', 'd@@', 'rit@@', 't@@', 'größ@@', 'ten', 'Wirtschafts@@', 'n@@', 'ation', 'der', 'Welt', 'zu', 'fes@@', 'tigen', '.']
2026-05-11 23:42:55,359 - DEBUG - joeynmt.training - 	Tokenized reference:  ['Mr', 'Mo@@', 'd@@', 'i', 'is', 'on', 'a', 'fi@@', 've', '@@@', '-@@', '@', 'day', 'tri@@', 'p', 'to', 'J@@', 'ap@@', 'an', 'to', 'streng@@', 'then', 'economic', 'ties', 'with', 'the', 'third', 'lar@@', 'ges@@', 't', 'econom@@', 'y', 'in', 'the', 'world', '.']
2026-05-11 23:42:55,359 - DEBUG - joeynmt.training - 	Tokenized hypothesis: ['Mr', 'V@@', 'an', 'F@@', 'i', 'is', 'a', 'c@@', 'al@@', 'cul@@', 'ated', 'in', 'the', 'S@@', 'ep@@', 'tem@@', 'ber', 'of', 'J@@', 'ap@@', 'an', ',', 'the', 'economic', 'economic', 'economic', 'and', 'economic', 're@@', 'form', 'of', 'the', 'world', '.', '</s>']
2026-05-11 23:42:55,360 - INFO - joeynmt.training - 	Source:     Herr Modi befindet sich auf einer fünftägigen Reise nach Japan , um die wirtschaftlichen Beziehungen mit der drittgrößten Wirtschaftsnation der Welt zu festigen .
2026-05-11 23:42:55,360 - INFO - joeynmt.training - 	Reference:  Mr Modi is on a five @-@ day trip to Japan to strengthen economic ties with the third largest economy in the world .
2026-05-11 23:42:55,360 - INFO - joeynmt.training - 	Hypothesis: Mr Van Fi is a calculated in the September of Japan , the economic economic economic and economic reform of the world .
2026-05-11 23:42:55,360 - INFO - joeynmt.training - Example #3
2026-05-11 23:42:55,360 - DEBUG - joeynmt.training - 	Tokenized source:     ['P@@', 'län@@', 'e', 'für', 'eine', 'stärk@@', 'ere', 'k@@', 'ern@@', 'techn@@', 'ische', 'Zusammenarbeit', 'stehen', 'ganz', 'ob@@', 'en', 'auf', 'der', 'Tag@@', 'es@@', 'ordnung', '.']
2026-05-11 23:42:55,360 - DEBUG - joeynmt.training - 	Tokenized reference:  ['high', 'on', 'the', 'agen@@', 'da', 'are', 'pl@@', 'ans', 'for', 'gre@@', 'ater', 'nu@@', 'clear', 'c@@', 'o', '@@@', '-@@', '@', 'operation', '.']
2026-05-11 23:42:55,360 - DEBUG - joeynmt.training - 	Tokenized hypothesis: ['P@@', 'P@@', 'P@@', 'C', 'is', 'a', 'a', 'a', 'partn@@', 'er', 'of', 'cooperation', 'between', 'the', 'next', 'it@@', 'em', '.', '</s>']
2026-05-11 23:42:55,360 - INFO - joeynmt.training - 	Source:     Pläne für eine stärkere kerntechnische Zusammenarbeit stehen ganz oben auf der Tagesordnung .
2026-05-11 23:42:55,360 - INFO - joeynmt.training - 	Reference:  high on the agenda are plans for greater nuclear co @-@ operation .
2026-05-11 23:42:55,360 - INFO - joeynmt.training - 	Hypothesis: PPPC is a a a partner of cooperation between the next item .
2026-05-11 23:42:55,360 - INFO - joeynmt.training - Example #4
2026-05-11 23:42:55,360 - DEBUG - joeynmt.training - 	Tokenized source:     ['Berich@@', 'ten', 'zu@@', 'fol@@', 'ge', 'ho@@', 'fft', 'Indi@@', 'en', 'darüber', 'hinaus', 'auf', 'einen', 'Ver@@', 'trag', 'zur', 'Ver@@', 'tei@@', 'dig@@', 'ungs@@', 'zusammen@@', 'arbeit', 'zwischen', 'den', 'beiden', 'N@@', 'ationen', '.']
2026-05-11 23:42:55,360 - DEBUG - joeynmt.training - 	Tokenized reference:  ['Indi@@', 'a', 'is', 'also', 're@@', 'porte@@', 'dly', 'hop@@', 'ing', 'for', 'a', 'de@@', 'al', 'on', 'def@@', 'ence', 'c@@', 'oll@@', 'ab@@', 'or@@', 'ation', 'between', 'the', 'two', 'n@@', 'ations', '.']
2026-05-11 23:42:55,360 - DEBUG - joeynmt.training - 	Tokenized hypothesis: ['I', 'have', 'a', 'm@@', 'ember', 'of', 'the', 're@@', 'lev@@', 'ant', 'countries', 'in', 'the', 'two', 'par@@', 'ts', 'of', 'the', 'two', 'par@@', 'ties', 'of', 'the', 'two', 'amendments', '.', '</s>']
2026-05-11 23:42:55,360 - INFO - joeynmt.training - 	Source:     Berichten zufolge hofft Indien darüber hinaus auf einen Vertrag zur Verteidigungszusammenarbeit zwischen den beiden Nationen .
2026-05-11 23:42:55,360 - INFO - joeynmt.training - 	Reference:  India is also reportedly hoping for a deal on defence collaboration between the two nations .
2026-05-11 23:42:55,360 - INFO - joeynmt.training - 	Hypothesis: I have a member of the relevant countries in the two parts of the two parties of the two amendments .
2026-05-11 23:43:21,935 - INFO - joeynmt.training - Epoch   3, Step:     9100, Batch Loss:     2.290481, Batch Acc: 0.361489, Tokens per Sec:     3401, Lr: 0.000300
2026-05-11 23:43:49,318 - INFO - joeynmt.training - Epoch   3, Step:     9200, Batch Loss:     2.462748, Batch Acc: 0.360266, Tokens per Sec:     3374, Lr: 0.000300
2026-05-11 23:44:15,994 - INFO - joeynmt.training - Epoch   3, Step:     9300, Batch Loss:     2.341824, Batch Acc: 0.360248, Tokens per Sec:     3427, Lr: 0.000300
2026-05-11 23:44:42,894 - INFO - joeynmt.training - Epoch   3, Step:     9400, Batch Loss:     2.314043, Batch Acc: 0.364454, Tokens per Sec:     3436, Lr: 0.000300
2026-05-11 23:45:09,662 - INFO - joeynmt.training - Epoch   3, Step:     9500, Batch Loss:     2.355041, Batch Acc: 0.364565, Tokens per Sec:     3461, Lr: 0.000300
2026-05-11 23:45:09,663 - INFO - joeynmt.prediction - Predicting 500 example(s)... (Greedy decoding with min_output_length=1, max_output_length=-1, return_prob='none', generate_unk=True, repetition_penalty=-1, no_repeat_ngram_size=-1)
2026-05-11 23:45:49,836 - INFO - joeynmt.prediction - Evaluation result (greedy) loss:   2.75, ppl:  15.61, acc:   0.29, generation: 40.1654[sec], evaluation: 0.0000[sec]
2026-05-11 23:45:49,839 - INFO - joeynmt.training - Hooray! New best validation result [ppl]!
2026-05-11 23:45:50,012 - INFO - joeynmt.helpers - delete models/deen_transformer_post/7000.ckpt
2026-05-11 23:45:50,015 - INFO - joeynmt.training - Example #0
2026-05-11 23:45:50,015 - DEBUG - joeynmt.training - 	Tokenized source:     ['die', 'Pre@@', 'mi@@', 'er@@', 'minist@@', 'er', 'Indi@@', 'ens', 'und', 'J@@', 'ap@@', 'ans', 'tra@@', 'fen', 'sich', 'in', 'T@@', 'ok@@', 'i@@', 'o', '.']
2026-05-11 23:45:50,015 - DEBUG - joeynmt.training - 	Tokenized reference:  ['Indi@@', 'a', 'and', 'J@@', 'ap@@', 'an', 'pri@@', 'me', 'minist@@', 'ers', 'me@@', 'et', 'in', 'T@@', 'ok@@', 'y@@', 'o']
2026-05-11 23:45:50,016 - DEBUG - joeynmt.training - 	Tokenized hypothesis: ['the', 're@@', 'ports', 'of', 'the', 'comm@@', 'ittee', 'and', 'J@@', 'ap@@', 'an', ',', 'in', 'T@@', 'ap@@', 'o', 'and', 'J@@', 'ap@@', 'o', '.', '</s>']
2026-05-11 23:45:50,016 - INFO - joeynmt.training - 	Source:     die Premierminister Indiens und Japans trafen sich in Tokio .
2026-05-11 23:45:50,016 - INFO - joeynmt.training - 	Reference:  India and Japan prime ministers meet in Tokyo
2026-05-11 23:45:50,016 - INFO - joeynmt.training - 	Hypothesis: the reports of the committee and Japan , in Tapo and Japo .
2026-05-11 23:45:50,016 - INFO - joeynmt.training - Example #1
2026-05-11 23:45:50,016 - DEBUG - joeynmt.training - 	Tokenized source:     ['Indi@@', 'ens', 'neu@@', 'er', 'Pre@@', 'mi@@', 'er@@', 'minist@@', 'er', 'N@@', 'ar@@', 'end@@', 'ra', 'Mo@@', 'd@@', 'i', 'tri@@', 'fft', 'bei', 's@@', 'einem', 'ersten', 'wichti@@', 'gen', 'Aus@@', 'land@@', 's@@', 'bes@@', 'u@@', 'ch', 'seit', 's@@', 'einem', 'W@@', 'ah@@', 'l@@', 'si@@', 'e@@', 'g', 'im', 'Ma@@', 'i', 'seinen', 'j@@', 'ap@@', 'an@@', 'ischen', 'Am@@', 'ts@@', 'k@@', 'olle@@', 'gen', 'S@@', 'hin@@', 'z@@', 'o', 'A@@', 'be', 'in', 'T@@', 'ok@@', 'o', ',', 'um', 'wirtschaf@@', 'tliche', 'und', 'sicher@@', 'heits@@', 'politische', 'Be@@', 'zieh@@', 'ungen', 'zu', 'bes@@', 'pre@@', 'chen', '.']
2026-05-11 23:45:50,016 - DEBUG - joeynmt.training - 	Tokenized reference:  ['Indi@@', 'a', '&apos;s', 'new', 'pri@@', 'me', 'minist@@', 'er', ',', 'N@@', 'ar@@', 'end@@', 'ra', 'Mo@@', 'd@@', 'i', ',', 'is', 'me@@', 'eting', 'his', 'J@@', 'ap@@', 'an@@', 'ese', 'coun@@', 'ter@@', 'part', ',', 'S@@', 'hin@@', 'z@@', 'o', 'A@@', 'be', ',', 'in', 'T@@', 'ok@@', 'y@@', 'o', 'to', 'disc@@', 'uss', 'economic', 'and', 'security', 'ties', ',', 'on', 'his', 'first', 'major', 'fore@@', 'ign', 'visi@@', 't', 'since', 'w@@', 'inn@@', 'ing', 'Ma@@', 'y', '&apos;s', 'elec@@', 'tion', '.']
2026-05-11 23:45:50,016 - DEBUG - joeynmt.training - 	Tokenized hypothesis: ['in', 'the', 'new', 'comm@@', 'unic@@', 'ation', 'of', 'the', 'N@@', 'o@@', 're@@', 'i', 'report', 'in', 'the', 'first', 'time', ',', 'in', 'a', 'first', 'first', 'of', 'all', ',', 'has', 'been', 'a', 'very', 'important', 'ste@@', 'p', 'in', 'the', 'first', 'time', ',', 'in', 'the', 'S@@', 'ep@@', 'tem@@', 'ber', ',', 'in', 'the', 'S@@', 'ep@@', 'tem@@', 'ber', ',', 'the', 'political', 'and', 'the', 'political', 'gro@@', 'ups', '.', '</s>']
2026-05-11 23:45:50,016 - INFO - joeynmt.training - 	Source:     Indiens neuer Premierminister Narendra Modi trifft bei seinem ersten wichtigen Auslandsbesuch seit seinem Wahlsieg im Mai seinen japanischen Amtskollegen Shinzo Abe in Toko , um wirtschaftliche und sicherheitspolitische Beziehungen zu besprechen .
2026-05-11 23:45:50,016 - INFO - joeynmt.training - 	Reference:  India &apos;s new prime minister , Narendra Modi , is meeting his Japanese counterpart , Shinzo Abe , in Tokyo to discuss economic and security ties , on his first major foreign visit since winning May &apos;s election .
2026-05-11 23:45:50,016 - INFO - joeynmt.training - 	Hypothesis: in the new communication of the Norei report in the first time , in a first first of all , has been a very important step in the first time , in the September , in the September , the political and the political groups .
2026-05-11 23:45:50,016 - INFO - joeynmt.training - Example #2
2026-05-11 23:45:50,016 - DEBUG - joeynmt.training - 	Tokenized source:     ['Herr', 'Mo@@', 'd@@', 'i', 'befindet', 'sich', 'auf', 'einer', 'fü@@', 'n@@', 'f@@', 'tä@@', 'gi@@', 'gen', 'Rei@@', 'se', 'nach', 'J@@', 'ap@@', 'an', ',', 'um', 'die', 'wirtschaf@@', 'tlichen', 'Be@@', 'zieh@@', 'ungen', 'mit', 'der', 'd@@', 'rit@@', 't@@', 'größ@@', 'ten', 'Wirtschafts@@', 'n@@', 'ation', 'der', 'Welt', 'zu', 'fes@@', 'tigen', '.']
2026-05-11 23:45:50,016 - DEBUG - joeynmt.training - 	Tokenized reference:  ['Mr', 'Mo@@', 'd@@', 'i', 'is', 'on', 'a', 'fi@@', 've', '@@@', '-@@', '@', 'day', 'tri@@', 'p', 'to', 'J@@', 'ap@@', 'an', 'to', 'streng@@', 'then', 'economic', 'ties', 'with', 'the', 'third', 'lar@@', 'ges@@', 't', 'econom@@', 'y', 'in', 'the', 'world', '.']
2026-05-11 23:45:50,016 - DEBUG - joeynmt.training - 	Tokenized hypothesis: ['Mr', 'V@@', 'an', 'F@@', 'es@@', 'tiv@@', 'al', 'is', 'located', 'in', 'a', 'few', 'min@@', 'utes', ',', 'the', 'economic', 're@@', 'form', 'of', 'the', 'economic', 're@@', 'form', 'of', 'the', 'world', '&apos;s', 'economic', 'growth', '.', '</s>']
2026-05-11 23:45:50,017 - INFO - joeynmt.training - 	Source:     Herr Modi befindet sich auf einer fünftägigen Reise nach Japan , um die wirtschaftlichen Beziehungen mit der drittgrößten Wirtschaftsnation der Welt zu festigen .
2026-05-11 23:45:50,017 - INFO - joeynmt.training - 	Reference:  Mr Modi is on a five @-@ day trip to Japan to strengthen economic ties with the third largest economy in the world .
2026-05-11 23:45:50,017 - INFO - joeynmt.training - 	Hypothesis: Mr Van Festival is located in a few minutes , the economic reform of the economic reform of the world &apos;s economic growth .
2026-05-11 23:45:50,017 - INFO - joeynmt.training - Example #3
2026-05-11 23:45:50,017 - DEBUG - joeynmt.training - 	Tokenized source:     ['P@@', 'län@@', 'e', 'für', 'eine', 'stärk@@', 'ere', 'k@@', 'ern@@', 'techn@@', 'ische', 'Zusammenarbeit', 'stehen', 'ganz', 'ob@@', 'en', 'auf', 'der', 'Tag@@', 'es@@', 'ordnung', '.']
2026-05-11 23:45:50,017 - DEBUG - joeynmt.training - 	Tokenized reference:  ['high', 'on', 'the', 'agen@@', 'da', 'are', 'pl@@', 'ans', 'for', 'gre@@', 'ater', 'nu@@', 'clear', 'c@@', 'o', '@@@', '-@@', '@', 'operation', '.']
2026-05-11 23:45:50,017 - DEBUG - joeynmt.training - 	Tokenized hypothesis: ['P@@', 'P@@', 'P@@', 'C', 'is', 'a', 'more', 'techn@@', 'ical', 'partn@@', 'er@@', 'ship', 'with', 'the', 'debate', 'on', 'the', 'web@@', 'site', '.', '</s>']
2026-05-11 23:45:50,017 - INFO - joeynmt.training - 	Source:     Pläne für eine stärkere kerntechnische Zusammenarbeit stehen ganz oben auf der Tagesordnung .
2026-05-11 23:45:50,017 - INFO - joeynmt.training - 	Reference:  high on the agenda are plans for greater nuclear co @-@ operation .
2026-05-11 23:45:50,017 - INFO - joeynmt.training - 	Hypothesis: PPPC is a more technical partnership with the debate on the website .
2026-05-11 23:45:50,017 - INFO - joeynmt.training - Example #4
2026-05-11 23:45:50,017 - DEBUG - joeynmt.training - 	Tokenized source:     ['Berich@@', 'ten', 'zu@@', 'fol@@', 'ge', 'ho@@', 'fft', 'Indi@@', 'en', 'darüber', 'hinaus', 'auf', 'einen', 'Ver@@', 'trag', 'zur', 'Ver@@', 'tei@@', 'dig@@', 'ungs@@', 'zusammen@@', 'arbeit', 'zwischen', 'den', 'beiden', 'N@@', 'ationen', '.']
2026-05-11 23:45:50,017 - DEBUG - joeynmt.training - 	Tokenized reference:  ['Indi@@', 'a', 'is', 'also', 're@@', 'porte@@', 'dly', 'hop@@', 'ing', 'for', 'a', 'de@@', 'al', 'on', 'def@@', 'ence', 'c@@', 'oll@@', 'ab@@', 'or@@', 'ation', 'between', 'the', 'two', 'n@@', 'ations', '.']
2026-05-11 23:45:50,017 - DEBUG - joeynmt.training - 	Tokenized hypothesis: ['I', 'am', 'con@@', 'v@@', 'in@@', 'ced', 'that', 'in', 'a', 'con@@', 'text', 'of', 'a', 'reg@@', 'ulation', 'on', 'the', 'two', 'comm@@', 'unic@@', 'ations', 'between', 'the', 'two', 'countries', '.', '</s>']
2026-05-11 23:45:50,017 - INFO - joeynmt.training - 	Source:     Berichten zufolge hofft Indien darüber hinaus auf einen Vertrag zur Verteidigungszusammenarbeit zwischen den beiden Nationen .
2026-05-11 23:45:50,017 - INFO - joeynmt.training - 	Reference:  India is also reportedly hoping for a deal on defence collaboration between the two nations .
2026-05-11 23:45:50,017 - INFO - joeynmt.training - 	Hypothesis: I am convinced that in a context of a regulation on the two communications between the two countries .
2026-05-11 23:46:16,099 - INFO - joeynmt.training - Epoch   3, Step:     9600, Batch Loss:     2.383474, Batch Acc: 0.365952, Tokens per Sec:     3444, Lr: 0.000300
2026-05-11 23:46:42,508 - INFO - joeynmt.training - Epoch   3, Step:     9700, Batch Loss:     2.183583, Batch Acc: 0.374351, Tokens per Sec:     3401, Lr: 0.000300
2026-05-11 23:47:08,837 - INFO - joeynmt.training - Epoch   3, Step:     9800, Batch Loss:     2.273234, Batch Acc: 0.368449, Tokens per Sec:     3556, Lr: 0.000300
2026-05-11 23:47:34,955 - INFO - joeynmt.training - Epoch   3, Step:     9900, Batch Loss:     2.228092, Batch Acc: 0.374374, Tokens per Sec:     3533, Lr: 0.000300
2026-05-11 23:48:01,559 - INFO - joeynmt.training - Epoch   3, Step:    10000, Batch Loss:     2.447679, Batch Acc: 0.374792, Tokens per Sec:     3477, Lr: 0.000300
2026-05-11 23:48:01,560 - INFO - joeynmt.prediction - Predicting 500 example(s)... (Greedy decoding with min_output_length=1, max_output_length=-1, return_prob='none', generate_unk=True, repetition_penalty=-1, no_repeat_ngram_size=-1)
2026-05-11 23:48:34,857 - INFO - joeynmt.prediction - Evaluation result (greedy) loss:   2.74, ppl:  15.49, acc:   0.29, generation: 33.2902[sec], evaluation: 0.0000[sec]
2026-05-11 23:48:34,859 - INFO - joeynmt.training - Hooray! New best validation result [ppl]!
2026-05-11 23:48:35,014 - INFO - joeynmt.helpers - delete models/deen_transformer_post/7500.ckpt
2026-05-11 23:48:35,020 - INFO - joeynmt.training - Example #0
2026-05-11 23:48:35,020 - DEBUG - joeynmt.training - 	Tokenized source:     ['die', 'Pre@@', 'mi@@', 'er@@', 'minist@@', 'er', 'Indi@@', 'ens', 'und', 'J@@', 'ap@@', 'ans', 'tra@@', 'fen', 'sich', 'in', 'T@@', 'ok@@', 'i@@', 'o', '.']
2026-05-11 23:48:35,020 - DEBUG - joeynmt.training - 	Tokenized reference:  ['Indi@@', 'a', 'and', 'J@@', 'ap@@', 'an', 'pri@@', 'me', 'minist@@', 'ers', 'me@@', 'et', 'in', 'T@@', 'ok@@', 'y@@', 'o']
2026-05-11 23:48:35,020 - DEBUG - joeynmt.training - 	Tokenized hypothesis: ['the', 'pro@@', 'gra@@', 'm', 'of', 'the', 'pro@@', 'per@@', 'ty', 'and', 'J@@', 'ap@@', 'an', 'in', 'T@@', 'V', '.', '</s>']
2026-05-11 23:48:35,020 - INFO - joeynmt.training - 	Source:     die Premierminister Indiens und Japans trafen sich in Tokio .
2026-05-11 23:48:35,020 - INFO - joeynmt.training - 	Reference:  India and Japan prime ministers meet in Tokyo
2026-05-11 23:48:35,020 - INFO - joeynmt.training - 	Hypothesis: the program of the property and Japan in TV .
2026-05-11 23:48:35,020 - INFO - joeynmt.training - Example #1
2026-05-11 23:48:35,021 - DEBUG - joeynmt.training - 	Tokenized source:     ['Indi@@', 'ens', 'neu@@', 'er', 'Pre@@', 'mi@@', 'er@@', 'minist@@', 'er', 'N@@', 'ar@@', 'end@@', 'ra', 'Mo@@', 'd@@', 'i', 'tri@@', 'fft', 'bei', 's@@', 'einem', 'ersten', 'wichti@@', 'gen', 'Aus@@', 'land@@', 's@@', 'bes@@', 'u@@', 'ch', 'seit', 's@@', 'einem', 'W@@', 'ah@@', 'l@@', 'si@@', 'e@@', 'g', 'im', 'Ma@@', 'i', 'seinen', 'j@@', 'ap@@', 'an@@', 'ischen', 'Am@@', 'ts@@', 'k@@', 'olle@@', 'gen', 'S@@', 'hin@@', 'z@@', 'o', 'A@@', 'be', 'in', 'T@@', 'ok@@', 'o', ',', 'um', 'wirtschaf@@', 'tliche', 'und', 'sicher@@', 'heits@@', 'politische', 'Be@@', 'zieh@@', 'ungen', 'zu', 'bes@@', 'pre@@', 'chen', '.']
2026-05-11 23:48:35,021 - DEBUG - joeynmt.training - 	Tokenized reference:  ['Indi@@', 'a', '&apos;s', 'new', 'pri@@', 'me', 'minist@@', 'er', ',', 'N@@', 'ar@@', 'end@@', 'ra', 'Mo@@', 'd@@', 'i', ',', 'is', 'me@@', 'eting', 'his', 'J@@', 'ap@@', 'an@@', 'ese', 'coun@@', 'ter@@', 'part', ',', 'S@@', 'hin@@', 'z@@', 'o', 'A@@', 'be', ',', 'in', 'T@@', 'ok@@', 'y@@', 'o', 'to', 'disc@@', 'uss', 'economic', 'and', 'security', 'ties', ',', 'on', 'his', 'first', 'major', 'fore@@', 'ign', 'visi@@', 't', 'since', 'w@@', 'inn@@', 'ing', 'Ma@@', 'y', '&apos;s', 'elec@@', 'tion', '.']
2026-05-11 23:48:35,021 - DEBUG - joeynmt.training - 	Tokenized hypothesis: ['in', 'China', ',', 'the', 'new', 'comm@@', 'unity', ',', 'Mr', 'N@@', 'ar@@', 'i', ',', 'Mr', 'N@@', 'ar@@', 'i', ',', 'the', 'first', 'first', 'of', 'all', ',', 'has', 'been', 'a', 'very', 'important', 'role', 'in', 'the', 'S@@', 'wi@@', 'tz@@', 'er@@', 'land', ',', 'in', 'S@@', 'ep@@', 'tem@@', 'ber', ',', 'in', 'S@@', 'ep@@', 'tem@@', 'ber', ',', 'in', 'S@@', 'wi@@', 'tz@@', 'er@@', 'land', ',', 'and', 'economic', 'and', 'political', 'political', 'poli@@', 'cies', '.', '</s>']
2026-05-11 23:48:35,021 - INFO - joeynmt.training - 	Source:     Indiens neuer Premierminister Narendra Modi trifft bei seinem ersten wichtigen Auslandsbesuch seit seinem Wahlsieg im Mai seinen japanischen Amtskollegen Shinzo Abe in Toko , um wirtschaftliche und sicherheitspolitische Beziehungen zu besprechen .
2026-05-11 23:48:35,021 - INFO - joeynmt.training - 	Reference:  India &apos;s new prime minister , Narendra Modi , is meeting his Japanese counterpart , Shinzo Abe , in Tokyo to discuss economic and security ties , on his first major foreign visit since winning May &apos;s election .
2026-05-11 23:48:35,021 - INFO - joeynmt.training - 	Hypothesis: in China , the new community , Mr Nari , Mr Nari , the first first of all , has been a very important role in the Switzerland , in September , in September , in Switzerland , and economic and political political policies .
2026-05-11 23:48:35,021 - INFO - joeynmt.training - Example #2
2026-05-11 23:48:35,021 - DEBUG - joeynmt.training - 	Tokenized source:     ['Herr', 'Mo@@', 'd@@', 'i', 'befindet', 'sich', 'auf', 'einer', 'fü@@', 'n@@', 'f@@', 'tä@@', 'gi@@', 'gen', 'Rei@@', 'se', 'nach', 'J@@', 'ap@@', 'an', ',', 'um', 'die', 'wirtschaf@@', 'tlichen', 'Be@@', 'zieh@@', 'ungen', 'mit', 'der', 'd@@', 'rit@@', 't@@', 'größ@@', 'ten', 'Wirtschafts@@', 'n@@', 'ation', 'der', 'Welt', 'zu', 'fes@@', 'tigen', '.']
2026-05-11 23:48:35,021 - DEBUG - joeynmt.training - 	Tokenized reference:  ['Mr', 'Mo@@', 'd@@', 'i', 'is', 'on', 'a', 'fi@@', 've', '@@@', '-@@', '@', 'day', 'tri@@', 'p', 'to', 'J@@', 'ap@@', 'an', 'to', 'streng@@', 'then', 'economic', 'ties', 'with', 'the', 'third', 'lar@@', 'ges@@', 't', 'econom@@', 'y', 'in', 'the', 'world', '.']
2026-05-11 23:48:35,021 - DEBUG - joeynmt.training - 	Tokenized hypothesis: ['Mr', 'F@@', 'i', 'is', 'located', 'on', 'a', 'f@@', 'our', 'f@@', 'ron@@', 't', 'of', 'the', 'world', '&apos;s', 'economic', 'development', ',', 'the', 'economic', 'development', 'of', 'the', 'world', '&apos;s', 'economic', 'growth', '.', '</s>']
2026-05-11 23:48:35,021 - INFO - joeynmt.training - 	Source:     Herr Modi befindet sich auf einer fünftägigen Reise nach Japan , um die wirtschaftlichen Beziehungen mit der drittgrößten Wirtschaftsnation der Welt zu festigen .
2026-05-11 23:48:35,021 - INFO - joeynmt.training - 	Reference:  Mr Modi is on a five @-@ day trip to Japan to strengthen economic ties with the third largest economy in the world .
2026-05-11 23:48:35,021 - INFO - joeynmt.training - 	Hypothesis: Mr Fi is located on a four front of the world &apos;s economic development , the economic development of the world &apos;s economic growth .
2026-05-11 23:48:35,021 - INFO - joeynmt.training - Example #3
2026-05-11 23:48:35,021 - DEBUG - joeynmt.training - 	Tokenized source:     ['P@@', 'län@@', 'e', 'für', 'eine', 'stärk@@', 'ere', 'k@@', 'ern@@', 'techn@@', 'ische', 'Zusammenarbeit', 'stehen', 'ganz', 'ob@@', 'en', 'auf', 'der', 'Tag@@', 'es@@', 'ordnung', '.']
2026-05-11 23:48:35,021 - DEBUG - joeynmt.training - 	Tokenized reference:  ['high', 'on', 'the', 'agen@@', 'da', 'are', 'pl@@', 'ans', 'for', 'gre@@', 'ater', 'nu@@', 'clear', 'c@@', 'o', '@@@', '-@@', '@', 'operation', '.']
2026-05-11 23:48:35,021 - DEBUG - joeynmt.training - 	Tokenized hypothesis: ['P@@', 'P@@', 'P@@', 'P@@', 'P@@', 'P@@', 'P@@', 'P@@', 'e@@', 'op@@', 'le', '&apos;s', 'techn@@', 'ology', '.', '</s>']
2026-05-11 23:48:35,022 - INFO - joeynmt.training - 	Source:     Pläne für eine stärkere kerntechnische Zusammenarbeit stehen ganz oben auf der Tagesordnung .
2026-05-11 23:48:35,022 - INFO - joeynmt.training - 	Reference:  high on the agenda are plans for greater nuclear co @-@ operation .
2026-05-11 23:48:35,022 - INFO - joeynmt.training - 	Hypothesis: PPPPPPPPeople &apos;s technology .
2026-05-11 23:48:35,022 - INFO - joeynmt.training - Example #4
2026-05-11 23:48:35,022 - DEBUG - joeynmt.training - 	Tokenized source:     ['Berich@@', 'ten', 'zu@@', 'fol@@', 'ge', 'ho@@', 'fft', 'Indi@@', 'en', 'darüber', 'hinaus', 'auf', 'einen', 'Ver@@', 'trag', 'zur', 'Ver@@', 'tei@@', 'dig@@', 'ungs@@', 'zusammen@@', 'arbeit', 'zwischen', 'den', 'beiden', 'N@@', 'ationen', '.']
2026-05-11 23:48:35,022 - DEBUG - joeynmt.training - 	Tokenized reference:  ['Indi@@', 'a', 'is', 'also', 're@@', 'porte@@', 'dly', 'hop@@', 'ing', 'for', 'a', 'de@@', 'al', 'on', 'def@@', 'ence', 'c@@', 'oll@@', 'ab@@', 'or@@', 'ation', 'between', 'the', 'two', 'n@@', 'ations', '.']
2026-05-11 23:48:35,022 - DEBUG - joeynmt.training - 	Tokenized hypothesis: ['the', 'report', 're@@', 'ports', ',', 'in', 'ad@@', 'dition', 'to', 'the', 'con@@', 'stitu@@', 'tion', ',', 'the', 'common', 'position', 'between', 'two', 'institutions', '.', '</s>']
2026-05-11 23:48:35,022 - INFO - joeynmt.training - 	Source:     Berichten zufolge hofft Indien darüber hinaus auf einen Vertrag zur Verteidigungszusammenarbeit zwischen den beiden Nationen .
2026-05-11 23:48:35,022 - INFO - joeynmt.training - 	Reference:  India is also reportedly hoping for a deal on defence collaboration between the two nations .
2026-05-11 23:48:35,022 - INFO - joeynmt.training - 	Hypothesis: the report reports , in addition to the constitution , the common position between two institutions .
2026-05-11 23:49:01,494 - INFO - joeynmt.training - Epoch   3, Step:    10100, Batch Loss:     2.410605, Batch Acc: 0.375252, Tokens per Sec:     3470, Lr: 0.000300
2026-05-11 23:49:27,908 - INFO - joeynmt.training - Epoch   3, Step:    10200, Batch Loss:     2.203470, Batch Acc: 0.379316, Tokens per Sec:     3470, Lr: 0.000300
2026-05-11 23:49:54,350 - INFO - joeynmt.training - Epoch   3, Step:    10300, Batch Loss:     2.184026, Batch Acc: 0.375852, Tokens per Sec:     3462, Lr: 0.000300
2026-05-11 23:50:20,930 - INFO - joeynmt.training - Epoch   3, Step:    10400, Batch Loss:     2.264390, Batch Acc: 0.380177, Tokens per Sec:     3494, Lr: 0.000300
2026-05-11 23:50:47,124 - INFO - joeynmt.training - Epoch   3, Step:    10500, Batch Loss:     2.334207, Batch Acc: 0.384496, Tokens per Sec:     3458, Lr: 0.000300
2026-05-11 23:50:47,124 - INFO - joeynmt.prediction - Predicting 500 example(s)... (Greedy decoding with min_output_length=1, max_output_length=-1, return_prob='none', generate_unk=True, repetition_penalty=-1, no_repeat_ngram_size=-1)
2026-05-11 23:51:22,547 - INFO - joeynmt.prediction - Evaluation result (greedy) loss:   2.69, ppl:  14.75, acc:   0.31, generation: 35.4158[sec], evaluation: 0.0000[sec]
2026-05-11 23:51:22,550 - INFO - joeynmt.training - Hooray! New best validation result [ppl]!
2026-05-11 23:51:22,857 - INFO - joeynmt.helpers - delete models/deen_transformer_post/8000.ckpt
2026-05-11 23:51:22,860 - INFO - joeynmt.training - Example #0
2026-05-11 23:51:22,860 - DEBUG - joeynmt.training - 	Tokenized source:     ['die', 'Pre@@', 'mi@@', 'er@@', 'minist@@', 'er', 'Indi@@', 'ens', 'und', 'J@@', 'ap@@', 'ans', 'tra@@', 'fen', 'sich', 'in', 'T@@', 'ok@@', 'i@@', 'o', '.']
2026-05-11 23:51:22,861 - DEBUG - joeynmt.training - 	Tokenized reference:  ['Indi@@', 'a', 'and', 'J@@', 'ap@@', 'an', 'pri@@', 'me', 'minist@@', 'ers', 'me@@', 'et', 'in', 'T@@', 'ok@@', 'y@@', 'o']
2026-05-11 23:51:22,861 - DEBUG - joeynmt.training - 	Tokenized hypothesis: ['the', 're@@', 'ports', 'of', 'the', 'institutions', 'and', 'J@@', 'ap@@', 'an', 'and', 'J@@', 'ap@@', 'an', '.', '</s>']
2026-05-11 23:51:22,861 - INFO - joeynmt.training - 	Source:     die Premierminister Indiens und Japans trafen sich in Tokio .
2026-05-11 23:51:22,861 - INFO - joeynmt.training - 	Reference:  India and Japan prime ministers meet in Tokyo
2026-05-11 23:51:22,861 - INFO - joeynmt.training - 	Hypothesis: the reports of the institutions and Japan and Japan .
2026-05-11 23:51:22,861 - INFO - joeynmt.training - Example #1
2026-05-11 23:51:22,861 - DEBUG - joeynmt.training - 	Tokenized source:     ['Indi@@', 'ens', 'neu@@', 'er', 'Pre@@', 'mi@@', 'er@@', 'minist@@', 'er', 'N@@', 'ar@@', 'end@@', 'ra', 'Mo@@', 'd@@', 'i', 'tri@@', 'fft', 'bei', 's@@', 'einem', 'ersten', 'wichti@@', 'gen', 'Aus@@', 'land@@', 's@@', 'bes@@', 'u@@', 'ch', 'seit', 's@@', 'einem', 'W@@', 'ah@@', 'l@@', 'si@@', 'e@@', 'g', 'im', 'Ma@@', 'i', 'seinen', 'j@@', 'ap@@', 'an@@', 'ischen', 'Am@@', 'ts@@', 'k@@', 'olle@@', 'gen', 'S@@', 'hin@@', 'z@@', 'o', 'A@@', 'be', 'in', 'T@@', 'ok@@', 'o', ',', 'um', 'wirtschaf@@', 'tliche', 'und', 'sicher@@', 'heits@@', 'politische', 'Be@@', 'zieh@@', 'ungen', 'zu', 'bes@@', 'pre@@', 'chen', '.']
2026-05-11 23:51:22,861 - DEBUG - joeynmt.training - 	Tokenized reference:  ['Indi@@', 'a', '&apos;s', 'new', 'pri@@', 'me', 'minist@@', 'er', ',', 'N@@', 'ar@@', 'end@@', 'ra', 'Mo@@', 'd@@', 'i', ',', 'is', 'me@@', 'eting', 'his', 'J@@', 'ap@@', 'an@@', 'ese', 'coun@@', 'ter@@', 'part', ',', 'S@@', 'hin@@', 'z@@', 'o', 'A@@', 'be', ',', 'in', 'T@@', 'ok@@', 'y@@', 'o', 'to', 'disc@@', 'uss', 'economic', 'and', 'security', 'ties', ',', 'on', 'his', 'first', 'major', 'fore@@', 'ign', 'visi@@', 't', 'since', 'w@@', 'inn@@', 'ing', 'Ma@@', 'y', '&apos;s', 'elec@@', 'tion', '.']
2026-05-11 23:51:22,861 - DEBUG - joeynmt.training - 	Tokenized hypothesis: ['Is@@', 'ra@@', 'el', '&apos;s', 'new', 're@@', 'ports', 'of', 'the', 're@@', 'lev@@', 'ant', 're@@', 'la@@', 'x@@', 'ed', 'in', 'a', 'first', 'first', 'first', 'of', 'all', ',', 'has', 'been', 'a', 'major', 'ste@@', 'p', 'in', 'the', 'S@@', 'ec@@', 'urity', 'Council', 'of', 'his', 'de@@', 'ath', 'in', 'the', 'S@@', 'ec@@', 'urity', 'Council', ',', 'in', 'the', 'S@@', 'ec@@', 'urity', 'A@@', 'ff@@', 'air@@', 's', ',', 'economic', 'and', 'economic', 're@@', 'form', 'of', 'the', 'political', 'and', 'economic', 're@@', 'form', '.', '</s>']
2026-05-11 23:51:22,861 - INFO - joeynmt.training - 	Source:     Indiens neuer Premierminister Narendra Modi trifft bei seinem ersten wichtigen Auslandsbesuch seit seinem Wahlsieg im Mai seinen japanischen Amtskollegen Shinzo Abe in Toko , um wirtschaftliche und sicherheitspolitische Beziehungen zu besprechen .
2026-05-11 23:51:22,861 - INFO - joeynmt.training - 	Reference:  India &apos;s new prime minister , Narendra Modi , is meeting his Japanese counterpart , Shinzo Abe , in Tokyo to discuss economic and security ties , on his first major foreign visit since winning May &apos;s election .
2026-05-11 23:51:22,861 - INFO - joeynmt.training - 	Hypothesis: Israel &apos;s new reports of the relevant relaxed in a first first first of all , has been a major step in the Security Council of his death in the Security Council , in the Security Affairs , economic and economic reform of the political and economic reform .
2026-05-11 23:51:22,861 - INFO - joeynmt.training - Example #2
2026-05-11 23:51:22,861 - DEBUG - joeynmt.training - 	Tokenized source:     ['Herr', 'Mo@@', 'd@@', 'i', 'befindet', 'sich', 'auf', 'einer', 'fü@@', 'n@@', 'f@@', 'tä@@', 'gi@@', 'gen', 'Rei@@', 'se', 'nach', 'J@@', 'ap@@', 'an', ',', 'um', 'die', 'wirtschaf@@', 'tlichen', 'Be@@', 'zieh@@', 'ungen', 'mit', 'der', 'd@@', 'rit@@', 't@@', 'größ@@', 'ten', 'Wirtschafts@@', 'n@@', 'ation', 'der', 'Welt', 'zu', 'fes@@', 'tigen', '.']
2026-05-11 23:51:22,862 - DEBUG - joeynmt.training - 	Tokenized reference:  ['Mr', 'Mo@@', 'd@@', 'i', 'is', 'on', 'a', 'fi@@', 've', '@@@', '-@@', '@', 'day', 'tri@@', 'p', 'to', 'J@@', 'ap@@', 'an', 'to', 'streng@@', 'then', 'economic', 'ties', 'with', 'the', 'third', 'lar@@', 'ges@@', 't', 'econom@@', 'y', 'in', 'the', 'world', '.']
2026-05-11 23:51:22,862 - DEBUG - joeynmt.training - 	Tokenized hypothesis: ['Mr', 'Mo@@', 'd@@', 'i', 'is', 'located', 'on', 'a', 'f@@', 'our', 'years', ',', 'the', 'economic', 're@@', 'form', 'of', 'the', 'economic', 're@@', 'form', 'of', 'the', 'economic', 're@@', 'form', 'of', 'the', 'economic', 'economic', 'economic', 'economic', 'economic', 'economic', 'growth', '.', '</s>']
2026-05-11 23:51:22,862 - INFO - joeynmt.training - 	Source:     Herr Modi befindet sich auf einer fünftägigen Reise nach Japan , um die wirtschaftlichen Beziehungen mit der drittgrößten Wirtschaftsnation der Welt zu festigen .
2026-05-11 23:51:22,862 - INFO - joeynmt.training - 	Reference:  Mr Modi is on a five @-@ day trip to Japan to strengthen economic ties with the third largest economy in the world .
2026-05-11 23:51:22,862 - INFO - joeynmt.training - 	Hypothesis: Mr Modi is located on a four years , the economic reform of the economic reform of the economic reform of the economic economic economic economic economic economic growth .
2026-05-11 23:51:22,862 - INFO - joeynmt.training - Example #3
2026-05-11 23:51:22,862 - DEBUG - joeynmt.training - 	Tokenized source:     ['P@@', 'län@@', 'e', 'für', 'eine', 'stärk@@', 'ere', 'k@@', 'ern@@', 'techn@@', 'ische', 'Zusammenarbeit', 'stehen', 'ganz', 'ob@@', 'en', 'auf', 'der', 'Tag@@', 'es@@', 'ordnung', '.']
2026-05-11 23:51:22,862 - DEBUG - joeynmt.training - 	Tokenized reference:  ['high', 'on', 'the', 'agen@@', 'da', 'are', 'pl@@', 'ans', 'for', 'gre@@', 'ater', 'nu@@', 'clear', 'c@@', 'o', '@@@', '-@@', '@', 'operation', '.']
2026-05-11 23:51:22,862 - DEBUG - joeynmt.training - 	Tokenized hypothesis: ['P@@', 'P@@', 'P@@', 'N', 'cooperation', 'cooperation', 'cooperation', 'between', 'the', 'resolution', '.', '</s>']
2026-05-11 23:51:22,862 - INFO - joeynmt.training - 	Source:     Pläne für eine stärkere kerntechnische Zusammenarbeit stehen ganz oben auf der Tagesordnung .
2026-05-11 23:51:22,862 - INFO - joeynmt.training - 	Reference:  high on the agenda are plans for greater nuclear co @-@ operation .
2026-05-11 23:51:22,862 - INFO - joeynmt.training - 	Hypothesis: PPPN cooperation cooperation cooperation between the resolution .
2026-05-11 23:51:22,862 - INFO - joeynmt.training - Example #4
2026-05-11 23:51:22,862 - DEBUG - joeynmt.training - 	Tokenized source:     ['Berich@@', 'ten', 'zu@@', 'fol@@', 'ge', 'ho@@', 'fft', 'Indi@@', 'en', 'darüber', 'hinaus', 'auf', 'einen', 'Ver@@', 'trag', 'zur', 'Ver@@', 'tei@@', 'dig@@', 'ungs@@', 'zusammen@@', 'arbeit', 'zwischen', 'den', 'beiden', 'N@@', 'ationen', '.']
2026-05-11 23:51:22,862 - DEBUG - joeynmt.training - 	Tokenized reference:  ['Indi@@', 'a', 'is', 'also', 're@@', 'porte@@', 'dly', 'hop@@', 'ing', 'for', 'a', 'de@@', 'al', 'on', 'def@@', 'ence', 'c@@', 'oll@@', 'ab@@', 'or@@', 'ation', 'between', 'the', 'two', 'n@@', 'ations', '.']
2026-05-11 23:51:22,862 - DEBUG - joeynmt.training - 	Tokenized hypothesis: ['re@@', 'ports', 'from', 'the', 'two', 'other', 'other', 'ag@@', 'ri@@', 'cultural', 'cooperation', 'between', 'the', 'two', 'comm@@', 'unic@@', 'ations', 'between', 'the', 'two', 'of', 'the', 'various', 'institutions', '.', '</s>']
2026-05-11 23:51:22,862 - INFO - joeynmt.training - 	Source:     Berichten zufolge hofft Indien darüber hinaus auf einen Vertrag zur Verteidigungszusammenarbeit zwischen den beiden Nationen .
2026-05-11 23:51:22,863 - INFO - joeynmt.training - 	Reference:  India is also reportedly hoping for a deal on defence collaboration between the two nations .
2026-05-11 23:51:22,863 - INFO - joeynmt.training - 	Hypothesis: reports from the two other other agricultural cooperation between the two communications between the two of the various institutions .
2026-05-11 23:51:49,584 - INFO - joeynmt.training - Epoch   3, Step:    10600, Batch Loss:     2.206622, Batch Acc: 0.376042, Tokens per Sec:     3417, Lr: 0.000300
2026-05-11 23:52:17,470 - INFO - joeynmt.training - Epoch   3, Step:    10700, Batch Loss:     2.230467, Batch Acc: 0.389739, Tokens per Sec:     3306, Lr: 0.000300
2026-05-11 23:52:44,263 - INFO - joeynmt.training - Epoch   3, Step:    10800, Batch Loss:     2.266107, Batch Acc: 0.383121, Tokens per Sec:     3413, Lr: 0.000300
2026-05-11 23:53:11,797 - INFO - joeynmt.training - Epoch   3, Step:    10900, Batch Loss:     2.364947, Batch Acc: 0.385553, Tokens per Sec:     3358, Lr: 0.000300
2026-05-11 23:53:38,983 - INFO - joeynmt.training - Epoch   3, Step:    11000, Batch Loss:     2.083934, Batch Acc: 0.390176, Tokens per Sec:     3381, Lr: 0.000300
2026-05-11 23:53:38,983 - INFO - joeynmt.prediction - Predicting 500 example(s)... (Greedy decoding with min_output_length=1, max_output_length=-1, return_prob='none', generate_unk=True, repetition_penalty=-1, no_repeat_ngram_size=-1)
2026-05-11 23:54:32,578 - INFO - joeynmt.prediction - Evaluation result (greedy) loss:   2.65, ppl:  14.11, acc:   0.32, generation: 53.5865[sec], evaluation: 0.0000[sec]
2026-05-11 23:54:32,580 - INFO - joeynmt.training - Hooray! New best validation result [ppl]!
2026-05-11 23:54:32,734 - INFO - joeynmt.helpers - delete models/deen_transformer_post/8500.ckpt
2026-05-11 23:54:32,740 - INFO - joeynmt.training - Example #0
2026-05-11 23:54:32,740 - DEBUG - joeynmt.training - 	Tokenized source:     ['die', 'Pre@@', 'mi@@', 'er@@', 'minist@@', 'er', 'Indi@@', 'ens', 'und', 'J@@', 'ap@@', 'ans', 'tra@@', 'fen', 'sich', 'in', 'T@@', 'ok@@', 'i@@', 'o', '.']
2026-05-11 23:54:32,740 - DEBUG - joeynmt.training - 	Tokenized reference:  ['Indi@@', 'a', 'and', 'J@@', 'ap@@', 'an', 'pri@@', 'me', 'minist@@', 'ers', 'me@@', 'et', 'in', 'T@@', 'ok@@', 'y@@', 'o']
2026-05-11 23:54:32,740 - DEBUG - joeynmt.training - 	Tokenized hypothesis: ['the', 'pri@@', 'ority', 'of', 'the', 'pri@@', 'ority', 'and', 'J@@', 'ap@@', 'an', ',', 'in', 'T@@', 'V', 'and', 'J@@', 'ap@@', 'an', '.', '</s>']
2026-05-11 23:54:32,740 - INFO - joeynmt.training - 	Source:     die Premierminister Indiens und Japans trafen sich in Tokio .
2026-05-11 23:54:32,740 - INFO - joeynmt.training - 	Reference:  India and Japan prime ministers meet in Tokyo
2026-05-11 23:54:32,741 - INFO - joeynmt.training - 	Hypothesis: the priority of the priority and Japan , in TV and Japan .
2026-05-11 23:54:32,741 - INFO - joeynmt.training - Example #1
2026-05-11 23:54:32,741 - DEBUG - joeynmt.training - 	Tokenized source:     ['Indi@@', 'ens', 'neu@@', 'er', 'Pre@@', 'mi@@', 'er@@', 'minist@@', 'er', 'N@@', 'ar@@', 'end@@', 'ra', 'Mo@@', 'd@@', 'i', 'tri@@', 'fft', 'bei', 's@@', 'einem', 'ersten', 'wichti@@', 'gen', 'Aus@@', 'land@@', 's@@', 'bes@@', 'u@@', 'ch', 'seit', 's@@', 'einem', 'W@@', 'ah@@', 'l@@', 'si@@', 'e@@', 'g', 'im', 'Ma@@', 'i', 'seinen', 'j@@', 'ap@@', 'an@@', 'ischen', 'Am@@', 'ts@@', 'k@@', 'olle@@', 'gen', 'S@@', 'hin@@', 'z@@', 'o', 'A@@', 'be', 'in', 'T@@', 'ok@@', 'o', ',', 'um', 'wirtschaf@@', 'tliche', 'und', 'sicher@@', 'heits@@', 'politische', 'Be@@', 'zieh@@', 'ungen', 'zu', 'bes@@', 'pre@@', 'chen', '.']
2026-05-11 23:54:32,741 - DEBUG - joeynmt.training - 	Tokenized reference:  ['Indi@@', 'a', '&apos;s', 'new', 'pri@@', 'me', 'minist@@', 'er', ',', 'N@@', 'ar@@', 'end@@', 'ra', 'Mo@@', 'd@@', 'i', ',', 'is', 'me@@', 'eting', 'his', 'J@@', 'ap@@', 'an@@', 'ese', 'coun@@', 'ter@@', 'part', ',', 'S@@', 'hin@@', 'z@@', 'o', 'A@@', 'be', ',', 'in', 'T@@', 'ok@@', 'y@@', 'o', 'to', 'disc@@', 'uss', 'economic', 'and', 'security', 'ties', ',', 'on', 'his', 'first', 'major', 'fore@@', 'ign', 'visi@@', 't', 'since', 'w@@', 'inn@@', 'ing', 'Ma@@', 'y', '&apos;s', 'elec@@', 'tion', '.']
2026-05-11 23:54:32,741 - DEBUG - joeynmt.training - 	Tokenized hypothesis: ['Indi@@', 'a', '&apos;s', 'pri@@', 'ority', 're@@', 'pres@@', 'ents', 'the', 'S@@', 'ar@@', 'i', 'Re@@', 'public', 'of', 'his', 'first', 'first', ',', 'in', 'his', 'first', 'first', 'of', 'all', ',', 'has', 'been', 'made', 'in', 'his', 'first', 'first', 'of', 'all', 'the', 'years', ',', 'the', 'S@@', 'ec@@', 're@@', 't@@', 'ary', 'of', 'the', 'S@@', 'ec@@', 're@@', 't@@', 'ary', 'of', 'the', 'European', 'and', 'social', 'and', 'social', 'and', 'social', 'and', 'economic', 'and', 'social', 'cooperation', '.', '</s>']
2026-05-11 23:54:32,741 - INFO - joeynmt.training - 	Source:     Indiens neuer Premierminister Narendra Modi trifft bei seinem ersten wichtigen Auslandsbesuch seit seinem Wahlsieg im Mai seinen japanischen Amtskollegen Shinzo Abe in Toko , um wirtschaftliche und sicherheitspolitische Beziehungen zu besprechen .
2026-05-11 23:54:32,741 - INFO - joeynmt.training - 	Reference:  India &apos;s new prime minister , Narendra Modi , is meeting his Japanese counterpart , Shinzo Abe , in Tokyo to discuss economic and security ties , on his first major foreign visit since winning May &apos;s election .
2026-05-11 23:54:32,741 - INFO - joeynmt.training - 	Hypothesis: India &apos;s priority represents the Sari Republic of his first first , in his first first of all , has been made in his first first of all the years , the Secretary of the Secretary of the European and social and social and social and economic and social cooperation .
2026-05-11 23:54:32,741 - INFO - joeynmt.training - Example #2
2026-05-11 23:54:32,741 - DEBUG - joeynmt.training - 	Tokenized source:     ['Herr', 'Mo@@', 'd@@', 'i', 'befindet', 'sich', 'auf', 'einer', 'fü@@', 'n@@', 'f@@', 'tä@@', 'gi@@', 'gen', 'Rei@@', 'se', 'nach', 'J@@', 'ap@@', 'an', ',', 'um', 'die', 'wirtschaf@@', 'tlichen', 'Be@@', 'zieh@@', 'ungen', 'mit', 'der', 'd@@', 'rit@@', 't@@', 'größ@@', 'ten', 'Wirtschafts@@', 'n@@', 'ation', 'der', 'Welt', 'zu', 'fes@@', 'tigen', '.']
2026-05-11 23:54:32,741 - DEBUG - joeynmt.training - 	Tokenized reference:  ['Mr', 'Mo@@', 'd@@', 'i', 'is', 'on', 'a', 'fi@@', 've', '@@@', '-@@', '@', 'day', 'tri@@', 'p', 'to', 'J@@', 'ap@@', 'an', 'to', 'streng@@', 'then', 'economic', 'ties', 'with', 'the', 'third', 'lar@@', 'ges@@', 't', 'econom@@', 'y', 'in', 'the', 'world', '.']
2026-05-11 23:54:32,741 - DEBUG - joeynmt.training - 	Tokenized hypothesis: ['Mr', 'Mo@@', 'd@@', 'i', 'is', 'a', 'number', 'of', 'c@@', 'oll@@', 'ab@@', 'or@@', 'ation', 'with', 'a', 'number', 'of', 'economic', 'rel@@', 'ations', 'with', 'the', 'economic', 'rel@@', 'ations', 'with', 'the', 'econom@@', 'y', 'of', 'the', 'world', '&apos;s', 'economic', 'growth', '.', '</s>']
2026-05-11 23:54:32,741 - INFO - joeynmt.training - 	Source:     Herr Modi befindet sich auf einer fünftägigen Reise nach Japan , um die wirtschaftlichen Beziehungen mit der drittgrößten Wirtschaftsnation der Welt zu festigen .
2026-05-11 23:54:32,741 - INFO - joeynmt.training - 	Reference:  Mr Modi is on a five @-@ day trip to Japan to strengthen economic ties with the third largest economy in the world .
2026-05-11 23:54:32,741 - INFO - joeynmt.training - 	Hypothesis: Mr Modi is a number of collaboration with a number of economic relations with the economic relations with the economy of the world &apos;s economic growth .
2026-05-11 23:54:32,741 - INFO - joeynmt.training - Example #3
2026-05-11 23:54:32,742 - DEBUG - joeynmt.training - 	Tokenized source:     ['P@@', 'län@@', 'e', 'für', 'eine', 'stärk@@', 'ere', 'k@@', 'ern@@', 'techn@@', 'ische', 'Zusammenarbeit', 'stehen', 'ganz', 'ob@@', 'en', 'auf', 'der', 'Tag@@', 'es@@', 'ordnung', '.']
2026-05-11 23:54:32,742 - DEBUG - joeynmt.training - 	Tokenized reference:  ['high', 'on', 'the', 'agen@@', 'da', 'are', 'pl@@', 'ans', 'for', 'gre@@', 'ater', 'nu@@', 'clear', 'c@@', 'o', '@@@', '-@@', '@', 'operation', '.']
2026-05-11 23:54:32,742 - DEBUG - joeynmt.training - 	Tokenized hypothesis: ['P@@', 'O@@', 's', 'for', 'a', 'more', 'techn@@', 'ical', 'cooperation', 'on', 'the', 'next', 'it@@', 'em', 'is', 'the', 'next', 'it@@', 'em', '.', '</s>']
2026-05-11 23:54:32,742 - INFO - joeynmt.training - 	Source:     Pläne für eine stärkere kerntechnische Zusammenarbeit stehen ganz oben auf der Tagesordnung .
2026-05-11 23:54:32,742 - INFO - joeynmt.training - 	Reference:  high on the agenda are plans for greater nuclear co @-@ operation .
2026-05-11 23:54:32,742 - INFO - joeynmt.training - 	Hypothesis: POs for a more technical cooperation on the next item is the next item .
2026-05-11 23:54:32,742 - INFO - joeynmt.training - Example #4
2026-05-11 23:54:32,742 - DEBUG - joeynmt.training - 	Tokenized source:     ['Berich@@', 'ten', 'zu@@', 'fol@@', 'ge', 'ho@@', 'fft', 'Indi@@', 'en', 'darüber', 'hinaus', 'auf', 'einen', 'Ver@@', 'trag', 'zur', 'Ver@@', 'tei@@', 'dig@@', 'ungs@@', 'zusammen@@', 'arbeit', 'zwischen', 'den', 'beiden', 'N@@', 'ationen', '.']
2026-05-11 23:54:32,742 - DEBUG - joeynmt.training - 	Tokenized reference:  ['Indi@@', 'a', 'is', 'also', 're@@', 'porte@@', 'dly', 'hop@@', 'ing', 'for', 'a', 'de@@', 'al', 'on', 'def@@', 'ence', 'c@@', 'oll@@', 'ab@@', 'or@@', 'ation', 'between', 'the', 'two', 'n@@', 'ations', '.']
2026-05-11 23:54:32,742 - DEBUG - joeynmt.training - 	Tokenized hypothesis: ['the', 'report', 'also', 're@@', 'ports', 'on', 'the', 'con@@', 'text', 'of', 'the', 'con@@', 'text', 'of', 'the', 'two', 'N@@', 'ations', '.', '</s>']
2026-05-11 23:54:32,742 - INFO - joeynmt.training - 	Source:     Berichten zufolge hofft Indien darüber hinaus auf einen Vertrag zur Verteidigungszusammenarbeit zwischen den beiden Nationen .
2026-05-11 23:54:32,742 - INFO - joeynmt.training - 	Reference:  India is also reportedly hoping for a deal on defence collaboration between the two nations .
2026-05-11 23:54:32,742 - INFO - joeynmt.training - 	Hypothesis: the report also reports on the context of the context of the two Nations .
2026-05-11 23:55:00,205 - INFO - joeynmt.training - Epoch   3, Step:    11100, Batch Loss:     2.434380, Batch Acc: 0.390620, Tokens per Sec:     3322, Lr: 0.000300
2026-05-11 23:55:27,523 - INFO - joeynmt.training - Epoch   3, Step:    11200, Batch Loss:     2.111490, Batch Acc: 0.388424, Tokens per Sec:     3407, Lr: 0.000300
2026-05-11 23:55:54,657 - INFO - joeynmt.training - Epoch   3, Step:    11300, Batch Loss:     2.244667, Batch Acc: 0.393757, Tokens per Sec:     3335, Lr: 0.000300
2026-05-11 23:56:21,787 - INFO - joeynmt.training - Epoch   3, Step:    11400, Batch Loss:     2.332198, Batch Acc: 0.398984, Tokens per Sec:     3380, Lr: 0.000300
2026-05-11 23:56:51,700 - INFO - joeynmt.training - Epoch   3, Step:    11500, Batch Loss:     2.326587, Batch Acc: 0.398131, Tokens per Sec:     3027, Lr: 0.000300
2026-05-11 23:56:51,701 - INFO - joeynmt.prediction - Predicting 500 example(s)... (Greedy decoding with min_output_length=1, max_output_length=-1, return_prob='none', generate_unk=True, repetition_penalty=-1, no_repeat_ngram_size=-1)
2026-05-11 23:57:45,951 - INFO - joeynmt.prediction - Evaluation result (greedy) loss:   2.61, ppl:  13.66, acc:   0.33, generation: 54.2401[sec], evaluation: 0.0000[sec]
2026-05-11 23:57:45,957 - INFO - joeynmt.training - Hooray! New best validation result [ppl]!
2026-05-11 23:57:46,181 - INFO - joeynmt.helpers - delete models/deen_transformer_post/9000.ckpt
2026-05-11 23:57:46,185 - INFO - joeynmt.training - Example #0
2026-05-11 23:57:46,185 - DEBUG - joeynmt.training - 	Tokenized source:     ['die', 'Pre@@', 'mi@@', 'er@@', 'minist@@', 'er', 'Indi@@', 'ens', 'und', 'J@@', 'ap@@', 'ans', 'tra@@', 'fen', 'sich', 'in', 'T@@', 'ok@@', 'i@@', 'o', '.']
2026-05-11 23:57:46,185 - DEBUG - joeynmt.training - 	Tokenized reference:  ['Indi@@', 'a', 'and', 'J@@', 'ap@@', 'an', 'pri@@', 'me', 'minist@@', 'ers', 'me@@', 'et', 'in', 'T@@', 'ok@@', 'y@@', 'o']
2026-05-11 23:57:46,185 - DEBUG - joeynmt.training - 	Tokenized hypothesis: ['the', 'Pre@@', 'siden@@', 'cy', 'has', 'been', 'made', 'in', 'T@@', 'ok@@', 'o', 'and', 'J@@', 'ap@@', 'o', '.', '</s>']
2026-05-11 23:57:46,185 - INFO - joeynmt.training - 	Source:     die Premierminister Indiens und Japans trafen sich in Tokio .
2026-05-11 23:57:46,185 - INFO - joeynmt.training - 	Reference:  India and Japan prime ministers meet in Tokyo
2026-05-11 23:57:46,185 - INFO - joeynmt.training - 	Hypothesis: the Presidency has been made in Toko and Japo .
2026-05-11 23:57:46,185 - INFO - joeynmt.training - Example #1
2026-05-11 23:57:46,186 - DEBUG - joeynmt.training - 	Tokenized source:     ['Indi@@', 'ens', 'neu@@', 'er', 'Pre@@', 'mi@@', 'er@@', 'minist@@', 'er', 'N@@', 'ar@@', 'end@@', 'ra', 'Mo@@', 'd@@', 'i', 'tri@@', 'fft', 'bei', 's@@', 'einem', 'ersten', 'wichti@@', 'gen', 'Aus@@', 'land@@', 's@@', 'bes@@', 'u@@', 'ch', 'seit', 's@@', 'einem', 'W@@', 'ah@@', 'l@@', 'si@@', 'e@@', 'g', 'im', 'Ma@@', 'i', 'seinen', 'j@@', 'ap@@', 'an@@', 'ischen', 'Am@@', 'ts@@', 'k@@', 'olle@@', 'gen', 'S@@', 'hin@@', 'z@@', 'o', 'A@@', 'be', 'in', 'T@@', 'ok@@', 'o', ',', 'um', 'wirtschaf@@', 'tliche', 'und', 'sicher@@', 'heits@@', 'politische', 'Be@@', 'zieh@@', 'ungen', 'zu', 'bes@@', 'pre@@', 'chen', '.']
2026-05-11 23:57:46,186 - DEBUG - joeynmt.training - 	Tokenized reference:  ['Indi@@', 'a', '&apos;s', 'new', 'pri@@', 'me', 'minist@@', 'er', ',', 'N@@', 'ar@@', 'end@@', 'ra', 'Mo@@', 'd@@', 'i', ',', 'is', 'me@@', 'eting', 'his', 'J@@', 'ap@@', 'an@@', 'ese', 'coun@@', 'ter@@', 'part', ',', 'S@@', 'hin@@', 'z@@', 'o', 'A@@', 'be', ',', 'in', 'T@@', 'ok@@', 'y@@', 'o', 'to', 'disc@@', 'uss', 'economic', 'and', 'security', 'ties', ',', 'on', 'his', 'first', 'major', 'fore@@', 'ign', 'visi@@', 't', 'since', 'w@@', 'inn@@', 'ing', 'Ma@@', 'y', '&apos;s', 'elec@@', 'tion', '.']
2026-05-11 23:57:46,186 - DEBUG - joeynmt.training - 	Tokenized hypothesis: ['Indi@@', 'a', '&apos;s', 'new', 'Pre@@', 'siden@@', 'cy', 'has', 'been', 're@@', 'ach@@', 'ed', 'in', 'his', 'first', 'time', ',', 'in', 'the', 'S@@', 'ha@@', 'i', 'Bo@@', 's@@', 'i', 'F@@', 'ren@@', 'ch', 'in', 'the', 'Ma@@', 'y', 'S@@', 'ha@@', 'i', 'A@@', 's@@', 'soci@@', 'ation', 'and', 'the', 'political', 'and', 'social', 'social', 'and', 'social', 'social', 'rel@@', 'ations', '.', '</s>']
2026-05-11 23:57:46,186 - INFO - joeynmt.training - 	Source:     Indiens neuer Premierminister Narendra Modi trifft bei seinem ersten wichtigen Auslandsbesuch seit seinem Wahlsieg im Mai seinen japanischen Amtskollegen Shinzo Abe in Toko , um wirtschaftliche und sicherheitspolitische Beziehungen zu besprechen .
2026-05-11 23:57:46,186 - INFO - joeynmt.training - 	Reference:  India &apos;s new prime minister , Narendra Modi , is meeting his Japanese counterpart , Shinzo Abe , in Tokyo to discuss economic and security ties , on his first major foreign visit since winning May &apos;s election .
2026-05-11 23:57:46,186 - INFO - joeynmt.training - 	Hypothesis: India &apos;s new Presidency has been reached in his first time , in the Shai Bosi French in the May Shai Association and the political and social social and social social relations .
2026-05-11 23:57:46,186 - INFO - joeynmt.training - Example #2
2026-05-11 23:57:46,186 - DEBUG - joeynmt.training - 	Tokenized source:     ['Herr', 'Mo@@', 'd@@', 'i', 'befindet', 'sich', 'auf', 'einer', 'fü@@', 'n@@', 'f@@', 'tä@@', 'gi@@', 'gen', 'Rei@@', 'se', 'nach', 'J@@', 'ap@@', 'an', ',', 'um', 'die', 'wirtschaf@@', 'tlichen', 'Be@@', 'zieh@@', 'ungen', 'mit', 'der', 'd@@', 'rit@@', 't@@', 'größ@@', 'ten', 'Wirtschafts@@', 'n@@', 'ation', 'der', 'Welt', 'zu', 'fes@@', 'tigen', '.']
2026-05-11 23:57:46,186 - DEBUG - joeynmt.training - 	Tokenized reference:  ['Mr', 'Mo@@', 'd@@', 'i', 'is', 'on', 'a', 'fi@@', 've', '@@@', '-@@', '@', 'day', 'tri@@', 'p', 'to', 'J@@', 'ap@@', 'an', 'to', 'streng@@', 'then', 'economic', 'ties', 'with', 'the', 'third', 'lar@@', 'ges@@', 't', 'econom@@', 'y', 'in', 'the', 'world', '.']
2026-05-11 23:57:46,186 - DEBUG - joeynmt.training - 	Tokenized hypothesis: ['Mr', 'Mo@@', 'd@@', 'i', 'is', 'a', 'fi@@', 'le', 'of', 'a', 'fi@@', 'le', 'of', 'the', 'economic', 'rel@@', 'ations', 'with', 'the', 'economic', 'rel@@', 'ations', 'with', 'the', 'world', '&apos;s', 'economic', 'rel@@', 'ations', 'with', 'the', 'world', 'of', 'the', 'world', '.', '</s>']
2026-05-11 23:57:46,186 - INFO - joeynmt.training - 	Source:     Herr Modi befindet sich auf einer fünftägigen Reise nach Japan , um die wirtschaftlichen Beziehungen mit der drittgrößten Wirtschaftsnation der Welt zu festigen .
2026-05-11 23:57:46,186 - INFO - joeynmt.training - 	Reference:  Mr Modi is on a five @-@ day trip to Japan to strengthen economic ties with the third largest economy in the world .
2026-05-11 23:57:46,186 - INFO - joeynmt.training - 	Hypothesis: Mr Modi is a file of a file of the economic relations with the economic relations with the world &apos;s economic relations with the world of the world .
2026-05-11 23:57:46,186 - INFO - joeynmt.training - Example #3
2026-05-11 23:57:46,186 - DEBUG - joeynmt.training - 	Tokenized source:     ['P@@', 'län@@', 'e', 'für', 'eine', 'stärk@@', 'ere', 'k@@', 'ern@@', 'techn@@', 'ische', 'Zusammenarbeit', 'stehen', 'ganz', 'ob@@', 'en', 'auf', 'der', 'Tag@@', 'es@@', 'ordnung', '.']
2026-05-11 23:57:46,186 - DEBUG - joeynmt.training - 	Tokenized reference:  ['high', 'on', 'the', 'agen@@', 'da', 'are', 'pl@@', 'ans', 'for', 'gre@@', 'ater', 'nu@@', 'clear', 'c@@', 'o', '@@@', '-@@', '@', 'operation', '.']
2026-05-11 23:57:46,186 - DEBUG - joeynmt.training - 	Tokenized hypothesis: ['P@@', 'countries', 'are', 'in', 'fav@@', 'our', 'of', 'a', 'more', 'techn@@', 'ical', 'cooperation', '.', '</s>']
2026-05-11 23:57:46,187 - INFO - joeynmt.training - 	Source:     Pläne für eine stärkere kerntechnische Zusammenarbeit stehen ganz oben auf der Tagesordnung .
2026-05-11 23:57:46,187 - INFO - joeynmt.training - 	Reference:  high on the agenda are plans for greater nuclear co @-@ operation .
2026-05-11 23:57:46,187 - INFO - joeynmt.training - 	Hypothesis: Pcountries are in favour of a more technical cooperation .
2026-05-11 23:57:46,187 - INFO - joeynmt.training - Example #4
2026-05-11 23:57:46,187 - DEBUG - joeynmt.training - 	Tokenized source:     ['Berich@@', 'ten', 'zu@@', 'fol@@', 'ge', 'ho@@', 'fft', 'Indi@@', 'en', 'darüber', 'hinaus', 'auf', 'einen', 'Ver@@', 'trag', 'zur', 'Ver@@', 'tei@@', 'dig@@', 'ungs@@', 'zusammen@@', 'arbeit', 'zwischen', 'den', 'beiden', 'N@@', 'ationen', '.']
2026-05-11 23:57:46,187 - DEBUG - joeynmt.training - 	Tokenized reference:  ['Indi@@', 'a', 'is', 'also', 're@@', 'porte@@', 'dly', 'hop@@', 'ing', 'for', 'a', 'de@@', 'al', 'on', 'def@@', 'ence', 'c@@', 'oll@@', 'ab@@', 'or@@', 'ation', 'between', 'the', 'two', 'n@@', 'ations', '.']
2026-05-11 23:57:46,187 - DEBUG - joeynmt.training - 	Tokenized hypothesis: ['re@@', 'ports', 'are', 'also', 'a', 're@@', 'view', 'of', 'the', 're@@', 'ference', 'to', 'the', 're@@', 'ference', 'between', 'the', 'two', 'N@@', 'ations', '.', '</s>']
2026-05-11 23:57:46,187 - INFO - joeynmt.training - 	Source:     Berichten zufolge hofft Indien darüber hinaus auf einen Vertrag zur Verteidigungszusammenarbeit zwischen den beiden Nationen .
2026-05-11 23:57:46,187 - INFO - joeynmt.training - 	Reference:  India is also reportedly hoping for a deal on defence collaboration between the two nations .
2026-05-11 23:57:46,187 - INFO - joeynmt.training - 	Hypothesis: reports are also a review of the reference to the reference between the two Nations .
2026-05-11 23:58:17,855 - INFO - joeynmt.training - Epoch   3, Step:    11600, Batch Loss:     2.226161, Batch Acc: 0.399901, Tokens per Sec:     2909, Lr: 0.000300
2026-05-11 23:58:45,274 - INFO - joeynmt.training - Epoch   3, Step:    11700, Batch Loss:     2.336761, Batch Acc: 0.402566, Tokens per Sec:     3341, Lr: 0.000300
2026-05-11 23:59:13,121 - INFO - joeynmt.training - Epoch   3, Step:    11800, Batch Loss:     2.277003, Batch Acc: 0.401749, Tokens per Sec:     3256, Lr: 0.000300
2026-05-11 23:59:40,141 - INFO - joeynmt.training - Epoch   3, Step:    11900, Batch Loss:     2.162856, Batch Acc: 0.405504, Tokens per Sec:     3416, Lr: 0.000300
2026-05-12 00:00:08,128 - INFO - joeynmt.training - Epoch   3, Step:    12000, Batch Loss:     2.349886, Batch Acc: 0.401129, Tokens per Sec:     3305, Lr: 0.000300
2026-05-12 00:00:08,129 - INFO - joeynmt.prediction - Predicting 500 example(s)... (Greedy decoding with min_output_length=1, max_output_length=-1, return_prob='none', generate_unk=True, repetition_penalty=-1, no_repeat_ngram_size=-1)
2026-05-12 00:00:44,316 - INFO - joeynmt.prediction - Evaluation result (greedy) loss:   2.56, ppl:  12.99, acc:   0.34, generation: 36.1788[sec], evaluation: 0.0000[sec]
2026-05-12 00:00:44,319 - INFO - joeynmt.training - Hooray! New best validation result [ppl]!
2026-05-12 00:00:44,486 - INFO - joeynmt.helpers - delete models/deen_transformer_post/9500.ckpt
2026-05-12 00:00:44,488 - INFO - joeynmt.training - Example #0
2026-05-12 00:00:44,488 - DEBUG - joeynmt.training - 	Tokenized source:     ['die', 'Pre@@', 'mi@@', 'er@@', 'minist@@', 'er', 'Indi@@', 'ens', 'und', 'J@@', 'ap@@', 'ans', 'tra@@', 'fen', 'sich', 'in', 'T@@', 'ok@@', 'i@@', 'o', '.']
2026-05-12 00:00:44,489 - DEBUG - joeynmt.training - 	Tokenized reference:  ['Indi@@', 'a', 'and', 'J@@', 'ap@@', 'an', 'pri@@', 'me', 'minist@@', 'ers', 'me@@', 'et', 'in', 'T@@', 'ok@@', 'y@@', 'o']
2026-05-12 00:00:44,489 - DEBUG - joeynmt.training - 	Tokenized hypothesis: ['the', 'pri@@', 'm@@', 'ari@@', 'ly', 'con@@', 'f@@', 'lic@@', 't', 'and', 'J@@', 'ap@@', 'an', '.', '</s>']
2026-05-12 00:00:44,489 - INFO - joeynmt.training - 	Source:     die Premierminister Indiens und Japans trafen sich in Tokio .
2026-05-12 00:00:44,489 - INFO - joeynmt.training - 	Reference:  India and Japan prime ministers meet in Tokyo
2026-05-12 00:00:44,489 - INFO - joeynmt.training - 	Hypothesis: the primarily conflict and Japan .
2026-05-12 00:00:44,489 - INFO - joeynmt.training - Example #1
2026-05-12 00:00:44,489 - DEBUG - joeynmt.training - 	Tokenized source:     ['Indi@@', 'ens', 'neu@@', 'er', 'Pre@@', 'mi@@', 'er@@', 'minist@@', 'er', 'N@@', 'ar@@', 'end@@', 'ra', 'Mo@@', 'd@@', 'i', 'tri@@', 'fft', 'bei', 's@@', 'einem', 'ersten', 'wichti@@', 'gen', 'Aus@@', 'land@@', 's@@', 'bes@@', 'u@@', 'ch', 'seit', 's@@', 'einem', 'W@@', 'ah@@', 'l@@', 'si@@', 'e@@', 'g', 'im', 'Ma@@', 'i', 'seinen', 'j@@', 'ap@@', 'an@@', 'ischen', 'Am@@', 'ts@@', 'k@@', 'olle@@', 'gen', 'S@@', 'hin@@', 'z@@', 'o', 'A@@', 'be', 'in', 'T@@', 'ok@@', 'o', ',', 'um', 'wirtschaf@@', 'tliche', 'und', 'sicher@@', 'heits@@', 'politische', 'Be@@', 'zieh@@', 'ungen', 'zu', 'bes@@', 'pre@@', 'chen', '.']
2026-05-12 00:00:44,489 - DEBUG - joeynmt.training - 	Tokenized reference:  ['Indi@@', 'a', '&apos;s', 'new', 'pri@@', 'me', 'minist@@', 'er', ',', 'N@@', 'ar@@', 'end@@', 'ra', 'Mo@@', 'd@@', 'i', ',', 'is', 'me@@', 'eting', 'his', 'J@@', 'ap@@', 'an@@', 'ese', 'coun@@', 'ter@@', 'part', ',', 'S@@', 'hin@@', 'z@@', 'o', 'A@@', 'be', ',', 'in', 'T@@', 'ok@@', 'y@@', 'o', 'to', 'disc@@', 'uss', 'economic', 'and', 'security', 'ties', ',', 'on', 'his', 'first', 'major', 'fore@@', 'ign', 'visi@@', 't', 'since', 'w@@', 'inn@@', 'ing', 'Ma@@', 'y', '&apos;s', 'elec@@', 'tion', '.']
2026-05-12 00:00:44,489 - DEBUG - joeynmt.training - 	Tokenized hypothesis: ['Indi@@', 'an', 'A@@', 'mer@@', 'ic@@', 'a', '&apos;s', 'm@@', 'ember', 'of', 'the', 'S@@', 'ec@@', 're@@', 't@@', 'ary', 'of', 'the', 'S@@', 'ec@@', 're@@', 't@@', 'ary', 'of', 'his', 'first', 'important', 'ex@@', 'hi@@', 'bi@@', 'tion', 'of', 'the', 'S@@', 'ec@@', 're@@', 't@@', 'ary', 'of', 'the', 'S@@', 'ec@@', 're@@', 't@@', 'ary', 'of', 'S@@', 'ec@@', 're@@', 't@@', 'ary', 'A@@', 'ff@@', 'air@@', 's', ',', 'economic', 'and', 'social', 'security', '.', '</s>']
2026-05-12 00:00:44,489 - INFO - joeynmt.training - 	Source:     Indiens neuer Premierminister Narendra Modi trifft bei seinem ersten wichtigen Auslandsbesuch seit seinem Wahlsieg im Mai seinen japanischen Amtskollegen Shinzo Abe in Toko , um wirtschaftliche und sicherheitspolitische Beziehungen zu besprechen .
2026-05-12 00:00:44,489 - INFO - joeynmt.training - 	Reference:  India &apos;s new prime minister , Narendra Modi , is meeting his Japanese counterpart , Shinzo Abe , in Tokyo to discuss economic and security ties , on his first major foreign visit since winning May &apos;s election .
2026-05-12 00:00:44,489 - INFO - joeynmt.training - 	Hypothesis: Indian America &apos;s member of the Secretary of the Secretary of his first important exhibition of the Secretary of the Secretary of Secretary Affairs , economic and social security .
2026-05-12 00:00:44,489 - INFO - joeynmt.training - Example #2
2026-05-12 00:00:44,489 - DEBUG - joeynmt.training - 	Tokenized source:     ['Herr', 'Mo@@', 'd@@', 'i', 'befindet', 'sich', 'auf', 'einer', 'fü@@', 'n@@', 'f@@', 'tä@@', 'gi@@', 'gen', 'Rei@@', 'se', 'nach', 'J@@', 'ap@@', 'an', ',', 'um', 'die', 'wirtschaf@@', 'tlichen', 'Be@@', 'zieh@@', 'ungen', 'mit', 'der', 'd@@', 'rit@@', 't@@', 'größ@@', 'ten', 'Wirtschafts@@', 'n@@', 'ation', 'der', 'Welt', 'zu', 'fes@@', 'tigen', '.']
2026-05-12 00:00:44,489 - DEBUG - joeynmt.training - 	Tokenized reference:  ['Mr', 'Mo@@', 'd@@', 'i', 'is', 'on', 'a', 'fi@@', 've', '@@@', '-@@', '@', 'day', 'tri@@', 'p', 'to', 'J@@', 'ap@@', 'an', 'to', 'streng@@', 'then', 'economic', 'ties', 'with', 'the', 'third', 'lar@@', 'ges@@', 't', 'econom@@', 'y', 'in', 'the', 'world', '.']
2026-05-12 00:00:44,490 - DEBUG - joeynmt.training - 	Tokenized hypothesis: ['Mr', 'Mo@@', 'd@@', 'i', 'is', 'the', 'ch@@', 'ance', 'of', 'the', 'year', ',', 'which', 'is', 'the', 'economic', 'rel@@', 'ations', 'with', 'the', 'economic', 'rel@@', 'ations', 'with', 'the', 'US', '&apos;s', 'economic', 'rel@@', 'ations', 'with', 'the', 'world', '.', '</s>']
2026-05-12 00:00:44,490 - INFO - joeynmt.training - 	Source:     Herr Modi befindet sich auf einer fünftägigen Reise nach Japan , um die wirtschaftlichen Beziehungen mit der drittgrößten Wirtschaftsnation der Welt zu festigen .
2026-05-12 00:00:44,490 - INFO - joeynmt.training - 	Reference:  Mr Modi is on a five @-@ day trip to Japan to strengthen economic ties with the third largest economy in the world .
2026-05-12 00:00:44,490 - INFO - joeynmt.training - 	Hypothesis: Mr Modi is the chance of the year , which is the economic relations with the economic relations with the US &apos;s economic relations with the world .
2026-05-12 00:00:44,490 - INFO - joeynmt.training - Example #3
2026-05-12 00:00:44,490 - DEBUG - joeynmt.training - 	Tokenized source:     ['P@@', 'län@@', 'e', 'für', 'eine', 'stärk@@', 'ere', 'k@@', 'ern@@', 'techn@@', 'ische', 'Zusammenarbeit', 'stehen', 'ganz', 'ob@@', 'en', 'auf', 'der', 'Tag@@', 'es@@', 'ordnung', '.']
2026-05-12 00:00:44,490 - DEBUG - joeynmt.training - 	Tokenized reference:  ['high', 'on', 'the', 'agen@@', 'da', 'are', 'pl@@', 'ans', 'for', 'gre@@', 'ater', 'nu@@', 'clear', 'c@@', 'o', '@@@', '-@@', '@', 'operation', '.']
2026-05-12 00:00:44,490 - DEBUG - joeynmt.training - 	Tokenized hypothesis: ['P@@', 'A@@', 's', 'for', 'a', 'more', 'techn@@', 'ical', 'cooperation', '.', '</s>']
2026-05-12 00:00:44,490 - INFO - joeynmt.training - 	Source:     Pläne für eine stärkere kerntechnische Zusammenarbeit stehen ganz oben auf der Tagesordnung .
2026-05-12 00:00:44,490 - INFO - joeynmt.training - 	Reference:  high on the agenda are plans for greater nuclear co @-@ operation .
2026-05-12 00:00:44,490 - INFO - joeynmt.training - 	Hypothesis: PAs for a more technical cooperation .
2026-05-12 00:00:44,490 - INFO - joeynmt.training - Example #4
2026-05-12 00:00:44,490 - DEBUG - joeynmt.training - 	Tokenized source:     ['Berich@@', 'ten', 'zu@@', 'fol@@', 'ge', 'ho@@', 'fft', 'Indi@@', 'en', 'darüber', 'hinaus', 'auf', 'einen', 'Ver@@', 'trag', 'zur', 'Ver@@', 'tei@@', 'dig@@', 'ungs@@', 'zusammen@@', 'arbeit', 'zwischen', 'den', 'beiden', 'N@@', 'ationen', '.']
2026-05-12 00:00:44,490 - DEBUG - joeynmt.training - 	Tokenized reference:  ['Indi@@', 'a', 'is', 'also', 're@@', 'porte@@', 'dly', 'hop@@', 'ing', 'for', 'a', 'de@@', 'al', 'on', 'def@@', 'ence', 'c@@', 'oll@@', 'ab@@', 'or@@', 'ation', 'between', 'the', 'two', 'n@@', 'ations', '.']
2026-05-12 00:00:44,490 - DEBUG - joeynmt.training - 	Tokenized hypothesis: ['re@@', 'ports', 'on', 'the', 'con@@', 'text', 'of', 'the', 'two', 'N@@', 'ations', '.', '</s>']
2026-05-12 00:00:44,490 - INFO - joeynmt.training - 	Source:     Berichten zufolge hofft Indien darüber hinaus auf einen Vertrag zur Verteidigungszusammenarbeit zwischen den beiden Nationen .
2026-05-12 00:00:44,490 - INFO - joeynmt.training - 	Reference:  India is also reportedly hoping for a deal on defence collaboration between the two nations .
2026-05-12 00:00:44,490 - INFO - joeynmt.training - 	Hypothesis: reports on the context of the two Nations .
2026-05-12 00:01:11,627 - INFO - joeynmt.training - Epoch   3, Step:    12100, Batch Loss:     2.212238, Batch Acc: 0.407750, Tokens per Sec:     3370, Lr: 0.000300
2026-05-12 00:01:36,948 - INFO - joeynmt.training - Epoch   3: total training loss 9349.51
2026-05-12 00:01:36,949 - INFO - joeynmt.training - EPOCH 4
2026-05-12 00:01:38,450 - INFO - joeynmt.training - Epoch   4, Step:    12200, Batch Loss:     2.204186, Batch Acc: 0.416046, Tokens per Sec:     3132, Lr: 0.000300
2026-05-12 00:02:05,311 - INFO - joeynmt.training - Epoch   4, Step:    12300, Batch Loss:     2.119025, Batch Acc: 0.421892, Tokens per Sec:     3441, Lr: 0.000300
2026-05-12 00:02:32,829 - INFO - joeynmt.training - Epoch   4, Step:    12400, Batch Loss:     2.313011, Batch Acc: 0.421125, Tokens per Sec:     3351, Lr: 0.000300
2026-05-12 00:02:59,988 - INFO - joeynmt.training - Epoch   4, Step:    12500, Batch Loss:     2.266264, Batch Acc: 0.421391, Tokens per Sec:     3399, Lr: 0.000300
2026-05-12 00:02:59,989 - INFO - joeynmt.prediction - Predicting 500 example(s)... (Greedy decoding with min_output_length=1, max_output_length=-1, return_prob='none', generate_unk=True, repetition_penalty=-1, no_repeat_ngram_size=-1)
2026-05-12 00:03:36,557 - INFO - joeynmt.prediction - Evaluation result (greedy) loss:   2.54, ppl:  12.71, acc:   0.35, generation: 36.5607[sec], evaluation: 0.0000[sec]
2026-05-12 00:03:36,563 - INFO - joeynmt.training - Hooray! New best validation result [ppl]!
2026-05-12 00:03:36,772 - INFO - joeynmt.helpers - delete models/deen_transformer_post/10000.ckpt
2026-05-12 00:03:36,774 - INFO - joeynmt.training - Example #0
2026-05-12 00:03:36,774 - DEBUG - joeynmt.training - 	Tokenized source:     ['die', 'Pre@@', 'mi@@', 'er@@', 'minist@@', 'er', 'Indi@@', 'ens', 'und', 'J@@', 'ap@@', 'ans', 'tra@@', 'fen', 'sich', 'in', 'T@@', 'ok@@', 'i@@', 'o', '.']
2026-05-12 00:03:36,774 - DEBUG - joeynmt.training - 	Tokenized reference:  ['Indi@@', 'a', 'and', 'J@@', 'ap@@', 'an', 'pri@@', 'me', 'minist@@', 'ers', 'me@@', 'et', 'in', 'T@@', 'ok@@', 'y@@', 'o']
2026-05-12 00:03:36,774 - DEBUG - joeynmt.training - 	Tokenized hypothesis: ['the', 'Pri@@', 'me', 'Minist@@', 'er', ',', 'Minist@@', 'er', 'and', 'J@@', 'ap@@', 'ans', ',', 'the', 'S@@', 'T@@', 'ok@@', 'i@@', 'o', '.', '</s>']
2026-05-12 00:03:36,774 - INFO - joeynmt.training - 	Source:     die Premierminister Indiens und Japans trafen sich in Tokio .
2026-05-12 00:03:36,774 - INFO - joeynmt.training - 	Reference:  India and Japan prime ministers meet in Tokyo
2026-05-12 00:03:36,774 - INFO - joeynmt.training - 	Hypothesis: the Prime Minister , Minister and Japans , the STokio .
2026-05-12 00:03:36,774 - INFO - joeynmt.training - Example #1
2026-05-12 00:03:36,774 - DEBUG - joeynmt.training - 	Tokenized source:     ['Indi@@', 'ens', 'neu@@', 'er', 'Pre@@', 'mi@@', 'er@@', 'minist@@', 'er', 'N@@', 'ar@@', 'end@@', 'ra', 'Mo@@', 'd@@', 'i', 'tri@@', 'fft', 'bei', 's@@', 'einem', 'ersten', 'wichti@@', 'gen', 'Aus@@', 'land@@', 's@@', 'bes@@', 'u@@', 'ch', 'seit', 's@@', 'einem', 'W@@', 'ah@@', 'l@@', 'si@@', 'e@@', 'g', 'im', 'Ma@@', 'i', 'seinen', 'j@@', 'ap@@', 'an@@', 'ischen', 'Am@@', 'ts@@', 'k@@', 'olle@@', 'gen', 'S@@', 'hin@@', 'z@@', 'o', 'A@@', 'be', 'in', 'T@@', 'ok@@', 'o', ',', 'um', 'wirtschaf@@', 'tliche', 'und', 'sicher@@', 'heits@@', 'politische', 'Be@@', 'zieh@@', 'ungen', 'zu', 'bes@@', 'pre@@', 'chen', '.']
2026-05-12 00:03:36,775 - DEBUG - joeynmt.training - 	Tokenized reference:  ['Indi@@', 'a', '&apos;s', 'new', 'pri@@', 'me', 'minist@@', 'er', ',', 'N@@', 'ar@@', 'end@@', 'ra', 'Mo@@', 'd@@', 'i', ',', 'is', 'me@@', 'eting', 'his', 'J@@', 'ap@@', 'an@@', 'ese', 'coun@@', 'ter@@', 'part', ',', 'S@@', 'hin@@', 'z@@', 'o', 'A@@', 'be', ',', 'in', 'T@@', 'ok@@', 'y@@', 'o', 'to', 'disc@@', 'uss', 'economic', 'and', 'security', 'ties', ',', 'on', 'his', 'first', 'major', 'fore@@', 'ign', 'visi@@', 't', 'since', 'w@@', 'inn@@', 'ing', 'Ma@@', 'y', '&apos;s', 'elec@@', 'tion', '.']
2026-05-12 00:03:36,775 - DEBUG - joeynmt.training - 	Tokenized hypothesis: ['Indi@@', 'a', '&apos;s', 'new', 'Pri@@', 'me', 'Minist@@', 'er', 'N@@', 'ar@@', 'ri@@', 'v@@', 'al', ',', 'the', 'S@@', 'ec@@', 'on@@', 'd', 'J@@', 'ar@@', 'i', 'Mo@@', 's@@', 'co@@', 'w', ',', 'has', 'been', 'a', 'first', 'of', 'the', 'S@@', 'at@@', 'el@@', 'an@@', 'g@@', 'ent', ',', 'in', 'the', 'Ma@@', 'y', ',', 'S@@', 'ed@@', 'on@@', 'ia', ',', 'S@@', 'we@@', 'den', ',', 'S@@', 'ed@@', 'on@@', 'ia', ',', 'S@@', 'T@@', 'ok@@', 'o', ',', 'the', 'economic', 'and', 'security', 'of', 'the', 'political', 'rel@@', 'ations', '.', '</s>']
2026-05-12 00:03:36,775 - INFO - joeynmt.training - 	Source:     Indiens neuer Premierminister Narendra Modi trifft bei seinem ersten wichtigen Auslandsbesuch seit seinem Wahlsieg im Mai seinen japanischen Amtskollegen Shinzo Abe in Toko , um wirtschaftliche und sicherheitspolitische Beziehungen zu besprechen .
2026-05-12 00:03:36,775 - INFO - joeynmt.training - 	Reference:  India &apos;s new prime minister , Narendra Modi , is meeting his Japanese counterpart , Shinzo Abe , in Tokyo to discuss economic and security ties , on his first major foreign visit since winning May &apos;s election .
2026-05-12 00:03:36,775 - INFO - joeynmt.training - 	Hypothesis: India &apos;s new Prime Minister Narrival , the Second Jari Moscow , has been a first of the Satelangent , in the May , Sedonia , Sweden , Sedonia , SToko , the economic and security of the political relations .
2026-05-12 00:03:36,775 - INFO - joeynmt.training - Example #2
2026-05-12 00:03:36,775 - DEBUG - joeynmt.training - 	Tokenized source:     ['Herr', 'Mo@@', 'd@@', 'i', 'befindet', 'sich', 'auf', 'einer', 'fü@@', 'n@@', 'f@@', 'tä@@', 'gi@@', 'gen', 'Rei@@', 'se', 'nach', 'J@@', 'ap@@', 'an', ',', 'um', 'die', 'wirtschaf@@', 'tlichen', 'Be@@', 'zieh@@', 'ungen', 'mit', 'der', 'd@@', 'rit@@', 't@@', 'größ@@', 'ten', 'Wirtschafts@@', 'n@@', 'ation', 'der', 'Welt', 'zu', 'fes@@', 'tigen', '.']
2026-05-12 00:03:36,775 - DEBUG - joeynmt.training - 	Tokenized reference:  ['Mr', 'Mo@@', 'd@@', 'i', 'is', 'on', 'a', 'fi@@', 've', '@@@', '-@@', '@', 'day', 'tri@@', 'p', 'to', 'J@@', 'ap@@', 'an', 'to', 'streng@@', 'then', 'economic', 'ties', 'with', 'the', 'third', 'lar@@', 'ges@@', 't', 'econom@@', 'y', 'in', 'the', 'world', '.']
2026-05-12 00:03:36,775 - DEBUG - joeynmt.training - 	Tokenized hypothesis: ['Mr', 'Mo@@', 'd@@', 'i', 'is', 'a', 'fi@@', 'le', ',', 'the', 'f@@', 'our', 'tra@@', 'ff@@', 'ic', ',', 'to', 'a', 'fi@@', 'le', ',', 'to', 'the', 'economic', 'rel@@', 'ations', 'with', 'the', 'world', '&apos;s', 'economic', 're@@', 'form@@', 's', '.', '</s>']
2026-05-12 00:03:36,775 - INFO - joeynmt.training - 	Source:     Herr Modi befindet sich auf einer fünftägigen Reise nach Japan , um die wirtschaftlichen Beziehungen mit der drittgrößten Wirtschaftsnation der Welt zu festigen .
2026-05-12 00:03:36,775 - INFO - joeynmt.training - 	Reference:  Mr Modi is on a five @-@ day trip to Japan to strengthen economic ties with the third largest economy in the world .
2026-05-12 00:03:36,775 - INFO - joeynmt.training - 	Hypothesis: Mr Modi is a file , the four traffic , to a file , to the economic relations with the world &apos;s economic reforms .
2026-05-12 00:03:36,775 - INFO - joeynmt.training - Example #3
2026-05-12 00:03:36,775 - DEBUG - joeynmt.training - 	Tokenized source:     ['P@@', 'län@@', 'e', 'für', 'eine', 'stärk@@', 'ere', 'k@@', 'ern@@', 'techn@@', 'ische', 'Zusammenarbeit', 'stehen', 'ganz', 'ob@@', 'en', 'auf', 'der', 'Tag@@', 'es@@', 'ordnung', '.']
2026-05-12 00:03:36,775 - DEBUG - joeynmt.training - 	Tokenized reference:  ['high', 'on', 'the', 'agen@@', 'da', 'are', 'pl@@', 'ans', 'for', 'gre@@', 'ater', 'nu@@', 'clear', 'c@@', 'o', '@@@', '-@@', '@', 'operation', '.']
2026-05-12 00:03:36,775 - DEBUG - joeynmt.training - 	Tokenized hypothesis: ['P@@', 'lan@@', 'e', 'is', 'a', 'more', 'seri@@', 'ous', 'techn@@', 'ical', 'cooperation', '.', '</s>']
2026-05-12 00:03:36,776 - INFO - joeynmt.training - 	Source:     Pläne für eine stärkere kerntechnische Zusammenarbeit stehen ganz oben auf der Tagesordnung .
2026-05-12 00:03:36,776 - INFO - joeynmt.training - 	Reference:  high on the agenda are plans for greater nuclear co @-@ operation .
2026-05-12 00:03:36,776 - INFO - joeynmt.training - 	Hypothesis: Plane is a more serious technical cooperation .
2026-05-12 00:03:36,776 - INFO - joeynmt.training - Example #4
2026-05-12 00:03:36,776 - DEBUG - joeynmt.training - 	Tokenized source:     ['Berich@@', 'ten', 'zu@@', 'fol@@', 'ge', 'ho@@', 'fft', 'Indi@@', 'en', 'darüber', 'hinaus', 'auf', 'einen', 'Ver@@', 'trag', 'zur', 'Ver@@', 'tei@@', 'dig@@', 'ungs@@', 'zusammen@@', 'arbeit', 'zwischen', 'den', 'beiden', 'N@@', 'ationen', '.']
2026-05-12 00:03:36,776 - DEBUG - joeynmt.training - 	Tokenized reference:  ['Indi@@', 'a', 'is', 'also', 're@@', 'porte@@', 'dly', 'hop@@', 'ing', 'for', 'a', 'de@@', 'al', 'on', 'def@@', 'ence', 'c@@', 'oll@@', 'ab@@', 'or@@', 'ation', 'between', 'the', 'two', 'n@@', 'ations', '.']
2026-05-12 00:03:36,776 - DEBUG - joeynmt.training - 	Tokenized hypothesis: ['re@@', 'ports', 'on', 'the', 're@@', 'ports', ',', 'the', 're@@', 'ports', 'to', 'a', 'con@@', 'text', 'of', 'the', 'two', 'N@@', 'ations', '.', '</s>']
2026-05-12 00:03:36,776 - INFO - joeynmt.training - 	Source:     Berichten zufolge hofft Indien darüber hinaus auf einen Vertrag zur Verteidigungszusammenarbeit zwischen den beiden Nationen .
2026-05-12 00:03:36,776 - INFO - joeynmt.training - 	Reference:  India is also reportedly hoping for a deal on defence collaboration between the two nations .
2026-05-12 00:03:36,776 - INFO - joeynmt.training - 	Hypothesis: reports on the reports , the reports to a context of the two Nations .
2026-05-12 00:04:04,812 - INFO - joeynmt.training - Epoch   4, Step:    12600, Batch Loss:     2.080611, Batch Acc: 0.422371, Tokens per Sec:     3274, Lr: 0.000300
2026-05-12 00:04:33,277 - INFO - joeynmt.training - Epoch   4, Step:    12700, Batch Loss:     2.097657, Batch Acc: 0.424045, Tokens per Sec:     3175, Lr: 0.000300
2026-05-12 00:05:01,933 - INFO - joeynmt.training - Epoch   4, Step:    12800, Batch Loss:     1.959435, Batch Acc: 0.423925, Tokens per Sec:     3204, Lr: 0.000300
2026-05-12 00:05:30,215 - INFO - joeynmt.training - Epoch   4, Step:    12900, Batch Loss:     1.994784, Batch Acc: 0.427915, Tokens per Sec:     3239, Lr: 0.000300
2026-05-12 00:05:58,185 - INFO - joeynmt.training - Epoch   4, Step:    13000, Batch Loss:     2.275224, Batch Acc: 0.425590, Tokens per Sec:     3265, Lr: 0.000300
2026-05-12 00:05:58,186 - INFO - joeynmt.prediction - Predicting 500 example(s)... (Greedy decoding with min_output_length=1, max_output_length=-1, return_prob='none', generate_unk=True, repetition_penalty=-1, no_repeat_ngram_size=-1)
2026-05-12 00:06:35,655 - INFO - joeynmt.prediction - Evaluation result (greedy) loss:   2.51, ppl:  12.27, acc:   0.36, generation: 37.4607[sec], evaluation: 0.0000[sec]
2026-05-12 00:06:35,659 - INFO - joeynmt.training - Hooray! New best validation result [ppl]!
2026-05-12 00:06:35,837 - INFO - joeynmt.helpers - delete models/deen_transformer_post/10500.ckpt
2026-05-12 00:06:35,839 - INFO - joeynmt.training - Example #0
2026-05-12 00:06:35,839 - DEBUG - joeynmt.training - 	Tokenized source:     ['die', 'Pre@@', 'mi@@', 'er@@', 'minist@@', 'er', 'Indi@@', 'ens', 'und', 'J@@', 'ap@@', 'ans', 'tra@@', 'fen', 'sich', 'in', 'T@@', 'ok@@', 'i@@', 'o', '.']
2026-05-12 00:06:35,839 - DEBUG - joeynmt.training - 	Tokenized reference:  ['Indi@@', 'a', 'and', 'J@@', 'ap@@', 'an', 'pri@@', 'me', 'minist@@', 'ers', 'me@@', 'et', 'in', 'T@@', 'ok@@', 'y@@', 'o']
2026-05-12 00:06:35,839 - DEBUG - joeynmt.training - 	Tokenized hypothesis: ['the', 'pri@@', 'm@@', 'ari@@', 'ly', 'minist@@', 'ers', 'in', 'T@@', 'ok@@', 'i@@', 'o', '.', '</s>']
2026-05-12 00:06:35,840 - INFO - joeynmt.training - 	Source:     die Premierminister Indiens und Japans trafen sich in Tokio .
2026-05-12 00:06:35,840 - INFO - joeynmt.training - 	Reference:  India and Japan prime ministers meet in Tokyo
2026-05-12 00:06:35,840 - INFO - joeynmt.training - 	Hypothesis: the primarily ministers in Tokio .
2026-05-12 00:06:35,840 - INFO - joeynmt.training - Example #1
2026-05-12 00:06:35,840 - DEBUG - joeynmt.training - 	Tokenized source:     ['Indi@@', 'ens', 'neu@@', 'er', 'Pre@@', 'mi@@', 'er@@', 'minist@@', 'er', 'N@@', 'ar@@', 'end@@', 'ra', 'Mo@@', 'd@@', 'i', 'tri@@', 'fft', 'bei', 's@@', 'einem', 'ersten', 'wichti@@', 'gen', 'Aus@@', 'land@@', 's@@', 'bes@@', 'u@@', 'ch', 'seit', 's@@', 'einem', 'W@@', 'ah@@', 'l@@', 'si@@', 'e@@', 'g', 'im', 'Ma@@', 'i', 'seinen', 'j@@', 'ap@@', 'an@@', 'ischen', 'Am@@', 'ts@@', 'k@@', 'olle@@', 'gen', 'S@@', 'hin@@', 'z@@', 'o', 'A@@', 'be', 'in', 'T@@', 'ok@@', 'o', ',', 'um', 'wirtschaf@@', 'tliche', 'und', 'sicher@@', 'heits@@', 'politische', 'Be@@', 'zieh@@', 'ungen', 'zu', 'bes@@', 'pre@@', 'chen', '.']
2026-05-12 00:06:35,840 - DEBUG - joeynmt.training - 	Tokenized reference:  ['Indi@@', 'a', '&apos;s', 'new', 'pri@@', 'me', 'minist@@', 'er', ',', 'N@@', 'ar@@', 'end@@', 'ra', 'Mo@@', 'd@@', 'i', ',', 'is', 'me@@', 'eting', 'his', 'J@@', 'ap@@', 'an@@', 'ese', 'coun@@', 'ter@@', 'part', ',', 'S@@', 'hin@@', 'z@@', 'o', 'A@@', 'be', ',', 'in', 'T@@', 'ok@@', 'y@@', 'o', 'to', 'disc@@', 'uss', 'economic', 'and', 'security', 'ties', ',', 'on', 'his', 'first', 'major', 'fore@@', 'ign', 'visi@@', 't', 'since', 'w@@', 'inn@@', 'ing', 'Ma@@', 'y', '&apos;s', 'elec@@', 'tion', '.']
2026-05-12 00:06:35,840 - DEBUG - joeynmt.training - 	Tokenized hypothesis: ['Indi@@', 'a', '&apos;s', 'm@@', 'ember', 'of', 'the', 'European', 'Pri@@', 'me', 'Minist@@', 'er', 'of', 'the', 'A@@', 'mer@@', 'ic@@', 'a', '&apos;s', 'first', 'important', 're@@', 'siden@@', 'ce', 'for', 'his', 'first', 'time', 'in', 'his', 'year', ',', 'the', 'S@@', 'ec@@', 'on@@', 'd', ',', 'the', 'S@@', 'ed@@', 'on@@', 'ia', ',', 'in', 'T@@', 'ok@@', 'o', ',', 'and', 'the', 'social', 'and', 'security', ',', 'and', 'security', 'policy', '.', '</s>']
2026-05-12 00:06:35,840 - INFO - joeynmt.training - 	Source:     Indiens neuer Premierminister Narendra Modi trifft bei seinem ersten wichtigen Auslandsbesuch seit seinem Wahlsieg im Mai seinen japanischen Amtskollegen Shinzo Abe in Toko , um wirtschaftliche und sicherheitspolitische Beziehungen zu besprechen .
2026-05-12 00:06:35,840 - INFO - joeynmt.training - 	Reference:  India &apos;s new prime minister , Narendra Modi , is meeting his Japanese counterpart , Shinzo Abe , in Tokyo to discuss economic and security ties , on his first major foreign visit since winning May &apos;s election .
2026-05-12 00:06:35,840 - INFO - joeynmt.training - 	Hypothesis: India &apos;s member of the European Prime Minister of the America &apos;s first important residence for his first time in his year , the Second , the Sedonia , in Toko , and the social and security , and security policy .
2026-05-12 00:06:35,840 - INFO - joeynmt.training - Example #2
2026-05-12 00:06:35,840 - DEBUG - joeynmt.training - 	Tokenized source:     ['Herr', 'Mo@@', 'd@@', 'i', 'befindet', 'sich', 'auf', 'einer', 'fü@@', 'n@@', 'f@@', 'tä@@', 'gi@@', 'gen', 'Rei@@', 'se', 'nach', 'J@@', 'ap@@', 'an', ',', 'um', 'die', 'wirtschaf@@', 'tlichen', 'Be@@', 'zieh@@', 'ungen', 'mit', 'der', 'd@@', 'rit@@', 't@@', 'größ@@', 'ten', 'Wirtschafts@@', 'n@@', 'ation', 'der', 'Welt', 'zu', 'fes@@', 'tigen', '.']
2026-05-12 00:06:35,840 - DEBUG - joeynmt.training - 	Tokenized reference:  ['Mr', 'Mo@@', 'd@@', 'i', 'is', 'on', 'a', 'fi@@', 've', '@@@', '-@@', '@', 'day', 'tri@@', 'p', 'to', 'J@@', 'ap@@', 'an', 'to', 'streng@@', 'then', 'economic', 'ties', 'with', 'the', 'third', 'lar@@', 'ges@@', 't', 'econom@@', 'y', 'in', 'the', 'world', '.']
2026-05-12 00:06:35,840 - DEBUG - joeynmt.training - 	Tokenized hypothesis: ['Mr', 'Mo@@', 'd@@', 'i', 'is', 'located', 'on', 'a', 'fi@@', 'f@@', 'th', 'of', 'the', 'world', ',', 'to', 'J@@', 'ap@@', 'an', 'to', 'J@@', 'ap@@', 'an', ',', 'to', 'J@@', 'ap@@', 'an', ',', 'the', 'economic', 'rel@@', 'ations', 'with', 'the', 'third', 'countries', '.', '</s>']
2026-05-12 00:06:35,841 - INFO - joeynmt.training - 	Source:     Herr Modi befindet sich auf einer fünftägigen Reise nach Japan , um die wirtschaftlichen Beziehungen mit der drittgrößten Wirtschaftsnation der Welt zu festigen .
2026-05-12 00:06:35,841 - INFO - joeynmt.training - 	Reference:  Mr Modi is on a five @-@ day trip to Japan to strengthen economic ties with the third largest economy in the world .
2026-05-12 00:06:35,841 - INFO - joeynmt.training - 	Hypothesis: Mr Modi is located on a fifth of the world , to Japan to Japan , to Japan , the economic relations with the third countries .
2026-05-12 00:06:35,841 - INFO - joeynmt.training - Example #3
2026-05-12 00:06:35,841 - DEBUG - joeynmt.training - 	Tokenized source:     ['P@@', 'län@@', 'e', 'für', 'eine', 'stärk@@', 'ere', 'k@@', 'ern@@', 'techn@@', 'ische', 'Zusammenarbeit', 'stehen', 'ganz', 'ob@@', 'en', 'auf', 'der', 'Tag@@', 'es@@', 'ordnung', '.']
2026-05-12 00:06:35,841 - DEBUG - joeynmt.training - 	Tokenized reference:  ['high', 'on', 'the', 'agen@@', 'da', 'are', 'pl@@', 'ans', 'for', 'gre@@', 'ater', 'nu@@', 'clear', 'c@@', 'o', '@@@', '-@@', '@', 'operation', '.']
2026-05-12 00:06:35,841 - DEBUG - joeynmt.training - 	Tokenized hypothesis: ['P@@', 'lan@@', 'e', 'is', 'a', 'more', 'effective', 'techn@@', 'ical', 'cooperation', 'of', 'the', 'agen@@', 'da', '.', '</s>']
2026-05-12 00:06:35,841 - INFO - joeynmt.training - 	Source:     Pläne für eine stärkere kerntechnische Zusammenarbeit stehen ganz oben auf der Tagesordnung .
2026-05-12 00:06:35,841 - INFO - joeynmt.training - 	Reference:  high on the agenda are plans for greater nuclear co @-@ operation .
2026-05-12 00:06:35,841 - INFO - joeynmt.training - 	Hypothesis: Plane is a more effective technical cooperation of the agenda .
2026-05-12 00:06:35,841 - INFO - joeynmt.training - Example #4
2026-05-12 00:06:35,841 - DEBUG - joeynmt.training - 	Tokenized source:     ['Berich@@', 'ten', 'zu@@', 'fol@@', 'ge', 'ho@@', 'fft', 'Indi@@', 'en', 'darüber', 'hinaus', 'auf', 'einen', 'Ver@@', 'trag', 'zur', 'Ver@@', 'tei@@', 'dig@@', 'ungs@@', 'zusammen@@', 'arbeit', 'zwischen', 'den', 'beiden', 'N@@', 'ationen', '.']
2026-05-12 00:06:35,841 - DEBUG - joeynmt.training - 	Tokenized reference:  ['Indi@@', 'a', 'is', 'also', 're@@', 'porte@@', 'dly', 'hop@@', 'ing', 'for', 'a', 'de@@', 'al', 'on', 'def@@', 'ence', 'c@@', 'oll@@', 'ab@@', 'or@@', 'ation', 'between', 'the', 'two', 'n@@', 'ations', '.']
2026-05-12 00:06:35,841 - DEBUG - joeynmt.training - 	Tokenized hypothesis: ['the', 're@@', 'ports', 'on', 'the', 'basis', 'of', 'the', 'A@@', 'gen@@', 'cy', 'on', 'the', 'Tre@@', 'aty', 'on', 'the', 'con@@', 'text', 'of', 'the', 'two', 'N@@', 'ations', '.', '</s>']
2026-05-12 00:06:35,841 - INFO - joeynmt.training - 	Source:     Berichten zufolge hofft Indien darüber hinaus auf einen Vertrag zur Verteidigungszusammenarbeit zwischen den beiden Nationen .
2026-05-12 00:06:35,841 - INFO - joeynmt.training - 	Reference:  India is also reportedly hoping for a deal on defence collaboration between the two nations .
2026-05-12 00:06:35,841 - INFO - joeynmt.training - 	Hypothesis: the reports on the basis of the Agency on the Treaty on the context of the two Nations .
2026-05-12 00:07:04,237 - INFO - joeynmt.training - Epoch   4, Step:    13100, Batch Loss:     2.220917, Batch Acc: 0.430924, Tokens per Sec:     3213, Lr: 0.000300
2026-05-12 00:07:31,782 - INFO - joeynmt.training - Epoch   4, Step:    13200, Batch Loss:     2.099326, Batch Acc: 0.432879, Tokens per Sec:     3333, Lr: 0.000300
2026-05-12 00:07:59,904 - INFO - joeynmt.training - Epoch   4, Step:    13300, Batch Loss:     2.198620, Batch Acc: 0.430403, Tokens per Sec:     3259, Lr: 0.000300
2026-05-12 00:08:27,756 - INFO - joeynmt.training - Epoch   4, Step:    13400, Batch Loss:     2.076408, Batch Acc: 0.433361, Tokens per Sec:     3286, Lr: 0.000300
2026-05-12 00:08:55,031 - INFO - joeynmt.training - Epoch   4, Step:    13500, Batch Loss:     2.377810, Batch Acc: 0.434374, Tokens per Sec:     3383, Lr: 0.000300
2026-05-12 00:08:55,031 - INFO - joeynmt.prediction - Predicting 500 example(s)... (Greedy decoding with min_output_length=1, max_output_length=-1, return_prob='none', generate_unk=True, repetition_penalty=-1, no_repeat_ngram_size=-1)
2026-05-12 00:09:27,694 - INFO - joeynmt.prediction - Evaluation result (greedy) loss:   2.47, ppl:  11.83, acc:   0.36, generation: 32.6541[sec], evaluation: 0.0000[sec]
2026-05-12 00:09:27,697 - INFO - joeynmt.training - Hooray! New best validation result [ppl]!
2026-05-12 00:09:27,889 - INFO - joeynmt.helpers - delete models/deen_transformer_post/11000.ckpt
2026-05-12 00:09:27,892 - INFO - joeynmt.training - Example #0
2026-05-12 00:09:27,892 - DEBUG - joeynmt.training - 	Tokenized source:     ['die', 'Pre@@', 'mi@@', 'er@@', 'minist@@', 'er', 'Indi@@', 'ens', 'und', 'J@@', 'ap@@', 'ans', 'tra@@', 'fen', 'sich', 'in', 'T@@', 'ok@@', 'i@@', 'o', '.']
2026-05-12 00:09:27,892 - DEBUG - joeynmt.training - 	Tokenized reference:  ['Indi@@', 'a', 'and', 'J@@', 'ap@@', 'an', 'pri@@', 'me', 'minist@@', 'ers', 'me@@', 'et', 'in', 'T@@', 'ok@@', 'y@@', 'o']
2026-05-12 00:09:27,892 - DEBUG - joeynmt.training - 	Tokenized hypothesis: ['the', 'pri@@', 'm@@', 'ary', 'minist@@', 'er', 'and', 'J@@', 'ap@@', 'an', 'and', 'J@@', 'ap@@', 'an', 'and', 'J@@', 'ap@@', 'an', '.', '</s>']
2026-05-12 00:09:27,892 - INFO - joeynmt.training - 	Source:     die Premierminister Indiens und Japans trafen sich in Tokio .
2026-05-12 00:09:27,892 - INFO - joeynmt.training - 	Reference:  India and Japan prime ministers meet in Tokyo
2026-05-12 00:09:27,892 - INFO - joeynmt.training - 	Hypothesis: the primary minister and Japan and Japan and Japan .
2026-05-12 00:09:27,892 - INFO - joeynmt.training - Example #1
2026-05-12 00:09:27,892 - DEBUG - joeynmt.training - 	Tokenized source:     ['Indi@@', 'ens', 'neu@@', 'er', 'Pre@@', 'mi@@', 'er@@', 'minist@@', 'er', 'N@@', 'ar@@', 'end@@', 'ra', 'Mo@@', 'd@@', 'i', 'tri@@', 'fft', 'bei', 's@@', 'einem', 'ersten', 'wichti@@', 'gen', 'Aus@@', 'land@@', 's@@', 'bes@@', 'u@@', 'ch', 'seit', 's@@', 'einem', 'W@@', 'ah@@', 'l@@', 'si@@', 'e@@', 'g', 'im', 'Ma@@', 'i', 'seinen', 'j@@', 'ap@@', 'an@@', 'ischen', 'Am@@', 'ts@@', 'k@@', 'olle@@', 'gen', 'S@@', 'hin@@', 'z@@', 'o', 'A@@', 'be', 'in', 'T@@', 'ok@@', 'o', ',', 'um', 'wirtschaf@@', 'tliche', 'und', 'sicher@@', 'heits@@', 'politische', 'Be@@', 'zieh@@', 'ungen', 'zu', 'bes@@', 'pre@@', 'chen', '.']
2026-05-12 00:09:27,893 - DEBUG - joeynmt.training - 	Tokenized reference:  ['Indi@@', 'a', '&apos;s', 'new', 'pri@@', 'me', 'minist@@', 'er', ',', 'N@@', 'ar@@', 'end@@', 'ra', 'Mo@@', 'd@@', 'i', ',', 'is', 'me@@', 'eting', 'his', 'J@@', 'ap@@', 'an@@', 'ese', 'coun@@', 'ter@@', 'part', ',', 'S@@', 'hin@@', 'z@@', 'o', 'A@@', 'be', ',', 'in', 'T@@', 'ok@@', 'y@@', 'o', 'to', 'disc@@', 'uss', 'economic', 'and', 'security', 'ties', ',', 'on', 'his', 'first', 'major', 'fore@@', 'ign', 'visi@@', 't', 'since', 'w@@', 'inn@@', 'ing', 'Ma@@', 'y', '&apos;s', 'elec@@', 'tion', '.']
2026-05-12 00:09:27,893 - DEBUG - joeynmt.training - 	Tokenized hypothesis: ['Indi@@', 'a', '&apos;s', 'new', 'pri@@', 'm@@', 'ary', 'Pri@@', 'Pri@@', 'me', 'Minist@@', 'er', 'N@@', 'ar@@', 'd@@', 'i', 'Mo@@', 'd@@', 'i', ',', 'was', 'a', 'first', 'of', 'all', ',', 'in', 'his', 'first', 'time', 'in', 'the', 'Ma@@', 'y', ',', 'was', 'his', 'his', 'his', 'his', 'his', 'his', 'his', 'his', 'his', 'his', 'year', ',', 'to', 'be', 'in', 'T@@', 'ok@@', 'o', ',', 'and', 'the', 'economic', 'and', 'security', 'of', 'the', 'social', 'social', 'and', 'security', 'of', 'the', 'social', 'social', 'social', 'and', 'security', '.', '</s>']
2026-05-12 00:09:27,893 - INFO - joeynmt.training - 	Source:     Indiens neuer Premierminister Narendra Modi trifft bei seinem ersten wichtigen Auslandsbesuch seit seinem Wahlsieg im Mai seinen japanischen Amtskollegen Shinzo Abe in Toko , um wirtschaftliche und sicherheitspolitische Beziehungen zu besprechen .
2026-05-12 00:09:27,893 - INFO - joeynmt.training - 	Reference:  India &apos;s new prime minister , Narendra Modi , is meeting his Japanese counterpart , Shinzo Abe , in Tokyo to discuss economic and security ties , on his first major foreign visit since winning May &apos;s election .
2026-05-12 00:09:27,893 - INFO - joeynmt.training - 	Hypothesis: India &apos;s new primary PriPrime Minister Nardi Modi , was a first of all , in his first time in the May , was his his his his his his his his his his year , to be in Toko , and the economic and security of the social social and security of the social social social and security .
2026-05-12 00:09:27,893 - INFO - joeynmt.training - Example #2
2026-05-12 00:09:27,893 - DEBUG - joeynmt.training - 	Tokenized source:     ['Herr', 'Mo@@', 'd@@', 'i', 'befindet', 'sich', 'auf', 'einer', 'fü@@', 'n@@', 'f@@', 'tä@@', 'gi@@', 'gen', 'Rei@@', 'se', 'nach', 'J@@', 'ap@@', 'an', ',', 'um', 'die', 'wirtschaf@@', 'tlichen', 'Be@@', 'zieh@@', 'ungen', 'mit', 'der', 'd@@', 'rit@@', 't@@', 'größ@@', 'ten', 'Wirtschafts@@', 'n@@', 'ation', 'der', 'Welt', 'zu', 'fes@@', 'tigen', '.']
2026-05-12 00:09:27,893 - DEBUG - joeynmt.training - 	Tokenized reference:  ['Mr', 'Mo@@', 'd@@', 'i', 'is', 'on', 'a', 'fi@@', 've', '@@@', '-@@', '@', 'day', 'tri@@', 'p', 'to', 'J@@', 'ap@@', 'an', 'to', 'streng@@', 'then', 'economic', 'ties', 'with', 'the', 'third', 'lar@@', 'ges@@', 't', 'econom@@', 'y', 'in', 'the', 'world', '.']
2026-05-12 00:09:27,893 - DEBUG - joeynmt.training - 	Tokenized hypothesis: ['Mr', 'Mo@@', 'd@@', 'i', 'is', 'located', 'on', 'a', 'fi@@', 'f@@', 'te@@', 'en', 'to', 'a', 'fi@@', 'f@@', 'te@@', 'en', 'the', 'economic', 'rel@@', 'ations', 'with', 'the', 'economic', 'rel@@', 'ations', 'with', 'the', 'world', 'of', 'economic', 'rel@@', 'ations', 'with', 'the', 'world', '.', '</s>']
2026-05-12 00:09:27,893 - INFO - joeynmt.training - 	Source:     Herr Modi befindet sich auf einer fünftägigen Reise nach Japan , um die wirtschaftlichen Beziehungen mit der drittgrößten Wirtschaftsnation der Welt zu festigen .
2026-05-12 00:09:27,893 - INFO - joeynmt.training - 	Reference:  Mr Modi is on a five @-@ day trip to Japan to strengthen economic ties with the third largest economy in the world .
2026-05-12 00:09:27,893 - INFO - joeynmt.training - 	Hypothesis: Mr Modi is located on a fifteen to a fifteen the economic relations with the economic relations with the world of economic relations with the world .
2026-05-12 00:09:27,893 - INFO - joeynmt.training - Example #3
2026-05-12 00:09:27,893 - DEBUG - joeynmt.training - 	Tokenized source:     ['P@@', 'län@@', 'e', 'für', 'eine', 'stärk@@', 'ere', 'k@@', 'ern@@', 'techn@@', 'ische', 'Zusammenarbeit', 'stehen', 'ganz', 'ob@@', 'en', 'auf', 'der', 'Tag@@', 'es@@', 'ordnung', '.']
2026-05-12 00:09:27,893 - DEBUG - joeynmt.training - 	Tokenized reference:  ['high', 'on', 'the', 'agen@@', 'da', 'are', 'pl@@', 'ans', 'for', 'gre@@', 'ater', 'nu@@', 'clear', 'c@@', 'o', '@@@', '-@@', '@', 'operation', '.']
2026-05-12 00:09:27,893 - DEBUG - joeynmt.training - 	Tokenized hypothesis: ['P@@', 'en@@', 'e@@', 'ace', 'is', 'very', 'str@@', 'ong', 'techn@@', 'ical', 'cooperation', '.', '</s>']
2026-05-12 00:09:27,894 - INFO - joeynmt.training - 	Source:     Pläne für eine stärkere kerntechnische Zusammenarbeit stehen ganz oben auf der Tagesordnung .
2026-05-12 00:09:27,894 - INFO - joeynmt.training - 	Reference:  high on the agenda are plans for greater nuclear co @-@ operation .
2026-05-12 00:09:27,894 - INFO - joeynmt.training - 	Hypothesis: Peneace is very strong technical cooperation .
2026-05-12 00:09:27,894 - INFO - joeynmt.training - Example #4
2026-05-12 00:09:27,894 - DEBUG - joeynmt.training - 	Tokenized source:     ['Berich@@', 'ten', 'zu@@', 'fol@@', 'ge', 'ho@@', 'fft', 'Indi@@', 'en', 'darüber', 'hinaus', 'auf', 'einen', 'Ver@@', 'trag', 'zur', 'Ver@@', 'tei@@', 'dig@@', 'ungs@@', 'zusammen@@', 'arbeit', 'zwischen', 'den', 'beiden', 'N@@', 'ationen', '.']
2026-05-12 00:09:27,894 - DEBUG - joeynmt.training - 	Tokenized reference:  ['Indi@@', 'a', 'is', 'also', 're@@', 'porte@@', 'dly', 'hop@@', 'ing', 'for', 'a', 'de@@', 'al', 'on', 'def@@', 'ence', 'c@@', 'oll@@', 'ab@@', 'or@@', 'ation', 'between', 'the', 'two', 'n@@', 'ations', '.']
2026-05-12 00:09:27,894 - DEBUG - joeynmt.training - 	Tokenized hypothesis: ['the', 'rec@@', 'ent', 'has', 'also', 'been', 'the', 'case', 'of', 'the', 'A@@', 'mer@@', 'ic@@', 'a', '&apos;s', 'con@@', 'tra@@', 'st', 'between', 'the', 'two', 'N@@', 'ations', '.', '</s>']
2026-05-12 00:09:27,894 - INFO - joeynmt.training - 	Source:     Berichten zufolge hofft Indien darüber hinaus auf einen Vertrag zur Verteidigungszusammenarbeit zwischen den beiden Nationen .
2026-05-12 00:09:27,894 - INFO - joeynmt.training - 	Reference:  India is also reportedly hoping for a deal on defence collaboration between the two nations .
2026-05-12 00:09:27,894 - INFO - joeynmt.training - 	Hypothesis: the recent has also been the case of the America &apos;s contrast between the two Nations .
2026-05-12 00:09:54,912 - INFO - joeynmt.training - Epoch   4, Step:    13600, Batch Loss:     2.130954, Batch Acc: 0.430500, Tokens per Sec:     3366, Lr: 0.000300
2026-05-12 00:10:22,242 - INFO - joeynmt.training - Epoch   4, Step:    13700, Batch Loss:     1.967194, Batch Acc: 0.434025, Tokens per Sec:     3358, Lr: 0.000300
2026-05-12 00:10:49,216 - INFO - joeynmt.training - Epoch   4, Step:    13800, Batch Loss:     2.121756, Batch Acc: 0.434181, Tokens per Sec:     3404, Lr: 0.000300
2026-05-12 00:11:16,724 - INFO - joeynmt.training - Epoch   4, Step:    13900, Batch Loss:     2.151686, Batch Acc: 0.438025, Tokens per Sec:     3254, Lr: 0.000300
2026-05-12 00:11:43,561 - INFO - joeynmt.training - Epoch   4, Step:    14000, Batch Loss:     2.171913, Batch Acc: 0.440088, Tokens per Sec:     3456, Lr: 0.000300
2026-05-12 00:11:43,562 - INFO - joeynmt.prediction - Predicting 500 example(s)... (Greedy decoding with min_output_length=1, max_output_length=-1, return_prob='none', generate_unk=True, repetition_penalty=-1, no_repeat_ngram_size=-1)
2026-05-12 00:12:12,474 - INFO - joeynmt.prediction - Evaluation result (greedy) loss:   2.45, ppl:  11.62, acc:   0.37, generation: 28.9045[sec], evaluation: 0.0000[sec]
2026-05-12 00:12:12,478 - INFO - joeynmt.training - Hooray! New best validation result [ppl]!
2026-05-12 00:12:12,662 - INFO - joeynmt.helpers - delete models/deen_transformer_post/11500.ckpt
2026-05-12 00:12:12,670 - INFO - joeynmt.training - Example #0
2026-05-12 00:12:12,670 - DEBUG - joeynmt.training - 	Tokenized source:     ['die', 'Pre@@', 'mi@@', 'er@@', 'minist@@', 'er', 'Indi@@', 'ens', 'und', 'J@@', 'ap@@', 'ans', 'tra@@', 'fen', 'sich', 'in', 'T@@', 'ok@@', 'i@@', 'o', '.']
2026-05-12 00:12:12,670 - DEBUG - joeynmt.training - 	Tokenized reference:  ['Indi@@', 'a', 'and', 'J@@', 'ap@@', 'an', 'pri@@', 'me', 'minist@@', 'ers', 'me@@', 'et', 'in', 'T@@', 'ok@@', 'y@@', 'o']
2026-05-12 00:12:12,670 - DEBUG - joeynmt.training - 	Tokenized hypothesis: ['the', 'pri@@', 'm@@', 'ari@@', 'ly', 'Indi@@', 'a', 'and', 'J@@', 'ap@@', 'ans', 'in', 'T@@', 'ok@@', 'i@@', 'o', '.', '</s>']
2026-05-12 00:12:12,670 - INFO - joeynmt.training - 	Source:     die Premierminister Indiens und Japans trafen sich in Tokio .
2026-05-12 00:12:12,670 - INFO - joeynmt.training - 	Reference:  India and Japan prime ministers meet in Tokyo
2026-05-12 00:12:12,670 - INFO - joeynmt.training - 	Hypothesis: the primarily India and Japans in Tokio .
2026-05-12 00:12:12,670 - INFO - joeynmt.training - Example #1
2026-05-12 00:12:12,671 - DEBUG - joeynmt.training - 	Tokenized source:     ['Indi@@', 'ens', 'neu@@', 'er', 'Pre@@', 'mi@@', 'er@@', 'minist@@', 'er', 'N@@', 'ar@@', 'end@@', 'ra', 'Mo@@', 'd@@', 'i', 'tri@@', 'fft', 'bei', 's@@', 'einem', 'ersten', 'wichti@@', 'gen', 'Aus@@', 'land@@', 's@@', 'bes@@', 'u@@', 'ch', 'seit', 's@@', 'einem', 'W@@', 'ah@@', 'l@@', 'si@@', 'e@@', 'g', 'im', 'Ma@@', 'i', 'seinen', 'j@@', 'ap@@', 'an@@', 'ischen', 'Am@@', 'ts@@', 'k@@', 'olle@@', 'gen', 'S@@', 'hin@@', 'z@@', 'o', 'A@@', 'be', 'in', 'T@@', 'ok@@', 'o', ',', 'um', 'wirtschaf@@', 'tliche', 'und', 'sicher@@', 'heits@@', 'politische', 'Be@@', 'zieh@@', 'ungen', 'zu', 'bes@@', 'pre@@', 'chen', '.']
2026-05-12 00:12:12,671 - DEBUG - joeynmt.training - 	Tokenized reference:  ['Indi@@', 'a', '&apos;s', 'new', 'pri@@', 'me', 'minist@@', 'er', ',', 'N@@', 'ar@@', 'end@@', 'ra', 'Mo@@', 'd@@', 'i', ',', 'is', 'me@@', 'eting', 'his', 'J@@', 'ap@@', 'an@@', 'ese', 'coun@@', 'ter@@', 'part', ',', 'S@@', 'hin@@', 'z@@', 'o', 'A@@', 'be', ',', 'in', 'T@@', 'ok@@', 'y@@', 'o', 'to', 'disc@@', 'uss', 'economic', 'and', 'security', 'ties', ',', 'on', 'his', 'first', 'major', 'fore@@', 'ign', 'visi@@', 't', 'since', 'w@@', 'inn@@', 'ing', 'Ma@@', 'y', '&apos;s', 'elec@@', 'tion', '.']
2026-05-12 00:12:12,671 - DEBUG - joeynmt.training - 	Tokenized hypothesis: ['Indi@@', 'a', '&apos;s', 'new', 'pri@@', 'm@@', 'ari@@', 'ly', 'N@@', 'ar@@', 'j@@', 'an', 'F@@', 'e@@', 'der@@', 'al', 'A@@', 'gen@@', 'cy', 'Mo@@', 'd@@', 'i', 'has', 'been', 'a', 'first', 'important', 'ex@@', 'per@@', 'ts', 'for', 'his', 'elec@@', 'tion', 'in', 'the', 'Ma@@', 'y', 'of', 'his', 'year', ',', 'S@@', 'hin@@', 'e@@', 'z@@', 'o', 'A@@', 'ra@@', 'b', ',', 'and', 'the', 'social', 'partn@@', 'ers', '.', '</s>']
2026-05-12 00:12:12,671 - INFO - joeynmt.training - 	Source:     Indiens neuer Premierminister Narendra Modi trifft bei seinem ersten wichtigen Auslandsbesuch seit seinem Wahlsieg im Mai seinen japanischen Amtskollegen Shinzo Abe in Toko , um wirtschaftliche und sicherheitspolitische Beziehungen zu besprechen .
2026-05-12 00:12:12,671 - INFO - joeynmt.training - 	Reference:  India &apos;s new prime minister , Narendra Modi , is meeting his Japanese counterpart , Shinzo Abe , in Tokyo to discuss economic and security ties , on his first major foreign visit since winning May &apos;s election .
2026-05-12 00:12:12,671 - INFO - joeynmt.training - 	Hypothesis: India &apos;s new primarily Narjan Federal Agency Modi has been a first important experts for his election in the May of his year , Shinezo Arab , and the social partners .
2026-05-12 00:12:12,671 - INFO - joeynmt.training - Example #2
2026-05-12 00:12:12,671 - DEBUG - joeynmt.training - 	Tokenized source:     ['Herr', 'Mo@@', 'd@@', 'i', 'befindet', 'sich', 'auf', 'einer', 'fü@@', 'n@@', 'f@@', 'tä@@', 'gi@@', 'gen', 'Rei@@', 'se', 'nach', 'J@@', 'ap@@', 'an', ',', 'um', 'die', 'wirtschaf@@', 'tlichen', 'Be@@', 'zieh@@', 'ungen', 'mit', 'der', 'd@@', 'rit@@', 't@@', 'größ@@', 'ten', 'Wirtschafts@@', 'n@@', 'ation', 'der', 'Welt', 'zu', 'fes@@', 'tigen', '.']
2026-05-12 00:12:12,671 - DEBUG - joeynmt.training - 	Tokenized reference:  ['Mr', 'Mo@@', 'd@@', 'i', 'is', 'on', 'a', 'fi@@', 've', '@@@', '-@@', '@', 'day', 'tri@@', 'p', 'to', 'J@@', 'ap@@', 'an', 'to', 'streng@@', 'then', 'economic', 'ties', 'with', 'the', 'third', 'lar@@', 'ges@@', 't', 'econom@@', 'y', 'in', 'the', 'world', '.']
2026-05-12 00:12:12,671 - DEBUG - joeynmt.training - 	Tokenized hypothesis: ['Mr', 'Mo@@', 'd@@', 'i', 'is', 'located', 'on', 'a', 'fi@@', 'f@@', 'ting', 'of', 'J@@', 'ap@@', 'an', ',', 'to', 'J@@', 'ap@@', 'an', ',', 'to', 'J@@', 'ap@@', 'an', ',', 'the', 'economic', 'rel@@', 'ations', 'with', 'the', 'third', 'world', '.', '</s>']
2026-05-12 00:12:12,671 - INFO - joeynmt.training - 	Source:     Herr Modi befindet sich auf einer fünftägigen Reise nach Japan , um die wirtschaftlichen Beziehungen mit der drittgrößten Wirtschaftsnation der Welt zu festigen .
2026-05-12 00:12:12,671 - INFO - joeynmt.training - 	Reference:  Mr Modi is on a five @-@ day trip to Japan to strengthen economic ties with the third largest economy in the world .
2026-05-12 00:12:12,671 - INFO - joeynmt.training - 	Hypothesis: Mr Modi is located on a fifting of Japan , to Japan , to Japan , the economic relations with the third world .
2026-05-12 00:12:12,671 - INFO - joeynmt.training - Example #3
2026-05-12 00:12:12,671 - DEBUG - joeynmt.training - 	Tokenized source:     ['P@@', 'län@@', 'e', 'für', 'eine', 'stärk@@', 'ere', 'k@@', 'ern@@', 'techn@@', 'ische', 'Zusammenarbeit', 'stehen', 'ganz', 'ob@@', 'en', 'auf', 'der', 'Tag@@', 'es@@', 'ordnung', '.']
2026-05-12 00:12:12,671 - DEBUG - joeynmt.training - 	Tokenized reference:  ['high', 'on', 'the', 'agen@@', 'da', 'are', 'pl@@', 'ans', 'for', 'gre@@', 'ater', 'nu@@', 'clear', 'c@@', 'o', '@@@', '-@@', '@', 'operation', '.']
2026-05-12 00:12:12,671 - DEBUG - joeynmt.training - 	Tokenized hypothesis: ['P@@', 'ubli@@', 'c', 'cooperation', 'is', 'a', 'more', 'seri@@', 'ous', 'cooperation', 'on', 'the', 'agen@@', 'da', '.', '</s>']
2026-05-12 00:12:12,672 - INFO - joeynmt.training - 	Source:     Pläne für eine stärkere kerntechnische Zusammenarbeit stehen ganz oben auf der Tagesordnung .
2026-05-12 00:12:12,672 - INFO - joeynmt.training - 	Reference:  high on the agenda are plans for greater nuclear co @-@ operation .
2026-05-12 00:12:12,672 - INFO - joeynmt.training - 	Hypothesis: Public cooperation is a more serious cooperation on the agenda .
2026-05-12 00:12:12,672 - INFO - joeynmt.training - Example #4
2026-05-12 00:12:12,672 - DEBUG - joeynmt.training - 	Tokenized source:     ['Berich@@', 'ten', 'zu@@', 'fol@@', 'ge', 'ho@@', 'fft', 'Indi@@', 'en', 'darüber', 'hinaus', 'auf', 'einen', 'Ver@@', 'trag', 'zur', 'Ver@@', 'tei@@', 'dig@@', 'ungs@@', 'zusammen@@', 'arbeit', 'zwischen', 'den', 'beiden', 'N@@', 'ationen', '.']
2026-05-12 00:12:12,672 - DEBUG - joeynmt.training - 	Tokenized reference:  ['Indi@@', 'a', 'is', 'also', 're@@', 'porte@@', 'dly', 'hop@@', 'ing', 'for', 'a', 'de@@', 'al', 'on', 'def@@', 'ence', 'c@@', 'oll@@', 'ab@@', 'or@@', 'ation', 'between', 'the', 'two', 'n@@', 'ations', '.']
2026-05-12 00:12:12,672 - DEBUG - joeynmt.training - 	Tokenized hypothesis: ['the', 're@@', 'ports', 'of', 'the', 're@@', 'ports', 'to', 'the', 'con@@', 'text', 'between', 'the', 'two', 'N@@', 'ations', '.', '</s>']
2026-05-12 00:12:12,672 - INFO - joeynmt.training - 	Source:     Berichten zufolge hofft Indien darüber hinaus auf einen Vertrag zur Verteidigungszusammenarbeit zwischen den beiden Nationen .
2026-05-12 00:12:12,672 - INFO - joeynmt.training - 	Reference:  India is also reportedly hoping for a deal on defence collaboration between the two nations .
2026-05-12 00:12:12,672 - INFO - joeynmt.training - 	Hypothesis: the reports of the reports to the context between the two Nations .
2026-05-12 00:12:42,245 - INFO - joeynmt.training - Epoch   4, Step:    14100, Batch Loss:     2.064053, Batch Acc: 0.439030, Tokens per Sec:     3174, Lr: 0.000300
2026-05-12 00:13:10,074 - INFO - joeynmt.training - Epoch   4, Step:    14200, Batch Loss:     1.970102, Batch Acc: 0.443737, Tokens per Sec:     3286, Lr: 0.000300
2026-05-12 00:13:38,122 - INFO - joeynmt.training - Epoch   4, Step:    14300, Batch Loss:     2.084127, Batch Acc: 0.438147, Tokens per Sec:     3291, Lr: 0.000300
2026-05-12 00:14:06,577 - INFO - joeynmt.training - Epoch   4, Step:    14400, Batch Loss:     2.141110, Batch Acc: 0.435992, Tokens per Sec:     3266, Lr: 0.000300
2026-05-12 00:14:35,332 - INFO - joeynmt.training - Epoch   4, Step:    14500, Batch Loss:     2.205270, Batch Acc: 0.442529, Tokens per Sec:     3116, Lr: 0.000300
2026-05-12 00:14:35,334 - INFO - joeynmt.prediction - Predicting 500 example(s)... (Greedy decoding with min_output_length=1, max_output_length=-1, return_prob='none', generate_unk=True, repetition_penalty=-1, no_repeat_ngram_size=-1)
2026-05-12 00:15:06,658 - INFO - joeynmt.prediction - Evaluation result (greedy) loss:   2.43, ppl:  11.34, acc:   0.38, generation: 31.3141[sec], evaluation: 0.0000[sec]
2026-05-12 00:15:06,659 - INFO - joeynmt.training - Hooray! New best validation result [ppl]!
2026-05-12 00:15:06,836 - INFO - joeynmt.helpers - delete models/deen_transformer_post/12000.ckpt
2026-05-12 00:15:06,845 - INFO - joeynmt.training - Example #0
2026-05-12 00:15:06,845 - DEBUG - joeynmt.training - 	Tokenized source:     ['die', 'Pre@@', 'mi@@', 'er@@', 'minist@@', 'er', 'Indi@@', 'ens', 'und', 'J@@', 'ap@@', 'ans', 'tra@@', 'fen', 'sich', 'in', 'T@@', 'ok@@', 'i@@', 'o', '.']
2026-05-12 00:15:06,845 - DEBUG - joeynmt.training - 	Tokenized reference:  ['Indi@@', 'a', 'and', 'J@@', 'ap@@', 'an', 'pri@@', 'me', 'minist@@', 'ers', 'me@@', 'et', 'in', 'T@@', 'ok@@', 'y@@', 'o']
2026-05-12 00:15:06,845 - DEBUG - joeynmt.training - 	Tokenized hypothesis: ['the', 'pri@@', 'm@@', 'ari@@', 'ly', ',', 'the', 'Pri@@', 'me', 'Minist@@', 'er', 'and', 'J@@', 'ap@@', 'ans', '.', '</s>']
2026-05-12 00:15:06,845 - INFO - joeynmt.training - 	Source:     die Premierminister Indiens und Japans trafen sich in Tokio .
2026-05-12 00:15:06,845 - INFO - joeynmt.training - 	Reference:  India and Japan prime ministers meet in Tokyo
2026-05-12 00:15:06,845 - INFO - joeynmt.training - 	Hypothesis: the primarily , the Prime Minister and Japans .
2026-05-12 00:15:06,845 - INFO - joeynmt.training - Example #1
2026-05-12 00:15:06,845 - DEBUG - joeynmt.training - 	Tokenized source:     ['Indi@@', 'ens', 'neu@@', 'er', 'Pre@@', 'mi@@', 'er@@', 'minist@@', 'er', 'N@@', 'ar@@', 'end@@', 'ra', 'Mo@@', 'd@@', 'i', 'tri@@', 'fft', 'bei', 's@@', 'einem', 'ersten', 'wichti@@', 'gen', 'Aus@@', 'land@@', 's@@', 'bes@@', 'u@@', 'ch', 'seit', 's@@', 'einem', 'W@@', 'ah@@', 'l@@', 'si@@', 'e@@', 'g', 'im', 'Ma@@', 'i', 'seinen', 'j@@', 'ap@@', 'an@@', 'ischen', 'Am@@', 'ts@@', 'k@@', 'olle@@', 'gen', 'S@@', 'hin@@', 'z@@', 'o', 'A@@', 'be', 'in', 'T@@', 'ok@@', 'o', ',', 'um', 'wirtschaf@@', 'tliche', 'und', 'sicher@@', 'heits@@', 'politische', 'Be@@', 'zieh@@', 'ungen', 'zu', 'bes@@', 'pre@@', 'chen', '.']
2026-05-12 00:15:06,846 - DEBUG - joeynmt.training - 	Tokenized reference:  ['Indi@@', 'a', '&apos;s', 'new', 'pri@@', 'me', 'minist@@', 'er', ',', 'N@@', 'ar@@', 'end@@', 'ra', 'Mo@@', 'd@@', 'i', ',', 'is', 'me@@', 'eting', 'his', 'J@@', 'ap@@', 'an@@', 'ese', 'coun@@', 'ter@@', 'part', ',', 'S@@', 'hin@@', 'z@@', 'o', 'A@@', 'be', ',', 'in', 'T@@', 'ok@@', 'y@@', 'o', 'to', 'disc@@', 'uss', 'economic', 'and', 'security', 'ties', ',', 'on', 'his', 'first', 'major', 'fore@@', 'ign', 'visi@@', 't', 'since', 'w@@', 'inn@@', 'ing', 'Ma@@', 'y', '&apos;s', 'elec@@', 'tion', '.']
2026-05-12 00:15:06,846 - DEBUG - joeynmt.training - 	Tokenized hypothesis: ['Indi@@', 'a', '&apos;s', 'new', 'pri@@', 'm@@', 'ari@@', 'ly', ',', 'N@@', 'ar@@', 'j@@', 'our@@', 'ne@@', 'y', ',', 'the', 'first', 'read@@', 'ing', 'of', 'his', 'first', 'read@@', 'ing', ',', 'in', 'the', 'Ma@@', 'y', ',', 'was', 'a', 'sign@@', 'ific@@', 'ant', 'ex@@', 'clu@@', 'sive', ',', 'in', 'the', 'Ma@@', 'y', 'A@@', 'c@@', 'an@@', 'o', 'A@@', 'pp@@', 'o', 'A@@', 'pp@@', 'o', 'A@@', 'pp@@', 'o', ',', 'economic', 'and', 'security', '.', '</s>']
2026-05-12 00:15:06,846 - INFO - joeynmt.training - 	Source:     Indiens neuer Premierminister Narendra Modi trifft bei seinem ersten wichtigen Auslandsbesuch seit seinem Wahlsieg im Mai seinen japanischen Amtskollegen Shinzo Abe in Toko , um wirtschaftliche und sicherheitspolitische Beziehungen zu besprechen .
2026-05-12 00:15:06,846 - INFO - joeynmt.training - 	Reference:  India &apos;s new prime minister , Narendra Modi , is meeting his Japanese counterpart , Shinzo Abe , in Tokyo to discuss economic and security ties , on his first major foreign visit since winning May &apos;s election .
2026-05-12 00:15:06,846 - INFO - joeynmt.training - 	Hypothesis: India &apos;s new primarily , Narjourney , the first reading of his first reading , in the May , was a significant exclusive , in the May Acano Appo Appo Appo , economic and security .
2026-05-12 00:15:06,846 - INFO - joeynmt.training - Example #2
2026-05-12 00:15:06,846 - DEBUG - joeynmt.training - 	Tokenized source:     ['Herr', 'Mo@@', 'd@@', 'i', 'befindet', 'sich', 'auf', 'einer', 'fü@@', 'n@@', 'f@@', 'tä@@', 'gi@@', 'gen', 'Rei@@', 'se', 'nach', 'J@@', 'ap@@', 'an', ',', 'um', 'die', 'wirtschaf@@', 'tlichen', 'Be@@', 'zieh@@', 'ungen', 'mit', 'der', 'd@@', 'rit@@', 't@@', 'größ@@', 'ten', 'Wirtschafts@@', 'n@@', 'ation', 'der', 'Welt', 'zu', 'fes@@', 'tigen', '.']
2026-05-12 00:15:06,846 - DEBUG - joeynmt.training - 	Tokenized reference:  ['Mr', 'Mo@@', 'd@@', 'i', 'is', 'on', 'a', 'fi@@', 've', '@@@', '-@@', '@', 'day', 'tri@@', 'p', 'to', 'J@@', 'ap@@', 'an', 'to', 'streng@@', 'then', 'economic', 'ties', 'with', 'the', 'third', 'lar@@', 'ges@@', 't', 'econom@@', 'y', 'in', 'the', 'world', '.']
2026-05-12 00:15:06,846 - DEBUG - joeynmt.training - 	Tokenized hypothesis: ['Mr', 'Mo@@', 'd@@', 'i', 'is', 'a', 'f@@', 'air', 'tra@@', 'ff@@', 'ic', 'for', 'J@@', 'ap@@', 'an', ',', 'to', 'J@@', 'ap@@', 'an', ',', 'to', 'the', 'economic', 'rel@@', 'ations', 'with', 'the', 'world', '&apos;s', 'd@@', 'ut@@', 'y', 'of', 'the', 'world', '.', '</s>']
2026-05-12 00:15:06,846 - INFO - joeynmt.training - 	Source:     Herr Modi befindet sich auf einer fünftägigen Reise nach Japan , um die wirtschaftlichen Beziehungen mit der drittgrößten Wirtschaftsnation der Welt zu festigen .
2026-05-12 00:15:06,846 - INFO - joeynmt.training - 	Reference:  Mr Modi is on a five @-@ day trip to Japan to strengthen economic ties with the third largest economy in the world .
2026-05-12 00:15:06,846 - INFO - joeynmt.training - 	Hypothesis: Mr Modi is a fair traffic for Japan , to Japan , to the economic relations with the world &apos;s duty of the world .
2026-05-12 00:15:06,846 - INFO - joeynmt.training - Example #3
2026-05-12 00:15:06,846 - DEBUG - joeynmt.training - 	Tokenized source:     ['P@@', 'län@@', 'e', 'für', 'eine', 'stärk@@', 'ere', 'k@@', 'ern@@', 'techn@@', 'ische', 'Zusammenarbeit', 'stehen', 'ganz', 'ob@@', 'en', 'auf', 'der', 'Tag@@', 'es@@', 'ordnung', '.']
2026-05-12 00:15:06,846 - DEBUG - joeynmt.training - 	Tokenized reference:  ['high', 'on', 'the', 'agen@@', 'da', 'are', 'pl@@', 'ans', 'for', 'gre@@', 'ater', 'nu@@', 'clear', 'c@@', 'o', '@@@', '-@@', '@', 'operation', '.']
2026-05-12 00:15:06,846 - DEBUG - joeynmt.training - 	Tokenized hypothesis: ['P@@', 'ubli@@', 'c', 'cooperation', 'is', 'a', 'gre@@', 'ater', 'techn@@', 'ical', 'cooperation', '.', '</s>']
2026-05-12 00:15:06,847 - INFO - joeynmt.training - 	Source:     Pläne für eine stärkere kerntechnische Zusammenarbeit stehen ganz oben auf der Tagesordnung .
2026-05-12 00:15:06,847 - INFO - joeynmt.training - 	Reference:  high on the agenda are plans for greater nuclear co @-@ operation .
2026-05-12 00:15:06,847 - INFO - joeynmt.training - 	Hypothesis: Public cooperation is a greater technical cooperation .
2026-05-12 00:15:06,847 - INFO - joeynmt.training - Example #4
2026-05-12 00:15:06,847 - DEBUG - joeynmt.training - 	Tokenized source:     ['Berich@@', 'ten', 'zu@@', 'fol@@', 'ge', 'ho@@', 'fft', 'Indi@@', 'en', 'darüber', 'hinaus', 'auf', 'einen', 'Ver@@', 'trag', 'zur', 'Ver@@', 'tei@@', 'dig@@', 'ungs@@', 'zusammen@@', 'arbeit', 'zwischen', 'den', 'beiden', 'N@@', 'ationen', '.']
2026-05-12 00:15:06,847 - DEBUG - joeynmt.training - 	Tokenized reference:  ['Indi@@', 'a', 'is', 'also', 're@@', 'porte@@', 'dly', 'hop@@', 'ing', 'for', 'a', 'de@@', 'al', 'on', 'def@@', 'ence', 'c@@', 'oll@@', 'ab@@', 'or@@', 'ation', 'between', 'the', 'two', 'n@@', 'ations', '.']
2026-05-12 00:15:06,847 - DEBUG - joeynmt.training - 	Tokenized hypothesis: ['the', 're@@', 'ports', 'of', 'the', 're@@', 'ports', 'on', 'the', 'subject', 'of', 'the', 'two', 'N@@', 'ations', '.', '</s>']
2026-05-12 00:15:06,847 - INFO - joeynmt.training - 	Source:     Berichten zufolge hofft Indien darüber hinaus auf einen Vertrag zur Verteidigungszusammenarbeit zwischen den beiden Nationen .
2026-05-12 00:15:06,847 - INFO - joeynmt.training - 	Reference:  India is also reportedly hoping for a deal on defence collaboration between the two nations .
2026-05-12 00:15:06,847 - INFO - joeynmt.training - 	Hypothesis: the reports of the reports on the subject of the two Nations .
2026-05-12 00:15:35,988 - INFO - joeynmt.training - Epoch   4, Step:    14600, Batch Loss:     2.193769, Batch Acc: 0.445125, Tokens per Sec:     3108, Lr: 0.000300
2026-05-12 00:16:04,013 - INFO - joeynmt.training - Epoch   4, Step:    14700, Batch Loss:     2.096598, Batch Acc: 0.441636, Tokens per Sec:     3258, Lr: 0.000300
2026-05-12 00:16:32,233 - INFO - joeynmt.training - Epoch   4, Step:    14800, Batch Loss:     1.838597, Batch Acc: 0.440816, Tokens per Sec:     3258, Lr: 0.000300
2026-05-12 00:17:00,175 - INFO - joeynmt.training - Epoch   4, Step:    14900, Batch Loss:     1.915614, Batch Acc: 0.437112, Tokens per Sec:     3279, Lr: 0.000300
2026-05-12 00:17:28,356 - INFO - joeynmt.training - Epoch   4, Step:    15000, Batch Loss:     1.849393, Batch Acc: 0.446656, Tokens per Sec:     3198, Lr: 0.000300
2026-05-12 00:17:28,357 - INFO - joeynmt.prediction - Predicting 500 example(s)... (Greedy decoding with min_output_length=1, max_output_length=-1, return_prob='none', generate_unk=True, repetition_penalty=-1, no_repeat_ngram_size=-1)
2026-05-12 00:18:11,275 - INFO - joeynmt.prediction - Evaluation result (greedy) loss:   2.41, ppl:  11.09, acc:   0.39, generation: 42.9097[sec], evaluation: 0.0000[sec]
2026-05-12 00:18:11,278 - INFO - joeynmt.training - Hooray! New best validation result [ppl]!
2026-05-12 00:18:11,425 - INFO - joeynmt.helpers - delete models/deen_transformer_post/12500.ckpt
2026-05-12 00:18:11,437 - INFO - joeynmt.training - Example #0
2026-05-12 00:18:11,437 - DEBUG - joeynmt.training - 	Tokenized source:     ['die', 'Pre@@', 'mi@@', 'er@@', 'minist@@', 'er', 'Indi@@', 'ens', 'und', 'J@@', 'ap@@', 'ans', 'tra@@', 'fen', 'sich', 'in', 'T@@', 'ok@@', 'i@@', 'o', '.']
2026-05-12 00:18:11,437 - DEBUG - joeynmt.training - 	Tokenized reference:  ['Indi@@', 'a', 'and', 'J@@', 'ap@@', 'an', 'pri@@', 'me', 'minist@@', 'ers', 'me@@', 'et', 'in', 'T@@', 'ok@@', 'y@@', 'o']
2026-05-12 00:18:11,437 - DEBUG - joeynmt.training - 	Tokenized hypothesis: ['the', 'pri@@', 'm@@', 'ary', 'minist@@', 'er', 'and', 'J@@', 'ap@@', 'ans', 'in', 'T@@', 'ok@@', 'i@@', 'o', '.', '</s>']
2026-05-12 00:18:11,437 - INFO - joeynmt.training - 	Source:     die Premierminister Indiens und Japans trafen sich in Tokio .
2026-05-12 00:18:11,438 - INFO - joeynmt.training - 	Reference:  India and Japan prime ministers meet in Tokyo
2026-05-12 00:18:11,438 - INFO - joeynmt.training - 	Hypothesis: the primary minister and Japans in Tokio .
2026-05-12 00:18:11,438 - INFO - joeynmt.training - Example #1
2026-05-12 00:18:11,438 - DEBUG - joeynmt.training - 	Tokenized source:     ['Indi@@', 'ens', 'neu@@', 'er', 'Pre@@', 'mi@@', 'er@@', 'minist@@', 'er', 'N@@', 'ar@@', 'end@@', 'ra', 'Mo@@', 'd@@', 'i', 'tri@@', 'fft', 'bei', 's@@', 'einem', 'ersten', 'wichti@@', 'gen', 'Aus@@', 'land@@', 's@@', 'bes@@', 'u@@', 'ch', 'seit', 's@@', 'einem', 'W@@', 'ah@@', 'l@@', 'si@@', 'e@@', 'g', 'im', 'Ma@@', 'i', 'seinen', 'j@@', 'ap@@', 'an@@', 'ischen', 'Am@@', 'ts@@', 'k@@', 'olle@@', 'gen', 'S@@', 'hin@@', 'z@@', 'o', 'A@@', 'be', 'in', 'T@@', 'ok@@', 'o', ',', 'um', 'wirtschaf@@', 'tliche', 'und', 'sicher@@', 'heits@@', 'politische', 'Be@@', 'zieh@@', 'ungen', 'zu', 'bes@@', 'pre@@', 'chen', '.']
2026-05-12 00:18:11,438 - DEBUG - joeynmt.training - 	Tokenized reference:  ['Indi@@', 'a', '&apos;s', 'new', 'pri@@', 'me', 'minist@@', 'er', ',', 'N@@', 'ar@@', 'end@@', 'ra', 'Mo@@', 'd@@', 'i', ',', 'is', 'me@@', 'eting', 'his', 'J@@', 'ap@@', 'an@@', 'ese', 'coun@@', 'ter@@', 'part', ',', 'S@@', 'hin@@', 'z@@', 'o', 'A@@', 'be', ',', 'in', 'T@@', 'ok@@', 'y@@', 'o', 'to', 'disc@@', 'uss', 'economic', 'and', 'security', 'ties', ',', 'on', 'his', 'first', 'major', 'fore@@', 'ign', 'visi@@', 't', 'since', 'w@@', 'inn@@', 'ing', 'Ma@@', 'y', '&apos;s', 'elec@@', 'tion', '.']
2026-05-12 00:18:11,438 - DEBUG - joeynmt.training - 	Tokenized hypothesis: ['Indi@@', 'a', '&apos;s', 'Pri@@', 'me', 'Minist@@', 'er', 'N@@', 'ar@@', 'end@@', 'ra', 'Mo@@', 'd@@', 'i', ',', 'in', 'his', 'first', 'first', 'of', 'all', ',', 'has', 'been', 'a', 'major', 'sign@@', 'ific@@', 'ant', 'ex@@', 'change', 'in', 'Ma@@', 'y', ',', 'since', 'the', 'S@@', 'hin@@', 'z@@', 'z@@', 'o', 'A@@', 'be', 'A@@', 'mer@@', 'ic@@', 'a', ',', 'and', 'the', 'political', 'rel@@', 'ation@@', 'ship', '.', '</s>']
2026-05-12 00:18:11,438 - INFO - joeynmt.training - 	Source:     Indiens neuer Premierminister Narendra Modi trifft bei seinem ersten wichtigen Auslandsbesuch seit seinem Wahlsieg im Mai seinen japanischen Amtskollegen Shinzo Abe in Toko , um wirtschaftliche und sicherheitspolitische Beziehungen zu besprechen .
2026-05-12 00:18:11,438 - INFO - joeynmt.training - 	Reference:  India &apos;s new prime minister , Narendra Modi , is meeting his Japanese counterpart , Shinzo Abe , in Tokyo to discuss economic and security ties , on his first major foreign visit since winning May &apos;s election .
2026-05-12 00:18:11,438 - INFO - joeynmt.training - 	Hypothesis: India &apos;s Prime Minister Narendra Modi , in his first first of all , has been a major significant exchange in May , since the Shinzzo Abe America , and the political relationship .
2026-05-12 00:18:11,438 - INFO - joeynmt.training - Example #2
2026-05-12 00:18:11,438 - DEBUG - joeynmt.training - 	Tokenized source:     ['Herr', 'Mo@@', 'd@@', 'i', 'befindet', 'sich', 'auf', 'einer', 'fü@@', 'n@@', 'f@@', 'tä@@', 'gi@@', 'gen', 'Rei@@', 'se', 'nach', 'J@@', 'ap@@', 'an', ',', 'um', 'die', 'wirtschaf@@', 'tlichen', 'Be@@', 'zieh@@', 'ungen', 'mit', 'der', 'd@@', 'rit@@', 't@@', 'größ@@', 'ten', 'Wirtschafts@@', 'n@@', 'ation', 'der', 'Welt', 'zu', 'fes@@', 'tigen', '.']
2026-05-12 00:18:11,438 - DEBUG - joeynmt.training - 	Tokenized reference:  ['Mr', 'Mo@@', 'd@@', 'i', 'is', 'on', 'a', 'fi@@', 've', '@@@', '-@@', '@', 'day', 'tri@@', 'p', 'to', 'J@@', 'ap@@', 'an', 'to', 'streng@@', 'then', 'economic', 'ties', 'with', 'the', 'third', 'lar@@', 'ges@@', 't', 'econom@@', 'y', 'in', 'the', 'world', '.']
2026-05-12 00:18:11,438 - DEBUG - joeynmt.training - 	Tokenized hypothesis: ['Mr', 'Mo@@', 'd@@', 'i', 'is', 'a', 'f@@', 'air', 'tra@@', 'ff@@', 'ic', 'and', 'p@@', 'ap@@', 'er', 'to', 'J@@', 'ap@@', 'an', 'to', 'J@@', 'ap@@', 'an', ',', 'to', 'be', 'a', 'major', 'economic', 'rel@@', 'ations', 'with', 'the', 'world', '.', '</s>']
2026-05-12 00:18:11,438 - INFO - joeynmt.training - 	Source:     Herr Modi befindet sich auf einer fünftägigen Reise nach Japan , um die wirtschaftlichen Beziehungen mit der drittgrößten Wirtschaftsnation der Welt zu festigen .
2026-05-12 00:18:11,438 - INFO - joeynmt.training - 	Reference:  Mr Modi is on a five @-@ day trip to Japan to strengthen economic ties with the third largest economy in the world .
2026-05-12 00:18:11,438 - INFO - joeynmt.training - 	Hypothesis: Mr Modi is a fair traffic and paper to Japan to Japan , to be a major economic relations with the world .
2026-05-12 00:18:11,439 - INFO - joeynmt.training - Example #3
2026-05-12 00:18:11,439 - DEBUG - joeynmt.training - 	Tokenized source:     ['P@@', 'län@@', 'e', 'für', 'eine', 'stärk@@', 'ere', 'k@@', 'ern@@', 'techn@@', 'ische', 'Zusammenarbeit', 'stehen', 'ganz', 'ob@@', 'en', 'auf', 'der', 'Tag@@', 'es@@', 'ordnung', '.']
2026-05-12 00:18:11,439 - DEBUG - joeynmt.training - 	Tokenized reference:  ['high', 'on', 'the', 'agen@@', 'da', 'are', 'pl@@', 'ans', 'for', 'gre@@', 'ater', 'nu@@', 'clear', 'c@@', 'o', '@@@', '-@@', '@', 'operation', '.']
2026-05-12 00:18:11,439 - DEBUG - joeynmt.training - 	Tokenized hypothesis: ['P@@', 'develop@@', 's', 'are', 'a', 'gre@@', 'ater', 'co@@', 'he@@', 'sion', 'of', 'techn@@', 'ical', 'cooperation', '.', '</s>']
2026-05-12 00:18:11,439 - INFO - joeynmt.training - 	Source:     Pläne für eine stärkere kerntechnische Zusammenarbeit stehen ganz oben auf der Tagesordnung .
2026-05-12 00:18:11,439 - INFO - joeynmt.training - 	Reference:  high on the agenda are plans for greater nuclear co @-@ operation .
2026-05-12 00:18:11,439 - INFO - joeynmt.training - 	Hypothesis: Pdevelops are a greater cohesion of technical cooperation .
2026-05-12 00:18:11,439 - INFO - joeynmt.training - Example #4
2026-05-12 00:18:11,439 - DEBUG - joeynmt.training - 	Tokenized source:     ['Berich@@', 'ten', 'zu@@', 'fol@@', 'ge', 'ho@@', 'fft', 'Indi@@', 'en', 'darüber', 'hinaus', 'auf', 'einen', 'Ver@@', 'trag', 'zur', 'Ver@@', 'tei@@', 'dig@@', 'ungs@@', 'zusammen@@', 'arbeit', 'zwischen', 'den', 'beiden', 'N@@', 'ationen', '.']
2026-05-12 00:18:11,439 - DEBUG - joeynmt.training - 	Tokenized reference:  ['Indi@@', 'a', 'is', 'also', 're@@', 'porte@@', 'dly', 'hop@@', 'ing', 'for', 'a', 'de@@', 'al', 'on', 'def@@', 'ence', 'c@@', 'oll@@', 'ab@@', 'or@@', 'ation', 'between', 'the', 'two', 'n@@', 'ations', '.']
2026-05-12 00:18:11,439 - DEBUG - joeynmt.training - 	Tokenized hypothesis: ['re@@', 'ports', 'on', 'a', 'reg@@', 'ulation', 'of', 'the', 're@@', 'ports', 'on', 'a', 'Tre@@', 'aty', 'on', 'the', 'Tre@@', 'aty', 'of', 'both', 'N@@', 'ations', '.', '</s>']
2026-05-12 00:18:11,439 - INFO - joeynmt.training - 	Source:     Berichten zufolge hofft Indien darüber hinaus auf einen Vertrag zur Verteidigungszusammenarbeit zwischen den beiden Nationen .
2026-05-12 00:18:11,439 - INFO - joeynmt.training - 	Reference:  India is also reportedly hoping for a deal on defence collaboration between the two nations .
2026-05-12 00:18:11,439 - INFO - joeynmt.training - 	Hypothesis: reports on a regulation of the reports on a Treaty on the Treaty of both Nations .
2026-05-12 00:18:40,313 - INFO - joeynmt.training - Epoch   4, Step:    15100, Batch Loss:     2.085081, Batch Acc: 0.447943, Tokens per Sec:     3144, Lr: 0.000300
2026-05-12 00:19:08,161 - INFO - joeynmt.training - Epoch   4, Step:    15200, Batch Loss:     1.938702, Batch Acc: 0.448644, Tokens per Sec:     3273, Lr: 0.000300
2026-05-12 00:19:37,287 - INFO - joeynmt.training - Epoch   4, Step:    15300, Batch Loss:     2.073628, Batch Acc: 0.444001, Tokens per Sec:     3176, Lr: 0.000300
2026-05-12 00:20:05,243 - INFO - joeynmt.training - Epoch   4, Step:    15400, Batch Loss:     2.050340, Batch Acc: 0.447341, Tokens per Sec:     3273, Lr: 0.000300
2026-05-12 00:20:33,581 - INFO - joeynmt.training - Epoch   4, Step:    15500, Batch Loss:     1.987638, Batch Acc: 0.448975, Tokens per Sec:     3269, Lr: 0.000300
2026-05-12 00:20:33,582 - INFO - joeynmt.prediction - Predicting 500 example(s)... (Greedy decoding with min_output_length=1, max_output_length=-1, return_prob='none', generate_unk=True, repetition_penalty=-1, no_repeat_ngram_size=-1)
2026-05-12 00:21:10,931 - INFO - joeynmt.prediction - Evaluation result (greedy) loss:   2.40, ppl:  11.04, acc:   0.38, generation: 37.3412[sec], evaluation: 0.0000[sec]
2026-05-12 00:21:10,933 - INFO - joeynmt.training - Hooray! New best validation result [ppl]!
2026-05-12 00:21:11,087 - INFO - joeynmt.helpers - delete models/deen_transformer_post/13000.ckpt
2026-05-12 00:21:11,096 - INFO - joeynmt.training - Example #0
2026-05-12 00:21:11,096 - DEBUG - joeynmt.training - 	Tokenized source:     ['die', 'Pre@@', 'mi@@', 'er@@', 'minist@@', 'er', 'Indi@@', 'ens', 'und', 'J@@', 'ap@@', 'ans', 'tra@@', 'fen', 'sich', 'in', 'T@@', 'ok@@', 'i@@', 'o', '.']
2026-05-12 00:21:11,096 - DEBUG - joeynmt.training - 	Tokenized reference:  ['Indi@@', 'a', 'and', 'J@@', 'ap@@', 'an', 'pri@@', 'me', 'minist@@', 'ers', 'me@@', 'et', 'in', 'T@@', 'ok@@', 'y@@', 'o']
2026-05-12 00:21:11,096 - DEBUG - joeynmt.training - 	Tokenized hypothesis: ['the', 'pri@@', 'm@@', 'ari@@', 'ly', ',', 'the', 'pri@@', 'm@@', 'ari@@', 'ly', 'of', 'the', 'm@@', 'em@@', 'ory', 'and', 'J@@', 'ap@@', 'an', '.', '</s>']
2026-05-12 00:21:11,096 - INFO - joeynmt.training - 	Source:     die Premierminister Indiens und Japans trafen sich in Tokio .
2026-05-12 00:21:11,096 - INFO - joeynmt.training - 	Reference:  India and Japan prime ministers meet in Tokyo
2026-05-12 00:21:11,096 - INFO - joeynmt.training - 	Hypothesis: the primarily , the primarily of the memory and Japan .
2026-05-12 00:21:11,096 - INFO - joeynmt.training - Example #1
2026-05-12 00:21:11,097 - DEBUG - joeynmt.training - 	Tokenized source:     ['Indi@@', 'ens', 'neu@@', 'er', 'Pre@@', 'mi@@', 'er@@', 'minist@@', 'er', 'N@@', 'ar@@', 'end@@', 'ra', 'Mo@@', 'd@@', 'i', 'tri@@', 'fft', 'bei', 's@@', 'einem', 'ersten', 'wichti@@', 'gen', 'Aus@@', 'land@@', 's@@', 'bes@@', 'u@@', 'ch', 'seit', 's@@', 'einem', 'W@@', 'ah@@', 'l@@', 'si@@', 'e@@', 'g', 'im', 'Ma@@', 'i', 'seinen', 'j@@', 'ap@@', 'an@@', 'ischen', 'Am@@', 'ts@@', 'k@@', 'olle@@', 'gen', 'S@@', 'hin@@', 'z@@', 'o', 'A@@', 'be', 'in', 'T@@', 'ok@@', 'o', ',', 'um', 'wirtschaf@@', 'tliche', 'und', 'sicher@@', 'heits@@', 'politische', 'Be@@', 'zieh@@', 'ungen', 'zu', 'bes@@', 'pre@@', 'chen', '.']
2026-05-12 00:21:11,097 - DEBUG - joeynmt.training - 	Tokenized reference:  ['Indi@@', 'a', '&apos;s', 'new', 'pri@@', 'me', 'minist@@', 'er', ',', 'N@@', 'ar@@', 'end@@', 'ra', 'Mo@@', 'd@@', 'i', ',', 'is', 'me@@', 'eting', 'his', 'J@@', 'ap@@', 'an@@', 'ese', 'coun@@', 'ter@@', 'part', ',', 'S@@', 'hin@@', 'z@@', 'o', 'A@@', 'be', ',', 'in', 'T@@', 'ok@@', 'y@@', 'o', 'to', 'disc@@', 'uss', 'economic', 'and', 'security', 'ties', ',', 'on', 'his', 'first', 'major', 'fore@@', 'ign', 'visi@@', 't', 'since', 'w@@', 'inn@@', 'ing', 'Ma@@', 'y', '&apos;s', 'elec@@', 'tion', '.']
2026-05-12 00:21:11,097 - DEBUG - joeynmt.training - 	Tokenized hypothesis: ['Indi@@', 'a', '&apos;s', 'first', 'pri@@', 'm@@', 'ari@@', 'ly', ',', 'the', 'first', 'important', 'comm@@', 'uni@@', 'ties', 'for', 'his', 'first', 'important', 'ex@@', 'clu@@', 'sion', 'of', 'the', 'first', 'important', 'comm@@', 'unity', ',', 'has', 'been', 'a', 'sign@@', 'ific@@', 'ant', 'ex@@', 'clu@@', 'sive', 'and', 'security', '.', '</s>']
2026-05-12 00:21:11,097 - INFO - joeynmt.training - 	Source:     Indiens neuer Premierminister Narendra Modi trifft bei seinem ersten wichtigen Auslandsbesuch seit seinem Wahlsieg im Mai seinen japanischen Amtskollegen Shinzo Abe in Toko , um wirtschaftliche und sicherheitspolitische Beziehungen zu besprechen .
2026-05-12 00:21:11,097 - INFO - joeynmt.training - 	Reference:  India &apos;s new prime minister , Narendra Modi , is meeting his Japanese counterpart , Shinzo Abe , in Tokyo to discuss economic and security ties , on his first major foreign visit since winning May &apos;s election .
2026-05-12 00:21:11,097 - INFO - joeynmt.training - 	Hypothesis: India &apos;s first primarily , the first important communities for his first important exclusion of the first important community , has been a significant exclusive and security .
2026-05-12 00:21:11,097 - INFO - joeynmt.training - Example #2
2026-05-12 00:21:11,097 - DEBUG - joeynmt.training - 	Tokenized source:     ['Herr', 'Mo@@', 'd@@', 'i', 'befindet', 'sich', 'auf', 'einer', 'fü@@', 'n@@', 'f@@', 'tä@@', 'gi@@', 'gen', 'Rei@@', 'se', 'nach', 'J@@', 'ap@@', 'an', ',', 'um', 'die', 'wirtschaf@@', 'tlichen', 'Be@@', 'zieh@@', 'ungen', 'mit', 'der', 'd@@', 'rit@@', 't@@', 'größ@@', 'ten', 'Wirtschafts@@', 'n@@', 'ation', 'der', 'Welt', 'zu', 'fes@@', 'tigen', '.']
2026-05-12 00:21:11,097 - DEBUG - joeynmt.training - 	Tokenized reference:  ['Mr', 'Mo@@', 'd@@', 'i', 'is', 'on', 'a', 'fi@@', 've', '@@@', '-@@', '@', 'day', 'tri@@', 'p', 'to', 'J@@', 'ap@@', 'an', 'to', 'streng@@', 'then', 'economic', 'ties', 'with', 'the', 'third', 'lar@@', 'ges@@', 't', 'econom@@', 'y', 'in', 'the', 'world', '.']
2026-05-12 00:21:11,097 - DEBUG - joeynmt.training - 	Tokenized hypothesis: ['Mr', 'Mo@@', 'd@@', 'i', 'is', 'located', 'on', 'a', 'fi@@', 'f@@', 'th', 'of', 'the', 'world', '&apos;s', 'economic', 'rel@@', 'ations', 'with', 'the', 'economic', 'rel@@', 'ations', 'with', 'the', 'world', '&apos;s', 'economic', 'rel@@', 'ations', 'with', 'the', 'world', '&apos;s', 'economic', 'rel@@', 'ations', '.', '</s>']
2026-05-12 00:21:11,097 - INFO - joeynmt.training - 	Source:     Herr Modi befindet sich auf einer fünftägigen Reise nach Japan , um die wirtschaftlichen Beziehungen mit der drittgrößten Wirtschaftsnation der Welt zu festigen .
2026-05-12 00:21:11,097 - INFO - joeynmt.training - 	Reference:  Mr Modi is on a five @-@ day trip to Japan to strengthen economic ties with the third largest economy in the world .
2026-05-12 00:21:11,097 - INFO - joeynmt.training - 	Hypothesis: Mr Modi is located on a fifth of the world &apos;s economic relations with the economic relations with the world &apos;s economic relations with the world &apos;s economic relations .
2026-05-12 00:21:11,097 - INFO - joeynmt.training - Example #3
2026-05-12 00:21:11,097 - DEBUG - joeynmt.training - 	Tokenized source:     ['P@@', 'län@@', 'e', 'für', 'eine', 'stärk@@', 'ere', 'k@@', 'ern@@', 'techn@@', 'ische', 'Zusammenarbeit', 'stehen', 'ganz', 'ob@@', 'en', 'auf', 'der', 'Tag@@', 'es@@', 'ordnung', '.']
2026-05-12 00:21:11,097 - DEBUG - joeynmt.training - 	Tokenized reference:  ['high', 'on', 'the', 'agen@@', 'da', 'are', 'pl@@', 'ans', 'for', 'gre@@', 'ater', 'nu@@', 'clear', 'c@@', 'o', '@@@', '-@@', '@', 'operation', '.']
2026-05-12 00:21:11,097 - DEBUG - joeynmt.training - 	Tokenized hypothesis: ['P@@', 'ubli@@', 'c', 'cooperation', 'is', 'a', 'str@@', 'ong', 'techn@@', 'ical', 'cooperation', '.', '</s>']
2026-05-12 00:21:11,098 - INFO - joeynmt.training - 	Source:     Pläne für eine stärkere kerntechnische Zusammenarbeit stehen ganz oben auf der Tagesordnung .
2026-05-12 00:21:11,098 - INFO - joeynmt.training - 	Reference:  high on the agenda are plans for greater nuclear co @-@ operation .
2026-05-12 00:21:11,098 - INFO - joeynmt.training - 	Hypothesis: Public cooperation is a strong technical cooperation .
2026-05-12 00:21:11,098 - INFO - joeynmt.training - Example #4
2026-05-12 00:21:11,098 - DEBUG - joeynmt.training - 	Tokenized source:     ['Berich@@', 'ten', 'zu@@', 'fol@@', 'ge', 'ho@@', 'fft', 'Indi@@', 'en', 'darüber', 'hinaus', 'auf', 'einen', 'Ver@@', 'trag', 'zur', 'Ver@@', 'tei@@', 'dig@@', 'ungs@@', 'zusammen@@', 'arbeit', 'zwischen', 'den', 'beiden', 'N@@', 'ationen', '.']
2026-05-12 00:21:11,098 - DEBUG - joeynmt.training - 	Tokenized reference:  ['Indi@@', 'a', 'is', 'also', 're@@', 'porte@@', 'dly', 'hop@@', 'ing', 'for', 'a', 'de@@', 'al', 'on', 'def@@', 'ence', 'c@@', 'oll@@', 'ab@@', 'or@@', 'ation', 'between', 'the', 'two', 'n@@', 'ations', '.']
2026-05-12 00:21:11,098 - DEBUG - joeynmt.training - 	Tokenized hypothesis: ['the', 're@@', 'ports', 'on', 'the', 'con@@', 'text', 'of', 'the', 'A@@', 'gen@@', 'cy', 'for', 'the', 'Tre@@', 'aty', 'of', 'comm@@', 'unic@@', 'ation', 'and', 'between', 'the', 'two', 'N@@', 'ations', '.', '</s>']
2026-05-12 00:21:11,098 - INFO - joeynmt.training - 	Source:     Berichten zufolge hofft Indien darüber hinaus auf einen Vertrag zur Verteidigungszusammenarbeit zwischen den beiden Nationen .
2026-05-12 00:21:11,098 - INFO - joeynmt.training - 	Reference:  India is also reportedly hoping for a deal on defence collaboration between the two nations .
2026-05-12 00:21:11,098 - INFO - joeynmt.training - 	Hypothesis: the reports on the context of the Agency for the Treaty of communication and between the two Nations .
2026-05-12 00:21:39,544 - INFO - joeynmt.training - Epoch   4, Step:    15600, Batch Loss:     1.961560, Batch Acc: 0.448691, Tokens per Sec:     3193, Lr: 0.000300
2026-05-12 00:22:08,293 - INFO - joeynmt.training - Epoch   4, Step:    15700, Batch Loss:     1.980635, Batch Acc: 0.447392, Tokens per Sec:     3222, Lr: 0.000300
2026-05-12 00:22:36,550 - INFO - joeynmt.training - Epoch   4, Step:    15800, Batch Loss:     1.966636, Batch Acc: 0.451932, Tokens per Sec:     3249, Lr: 0.000300
2026-05-12 00:23:04,651 - INFO - joeynmt.training - Epoch   4, Step:    15900, Batch Loss:     2.064562, Batch Acc: 0.447376, Tokens per Sec:     3307, Lr: 0.000300
2026-05-12 00:23:33,037 - INFO - joeynmt.training - Epoch   4, Step:    16000, Batch Loss:     1.876607, Batch Acc: 0.448837, Tokens per Sec:     3252, Lr: 0.000300
2026-05-12 00:23:33,037 - INFO - joeynmt.prediction - Predicting 500 example(s)... (Greedy decoding with min_output_length=1, max_output_length=-1, return_prob='none', generate_unk=True, repetition_penalty=-1, no_repeat_ngram_size=-1)
2026-05-12 00:24:09,998 - INFO - joeynmt.prediction - Evaluation result (greedy) loss:   2.37, ppl:  10.67, acc:   0.39, generation: 36.9524[sec], evaluation: 0.0000[sec]
2026-05-12 00:24:10,001 - INFO - joeynmt.training - Hooray! New best validation result [ppl]!
2026-05-12 00:24:10,172 - INFO - joeynmt.helpers - delete models/deen_transformer_post/13500.ckpt
2026-05-12 00:24:10,180 - INFO - joeynmt.training - Example #0
2026-05-12 00:24:10,181 - DEBUG - joeynmt.training - 	Tokenized source:     ['die', 'Pre@@', 'mi@@', 'er@@', 'minist@@', 'er', 'Indi@@', 'ens', 'und', 'J@@', 'ap@@', 'ans', 'tra@@', 'fen', 'sich', 'in', 'T@@', 'ok@@', 'i@@', 'o', '.']
2026-05-12 00:24:10,181 - DEBUG - joeynmt.training - 	Tokenized reference:  ['Indi@@', 'a', 'and', 'J@@', 'ap@@', 'an', 'pri@@', 'me', 'minist@@', 'ers', 'me@@', 'et', 'in', 'T@@', 'ok@@', 'y@@', 'o']
2026-05-12 00:24:10,181 - DEBUG - joeynmt.training - 	Tokenized hypothesis: ['the', 'Pri@@', 'me', 'Minist@@', 'er', 'and', 'J@@', 'ap@@', 'an', 'and', 'J@@', 'ap@@', 'an', ',', 'in', 'T@@', 'ok@@', 'i@@', 'o', '.', '</s>']
2026-05-12 00:24:10,181 - INFO - joeynmt.training - 	Source:     die Premierminister Indiens und Japans trafen sich in Tokio .
2026-05-12 00:24:10,181 - INFO - joeynmt.training - 	Reference:  India and Japan prime ministers meet in Tokyo
2026-05-12 00:24:10,181 - INFO - joeynmt.training - 	Hypothesis: the Prime Minister and Japan and Japan , in Tokio .
2026-05-12 00:24:10,181 - INFO - joeynmt.training - Example #1
2026-05-12 00:24:10,181 - DEBUG - joeynmt.training - 	Tokenized source:     ['Indi@@', 'ens', 'neu@@', 'er', 'Pre@@', 'mi@@', 'er@@', 'minist@@', 'er', 'N@@', 'ar@@', 'end@@', 'ra', 'Mo@@', 'd@@', 'i', 'tri@@', 'fft', 'bei', 's@@', 'einem', 'ersten', 'wichti@@', 'gen', 'Aus@@', 'land@@', 's@@', 'bes@@', 'u@@', 'ch', 'seit', 's@@', 'einem', 'W@@', 'ah@@', 'l@@', 'si@@', 'e@@', 'g', 'im', 'Ma@@', 'i', 'seinen', 'j@@', 'ap@@', 'an@@', 'ischen', 'Am@@', 'ts@@', 'k@@', 'olle@@', 'gen', 'S@@', 'hin@@', 'z@@', 'o', 'A@@', 'be', 'in', 'T@@', 'ok@@', 'o', ',', 'um', 'wirtschaf@@', 'tliche', 'und', 'sicher@@', 'heits@@', 'politische', 'Be@@', 'zieh@@', 'ungen', 'zu', 'bes@@', 'pre@@', 'chen', '.']
2026-05-12 00:24:10,181 - DEBUG - joeynmt.training - 	Tokenized reference:  ['Indi@@', 'a', '&apos;s', 'new', 'pri@@', 'me', 'minist@@', 'er', ',', 'N@@', 'ar@@', 'end@@', 'ra', 'Mo@@', 'd@@', 'i', ',', 'is', 'me@@', 'eting', 'his', 'J@@', 'ap@@', 'an@@', 'ese', 'coun@@', 'ter@@', 'part', ',', 'S@@', 'hin@@', 'z@@', 'o', 'A@@', 'be', ',', 'in', 'T@@', 'ok@@', 'y@@', 'o', 'to', 'disc@@', 'uss', 'economic', 'and', 'security', 'ties', ',', 'on', 'his', 'first', 'major', 'fore@@', 'ign', 'visi@@', 't', 'since', 'w@@', 'inn@@', 'ing', 'Ma@@', 'y', '&apos;s', 'elec@@', 'tion', '.']
2026-05-12 00:24:10,181 - DEBUG - joeynmt.training - 	Tokenized hypothesis: ['Indi@@', 'a', '&apos;s', 'Pri@@', 'me', 'Minist@@', 'er', 'N@@', 'ar@@', 'd@@', 'i', 'Pri@@', 'me', 'Minist@@', 'er', 'N@@', 'ar@@', 'd@@', 'i', ',', 'in', 'his', 'first', 'time', ',', 'has', 'been', 'a', 'first', 'of', 'all', ',', 'since', 'his', 'first', 'of', 'its', 'j@@', 'ap@@', 'an@@', 'ese', ',', 'has', 'been', 'a', 'year', 'in', 'M@@', 'or@@', 'o', 'A@@', 'be', 'in', 'T@@', 'ok@@', 'o', ',', 'and', 'to', 'ensure', 'economic', 'and', 'saf@@', 'ety', 'political', 'rel@@', 'ation@@', 'ship', 'with', 'economic', 'and', 'saf@@', 'ety', '.', '</s>']
2026-05-12 00:24:10,181 - INFO - joeynmt.training - 	Source:     Indiens neuer Premierminister Narendra Modi trifft bei seinem ersten wichtigen Auslandsbesuch seit seinem Wahlsieg im Mai seinen japanischen Amtskollegen Shinzo Abe in Toko , um wirtschaftliche und sicherheitspolitische Beziehungen zu besprechen .
2026-05-12 00:24:10,181 - INFO - joeynmt.training - 	Reference:  India &apos;s new prime minister , Narendra Modi , is meeting his Japanese counterpart , Shinzo Abe , in Tokyo to discuss economic and security ties , on his first major foreign visit since winning May &apos;s election .
2026-05-12 00:24:10,181 - INFO - joeynmt.training - 	Hypothesis: India &apos;s Prime Minister Nardi Prime Minister Nardi , in his first time , has been a first of all , since his first of its japanese , has been a year in Moro Abe in Toko , and to ensure economic and safety political relationship with economic and safety .
2026-05-12 00:24:10,181 - INFO - joeynmt.training - Example #2
2026-05-12 00:24:10,182 - DEBUG - joeynmt.training - 	Tokenized source:     ['Herr', 'Mo@@', 'd@@', 'i', 'befindet', 'sich', 'auf', 'einer', 'fü@@', 'n@@', 'f@@', 'tä@@', 'gi@@', 'gen', 'Rei@@', 'se', 'nach', 'J@@', 'ap@@', 'an', ',', 'um', 'die', 'wirtschaf@@', 'tlichen', 'Be@@', 'zieh@@', 'ungen', 'mit', 'der', 'd@@', 'rit@@', 't@@', 'größ@@', 'ten', 'Wirtschafts@@', 'n@@', 'ation', 'der', 'Welt', 'zu', 'fes@@', 'tigen', '.']
2026-05-12 00:24:10,182 - DEBUG - joeynmt.training - 	Tokenized reference:  ['Mr', 'Mo@@', 'd@@', 'i', 'is', 'on', 'a', 'fi@@', 've', '@@@', '-@@', '@', 'day', 'tri@@', 'p', 'to', 'J@@', 'ap@@', 'an', 'to', 'streng@@', 'then', 'economic', 'ties', 'with', 'the', 'third', 'lar@@', 'ges@@', 't', 'econom@@', 'y', 'in', 'the', 'world', '.']
2026-05-12 00:24:10,182 - DEBUG - joeynmt.training - 	Tokenized hypothesis: ['Mr', 'Mo@@', 'd@@', 'i', 'is', 'located', 'on', 'a', 'fi@@', 'f@@', 'th', 'of', 'the', 'world', '&apos;s', 'f@@', 'our', 'from', 'the', 'economic', 'rel@@', 'ations', 'with', 'the', 'third', 'b@@', 'ir@@', 'th', 'of', 'the', 'world', '&apos;s', 'economic', 'rel@@', 'ation@@', 'ship', 'with', 'the', 'third', 'world', '.', '</s>']
2026-05-12 00:24:10,182 - INFO - joeynmt.training - 	Source:     Herr Modi befindet sich auf einer fünftägigen Reise nach Japan , um die wirtschaftlichen Beziehungen mit der drittgrößten Wirtschaftsnation der Welt zu festigen .
2026-05-12 00:24:10,182 - INFO - joeynmt.training - 	Reference:  Mr Modi is on a five @-@ day trip to Japan to strengthen economic ties with the third largest economy in the world .
2026-05-12 00:24:10,182 - INFO - joeynmt.training - 	Hypothesis: Mr Modi is located on a fifth of the world &apos;s four from the economic relations with the third birth of the world &apos;s economic relationship with the third world .
2026-05-12 00:24:10,182 - INFO - joeynmt.training - Example #3
2026-05-12 00:24:10,182 - DEBUG - joeynmt.training - 	Tokenized source:     ['P@@', 'län@@', 'e', 'für', 'eine', 'stärk@@', 'ere', 'k@@', 'ern@@', 'techn@@', 'ische', 'Zusammenarbeit', 'stehen', 'ganz', 'ob@@', 'en', 'auf', 'der', 'Tag@@', 'es@@', 'ordnung', '.']
2026-05-12 00:24:10,182 - DEBUG - joeynmt.training - 	Tokenized reference:  ['high', 'on', 'the', 'agen@@', 'da', 'are', 'pl@@', 'ans', 'for', 'gre@@', 'ater', 'nu@@', 'clear', 'c@@', 'o', '@@@', '-@@', '@', 'operation', '.']
2026-05-12 00:24:10,182 - DEBUG - joeynmt.training - 	Tokenized hypothesis: ['P@@', 'en@@', 'ab@@', 'les', 'for', 'a', 'str@@', 'ong', 'techn@@', 'ical', 'cooperation', ',', 'and', 'the', 'agen@@', 'da', '.', '</s>']
2026-05-12 00:24:10,182 - INFO - joeynmt.training - 	Source:     Pläne für eine stärkere kerntechnische Zusammenarbeit stehen ganz oben auf der Tagesordnung .
2026-05-12 00:24:10,182 - INFO - joeynmt.training - 	Reference:  high on the agenda are plans for greater nuclear co @-@ operation .
2026-05-12 00:24:10,182 - INFO - joeynmt.training - 	Hypothesis: Penables for a strong technical cooperation , and the agenda .
2026-05-12 00:24:10,182 - INFO - joeynmt.training - Example #4
2026-05-12 00:24:10,182 - DEBUG - joeynmt.training - 	Tokenized source:     ['Berich@@', 'ten', 'zu@@', 'fol@@', 'ge', 'ho@@', 'fft', 'Indi@@', 'en', 'darüber', 'hinaus', 'auf', 'einen', 'Ver@@', 'trag', 'zur', 'Ver@@', 'tei@@', 'dig@@', 'ungs@@', 'zusammen@@', 'arbeit', 'zwischen', 'den', 'beiden', 'N@@', 'ationen', '.']
2026-05-12 00:24:10,182 - DEBUG - joeynmt.training - 	Tokenized reference:  ['Indi@@', 'a', 'is', 'also', 're@@', 'porte@@', 'dly', 'hop@@', 'ing', 'for', 'a', 'de@@', 'al', 'on', 'def@@', 'ence', 'c@@', 'oll@@', 'ab@@', 'or@@', 'ation', 'between', 'the', 'two', 'n@@', 'ations', '.']
2026-05-12 00:24:10,182 - DEBUG - joeynmt.training - 	Tokenized hypothesis: ['in', 'ad@@', 'dition', ',', 'the', 're@@', 'ports', 'on', 'a', 'con@@', 'text', 'of', 'the', 'comm@@', 'ittee', 'on', 'the', 'def@@', 'ence', 'work', 'between', 'the', 'two', 'N@@', 'ations', '.', '</s>']
2026-05-12 00:24:10,183 - INFO - joeynmt.training - 	Source:     Berichten zufolge hofft Indien darüber hinaus auf einen Vertrag zur Verteidigungszusammenarbeit zwischen den beiden Nationen .
2026-05-12 00:24:10,183 - INFO - joeynmt.training - 	Reference:  India is also reportedly hoping for a deal on defence collaboration between the two nations .
2026-05-12 00:24:10,183 - INFO - joeynmt.training - 	Hypothesis: in addition , the reports on a context of the committee on the defence work between the two Nations .
2026-05-12 00:24:38,453 - INFO - joeynmt.training - Epoch   4, Step:    16100, Batch Loss:     2.100770, Batch Acc: 0.451137, Tokens per Sec:     3220, Lr: 0.000300
2026-05-12 00:25:06,767 - INFO - joeynmt.training - Epoch   4, Step:    16200, Batch Loss:     2.059191, Batch Acc: 0.454906, Tokens per Sec:     3291, Lr: 0.000300
2026-05-12 00:25:24,734 - INFO - joeynmt.training - Epoch   4: total training loss 8472.01
2026-05-12 00:25:24,735 - INFO - joeynmt.training - EPOCH 5
2026-05-12 00:25:35,199 - INFO - joeynmt.training - Epoch   5, Step:    16300, Batch Loss:     2.019696, Batch Acc: 0.467527, Tokens per Sec:     3140, Lr: 0.000300
2026-05-12 00:26:03,251 - INFO - joeynmt.training - Epoch   5, Step:    16400, Batch Loss:     1.942714, Batch Acc: 0.471973, Tokens per Sec:     3275, Lr: 0.000300
2026-05-12 00:26:31,061 - INFO - joeynmt.training - Epoch   5, Step:    16500, Batch Loss:     2.098135, Batch Acc: 0.467936, Tokens per Sec:     3350, Lr: 0.000300
2026-05-12 00:26:31,062 - INFO - joeynmt.prediction - Predicting 500 example(s)... (Greedy decoding with min_output_length=1, max_output_length=-1, return_prob='none', generate_unk=True, repetition_penalty=-1, no_repeat_ngram_size=-1)
2026-05-12 00:27:17,855 - INFO - joeynmt.prediction - Evaluation result (greedy) loss:   2.37, ppl:  10.65, acc:   0.39, generation: 46.7857[sec], evaluation: 0.0000[sec]
2026-05-12 00:27:17,858 - INFO - joeynmt.training - Hooray! New best validation result [ppl]!
2026-05-12 00:27:18,040 - INFO - joeynmt.helpers - delete models/deen_transformer_post/14000.ckpt
2026-05-12 00:27:18,048 - INFO - joeynmt.training - Example #0
2026-05-12 00:27:18,048 - DEBUG - joeynmt.training - 	Tokenized source:     ['die', 'Pre@@', 'mi@@', 'er@@', 'minist@@', 'er', 'Indi@@', 'ens', 'und', 'J@@', 'ap@@', 'ans', 'tra@@', 'fen', 'sich', 'in', 'T@@', 'ok@@', 'i@@', 'o', '.']
2026-05-12 00:27:18,048 - DEBUG - joeynmt.training - 	Tokenized reference:  ['Indi@@', 'a', 'and', 'J@@', 'ap@@', 'an', 'pri@@', 'me', 'minist@@', 'ers', 'me@@', 'et', 'in', 'T@@', 'ok@@', 'y@@', 'o']
2026-05-12 00:27:18,048 - DEBUG - joeynmt.training - 	Tokenized hypothesis: ['the', 'Pri@@', 'me', 'Minist@@', 'er', 'and', 'J@@', 'ap@@', 'ans', 'in', 'T@@', 'ok@@', 'i', '.', '</s>']
2026-05-12 00:27:18,048 - INFO - joeynmt.training - 	Source:     die Premierminister Indiens und Japans trafen sich in Tokio .
2026-05-12 00:27:18,048 - INFO - joeynmt.training - 	Reference:  India and Japan prime ministers meet in Tokyo
2026-05-12 00:27:18,048 - INFO - joeynmt.training - 	Hypothesis: the Prime Minister and Japans in Toki .
2026-05-12 00:27:18,048 - INFO - joeynmt.training - Example #1
2026-05-12 00:27:18,049 - DEBUG - joeynmt.training - 	Tokenized source:     ['Indi@@', 'ens', 'neu@@', 'er', 'Pre@@', 'mi@@', 'er@@', 'minist@@', 'er', 'N@@', 'ar@@', 'end@@', 'ra', 'Mo@@', 'd@@', 'i', 'tri@@', 'fft', 'bei', 's@@', 'einem', 'ersten', 'wichti@@', 'gen', 'Aus@@', 'land@@', 's@@', 'bes@@', 'u@@', 'ch', 'seit', 's@@', 'einem', 'W@@', 'ah@@', 'l@@', 'si@@', 'e@@', 'g', 'im', 'Ma@@', 'i', 'seinen', 'j@@', 'ap@@', 'an@@', 'ischen', 'Am@@', 'ts@@', 'k@@', 'olle@@', 'gen', 'S@@', 'hin@@', 'z@@', 'o', 'A@@', 'be', 'in', 'T@@', 'ok@@', 'o', ',', 'um', 'wirtschaf@@', 'tliche', 'und', 'sicher@@', 'heits@@', 'politische', 'Be@@', 'zieh@@', 'ungen', 'zu', 'bes@@', 'pre@@', 'chen', '.']
2026-05-12 00:27:18,049 - DEBUG - joeynmt.training - 	Tokenized reference:  ['Indi@@', 'a', '&apos;s', 'new', 'pri@@', 'me', 'minist@@', 'er', ',', 'N@@', 'ar@@', 'end@@', 'ra', 'Mo@@', 'd@@', 'i', ',', 'is', 'me@@', 'eting', 'his', 'J@@', 'ap@@', 'an@@', 'ese', 'coun@@', 'ter@@', 'part', ',', 'S@@', 'hin@@', 'z@@', 'o', 'A@@', 'be', ',', 'in', 'T@@', 'ok@@', 'y@@', 'o', 'to', 'disc@@', 'uss', 'economic', 'and', 'security', 'ties', ',', 'on', 'his', 'first', 'major', 'fore@@', 'ign', 'visi@@', 't', 'since', 'w@@', 'inn@@', 'ing', 'Ma@@', 'y', '&apos;s', 'elec@@', 'tion', '.']
2026-05-12 00:27:18,049 - DEBUG - joeynmt.training - 	Tokenized hypothesis: ['Indi@@', 'a', '&apos;s', 'Pri@@', 'me', 'Minist@@', 'er', 'N@@', 'ar@@', 'end@@', 'ra', 'Mo@@', 'd@@', 'i', ',', 'the', 'first', 'first', 'of', 'all', ',', 'has', 'been', 'a', 'sign@@', 'ific@@', 'ant', 'ex@@', 'clu@@', 'sive', 'ex@@', 'clu@@', 'sive', 'and', 'security', ',', 'the', 'S@@', 'hin@@', 'z@@', 'e@@', 'ch', 'S@@', 'hin@@', 'z@@', 'o', 'A@@', 'be', ',', 'S@@', 'hin@@', 'z@@', 'o', 'A@@', 'be', 'in', 'T@@', 'ok@@', 'o', ',', 'and', 'saf@@', 'ety', 'and', 'saf@@', 'ety', 'and', 'saf@@', 'ety', '.', '</s>']
2026-05-12 00:27:18,049 - INFO - joeynmt.training - 	Source:     Indiens neuer Premierminister Narendra Modi trifft bei seinem ersten wichtigen Auslandsbesuch seit seinem Wahlsieg im Mai seinen japanischen Amtskollegen Shinzo Abe in Toko , um wirtschaftliche und sicherheitspolitische Beziehungen zu besprechen .
2026-05-12 00:27:18,049 - INFO - joeynmt.training - 	Reference:  India &apos;s new prime minister , Narendra Modi , is meeting his Japanese counterpart , Shinzo Abe , in Tokyo to discuss economic and security ties , on his first major foreign visit since winning May &apos;s election .
2026-05-12 00:27:18,049 - INFO - joeynmt.training - 	Hypothesis: India &apos;s Prime Minister Narendra Modi , the first first of all , has been a significant exclusive exclusive and security , the Shinzech Shinzo Abe , Shinzo Abe in Toko , and safety and safety and safety .
2026-05-12 00:27:18,049 - INFO - joeynmt.training - Example #2
2026-05-12 00:27:18,049 - DEBUG - joeynmt.training - 	Tokenized source:     ['Herr', 'Mo@@', 'd@@', 'i', 'befindet', 'sich', 'auf', 'einer', 'fü@@', 'n@@', 'f@@', 'tä@@', 'gi@@', 'gen', 'Rei@@', 'se', 'nach', 'J@@', 'ap@@', 'an', ',', 'um', 'die', 'wirtschaf@@', 'tlichen', 'Be@@', 'zieh@@', 'ungen', 'mit', 'der', 'd@@', 'rit@@', 't@@', 'größ@@', 'ten', 'Wirtschafts@@', 'n@@', 'ation', 'der', 'Welt', 'zu', 'fes@@', 'tigen', '.']
2026-05-12 00:27:18,049 - DEBUG - joeynmt.training - 	Tokenized reference:  ['Mr', 'Mo@@', 'd@@', 'i', 'is', 'on', 'a', 'fi@@', 've', '@@@', '-@@', '@', 'day', 'tri@@', 'p', 'to', 'J@@', 'ap@@', 'an', 'to', 'streng@@', 'then', 'economic', 'ties', 'with', 'the', 'third', 'lar@@', 'ges@@', 't', 'econom@@', 'y', 'in', 'the', 'world', '.']
2026-05-12 00:27:18,049 - DEBUG - joeynmt.training - 	Tokenized hypothesis: ['Mr', 'Mo@@', 'd@@', 'i', 'is', 'a', 'fi@@', 'f@@', 'te@@', 'en', 'tra@@', 'ff@@', 'ic', 'to', 'J@@', 'ap@@', 'an', 'to', 'J@@', 'ap@@', 'an', ',', 'to', 'the', 'economic', 'rel@@', 'ations', 'with', 'the', 'third', 'of', 'the', 'world', '&apos;s', 'economic', 'rel@@', 'ations', 'with', 'the', 'world', '.', '</s>']
2026-05-12 00:27:18,049 - INFO - joeynmt.training - 	Source:     Herr Modi befindet sich auf einer fünftägigen Reise nach Japan , um die wirtschaftlichen Beziehungen mit der drittgrößten Wirtschaftsnation der Welt zu festigen .
2026-05-12 00:27:18,049 - INFO - joeynmt.training - 	Reference:  Mr Modi is on a five @-@ day trip to Japan to strengthen economic ties with the third largest economy in the world .
2026-05-12 00:27:18,049 - INFO - joeynmt.training - 	Hypothesis: Mr Modi is a fifteen traffic to Japan to Japan , to the economic relations with the third of the world &apos;s economic relations with the world .
2026-05-12 00:27:18,049 - INFO - joeynmt.training - Example #3
2026-05-12 00:27:18,049 - DEBUG - joeynmt.training - 	Tokenized source:     ['P@@', 'län@@', 'e', 'für', 'eine', 'stärk@@', 'ere', 'k@@', 'ern@@', 'techn@@', 'ische', 'Zusammenarbeit', 'stehen', 'ganz', 'ob@@', 'en', 'auf', 'der', 'Tag@@', 'es@@', 'ordnung', '.']
2026-05-12 00:27:18,049 - DEBUG - joeynmt.training - 	Tokenized reference:  ['high', 'on', 'the', 'agen@@', 'da', 'are', 'pl@@', 'ans', 'for', 'gre@@', 'ater', 'nu@@', 'clear', 'c@@', 'o', '@@@', '-@@', '@', 'operation', '.']
2026-05-12 00:27:18,049 - DEBUG - joeynmt.training - 	Tokenized hypothesis: ['P@@', 'en@@', 'se', 'for', 'a', 'str@@', 'ong', 'techn@@', 'ical', 'cooperation', 'is', 'essen@@', 'tial', '.', '</s>']
2026-05-12 00:27:18,050 - INFO - joeynmt.training - 	Source:     Pläne für eine stärkere kerntechnische Zusammenarbeit stehen ganz oben auf der Tagesordnung .
2026-05-12 00:27:18,050 - INFO - joeynmt.training - 	Reference:  high on the agenda are plans for greater nuclear co @-@ operation .
2026-05-12 00:27:18,050 - INFO - joeynmt.training - 	Hypothesis: Pense for a strong technical cooperation is essential .
2026-05-12 00:27:18,050 - INFO - joeynmt.training - Example #4
2026-05-12 00:27:18,050 - DEBUG - joeynmt.training - 	Tokenized source:     ['Berich@@', 'ten', 'zu@@', 'fol@@', 'ge', 'ho@@', 'fft', 'Indi@@', 'en', 'darüber', 'hinaus', 'auf', 'einen', 'Ver@@', 'trag', 'zur', 'Ver@@', 'tei@@', 'dig@@', 'ungs@@', 'zusammen@@', 'arbeit', 'zwischen', 'den', 'beiden', 'N@@', 'ationen', '.']
2026-05-12 00:27:18,050 - DEBUG - joeynmt.training - 	Tokenized reference:  ['Indi@@', 'a', 'is', 'also', 're@@', 'porte@@', 'dly', 'hop@@', 'ing', 'for', 'a', 'de@@', 'al', 'on', 'def@@', 'ence', 'c@@', 'oll@@', 'ab@@', 'or@@', 'ation', 'between', 'the', 'two', 'n@@', 'ations', '.']
2026-05-12 00:27:18,050 - DEBUG - joeynmt.training - 	Tokenized hypothesis: ['in', 'ad@@', 'dition', ',', 'the', 're@@', 'ports', 'of', 'the', 'comm@@', 'ittee', 'has', 'also', 'been', 're@@', 'ports', 'between', 'the', 'two', 'N@@', 'ations', '.', '</s>']
2026-05-12 00:27:18,050 - INFO - joeynmt.training - 	Source:     Berichten zufolge hofft Indien darüber hinaus auf einen Vertrag zur Verteidigungszusammenarbeit zwischen den beiden Nationen .
2026-05-12 00:27:18,050 - INFO - joeynmt.training - 	Reference:  India is also reportedly hoping for a deal on defence collaboration between the two nations .
2026-05-12 00:27:18,050 - INFO - joeynmt.training - 	Hypothesis: in addition , the reports of the committee has also been reports between the two Nations .
2026-05-12 00:27:45,984 - INFO - joeynmt.training - Epoch   5, Step:    16600, Batch Loss:     2.050641, Batch Acc: 0.466324, Tokens per Sec:     3246, Lr: 0.000300
2026-05-12 00:28:14,503 - INFO - joeynmt.training - Epoch   5, Step:    16700, Batch Loss:     2.090248, Batch Acc: 0.469044, Tokens per Sec:     3208, Lr: 0.000300
2026-05-12 00:28:42,621 - INFO - joeynmt.training - Epoch   5, Step:    16800, Batch Loss:     1.920427, Batch Acc: 0.466062, Tokens per Sec:     3316, Lr: 0.000300
2026-05-12 00:29:10,421 - INFO - joeynmt.training - Epoch   5, Step:    16900, Batch Loss:     1.889690, Batch Acc: 0.470469, Tokens per Sec:     3312, Lr: 0.000300
2026-05-12 00:29:38,576 - INFO - joeynmt.training - Epoch   5, Step:    17000, Batch Loss:     1.948344, Batch Acc: 0.464254, Tokens per Sec:     3355, Lr: 0.000300
2026-05-12 00:29:38,577 - INFO - joeynmt.prediction - Predicting 500 example(s)... (Greedy decoding with min_output_length=1, max_output_length=-1, return_prob='none', generate_unk=True, repetition_penalty=-1, no_repeat_ngram_size=-1)
2026-05-12 00:30:27,841 - INFO - joeynmt.prediction - Evaluation result (greedy) loss:   2.35, ppl:  10.50, acc:   0.40, generation: 49.2548[sec], evaluation: 0.0000[sec]
2026-05-12 00:30:27,844 - INFO - joeynmt.training - Hooray! New best validation result [ppl]!
2026-05-12 00:30:28,031 - INFO - joeynmt.helpers - delete models/deen_transformer_post/14500.ckpt
2026-05-12 00:30:28,034 - INFO - joeynmt.training - Example #0
2026-05-12 00:30:28,034 - DEBUG - joeynmt.training - 	Tokenized source:     ['die', 'Pre@@', 'mi@@', 'er@@', 'minist@@', 'er', 'Indi@@', 'ens', 'und', 'J@@', 'ap@@', 'ans', 'tra@@', 'fen', 'sich', 'in', 'T@@', 'ok@@', 'i@@', 'o', '.']
2026-05-12 00:30:28,034 - DEBUG - joeynmt.training - 	Tokenized reference:  ['Indi@@', 'a', 'and', 'J@@', 'ap@@', 'an', 'pri@@', 'me', 'minist@@', 'ers', 'me@@', 'et', 'in', 'T@@', 'ok@@', 'y@@', 'o']
2026-05-12 00:30:28,034 - DEBUG - joeynmt.training - 	Tokenized hypothesis: ['the', 'Pri@@', 'me', 'Minist@@', 'er', 'and', 'J@@', 'ap@@', 'ans', 'are', 'in', 'T@@', 'ok@@', 'i@@', 'o', '.', '</s>']
2026-05-12 00:30:28,034 - INFO - joeynmt.training - 	Source:     die Premierminister Indiens und Japans trafen sich in Tokio .
2026-05-12 00:30:28,034 - INFO - joeynmt.training - 	Reference:  India and Japan prime ministers meet in Tokyo
2026-05-12 00:30:28,034 - INFO - joeynmt.training - 	Hypothesis: the Prime Minister and Japans are in Tokio .
2026-05-12 00:30:28,034 - INFO - joeynmt.training - Example #1
2026-05-12 00:30:28,035 - DEBUG - joeynmt.training - 	Tokenized source:     ['Indi@@', 'ens', 'neu@@', 'er', 'Pre@@', 'mi@@', 'er@@', 'minist@@', 'er', 'N@@', 'ar@@', 'end@@', 'ra', 'Mo@@', 'd@@', 'i', 'tri@@', 'fft', 'bei', 's@@', 'einem', 'ersten', 'wichti@@', 'gen', 'Aus@@', 'land@@', 's@@', 'bes@@', 'u@@', 'ch', 'seit', 's@@', 'einem', 'W@@', 'ah@@', 'l@@', 'si@@', 'e@@', 'g', 'im', 'Ma@@', 'i', 'seinen', 'j@@', 'ap@@', 'an@@', 'ischen', 'Am@@', 'ts@@', 'k@@', 'olle@@', 'gen', 'S@@', 'hin@@', 'z@@', 'o', 'A@@', 'be', 'in', 'T@@', 'ok@@', 'o', ',', 'um', 'wirtschaf@@', 'tliche', 'und', 'sicher@@', 'heits@@', 'politische', 'Be@@', 'zieh@@', 'ungen', 'zu', 'bes@@', 'pre@@', 'chen', '.']
2026-05-12 00:30:28,035 - DEBUG - joeynmt.training - 	Tokenized reference:  ['Indi@@', 'a', '&apos;s', 'new', 'pri@@', 'me', 'minist@@', 'er', ',', 'N@@', 'ar@@', 'end@@', 'ra', 'Mo@@', 'd@@', 'i', ',', 'is', 'me@@', 'eting', 'his', 'J@@', 'ap@@', 'an@@', 'ese', 'coun@@', 'ter@@', 'part', ',', 'S@@', 'hin@@', 'z@@', 'o', 'A@@', 'be', ',', 'in', 'T@@', 'ok@@', 'y@@', 'o', 'to', 'disc@@', 'uss', 'economic', 'and', 'security', 'ties', ',', 'on', 'his', 'first', 'major', 'fore@@', 'ign', 'visi@@', 't', 'since', 'w@@', 'inn@@', 'ing', 'Ma@@', 'y', '&apos;s', 'elec@@', 'tion', '.']
2026-05-12 00:30:28,035 - DEBUG - joeynmt.training - 	Tokenized hypothesis: ['Indi@@', 'a', ',', 'N@@', 'ar@@', 'end@@', 'ra', 'Mo@@', 'd@@', 'i', ',', 'the', 'first', 'German', 'Pri@@', 'me', 'Minist@@', 'er', 'N@@', 'ar@@', 'end@@', 'i', ',', 'has', 'been', 'a', 'first', 'important', 'ex@@', 'clu@@', 'sive', 'ex@@', 'tra@@', 'ordin@@', 'ary', 'Am@@', 'ster@@', 'dam', ',', 'the', 'S@@', 'hin@@', 'z@@', 'o', 'A@@', 'be', 'A@@', 's@@', 'an', 'A@@', 's@@', 'an', 'A@@', 'mer@@', 'ic@@', 'a', ',', 'economic', 'and', 'security', 'political', 'rel@@', 'ations', '.', '</s>']
2026-05-12 00:30:28,035 - INFO - joeynmt.training - 	Source:     Indiens neuer Premierminister Narendra Modi trifft bei seinem ersten wichtigen Auslandsbesuch seit seinem Wahlsieg im Mai seinen japanischen Amtskollegen Shinzo Abe in Toko , um wirtschaftliche und sicherheitspolitische Beziehungen zu besprechen .
2026-05-12 00:30:28,035 - INFO - joeynmt.training - 	Reference:  India &apos;s new prime minister , Narendra Modi , is meeting his Japanese counterpart , Shinzo Abe , in Tokyo to discuss economic and security ties , on his first major foreign visit since winning May &apos;s election .
2026-05-12 00:30:28,035 - INFO - joeynmt.training - 	Hypothesis: India , Narendra Modi , the first German Prime Minister Narendi , has been a first important exclusive extraordinary Amsterdam , the Shinzo Abe Asan Asan America , economic and security political relations .
2026-05-12 00:30:28,035 - INFO - joeynmt.training - Example #2
2026-05-12 00:30:28,035 - DEBUG - joeynmt.training - 	Tokenized source:     ['Herr', 'Mo@@', 'd@@', 'i', 'befindet', 'sich', 'auf', 'einer', 'fü@@', 'n@@', 'f@@', 'tä@@', 'gi@@', 'gen', 'Rei@@', 'se', 'nach', 'J@@', 'ap@@', 'an', ',', 'um', 'die', 'wirtschaf@@', 'tlichen', 'Be@@', 'zieh@@', 'ungen', 'mit', 'der', 'd@@', 'rit@@', 't@@', 'größ@@', 'ten', 'Wirtschafts@@', 'n@@', 'ation', 'der', 'Welt', 'zu', 'fes@@', 'tigen', '.']
2026-05-12 00:30:28,035 - DEBUG - joeynmt.training - 	Tokenized reference:  ['Mr', 'Mo@@', 'd@@', 'i', 'is', 'on', 'a', 'fi@@', 've', '@@@', '-@@', '@', 'day', 'tri@@', 'p', 'to', 'J@@', 'ap@@', 'an', 'to', 'streng@@', 'then', 'economic', 'ties', 'with', 'the', 'third', 'lar@@', 'ges@@', 't', 'econom@@', 'y', 'in', 'the', 'world', '.']
2026-05-12 00:30:28,035 - DEBUG - joeynmt.training - 	Tokenized hypothesis: ['Mr', 'Mo@@', 'd@@', 'i', 'is', 'a', 'fi@@', 'f@@', 'te@@', 'en', 'ser@@', 'ies', 'for', 'J@@', 'ap@@', 'an', 'to', 'J@@', 'ap@@', 'an', 'to', 'J@@', 'ap@@', 'an', 'to', 'J@@', 'ap@@', 'an', ',', 'to', 'be', 'able', 'to', 'mo@@', 've', 'the', 'economic', 'n@@', 'ation', 'of', 'the', 'world', '.', '</s>']
2026-05-12 00:30:28,035 - INFO - joeynmt.training - 	Source:     Herr Modi befindet sich auf einer fünftägigen Reise nach Japan , um die wirtschaftlichen Beziehungen mit der drittgrößten Wirtschaftsnation der Welt zu festigen .
2026-05-12 00:30:28,035 - INFO - joeynmt.training - 	Reference:  Mr Modi is on a five @-@ day trip to Japan to strengthen economic ties with the third largest economy in the world .
2026-05-12 00:30:28,035 - INFO - joeynmt.training - 	Hypothesis: Mr Modi is a fifteen series for Japan to Japan to Japan to Japan , to be able to move the economic nation of the world .
2026-05-12 00:30:28,035 - INFO - joeynmt.training - Example #3
2026-05-12 00:30:28,035 - DEBUG - joeynmt.training - 	Tokenized source:     ['P@@', 'län@@', 'e', 'für', 'eine', 'stärk@@', 'ere', 'k@@', 'ern@@', 'techn@@', 'ische', 'Zusammenarbeit', 'stehen', 'ganz', 'ob@@', 'en', 'auf', 'der', 'Tag@@', 'es@@', 'ordnung', '.']
2026-05-12 00:30:28,035 - DEBUG - joeynmt.training - 	Tokenized reference:  ['high', 'on', 'the', 'agen@@', 'da', 'are', 'pl@@', 'ans', 'for', 'gre@@', 'ater', 'nu@@', 'clear', 'c@@', 'o', '@@@', '-@@', '@', 'operation', '.']
2026-05-12 00:30:28,035 - DEBUG - joeynmt.training - 	Tokenized hypothesis: ['P@@', 'en@@', 'op@@', 'e', 'for', 'a', 'more', 'str@@', 'ong', 'techn@@', 'ical', 'cooperation', ',', 'on', 'the', 'agen@@', 'da', '.', '</s>']
2026-05-12 00:30:28,036 - INFO - joeynmt.training - 	Source:     Pläne für eine stärkere kerntechnische Zusammenarbeit stehen ganz oben auf der Tagesordnung .
2026-05-12 00:30:28,036 - INFO - joeynmt.training - 	Reference:  high on the agenda are plans for greater nuclear co @-@ operation .
2026-05-12 00:30:28,036 - INFO - joeynmt.training - 	Hypothesis: Penope for a more strong technical cooperation , on the agenda .
2026-05-12 00:30:28,036 - INFO - joeynmt.training - Example #4
2026-05-12 00:30:28,036 - DEBUG - joeynmt.training - 	Tokenized source:     ['Berich@@', 'ten', 'zu@@', 'fol@@', 'ge', 'ho@@', 'fft', 'Indi@@', 'en', 'darüber', 'hinaus', 'auf', 'einen', 'Ver@@', 'trag', 'zur', 'Ver@@', 'tei@@', 'dig@@', 'ungs@@', 'zusammen@@', 'arbeit', 'zwischen', 'den', 'beiden', 'N@@', 'ationen', '.']
2026-05-12 00:30:28,036 - DEBUG - joeynmt.training - 	Tokenized reference:  ['Indi@@', 'a', 'is', 'also', 're@@', 'porte@@', 'dly', 'hop@@', 'ing', 'for', 'a', 'de@@', 'al', 'on', 'def@@', 'ence', 'c@@', 'oll@@', 'ab@@', 'or@@', 'ation', 'between', 'the', 'two', 'n@@', 'ations', '.']
2026-05-12 00:30:28,036 - DEBUG - joeynmt.training - 	Tokenized hypothesis: ['mo@@', 're@@', 'over', ',', 'Indi@@', 'a', ',', 'Indi@@', 'a', '&apos;s', 'con@@', 'text', 'on', 'a', 'con@@', 'text', 'on', 'a', 'con@@', 'text', 'of', 'the', 'two', 'N@@', 'ations', '.', '</s>']
2026-05-12 00:30:28,036 - INFO - joeynmt.training - 	Source:     Berichten zufolge hofft Indien darüber hinaus auf einen Vertrag zur Verteidigungszusammenarbeit zwischen den beiden Nationen .
2026-05-12 00:30:28,036 - INFO - joeynmt.training - 	Reference:  India is also reportedly hoping for a deal on defence collaboration between the two nations .
2026-05-12 00:30:28,036 - INFO - joeynmt.training - 	Hypothesis: moreover , India , India &apos;s context on a context on a context of the two Nations .
2026-05-12 00:30:55,801 - INFO - joeynmt.training - Epoch   5, Step:    17100, Batch Loss:     1.837809, Batch Acc: 0.465068, Tokens per Sec:     3254, Lr: 0.000300
2026-05-12 00:31:24,280 - INFO - joeynmt.training - Epoch   5, Step:    17200, Batch Loss:     2.026072, Batch Acc: 0.471472, Tokens per Sec:     3187, Lr: 0.000300
2026-05-12 00:31:52,651 - INFO - joeynmt.training - Epoch   5, Step:    17300, Batch Loss:     2.128675, Batch Acc: 0.468131, Tokens per Sec:     3255, Lr: 0.000300
2026-05-12 00:32:20,613 - INFO - joeynmt.training - Epoch   5, Step:    17400, Batch Loss:     2.351042, Batch Acc: 0.471616, Tokens per Sec:     3270, Lr: 0.000300
2026-05-12 00:32:48,708 - INFO - joeynmt.training - Epoch   5, Step:    17500, Batch Loss:     2.004786, Batch Acc: 0.468001, Tokens per Sec:     3321, Lr: 0.000300
2026-05-12 00:32:48,709 - INFO - joeynmt.prediction - Predicting 500 example(s)... (Greedy decoding with min_output_length=1, max_output_length=-1, return_prob='none', generate_unk=True, repetition_penalty=-1, no_repeat_ngram_size=-1)
2026-05-12 00:33:23,431 - INFO - joeynmt.prediction - Evaluation result (greedy) loss:   2.34, ppl:  10.36, acc:   0.40, generation: 34.7144[sec], evaluation: 0.0000[sec]
2026-05-12 00:33:23,434 - INFO - joeynmt.training - Hooray! New best validation result [ppl]!
2026-05-12 00:33:23,620 - INFO - joeynmt.helpers - delete models/deen_transformer_post/15000.ckpt
2026-05-12 00:33:23,622 - INFO - joeynmt.training - Example #0
2026-05-12 00:33:23,622 - DEBUG - joeynmt.training - 	Tokenized source:     ['die', 'Pre@@', 'mi@@', 'er@@', 'minist@@', 'er', 'Indi@@', 'ens', 'und', 'J@@', 'ap@@', 'ans', 'tra@@', 'fen', 'sich', 'in', 'T@@', 'ok@@', 'i@@', 'o', '.']
2026-05-12 00:33:23,622 - DEBUG - joeynmt.training - 	Tokenized reference:  ['Indi@@', 'a', 'and', 'J@@', 'ap@@', 'an', 'pri@@', 'me', 'minist@@', 'ers', 'me@@', 'et', 'in', 'T@@', 'ok@@', 'y@@', 'o']
2026-05-12 00:33:23,622 - DEBUG - joeynmt.training - 	Tokenized hypothesis: ['the', 'Pri@@', 'me', 'Minist@@', 'er', 'and', 'J@@', 'ap@@', 'ans', 'in', 'T@@', 'ok@@', 'i@@', 'o', '.', '</s>']
2026-05-12 00:33:23,623 - INFO - joeynmt.training - 	Source:     die Premierminister Indiens und Japans trafen sich in Tokio .
2026-05-12 00:33:23,623 - INFO - joeynmt.training - 	Reference:  India and Japan prime ministers meet in Tokyo
2026-05-12 00:33:23,623 - INFO - joeynmt.training - 	Hypothesis: the Prime Minister and Japans in Tokio .
2026-05-12 00:33:23,623 - INFO - joeynmt.training - Example #1
2026-05-12 00:33:23,623 - DEBUG - joeynmt.training - 	Tokenized source:     ['Indi@@', 'ens', 'neu@@', 'er', 'Pre@@', 'mi@@', 'er@@', 'minist@@', 'er', 'N@@', 'ar@@', 'end@@', 'ra', 'Mo@@', 'd@@', 'i', 'tri@@', 'fft', 'bei', 's@@', 'einem', 'ersten', 'wichti@@', 'gen', 'Aus@@', 'land@@', 's@@', 'bes@@', 'u@@', 'ch', 'seit', 's@@', 'einem', 'W@@', 'ah@@', 'l@@', 'si@@', 'e@@', 'g', 'im', 'Ma@@', 'i', 'seinen', 'j@@', 'ap@@', 'an@@', 'ischen', 'Am@@', 'ts@@', 'k@@', 'olle@@', 'gen', 'S@@', 'hin@@', 'z@@', 'o', 'A@@', 'be', 'in', 'T@@', 'ok@@', 'o', ',', 'um', 'wirtschaf@@', 'tliche', 'und', 'sicher@@', 'heits@@', 'politische', 'Be@@', 'zieh@@', 'ungen', 'zu', 'bes@@', 'pre@@', 'chen', '.']
2026-05-12 00:33:23,623 - DEBUG - joeynmt.training - 	Tokenized reference:  ['Indi@@', 'a', '&apos;s', 'new', 'pri@@', 'me', 'minist@@', 'er', ',', 'N@@', 'ar@@', 'end@@', 'ra', 'Mo@@', 'd@@', 'i', ',', 'is', 'me@@', 'eting', 'his', 'J@@', 'ap@@', 'an@@', 'ese', 'coun@@', 'ter@@', 'part', ',', 'S@@', 'hin@@', 'z@@', 'o', 'A@@', 'be', ',', 'in', 'T@@', 'ok@@', 'y@@', 'o', 'to', 'disc@@', 'uss', 'economic', 'and', 'security', 'ties', ',', 'on', 'his', 'first', 'major', 'fore@@', 'ign', 'visi@@', 't', 'since', 'w@@', 'inn@@', 'ing', 'Ma@@', 'y', '&apos;s', 'elec@@', 'tion', '.']
2026-05-12 00:33:23,623 - DEBUG - joeynmt.training - 	Tokenized hypothesis: ['Indi@@', 'a', '&apos;s', 'Pri@@', 'me', 'Minist@@', 'er', 'N@@', 'ar@@', 'end@@', 'ra', 'Mo@@', 'd@@', 'i', ',', 'in', 'his', 'first', 'of', 'all', 'of', 'the', 'first', 'important', 'ex@@', 't@@', 'ent', ',', 'since', 'his', 'first', 'of', 'all', 'of', 'the', 'S@@', 'hin@@', 'z@@', 'o', 'A@@', 'be', 'in', 'the', 'Ma@@', 'y', 'of', 'S@@', 'hin@@', 'z@@', 'o', 'A@@', 'be', 'in', 'T@@', 'ok@@', 'o', ',', 'and', 'the', 'security', 'policy', 'rel@@', 'ations', '.', '</s>']
2026-05-12 00:33:23,623 - INFO - joeynmt.training - 	Source:     Indiens neuer Premierminister Narendra Modi trifft bei seinem ersten wichtigen Auslandsbesuch seit seinem Wahlsieg im Mai seinen japanischen Amtskollegen Shinzo Abe in Toko , um wirtschaftliche und sicherheitspolitische Beziehungen zu besprechen .
2026-05-12 00:33:23,623 - INFO - joeynmt.training - 	Reference:  India &apos;s new prime minister , Narendra Modi , is meeting his Japanese counterpart , Shinzo Abe , in Tokyo to discuss economic and security ties , on his first major foreign visit since winning May &apos;s election .
2026-05-12 00:33:23,623 - INFO - joeynmt.training - 	Hypothesis: India &apos;s Prime Minister Narendra Modi , in his first of all of the first important extent , since his first of all of the Shinzo Abe in the May of Shinzo Abe in Toko , and the security policy relations .
2026-05-12 00:33:23,623 - INFO - joeynmt.training - Example #2
2026-05-12 00:33:23,623 - DEBUG - joeynmt.training - 	Tokenized source:     ['Herr', 'Mo@@', 'd@@', 'i', 'befindet', 'sich', 'auf', 'einer', 'fü@@', 'n@@', 'f@@', 'tä@@', 'gi@@', 'gen', 'Rei@@', 'se', 'nach', 'J@@', 'ap@@', 'an', ',', 'um', 'die', 'wirtschaf@@', 'tlichen', 'Be@@', 'zieh@@', 'ungen', 'mit', 'der', 'd@@', 'rit@@', 't@@', 'größ@@', 'ten', 'Wirtschafts@@', 'n@@', 'ation', 'der', 'Welt', 'zu', 'fes@@', 'tigen', '.']
2026-05-12 00:33:23,623 - DEBUG - joeynmt.training - 	Tokenized reference:  ['Mr', 'Mo@@', 'd@@', 'i', 'is', 'on', 'a', 'fi@@', 've', '@@@', '-@@', '@', 'day', 'tri@@', 'p', 'to', 'J@@', 'ap@@', 'an', 'to', 'streng@@', 'then', 'economic', 'ties', 'with', 'the', 'third', 'lar@@', 'ges@@', 't', 'econom@@', 'y', 'in', 'the', 'world', '.']
2026-05-12 00:33:23,623 - DEBUG - joeynmt.training - 	Tokenized hypothesis: ['Mr', 'Mo@@', 'd@@', 'i', 'is', 'located', 'on', 'a', 'fi@@', 'f@@', 'te@@', 'en', 'number', 'of', 'tra@@', 'ff@@', 'ic', 'in', 'order', 'to', 'make', 'the', 'economic', 'rel@@', 'ations', 'with', 'the', 'third', 'of', 'the', 'world', '.', '</s>']
2026-05-12 00:33:23,623 - INFO - joeynmt.training - 	Source:     Herr Modi befindet sich auf einer fünftägigen Reise nach Japan , um die wirtschaftlichen Beziehungen mit der drittgrößten Wirtschaftsnation der Welt zu festigen .
2026-05-12 00:33:23,624 - INFO - joeynmt.training - 	Reference:  Mr Modi is on a five @-@ day trip to Japan to strengthen economic ties with the third largest economy in the world .
2026-05-12 00:33:23,624 - INFO - joeynmt.training - 	Hypothesis: Mr Modi is located on a fifteen number of traffic in order to make the economic relations with the third of the world .
2026-05-12 00:33:23,624 - INFO - joeynmt.training - Example #3
2026-05-12 00:33:23,624 - DEBUG - joeynmt.training - 	Tokenized source:     ['P@@', 'län@@', 'e', 'für', 'eine', 'stärk@@', 'ere', 'k@@', 'ern@@', 'techn@@', 'ische', 'Zusammenarbeit', 'stehen', 'ganz', 'ob@@', 'en', 'auf', 'der', 'Tag@@', 'es@@', 'ordnung', '.']
2026-05-12 00:33:23,624 - DEBUG - joeynmt.training - 	Tokenized reference:  ['high', 'on', 'the', 'agen@@', 'da', 'are', 'pl@@', 'ans', 'for', 'gre@@', 'ater', 'nu@@', 'clear', 'c@@', 'o', '@@@', '-@@', '@', 'operation', '.']
2026-05-12 00:33:23,624 - DEBUG - joeynmt.training - 	Tokenized hypothesis: ['P@@', 'en@@', 'ab@@', 'ling', 'a', 'more', 'str@@', 'ong', 'techn@@', 'ical', 'cooperation', '.', '</s>']
2026-05-12 00:33:23,624 - INFO - joeynmt.training - 	Source:     Pläne für eine stärkere kerntechnische Zusammenarbeit stehen ganz oben auf der Tagesordnung .
2026-05-12 00:33:23,624 - INFO - joeynmt.training - 	Reference:  high on the agenda are plans for greater nuclear co @-@ operation .
2026-05-12 00:33:23,624 - INFO - joeynmt.training - 	Hypothesis: Penabling a more strong technical cooperation .
2026-05-12 00:33:23,624 - INFO - joeynmt.training - Example #4
2026-05-12 00:33:23,624 - DEBUG - joeynmt.training - 	Tokenized source:     ['Berich@@', 'ten', 'zu@@', 'fol@@', 'ge', 'ho@@', 'fft', 'Indi@@', 'en', 'darüber', 'hinaus', 'auf', 'einen', 'Ver@@', 'trag', 'zur', 'Ver@@', 'tei@@', 'dig@@', 'ungs@@', 'zusammen@@', 'arbeit', 'zwischen', 'den', 'beiden', 'N@@', 'ationen', '.']
2026-05-12 00:33:23,624 - DEBUG - joeynmt.training - 	Tokenized reference:  ['Indi@@', 'a', 'is', 'also', 're@@', 'porte@@', 'dly', 'hop@@', 'ing', 'for', 'a', 'de@@', 'al', 'on', 'def@@', 'ence', 'c@@', 'oll@@', 'ab@@', 'or@@', 'ation', 'between', 'the', 'two', 'n@@', 'ations', '.']
2026-05-12 00:33:23,624 - DEBUG - joeynmt.training - 	Tokenized hypothesis: ['mo@@', 're@@', 'over', ',', 'Indi@@', 'a', '&apos;s', 'report', 'on', 'a', 'Tre@@', 'aty', 'on', 'def@@', 'en@@', 'ding', 'and', 'the', 'two', 'N@@', 'ations', '.', '</s>']
2026-05-12 00:33:23,624 - INFO - joeynmt.training - 	Source:     Berichten zufolge hofft Indien darüber hinaus auf einen Vertrag zur Verteidigungszusammenarbeit zwischen den beiden Nationen .
2026-05-12 00:33:23,624 - INFO - joeynmt.training - 	Reference:  India is also reportedly hoping for a deal on defence collaboration between the two nations .
2026-05-12 00:33:23,624 - INFO - joeynmt.training - 	Hypothesis: moreover , India &apos;s report on a Treaty on defending and the two Nations .
2026-05-12 00:33:51,804 - INFO - joeynmt.training - Epoch   5, Step:    17600, Batch Loss:     1.922034, Batch Acc: 0.472141, Tokens per Sec:     3190, Lr: 0.000300
2026-05-12 00:34:20,122 - INFO - joeynmt.training - Epoch   5, Step:    17700, Batch Loss:     2.068058, Batch Acc: 0.469547, Tokens per Sec:     3216, Lr: 0.000300
2026-05-12 00:34:48,545 - INFO - joeynmt.training - Epoch   5, Step:    17800, Batch Loss:     1.885472, Batch Acc: 0.468308, Tokens per Sec:     3262, Lr: 0.000300
2026-05-12 00:35:16,604 - INFO - joeynmt.training - Epoch   5, Step:    17900, Batch Loss:     1.878263, Batch Acc: 0.471965, Tokens per Sec:     3284, Lr: 0.000300
2026-05-12 00:35:45,323 - INFO - joeynmt.training - Epoch   5, Step:    18000, Batch Loss:     2.076333, Batch Acc: 0.473917, Tokens per Sec:     3194, Lr: 0.000300
2026-05-12 00:35:45,324 - INFO - joeynmt.prediction - Predicting 500 example(s)... (Greedy decoding with min_output_length=1, max_output_length=-1, return_prob='none', generate_unk=True, repetition_penalty=-1, no_repeat_ngram_size=-1)
2026-05-12 00:36:20,112 - INFO - joeynmt.prediction - Evaluation result (greedy) loss:   2.33, ppl:  10.29, acc:   0.40, generation: 34.7785[sec], evaluation: 0.0000[sec]
2026-05-12 00:36:20,114 - INFO - joeynmt.training - Hooray! New best validation result [ppl]!
2026-05-12 00:36:20,308 - INFO - joeynmt.helpers - delete models/deen_transformer_post/15500.ckpt
2026-05-12 00:36:20,311 - INFO - joeynmt.training - Example #0
2026-05-12 00:36:20,311 - DEBUG - joeynmt.training - 	Tokenized source:     ['die', 'Pre@@', 'mi@@', 'er@@', 'minist@@', 'er', 'Indi@@', 'ens', 'und', 'J@@', 'ap@@', 'ans', 'tra@@', 'fen', 'sich', 'in', 'T@@', 'ok@@', 'i@@', 'o', '.']
2026-05-12 00:36:20,311 - DEBUG - joeynmt.training - 	Tokenized reference:  ['Indi@@', 'a', 'and', 'J@@', 'ap@@', 'an', 'pri@@', 'me', 'minist@@', 'ers', 'me@@', 'et', 'in', 'T@@', 'ok@@', 'y@@', 'o']
2026-05-12 00:36:20,311 - DEBUG - joeynmt.training - 	Tokenized hypothesis: ['the', 'Pri@@', 'me', 'Minist@@', 'er', 'and', 'J@@', 'ap@@', 'ans', 'are', 'in', 'T@@', 'ok@@', 'i@@', 'o', '.', '</s>']
2026-05-12 00:36:20,311 - INFO - joeynmt.training - 	Source:     die Premierminister Indiens und Japans trafen sich in Tokio .
2026-05-12 00:36:20,311 - INFO - joeynmt.training - 	Reference:  India and Japan prime ministers meet in Tokyo
2026-05-12 00:36:20,311 - INFO - joeynmt.training - 	Hypothesis: the Prime Minister and Japans are in Tokio .
2026-05-12 00:36:20,311 - INFO - joeynmt.training - Example #1
2026-05-12 00:36:20,312 - DEBUG - joeynmt.training - 	Tokenized source:     ['Indi@@', 'ens', 'neu@@', 'er', 'Pre@@', 'mi@@', 'er@@', 'minist@@', 'er', 'N@@', 'ar@@', 'end@@', 'ra', 'Mo@@', 'd@@', 'i', 'tri@@', 'fft', 'bei', 's@@', 'einem', 'ersten', 'wichti@@', 'gen', 'Aus@@', 'land@@', 's@@', 'bes@@', 'u@@', 'ch', 'seit', 's@@', 'einem', 'W@@', 'ah@@', 'l@@', 'si@@', 'e@@', 'g', 'im', 'Ma@@', 'i', 'seinen', 'j@@', 'ap@@', 'an@@', 'ischen', 'Am@@', 'ts@@', 'k@@', 'olle@@', 'gen', 'S@@', 'hin@@', 'z@@', 'o', 'A@@', 'be', 'in', 'T@@', 'ok@@', 'o', ',', 'um', 'wirtschaf@@', 'tliche', 'und', 'sicher@@', 'heits@@', 'politische', 'Be@@', 'zieh@@', 'ungen', 'zu', 'bes@@', 'pre@@', 'chen', '.']
2026-05-12 00:36:20,312 - DEBUG - joeynmt.training - 	Tokenized reference:  ['Indi@@', 'a', '&apos;s', 'new', 'pri@@', 'me', 'minist@@', 'er', ',', 'N@@', 'ar@@', 'end@@', 'ra', 'Mo@@', 'd@@', 'i', ',', 'is', 'me@@', 'eting', 'his', 'J@@', 'ap@@', 'an@@', 'ese', 'coun@@', 'ter@@', 'part', ',', 'S@@', 'hin@@', 'z@@', 'o', 'A@@', 'be', ',', 'in', 'T@@', 'ok@@', 'y@@', 'o', 'to', 'disc@@', 'uss', 'economic', 'and', 'security', 'ties', ',', 'on', 'his', 'first', 'major', 'fore@@', 'ign', 'visi@@', 't', 'since', 'w@@', 'inn@@', 'ing', 'Ma@@', 'y', '&apos;s', 'elec@@', 'tion', '.']
2026-05-12 00:36:20,312 - DEBUG - joeynmt.training - 	Tokenized hypothesis: ['Indi@@', 'a', '&apos;s', 'Pri@@', 'me', 'Minist@@', 'er', 'N@@', 'ar@@', 'end@@', 'ra', 'Mo@@', 'd@@', 'i', ',', 'in', 'his', 'first', 'important', 'ex@@', 'change', 'in', 'his', 'first', 'important', 'ex@@', 'change', 'in', 'the', 'Ma@@', 'y', 'of', 'his', 'first', 'time', 'in', 'the', 'Ma@@', 'y', ',', 'the', 'S@@', 'hin@@', 'z@@', 'o', 'A@@', 'be', ',', 'in', 'T@@', 'ok@@', 'o', ',', 'with', 'its', 'yo@@', 'ung', 'S@@', 'hin@@', 'z@@', 'o', 'A@@', 'be', 'in', 'T@@', 'ok@@', 'o', ',', 'economic', 'and', 'saf@@', 'ety', '.', '</s>']
2026-05-12 00:36:20,312 - INFO - joeynmt.training - 	Source:     Indiens neuer Premierminister Narendra Modi trifft bei seinem ersten wichtigen Auslandsbesuch seit seinem Wahlsieg im Mai seinen japanischen Amtskollegen Shinzo Abe in Toko , um wirtschaftliche und sicherheitspolitische Beziehungen zu besprechen .
2026-05-12 00:36:20,312 - INFO - joeynmt.training - 	Reference:  India &apos;s new prime minister , Narendra Modi , is meeting his Japanese counterpart , Shinzo Abe , in Tokyo to discuss economic and security ties , on his first major foreign visit since winning May &apos;s election .
2026-05-12 00:36:20,312 - INFO - joeynmt.training - 	Hypothesis: India &apos;s Prime Minister Narendra Modi , in his first important exchange in his first important exchange in the May of his first time in the May , the Shinzo Abe , in Toko , with its young Shinzo Abe in Toko , economic and safety .
2026-05-12 00:36:20,312 - INFO - joeynmt.training - Example #2
2026-05-12 00:36:20,312 - DEBUG - joeynmt.training - 	Tokenized source:     ['Herr', 'Mo@@', 'd@@', 'i', 'befindet', 'sich', 'auf', 'einer', 'fü@@', 'n@@', 'f@@', 'tä@@', 'gi@@', 'gen', 'Rei@@', 'se', 'nach', 'J@@', 'ap@@', 'an', ',', 'um', 'die', 'wirtschaf@@', 'tlichen', 'Be@@', 'zieh@@', 'ungen', 'mit', 'der', 'd@@', 'rit@@', 't@@', 'größ@@', 'ten', 'Wirtschafts@@', 'n@@', 'ation', 'der', 'Welt', 'zu', 'fes@@', 'tigen', '.']
2026-05-12 00:36:20,312 - DEBUG - joeynmt.training - 	Tokenized reference:  ['Mr', 'Mo@@', 'd@@', 'i', 'is', 'on', 'a', 'fi@@', 've', '@@@', '-@@', '@', 'day', 'tri@@', 'p', 'to', 'J@@', 'ap@@', 'an', 'to', 'streng@@', 'then', 'economic', 'ties', 'with', 'the', 'third', 'lar@@', 'ges@@', 't', 'econom@@', 'y', 'in', 'the', 'world', '.']
2026-05-12 00:36:20,312 - DEBUG - joeynmt.training - 	Tokenized hypothesis: ['Mr', 'Mo@@', 'd@@', 'i', 'is', 'a', 'fi@@', 'f@@', 'te@@', 'en', 'ser@@', 'ies', 'for', 'J@@', 'ap@@', 'an', 'to', 'J@@', 'ap@@', 'an', 'to', 'J@@', 'ap@@', 'an', 'to', 'the', 'economic', 'rel@@', 'ations', 'with', 'the', 'third', 'b@@', 'ig@@', 'ges@@', 't', 'economic', 'n@@', 'ation', '.', '</s>']
2026-05-12 00:36:20,312 - INFO - joeynmt.training - 	Source:     Herr Modi befindet sich auf einer fünftägigen Reise nach Japan , um die wirtschaftlichen Beziehungen mit der drittgrößten Wirtschaftsnation der Welt zu festigen .
2026-05-12 00:36:20,312 - INFO - joeynmt.training - 	Reference:  Mr Modi is on a five @-@ day trip to Japan to strengthen economic ties with the third largest economy in the world .
2026-05-12 00:36:20,312 - INFO - joeynmt.training - 	Hypothesis: Mr Modi is a fifteen series for Japan to Japan to Japan to the economic relations with the third biggest economic nation .
2026-05-12 00:36:20,312 - INFO - joeynmt.training - Example #3
2026-05-12 00:36:20,312 - DEBUG - joeynmt.training - 	Tokenized source:     ['P@@', 'län@@', 'e', 'für', 'eine', 'stärk@@', 'ere', 'k@@', 'ern@@', 'techn@@', 'ische', 'Zusammenarbeit', 'stehen', 'ganz', 'ob@@', 'en', 'auf', 'der', 'Tag@@', 'es@@', 'ordnung', '.']
2026-05-12 00:36:20,312 - DEBUG - joeynmt.training - 	Tokenized reference:  ['high', 'on', 'the', 'agen@@', 'da', 'are', 'pl@@', 'ans', 'for', 'gre@@', 'ater', 'nu@@', 'clear', 'c@@', 'o', '@@@', '-@@', '@', 'operation', '.']
2026-05-12 00:36:20,312 - DEBUG - joeynmt.training - 	Tokenized hypothesis: ['P@@', 'lon@@', 'g@@', '-@@', 'term', 'techn@@', 'ical', 'cooperation', 'are', 'very', 'ob@@', 'tain@@', 'ed', 'on', 'the', 'agen@@', 'da', '.', '</s>']
2026-05-12 00:36:20,313 - INFO - joeynmt.training - 	Source:     Pläne für eine stärkere kerntechnische Zusammenarbeit stehen ganz oben auf der Tagesordnung .
2026-05-12 00:36:20,313 - INFO - joeynmt.training - 	Reference:  high on the agenda are plans for greater nuclear co @-@ operation .
2026-05-12 00:36:20,313 - INFO - joeynmt.training - 	Hypothesis: Plong-term technical cooperation are very obtained on the agenda .
2026-05-12 00:36:20,313 - INFO - joeynmt.training - Example #4
2026-05-12 00:36:20,313 - DEBUG - joeynmt.training - 	Tokenized source:     ['Berich@@', 'ten', 'zu@@', 'fol@@', 'ge', 'ho@@', 'fft', 'Indi@@', 'en', 'darüber', 'hinaus', 'auf', 'einen', 'Ver@@', 'trag', 'zur', 'Ver@@', 'tei@@', 'dig@@', 'ungs@@', 'zusammen@@', 'arbeit', 'zwischen', 'den', 'beiden', 'N@@', 'ationen', '.']
2026-05-12 00:36:20,313 - DEBUG - joeynmt.training - 	Tokenized reference:  ['Indi@@', 'a', 'is', 'also', 're@@', 'porte@@', 'dly', 'hop@@', 'ing', 'for', 'a', 'de@@', 'al', 'on', 'def@@', 'ence', 'c@@', 'oll@@', 'ab@@', 'or@@', 'ation', 'between', 'the', 'two', 'n@@', 'ations', '.']
2026-05-12 00:36:20,313 - DEBUG - joeynmt.training - 	Tokenized hypothesis: ['in', 'ad@@', 'dition', ',', 'the', 'reas@@', 'on', ',', 'the', 'con@@', 'text', 'on', 'a', 'Tre@@', 'aty', 'on', 'the', 'con@@', 'text', 'of', 'both', 'N@@', 'ations', '.', '</s>']
2026-05-12 00:36:20,313 - INFO - joeynmt.training - 	Source:     Berichten zufolge hofft Indien darüber hinaus auf einen Vertrag zur Verteidigungszusammenarbeit zwischen den beiden Nationen .
2026-05-12 00:36:20,313 - INFO - joeynmt.training - 	Reference:  India is also reportedly hoping for a deal on defence collaboration between the two nations .
2026-05-12 00:36:20,313 - INFO - joeynmt.training - 	Hypothesis: in addition , the reason , the context on a Treaty on the context of both Nations .
2026-05-12 00:36:49,116 - INFO - joeynmt.training - Epoch   5, Step:    18100, Batch Loss:     1.980649, Batch Acc: 0.468582, Tokens per Sec:     3150, Lr: 0.000300
2026-05-12 00:37:17,216 - INFO - joeynmt.training - Epoch   5, Step:    18200, Batch Loss:     1.928178, Batch Acc: 0.473236, Tokens per Sec:     3242, Lr: 0.000300
2026-05-12 00:37:45,993 - INFO - joeynmt.training - Epoch   5, Step:    18300, Batch Loss:     2.013776, Batch Acc: 0.464138, Tokens per Sec:     3207, Lr: 0.000300
2026-05-12 00:38:14,495 - INFO - joeynmt.training - Epoch   5, Step:    18400, Batch Loss:     2.156276, Batch Acc: 0.463082, Tokens per Sec:     3230, Lr: 0.000300
2026-05-12 00:38:42,982 - INFO - joeynmt.training - Epoch   5, Step:    18500, Batch Loss:     1.900934, Batch Acc: 0.466641, Tokens per Sec:     3273, Lr: 0.000300
2026-05-12 00:38:42,983 - INFO - joeynmt.prediction - Predicting 500 example(s)... (Greedy decoding with min_output_length=1, max_output_length=-1, return_prob='none', generate_unk=True, repetition_penalty=-1, no_repeat_ngram_size=-1)
2026-05-12 00:39:17,592 - INFO - joeynmt.prediction - Evaluation result (greedy) loss:   2.32, ppl:  10.18, acc:   0.40, generation: 34.5986[sec], evaluation: 0.0000[sec]
2026-05-12 00:39:17,594 - INFO - joeynmt.training - Hooray! New best validation result [ppl]!
2026-05-12 00:39:17,792 - INFO - joeynmt.helpers - delete models/deen_transformer_post/16000.ckpt
2026-05-12 00:39:17,797 - INFO - joeynmt.training - Example #0
2026-05-12 00:39:17,798 - DEBUG - joeynmt.training - 	Tokenized source:     ['die', 'Pre@@', 'mi@@', 'er@@', 'minist@@', 'er', 'Indi@@', 'ens', 'und', 'J@@', 'ap@@', 'ans', 'tra@@', 'fen', 'sich', 'in', 'T@@', 'ok@@', 'i@@', 'o', '.']
2026-05-12 00:39:17,798 - DEBUG - joeynmt.training - 	Tokenized reference:  ['Indi@@', 'a', 'and', 'J@@', 'ap@@', 'an', 'pri@@', 'me', 'minist@@', 'ers', 'me@@', 'et', 'in', 'T@@', 'ok@@', 'y@@', 'o']
2026-05-12 00:39:17,798 - DEBUG - joeynmt.training - 	Tokenized hypothesis: ['the', 'Pri@@', 'me', 'Minist@@', 'er', 'Indi@@', 'a', 'and', 'J@@', 'ap@@', 'ans', ',', 'the', 'Pri@@', 'me', 'Minist@@', 'er', ',', 'and', 'J@@', 'ap@@', 'an', '.', '</s>']
2026-05-12 00:39:17,798 - INFO - joeynmt.training - 	Source:     die Premierminister Indiens und Japans trafen sich in Tokio .
2026-05-12 00:39:17,798 - INFO - joeynmt.training - 	Reference:  India and Japan prime ministers meet in Tokyo
2026-05-12 00:39:17,798 - INFO - joeynmt.training - 	Hypothesis: the Prime Minister India and Japans , the Prime Minister , and Japan .
2026-05-12 00:39:17,798 - INFO - joeynmt.training - Example #1
2026-05-12 00:39:17,798 - DEBUG - joeynmt.training - 	Tokenized source:     ['Indi@@', 'ens', 'neu@@', 'er', 'Pre@@', 'mi@@', 'er@@', 'minist@@', 'er', 'N@@', 'ar@@', 'end@@', 'ra', 'Mo@@', 'd@@', 'i', 'tri@@', 'fft', 'bei', 's@@', 'einem', 'ersten', 'wichti@@', 'gen', 'Aus@@', 'land@@', 's@@', 'bes@@', 'u@@', 'ch', 'seit', 's@@', 'einem', 'W@@', 'ah@@', 'l@@', 'si@@', 'e@@', 'g', 'im', 'Ma@@', 'i', 'seinen', 'j@@', 'ap@@', 'an@@', 'ischen', 'Am@@', 'ts@@', 'k@@', 'olle@@', 'gen', 'S@@', 'hin@@', 'z@@', 'o', 'A@@', 'be', 'in', 'T@@', 'ok@@', 'o', ',', 'um', 'wirtschaf@@', 'tliche', 'und', 'sicher@@', 'heits@@', 'politische', 'Be@@', 'zieh@@', 'ungen', 'zu', 'bes@@', 'pre@@', 'chen', '.']
2026-05-12 00:39:17,798 - DEBUG - joeynmt.training - 	Tokenized reference:  ['Indi@@', 'a', '&apos;s', 'new', 'pri@@', 'me', 'minist@@', 'er', ',', 'N@@', 'ar@@', 'end@@', 'ra', 'Mo@@', 'd@@', 'i', ',', 'is', 'me@@', 'eting', 'his', 'J@@', 'ap@@', 'an@@', 'ese', 'coun@@', 'ter@@', 'part', ',', 'S@@', 'hin@@', 'z@@', 'o', 'A@@', 'be', ',', 'in', 'T@@', 'ok@@', 'y@@', 'o', 'to', 'disc@@', 'uss', 'economic', 'and', 'security', 'ties', ',', 'on', 'his', 'first', 'major', 'fore@@', 'ign', 'visi@@', 't', 'since', 'w@@', 'inn@@', 'ing', 'Ma@@', 'y', '&apos;s', 'elec@@', 'tion', '.']
2026-05-12 00:39:17,798 - DEBUG - joeynmt.training - 	Tokenized hypothesis: ['Indi@@', 'a', '&apos;s', 'lat@@', 'er', 'Pri@@', 'me', 'Minist@@', 'er', 'N@@', 'ar@@', 'end@@', 'ra', 'Mo@@', 'd@@', 'i', ',', 'in', 'his', 'first', 'important', 'ex@@', 'hi@@', 'bi@@', 'tion', ',', 'his', 'first', 'important', 'ex@@', 'hi@@', 'bi@@', 'tion', 'in', 'Ma@@', 'y', ',', 'his', 'j@@', 'ap@@', 'an@@', 'ese', 'colle@@', 'ag@@', 'u@@', 'es', ',', 'and', 'to', 'ensure', 'economic', 'and', 'security', 'political', 'rel@@', 'ations', '.', '</s>']
2026-05-12 00:39:17,798 - INFO - joeynmt.training - 	Source:     Indiens neuer Premierminister Narendra Modi trifft bei seinem ersten wichtigen Auslandsbesuch seit seinem Wahlsieg im Mai seinen japanischen Amtskollegen Shinzo Abe in Toko , um wirtschaftliche und sicherheitspolitische Beziehungen zu besprechen .
2026-05-12 00:39:17,798 - INFO - joeynmt.training - 	Reference:  India &apos;s new prime minister , Narendra Modi , is meeting his Japanese counterpart , Shinzo Abe , in Tokyo to discuss economic and security ties , on his first major foreign visit since winning May &apos;s election .
2026-05-12 00:39:17,798 - INFO - joeynmt.training - 	Hypothesis: India &apos;s later Prime Minister Narendra Modi , in his first important exhibition , his first important exhibition in May , his japanese colleagues , and to ensure economic and security political relations .
2026-05-12 00:39:17,798 - INFO - joeynmt.training - Example #2
2026-05-12 00:39:17,799 - DEBUG - joeynmt.training - 	Tokenized source:     ['Herr', 'Mo@@', 'd@@', 'i', 'befindet', 'sich', 'auf', 'einer', 'fü@@', 'n@@', 'f@@', 'tä@@', 'gi@@', 'gen', 'Rei@@', 'se', 'nach', 'J@@', 'ap@@', 'an', ',', 'um', 'die', 'wirtschaf@@', 'tlichen', 'Be@@', 'zieh@@', 'ungen', 'mit', 'der', 'd@@', 'rit@@', 't@@', 'größ@@', 'ten', 'Wirtschafts@@', 'n@@', 'ation', 'der', 'Welt', 'zu', 'fes@@', 'tigen', '.']
2026-05-12 00:39:17,799 - DEBUG - joeynmt.training - 	Tokenized reference:  ['Mr', 'Mo@@', 'd@@', 'i', 'is', 'on', 'a', 'fi@@', 've', '@@@', '-@@', '@', 'day', 'tri@@', 'p', 'to', 'J@@', 'ap@@', 'an', 'to', 'streng@@', 'then', 'economic', 'ties', 'with', 'the', 'third', 'lar@@', 'ges@@', 't', 'econom@@', 'y', 'in', 'the', 'world', '.']
2026-05-12 00:39:17,799 - DEBUG - joeynmt.training - 	Tokenized hypothesis: ['Mr', 'Mo@@', 'd@@', 'i', 'is', 'a', 'f@@', 'air', 'de@@', 'sign', 'of', 'J@@', 'ap@@', 'an', ',', 'to', 'J@@', 'ap@@', 'an', ',', 'to', 'J@@', 'ap@@', 'an', ',', 'to', 'the', 'economic', 'rel@@', 'ations', 'with', 'the', 'third', 'b@@', 'ir@@', 'th', 'of', 'the', 'world', '.', '</s>']
2026-05-12 00:39:17,799 - INFO - joeynmt.training - 	Source:     Herr Modi befindet sich auf einer fünftägigen Reise nach Japan , um die wirtschaftlichen Beziehungen mit der drittgrößten Wirtschaftsnation der Welt zu festigen .
2026-05-12 00:39:17,799 - INFO - joeynmt.training - 	Reference:  Mr Modi is on a five @-@ day trip to Japan to strengthen economic ties with the third largest economy in the world .
2026-05-12 00:39:17,799 - INFO - joeynmt.training - 	Hypothesis: Mr Modi is a fair design of Japan , to Japan , to Japan , to the economic relations with the third birth of the world .
2026-05-12 00:39:17,799 - INFO - joeynmt.training - Example #3
2026-05-12 00:39:17,799 - DEBUG - joeynmt.training - 	Tokenized source:     ['P@@', 'län@@', 'e', 'für', 'eine', 'stärk@@', 'ere', 'k@@', 'ern@@', 'techn@@', 'ische', 'Zusammenarbeit', 'stehen', 'ganz', 'ob@@', 'en', 'auf', 'der', 'Tag@@', 'es@@', 'ordnung', '.']
2026-05-12 00:39:17,799 - DEBUG - joeynmt.training - 	Tokenized reference:  ['high', 'on', 'the', 'agen@@', 'da', 'are', 'pl@@', 'ans', 'for', 'gre@@', 'ater', 'nu@@', 'clear', 'c@@', 'o', '@@@', '-@@', '@', 'operation', '.']
2026-05-12 00:39:17,799 - DEBUG - joeynmt.training - 	Tokenized hypothesis: ['P@@', 'ru@@', 'ru@@', 'le', 'for', 'more', 'str@@', 'ong', 'techn@@', 'ical', 'cooperation', 'is', 'the', 'most', 'c@@', 'are@@', 'ful', 'and', 'the', 'agen@@', 'da', '.', '</s>']
2026-05-12 00:39:17,799 - INFO - joeynmt.training - 	Source:     Pläne für eine stärkere kerntechnische Zusammenarbeit stehen ganz oben auf der Tagesordnung .
2026-05-12 00:39:17,799 - INFO - joeynmt.training - 	Reference:  high on the agenda are plans for greater nuclear co @-@ operation .
2026-05-12 00:39:17,799 - INFO - joeynmt.training - 	Hypothesis: Prurule for more strong technical cooperation is the most careful and the agenda .
2026-05-12 00:39:17,799 - INFO - joeynmt.training - Example #4
2026-05-12 00:39:17,799 - DEBUG - joeynmt.training - 	Tokenized source:     ['Berich@@', 'ten', 'zu@@', 'fol@@', 'ge', 'ho@@', 'fft', 'Indi@@', 'en', 'darüber', 'hinaus', 'auf', 'einen', 'Ver@@', 'trag', 'zur', 'Ver@@', 'tei@@', 'dig@@', 'ungs@@', 'zusammen@@', 'arbeit', 'zwischen', 'den', 'beiden', 'N@@', 'ationen', '.']
2026-05-12 00:39:17,799 - DEBUG - joeynmt.training - 	Tokenized reference:  ['Indi@@', 'a', 'is', 'also', 're@@', 'porte@@', 'dly', 'hop@@', 'ing', 'for', 'a', 'de@@', 'al', 'on', 'def@@', 'ence', 'c@@', 'oll@@', 'ab@@', 'or@@', 'ation', 'between', 'the', 'two', 'n@@', 'ations', '.']
2026-05-12 00:39:17,799 - DEBUG - joeynmt.training - 	Tokenized hypothesis: ['re@@', 'ports', 'on', 'the', 'basis', 'of', 'the', 'two', 'N@@', 'ations', 'on', 'the', 'con@@', 'dem@@', 'n', 'between', 'the', 'two', 'N@@', 'ations', '.', '</s>']
2026-05-12 00:39:17,799 - INFO - joeynmt.training - 	Source:     Berichten zufolge hofft Indien darüber hinaus auf einen Vertrag zur Verteidigungszusammenarbeit zwischen den beiden Nationen .
2026-05-12 00:39:17,800 - INFO - joeynmt.training - 	Reference:  India is also reportedly hoping for a deal on defence collaboration between the two nations .
2026-05-12 00:39:17,800 - INFO - joeynmt.training - 	Hypothesis: reports on the basis of the two Nations on the condemn between the two Nations .
2026-05-12 00:39:46,524 - INFO - joeynmt.training - Epoch   5, Step:    18600, Batch Loss:     1.872296, Batch Acc: 0.467424, Tokens per Sec:     3175, Lr: 0.000300
2026-05-12 00:40:14,424 - INFO - joeynmt.training - Epoch   5, Step:    18700, Batch Loss:     1.912300, Batch Acc: 0.471489, Tokens per Sec:     3261, Lr: 0.000300
2026-05-12 00:40:43,134 - INFO - joeynmt.training - Epoch   5, Step:    18800, Batch Loss:     1.893052, Batch Acc: 0.472730, Tokens per Sec:     3189, Lr: 0.000300
2026-05-12 00:41:12,055 - INFO - joeynmt.training - Epoch   5, Step:    18900, Batch Loss:     2.006680, Batch Acc: 0.465971, Tokens per Sec:     3255, Lr: 0.000300
2026-05-12 00:41:40,543 - INFO - joeynmt.training - Epoch   5, Step:    19000, Batch Loss:     1.904887, Batch Acc: 0.470030, Tokens per Sec:     3173, Lr: 0.000300
2026-05-12 00:41:40,544 - INFO - joeynmt.prediction - Predicting 500 example(s)... (Greedy decoding with min_output_length=1, max_output_length=-1, return_prob='none', generate_unk=True, repetition_penalty=-1, no_repeat_ngram_size=-1)
2026-05-12 00:42:22,004 - INFO - joeynmt.prediction - Evaluation result (greedy) loss:   2.31, ppl:  10.06, acc:   0.41, generation: 41.4518[sec], evaluation: 0.0000[sec]
2026-05-12 00:42:22,008 - INFO - joeynmt.training - Hooray! New best validation result [ppl]!
2026-05-12 00:42:22,197 - INFO - joeynmt.helpers - delete models/deen_transformer_post/16500.ckpt
2026-05-12 00:42:22,206 - INFO - joeynmt.training - Example #0
2026-05-12 00:42:22,206 - DEBUG - joeynmt.training - 	Tokenized source:     ['die', 'Pre@@', 'mi@@', 'er@@', 'minist@@', 'er', 'Indi@@', 'ens', 'und', 'J@@', 'ap@@', 'ans', 'tra@@', 'fen', 'sich', 'in', 'T@@', 'ok@@', 'i@@', 'o', '.']
2026-05-12 00:42:22,206 - DEBUG - joeynmt.training - 	Tokenized reference:  ['Indi@@', 'a', 'and', 'J@@', 'ap@@', 'an', 'pri@@', 'me', 'minist@@', 'ers', 'me@@', 'et', 'in', 'T@@', 'ok@@', 'y@@', 'o']
2026-05-12 00:42:22,206 - DEBUG - joeynmt.training - 	Tokenized hypothesis: ['the', 'Pri@@', 'me', 'Minist@@', 'er', 'and', 'J@@', 'ap@@', 'an', ',', 'the', 'Pri@@', 'me', 'Minist@@', 'er', 'of', 'T@@', 'ok@@', 'y@@', 'o', '.', '</s>']
2026-05-12 00:42:22,206 - INFO - joeynmt.training - 	Source:     die Premierminister Indiens und Japans trafen sich in Tokio .
2026-05-12 00:42:22,206 - INFO - joeynmt.training - 	Reference:  India and Japan prime ministers meet in Tokyo
2026-05-12 00:42:22,206 - INFO - joeynmt.training - 	Hypothesis: the Prime Minister and Japan , the Prime Minister of Tokyo .
2026-05-12 00:42:22,206 - INFO - joeynmt.training - Example #1
2026-05-12 00:42:22,207 - DEBUG - joeynmt.training - 	Tokenized source:     ['Indi@@', 'ens', 'neu@@', 'er', 'Pre@@', 'mi@@', 'er@@', 'minist@@', 'er', 'N@@', 'ar@@', 'end@@', 'ra', 'Mo@@', 'd@@', 'i', 'tri@@', 'fft', 'bei', 's@@', 'einem', 'ersten', 'wichti@@', 'gen', 'Aus@@', 'land@@', 's@@', 'bes@@', 'u@@', 'ch', 'seit', 's@@', 'einem', 'W@@', 'ah@@', 'l@@', 'si@@', 'e@@', 'g', 'im', 'Ma@@', 'i', 'seinen', 'j@@', 'ap@@', 'an@@', 'ischen', 'Am@@', 'ts@@', 'k@@', 'olle@@', 'gen', 'S@@', 'hin@@', 'z@@', 'o', 'A@@', 'be', 'in', 'T@@', 'ok@@', 'o', ',', 'um', 'wirtschaf@@', 'tliche', 'und', 'sicher@@', 'heits@@', 'politische', 'Be@@', 'zieh@@', 'ungen', 'zu', 'bes@@', 'pre@@', 'chen', '.']
2026-05-12 00:42:22,207 - DEBUG - joeynmt.training - 	Tokenized reference:  ['Indi@@', 'a', '&apos;s', 'new', 'pri@@', 'me', 'minist@@', 'er', ',', 'N@@', 'ar@@', 'end@@', 'ra', 'Mo@@', 'd@@', 'i', ',', 'is', 'me@@', 'eting', 'his', 'J@@', 'ap@@', 'an@@', 'ese', 'coun@@', 'ter@@', 'part', ',', 'S@@', 'hin@@', 'z@@', 'o', 'A@@', 'be', ',', 'in', 'T@@', 'ok@@', 'y@@', 'o', 'to', 'disc@@', 'uss', 'economic', 'and', 'security', 'ties', ',', 'on', 'his', 'first', 'major', 'fore@@', 'ign', 'visi@@', 't', 'since', 'w@@', 'inn@@', 'ing', 'Ma@@', 'y', '&apos;s', 'elec@@', 'tion', '.']
2026-05-12 00:42:22,207 - DEBUG - joeynmt.training - 	Tokenized hypothesis: ['Indi@@', 'a', '&apos;s', 'Pri@@', 'me', 'Minist@@', 'er', 'N@@', 'ar@@', 'end@@', 'ra', 'Mo@@', 'd@@', 'i', ',', 'the', 'first', 'important', 'ex@@', 'am@@', 'pl@@', 'es', 'of', 'his', 'first', 'important', 'ex@@', 'am@@', 'pl@@', 'es', 'in', 'the', 'Ma@@', 'y', 'of', 'his', 'first', 'first', 'of', 'all', ',', 'the', 'J@@', 'ap@@', 'an@@', 'ese', 'colle@@', 'c@@', 'ting', 'S@@', 'hin@@', 'z@@', 'o', 'A@@', 'be', 'A@@', 'be', 'A@@', 'be', 'A@@', 'gre@@', 'ement', 'in', 'T@@', 'ok@@', 'o', ',', 'and', 'security', 'political', 'rel@@', 'ations', '.', '</s>']
2026-05-12 00:42:22,207 - INFO - joeynmt.training - 	Source:     Indiens neuer Premierminister Narendra Modi trifft bei seinem ersten wichtigen Auslandsbesuch seit seinem Wahlsieg im Mai seinen japanischen Amtskollegen Shinzo Abe in Toko , um wirtschaftliche und sicherheitspolitische Beziehungen zu besprechen .
2026-05-12 00:42:22,207 - INFO - joeynmt.training - 	Reference:  India &apos;s new prime minister , Narendra Modi , is meeting his Japanese counterpart , Shinzo Abe , in Tokyo to discuss economic and security ties , on his first major foreign visit since winning May &apos;s election .
2026-05-12 00:42:22,207 - INFO - joeynmt.training - 	Hypothesis: India &apos;s Prime Minister Narendra Modi , the first important examples of his first important examples in the May of his first first of all , the Japanese collecting Shinzo Abe Abe Abe Agreement in Toko , and security political relations .
2026-05-12 00:42:22,207 - INFO - joeynmt.training - Example #2
2026-05-12 00:42:22,207 - DEBUG - joeynmt.training - 	Tokenized source:     ['Herr', 'Mo@@', 'd@@', 'i', 'befindet', 'sich', 'auf', 'einer', 'fü@@', 'n@@', 'f@@', 'tä@@', 'gi@@', 'gen', 'Rei@@', 'se', 'nach', 'J@@', 'ap@@', 'an', ',', 'um', 'die', 'wirtschaf@@', 'tlichen', 'Be@@', 'zieh@@', 'ungen', 'mit', 'der', 'd@@', 'rit@@', 't@@', 'größ@@', 'ten', 'Wirtschafts@@', 'n@@', 'ation', 'der', 'Welt', 'zu', 'fes@@', 'tigen', '.']
2026-05-12 00:42:22,207 - DEBUG - joeynmt.training - 	Tokenized reference:  ['Mr', 'Mo@@', 'd@@', 'i', 'is', 'on', 'a', 'fi@@', 've', '@@@', '-@@', '@', 'day', 'tri@@', 'p', 'to', 'J@@', 'ap@@', 'an', 'to', 'streng@@', 'then', 'economic', 'ties', 'with', 'the', 'third', 'lar@@', 'ges@@', 't', 'econom@@', 'y', 'in', 'the', 'world', '.']
2026-05-12 00:42:22,207 - DEBUG - joeynmt.training - 	Tokenized hypothesis: ['Mr', 'Mo@@', 'd@@', 'i', 'is', 'a', 'fi@@', 'f@@', 'ty', 'of', 'the', 'world', '&apos;s', 'f@@', 'air@@', 'ness', 'of', 'the', 'world', '&apos;s', 'economic', 'rel@@', 'ations', 'with', 'the', 'third', 'lar@@', 'ges@@', 't', 'economic', 'n@@', 'one', 'of', 'the', 'world', '.', '</s>']
2026-05-12 00:42:22,207 - INFO - joeynmt.training - 	Source:     Herr Modi befindet sich auf einer fünftägigen Reise nach Japan , um die wirtschaftlichen Beziehungen mit der drittgrößten Wirtschaftsnation der Welt zu festigen .
2026-05-12 00:42:22,207 - INFO - joeynmt.training - 	Reference:  Mr Modi is on a five @-@ day trip to Japan to strengthen economic ties with the third largest economy in the world .
2026-05-12 00:42:22,207 - INFO - joeynmt.training - 	Hypothesis: Mr Modi is a fifty of the world &apos;s fairness of the world &apos;s economic relations with the third largest economic none of the world .
2026-05-12 00:42:22,207 - INFO - joeynmt.training - Example #3
2026-05-12 00:42:22,207 - DEBUG - joeynmt.training - 	Tokenized source:     ['P@@', 'län@@', 'e', 'für', 'eine', 'stärk@@', 'ere', 'k@@', 'ern@@', 'techn@@', 'ische', 'Zusammenarbeit', 'stehen', 'ganz', 'ob@@', 'en', 'auf', 'der', 'Tag@@', 'es@@', 'ordnung', '.']
2026-05-12 00:42:22,208 - DEBUG - joeynmt.training - 	Tokenized reference:  ['high', 'on', 'the', 'agen@@', 'da', 'are', 'pl@@', 'ans', 'for', 'gre@@', 'ater', 'nu@@', 'clear', 'c@@', 'o', '@@@', '-@@', '@', 'operation', '.']
2026-05-12 00:42:22,208 - DEBUG - joeynmt.training - 	Tokenized hypothesis: ['P@@', 'develop@@', 'ing', 'for', 'a', 'str@@', 'ong', 'techn@@', 'ical', 'cooperation', '.', '</s>']
2026-05-12 00:42:22,208 - INFO - joeynmt.training - 	Source:     Pläne für eine stärkere kerntechnische Zusammenarbeit stehen ganz oben auf der Tagesordnung .
2026-05-12 00:42:22,208 - INFO - joeynmt.training - 	Reference:  high on the agenda are plans for greater nuclear co @-@ operation .
2026-05-12 00:42:22,208 - INFO - joeynmt.training - 	Hypothesis: Pdeveloping for a strong technical cooperation .
2026-05-12 00:42:22,208 - INFO - joeynmt.training - Example #4
2026-05-12 00:42:22,208 - DEBUG - joeynmt.training - 	Tokenized source:     ['Berich@@', 'ten', 'zu@@', 'fol@@', 'ge', 'ho@@', 'fft', 'Indi@@', 'en', 'darüber', 'hinaus', 'auf', 'einen', 'Ver@@', 'trag', 'zur', 'Ver@@', 'tei@@', 'dig@@', 'ungs@@', 'zusammen@@', 'arbeit', 'zwischen', 'den', 'beiden', 'N@@', 'ationen', '.']
2026-05-12 00:42:22,208 - DEBUG - joeynmt.training - 	Tokenized reference:  ['Indi@@', 'a', 'is', 'also', 're@@', 'porte@@', 'dly', 'hop@@', 'ing', 'for', 'a', 'de@@', 'al', 'on', 'def@@', 'ence', 'c@@', 'oll@@', 'ab@@', 'or@@', 'ation', 'between', 'the', 'two', 'n@@', 'ations', '.']
2026-05-12 00:42:22,208 - DEBUG - joeynmt.training - 	Tokenized hypothesis: ['the', 're@@', 'ports', 'on', 'the', 'con@@', 'text', 'of', 'the', 'Committee', 'on', 'De@@', 'vel@@', 'op@@', 'ment', ',', 'on', 'De@@', 'vel@@', 'op@@', 'ment', 'and', 'the', 'Committee', 'on', 'Bu@@', 'd@@', 'ge@@', 'ts', '.', '</s>']
2026-05-12 00:42:22,208 - INFO - joeynmt.training - 	Source:     Berichten zufolge hofft Indien darüber hinaus auf einen Vertrag zur Verteidigungszusammenarbeit zwischen den beiden Nationen .
2026-05-12 00:42:22,208 - INFO - joeynmt.training - 	Reference:  India is also reportedly hoping for a deal on defence collaboration between the two nations .
2026-05-12 00:42:22,208 - INFO - joeynmt.training - 	Hypothesis: the reports on the context of the Committee on Development , on Development and the Committee on Budgets .
2026-05-12 00:42:51,738 - INFO - joeynmt.training - Epoch   5, Step:    19100, Batch Loss:     1.654564, Batch Acc: 0.472031, Tokens per Sec:     3067, Lr: 0.000300
2026-05-12 00:43:20,724 - INFO - joeynmt.training - Epoch   5, Step:    19200, Batch Loss:     1.716277, Batch Acc: 0.475635, Tokens per Sec:     3151, Lr: 0.000300
2026-05-12 00:43:50,531 - INFO - joeynmt.training - Epoch   5, Step:    19300, Batch Loss:     1.837223, Batch Acc: 0.471243, Tokens per Sec:     3053, Lr: 0.000300
2026-05-12 00:44:19,041 - INFO - joeynmt.training - Epoch   5, Step:    19400, Batch Loss:     2.065234, Batch Acc: 0.471159, Tokens per Sec:     3190, Lr: 0.000300
2026-05-12 00:44:47,323 - INFO - joeynmt.training - Epoch   5, Step:    19500, Batch Loss:     1.854268, Batch Acc: 0.474341, Tokens per Sec:     3268, Lr: 0.000300
2026-05-12 00:44:47,324 - INFO - joeynmt.prediction - Predicting 500 example(s)... (Greedy decoding with min_output_length=1, max_output_length=-1, return_prob='none', generate_unk=True, repetition_penalty=-1, no_repeat_ngram_size=-1)
2026-05-12 00:45:27,814 - INFO - joeynmt.prediction - Evaluation result (greedy) loss:   2.29, ppl:   9.84, acc:   0.41, generation: 40.4816[sec], evaluation: 0.0000[sec]
2026-05-12 00:45:27,816 - INFO - joeynmt.training - Hooray! New best validation result [ppl]!
2026-05-12 00:45:28,006 - INFO - joeynmt.helpers - delete models/deen_transformer_post/17000.ckpt
2026-05-12 00:45:28,016 - INFO - joeynmt.training - Example #0
2026-05-12 00:45:28,016 - DEBUG - joeynmt.training - 	Tokenized source:     ['die', 'Pre@@', 'mi@@', 'er@@', 'minist@@', 'er', 'Indi@@', 'ens', 'und', 'J@@', 'ap@@', 'ans', 'tra@@', 'fen', 'sich', 'in', 'T@@', 'ok@@', 'i@@', 'o', '.']
2026-05-12 00:45:28,016 - DEBUG - joeynmt.training - 	Tokenized reference:  ['Indi@@', 'a', 'and', 'J@@', 'ap@@', 'an', 'pri@@', 'me', 'minist@@', 'ers', 'me@@', 'et', 'in', 'T@@', 'ok@@', 'y@@', 'o']
2026-05-12 00:45:28,016 - DEBUG - joeynmt.training - 	Tokenized hypothesis: ['the', 'pri@@', 'm@@', 'ary', 'minist@@', 'er', 'and', 'J@@', 'ap@@', 'an', '&apos;s', 'pri@@', 'me', 'minist@@', 'er', 'in', 'T@@', 'ok@@', 'y@@', 'o', '.', '</s>']
2026-05-12 00:45:28,017 - INFO - joeynmt.training - 	Source:     die Premierminister Indiens und Japans trafen sich in Tokio .
2026-05-12 00:45:28,017 - INFO - joeynmt.training - 	Reference:  India and Japan prime ministers meet in Tokyo
2026-05-12 00:45:28,017 - INFO - joeynmt.training - 	Hypothesis: the primary minister and Japan &apos;s prime minister in Tokyo .
2026-05-12 00:45:28,017 - INFO - joeynmt.training - Example #1
2026-05-12 00:45:28,017 - DEBUG - joeynmt.training - 	Tokenized source:     ['Indi@@', 'ens', 'neu@@', 'er', 'Pre@@', 'mi@@', 'er@@', 'minist@@', 'er', 'N@@', 'ar@@', 'end@@', 'ra', 'Mo@@', 'd@@', 'i', 'tri@@', 'fft', 'bei', 's@@', 'einem', 'ersten', 'wichti@@', 'gen', 'Aus@@', 'land@@', 's@@', 'bes@@', 'u@@', 'ch', 'seit', 's@@', 'einem', 'W@@', 'ah@@', 'l@@', 'si@@', 'e@@', 'g', 'im', 'Ma@@', 'i', 'seinen', 'j@@', 'ap@@', 'an@@', 'ischen', 'Am@@', 'ts@@', 'k@@', 'olle@@', 'gen', 'S@@', 'hin@@', 'z@@', 'o', 'A@@', 'be', 'in', 'T@@', 'ok@@', 'o', ',', 'um', 'wirtschaf@@', 'tliche', 'und', 'sicher@@', 'heits@@', 'politische', 'Be@@', 'zieh@@', 'ungen', 'zu', 'bes@@', 'pre@@', 'chen', '.']
2026-05-12 00:45:28,017 - DEBUG - joeynmt.training - 	Tokenized reference:  ['Indi@@', 'a', '&apos;s', 'new', 'pri@@', 'me', 'minist@@', 'er', ',', 'N@@', 'ar@@', 'end@@', 'ra', 'Mo@@', 'd@@', 'i', ',', 'is', 'me@@', 'eting', 'his', 'J@@', 'ap@@', 'an@@', 'ese', 'coun@@', 'ter@@', 'part', ',', 'S@@', 'hin@@', 'z@@', 'o', 'A@@', 'be', ',', 'in', 'T@@', 'ok@@', 'y@@', 'o', 'to', 'disc@@', 'uss', 'economic', 'and', 'security', 'ties', ',', 'on', 'his', 'first', 'major', 'fore@@', 'ign', 'visi@@', 't', 'since', 'w@@', 'inn@@', 'ing', 'Ma@@', 'y', '&apos;s', 'elec@@', 'tion', '.']
2026-05-12 00:45:28,017 - DEBUG - joeynmt.training - 	Tokenized hypothesis: ['Indi@@', 'a', '&apos;s', 'Pri@@', 'me', 'Minist@@', 'er', 'N@@', 'ar@@', 'end@@', 'ra', 'Mo@@', 'd@@', 'i', ',', 'in', 'his', 'first', 'important', 'ex@@', 'am@@', 'in@@', 'ed', 'in', 'his', 'first', 'first', 'of', 'all', 'the', 'year', ',', 'since', 'a', 'year', ',', 'since', 'a', 'Ma@@', 'y', 'in', 'M@@', 'us@@', 'c@@', 'in@@', 'em@@', 'o', 'A@@', 'be', 'A@@', 'be', 'A@@', 'be', 'A@@', 'be', 'in', 'T@@', 'ok@@', 'o', ',', 'and', 'is', 'a', 'very', 'important', 'ex@@', 'ec@@', 'ute', 'economic', 'and', 'security', 'policy', 'rel@@', 'ations', '.', '</s>']
2026-05-12 00:45:28,017 - INFO - joeynmt.training - 	Source:     Indiens neuer Premierminister Narendra Modi trifft bei seinem ersten wichtigen Auslandsbesuch seit seinem Wahlsieg im Mai seinen japanischen Amtskollegen Shinzo Abe in Toko , um wirtschaftliche und sicherheitspolitische Beziehungen zu besprechen .
2026-05-12 00:45:28,017 - INFO - joeynmt.training - 	Reference:  India &apos;s new prime minister , Narendra Modi , is meeting his Japanese counterpart , Shinzo Abe , in Tokyo to discuss economic and security ties , on his first major foreign visit since winning May &apos;s election .
2026-05-12 00:45:28,017 - INFO - joeynmt.training - 	Hypothesis: India &apos;s Prime Minister Narendra Modi , in his first important examined in his first first of all the year , since a year , since a May in Muscinemo Abe Abe Abe Abe in Toko , and is a very important execute economic and security policy relations .
2026-05-12 00:45:28,017 - INFO - joeynmt.training - Example #2
2026-05-12 00:45:28,018 - DEBUG - joeynmt.training - 	Tokenized source:     ['Herr', 'Mo@@', 'd@@', 'i', 'befindet', 'sich', 'auf', 'einer', 'fü@@', 'n@@', 'f@@', 'tä@@', 'gi@@', 'gen', 'Rei@@', 'se', 'nach', 'J@@', 'ap@@', 'an', ',', 'um', 'die', 'wirtschaf@@', 'tlichen', 'Be@@', 'zieh@@', 'ungen', 'mit', 'der', 'd@@', 'rit@@', 't@@', 'größ@@', 'ten', 'Wirtschafts@@', 'n@@', 'ation', 'der', 'Welt', 'zu', 'fes@@', 'tigen', '.']
2026-05-12 00:45:28,018 - DEBUG - joeynmt.training - 	Tokenized reference:  ['Mr', 'Mo@@', 'd@@', 'i', 'is', 'on', 'a', 'fi@@', 've', '@@@', '-@@', '@', 'day', 'tri@@', 'p', 'to', 'J@@', 'ap@@', 'an', 'to', 'streng@@', 'then', 'economic', 'ties', 'with', 'the', 'third', 'lar@@', 'ges@@', 't', 'econom@@', 'y', 'in', 'the', 'world', '.']
2026-05-12 00:45:28,018 - DEBUG - joeynmt.training - 	Tokenized hypothesis: ['Mr', 'Mo@@', 'd@@', 'i', 'is', 'a', 'fi@@', 'f@@', 'te@@', 'en', 'ser@@', 'ies', 'of', 'a', 'fi@@', 'f@@', 'te@@', 'en', 'ser@@', 'ies', 'of', 'the', 'world', '&apos;s', 'economic', 'rel@@', 'ations', 'with', 'the', 'world', '.', '</s>']
2026-05-12 00:45:28,018 - INFO - joeynmt.training - 	Source:     Herr Modi befindet sich auf einer fünftägigen Reise nach Japan , um die wirtschaftlichen Beziehungen mit der drittgrößten Wirtschaftsnation der Welt zu festigen .
2026-05-12 00:45:28,018 - INFO - joeynmt.training - 	Reference:  Mr Modi is on a five @-@ day trip to Japan to strengthen economic ties with the third largest economy in the world .
2026-05-12 00:45:28,018 - INFO - joeynmt.training - 	Hypothesis: Mr Modi is a fifteen series of a fifteen series of the world &apos;s economic relations with the world .
2026-05-12 00:45:28,018 - INFO - joeynmt.training - Example #3
2026-05-12 00:45:28,018 - DEBUG - joeynmt.training - 	Tokenized source:     ['P@@', 'län@@', 'e', 'für', 'eine', 'stärk@@', 'ere', 'k@@', 'ern@@', 'techn@@', 'ische', 'Zusammenarbeit', 'stehen', 'ganz', 'ob@@', 'en', 'auf', 'der', 'Tag@@', 'es@@', 'ordnung', '.']
2026-05-12 00:45:28,018 - DEBUG - joeynmt.training - 	Tokenized reference:  ['high', 'on', 'the', 'agen@@', 'da', 'are', 'pl@@', 'ans', 'for', 'gre@@', 'ater', 'nu@@', 'clear', 'c@@', 'o', '@@@', '-@@', '@', 'operation', '.']
2026-05-12 00:45:28,018 - DEBUG - joeynmt.training - 	Tokenized hypothesis: ['P@@', 'ol@@', 'e', 'is', 'more', 'more', 'than', 'a', 'str@@', 'ong', 'techn@@', 'ical', 'cooperation', '.', '</s>']
2026-05-12 00:45:28,018 - INFO - joeynmt.training - 	Source:     Pläne für eine stärkere kerntechnische Zusammenarbeit stehen ganz oben auf der Tagesordnung .
2026-05-12 00:45:28,018 - INFO - joeynmt.training - 	Reference:  high on the agenda are plans for greater nuclear co @-@ operation .
2026-05-12 00:45:28,018 - INFO - joeynmt.training - 	Hypothesis: Pole is more more than a strong technical cooperation .
2026-05-12 00:45:28,018 - INFO - joeynmt.training - Example #4
2026-05-12 00:45:28,018 - DEBUG - joeynmt.training - 	Tokenized source:     ['Berich@@', 'ten', 'zu@@', 'fol@@', 'ge', 'ho@@', 'fft', 'Indi@@', 'en', 'darüber', 'hinaus', 'auf', 'einen', 'Ver@@', 'trag', 'zur', 'Ver@@', 'tei@@', 'dig@@', 'ungs@@', 'zusammen@@', 'arbeit', 'zwischen', 'den', 'beiden', 'N@@', 'ationen', '.']
2026-05-12 00:45:28,018 - DEBUG - joeynmt.training - 	Tokenized reference:  ['Indi@@', 'a', 'is', 'also', 're@@', 'porte@@', 'dly', 'hop@@', 'ing', 'for', 'a', 'de@@', 'al', 'on', 'def@@', 'ence', 'c@@', 'oll@@', 'ab@@', 'or@@', 'ation', 'between', 'the', 'two', 'n@@', 'ations', '.']
2026-05-12 00:45:28,018 - DEBUG - joeynmt.training - 	Tokenized hypothesis: ['re@@', 'ports', 'on', 'a', 'con@@', 'text', 'of', 'Indi@@', 'a', '&apos;s', 'con@@', 'text', 'on', 'a', 'con@@', 'text', 'of', 'def@@', 'en@@', 'ding', 'cooperation', 'between', 'the', 'two', 'N@@', 'ations', '.', '</s>']
2026-05-12 00:45:28,019 - INFO - joeynmt.training - 	Source:     Berichten zufolge hofft Indien darüber hinaus auf einen Vertrag zur Verteidigungszusammenarbeit zwischen den beiden Nationen .
2026-05-12 00:45:28,019 - INFO - joeynmt.training - 	Reference:  India is also reportedly hoping for a deal on defence collaboration between the two nations .
2026-05-12 00:45:28,019 - INFO - joeynmt.training - 	Hypothesis: reports on a context of India &apos;s context on a context of defending cooperation between the two Nations .
2026-05-12 00:45:55,592 - INFO - joeynmt.training - Epoch   5, Step:    19600, Batch Loss:     2.013454, Batch Acc: 0.474604, Tokens per Sec:     3324, Lr: 0.000300
2026-05-12 00:46:23,663 - INFO - joeynmt.training - Epoch   5, Step:    19700, Batch Loss:     1.939075, Batch Acc: 0.474978, Tokens per Sec:     3340, Lr: 0.000300
2026-05-12 00:46:51,370 - INFO - joeynmt.training - Epoch   5, Step:    19800, Batch Loss:     1.935683, Batch Acc: 0.471629, Tokens per Sec:     3317, Lr: 0.000300
2026-05-12 00:47:19,374 - INFO - joeynmt.training - Epoch   5, Step:    19900, Batch Loss:     1.850983, Batch Acc: 0.470225, Tokens per Sec:     3316, Lr: 0.000300
2026-05-12 00:47:47,251 - INFO - joeynmt.training - Epoch   5, Step:    20000, Batch Loss:     1.897359, Batch Acc: 0.479180, Tokens per Sec:     3311, Lr: 0.000300
2026-05-12 00:47:47,252 - INFO - joeynmt.prediction - Predicting 500 example(s)... (Greedy decoding with min_output_length=1, max_output_length=-1, return_prob='none', generate_unk=True, repetition_penalty=-1, no_repeat_ngram_size=-1)
2026-05-12 00:48:22,423 - INFO - joeynmt.prediction - Evaluation result (greedy) loss:   2.28, ppl:   9.75, acc:   0.41, generation: 35.1631[sec], evaluation: 0.0000[sec]
2026-05-12 00:48:22,427 - INFO - joeynmt.training - Hooray! New best validation result [ppl]!
2026-05-12 00:48:22,618 - INFO - joeynmt.helpers - delete models/deen_transformer_post/17500.ckpt
2026-05-12 00:48:22,624 - INFO - joeynmt.training - Example #0
2026-05-12 00:48:22,624 - DEBUG - joeynmt.training - 	Tokenized source:     ['die', 'Pre@@', 'mi@@', 'er@@', 'minist@@', 'er', 'Indi@@', 'ens', 'und', 'J@@', 'ap@@', 'ans', 'tra@@', 'fen', 'sich', 'in', 'T@@', 'ok@@', 'i@@', 'o', '.']
2026-05-12 00:48:22,624 - DEBUG - joeynmt.training - 	Tokenized reference:  ['Indi@@', 'a', 'and', 'J@@', 'ap@@', 'an', 'pri@@', 'me', 'minist@@', 'ers', 'me@@', 'et', 'in', 'T@@', 'ok@@', 'y@@', 'o']
2026-05-12 00:48:22,624 - DEBUG - joeynmt.training - 	Tokenized hypothesis: ['the', 'pri@@', 'me', 'minist@@', 'er', 'and', 'J@@', 'ap@@', 'ans', 'in', 'T@@', 'ok@@', 'y@@', 'o', '.', '</s>']
2026-05-12 00:48:22,624 - INFO - joeynmt.training - 	Source:     die Premierminister Indiens und Japans trafen sich in Tokio .
2026-05-12 00:48:22,624 - INFO - joeynmt.training - 	Reference:  India and Japan prime ministers meet in Tokyo
2026-05-12 00:48:22,624 - INFO - joeynmt.training - 	Hypothesis: the prime minister and Japans in Tokyo .
2026-05-12 00:48:22,624 - INFO - joeynmt.training - Example #1
2026-05-12 00:48:22,624 - DEBUG - joeynmt.training - 	Tokenized source:     ['Indi@@', 'ens', 'neu@@', 'er', 'Pre@@', 'mi@@', 'er@@', 'minist@@', 'er', 'N@@', 'ar@@', 'end@@', 'ra', 'Mo@@', 'd@@', 'i', 'tri@@', 'fft', 'bei', 's@@', 'einem', 'ersten', 'wichti@@', 'gen', 'Aus@@', 'land@@', 's@@', 'bes@@', 'u@@', 'ch', 'seit', 's@@', 'einem', 'W@@', 'ah@@', 'l@@', 'si@@', 'e@@', 'g', 'im', 'Ma@@', 'i', 'seinen', 'j@@', 'ap@@', 'an@@', 'ischen', 'Am@@', 'ts@@', 'k@@', 'olle@@', 'gen', 'S@@', 'hin@@', 'z@@', 'o', 'A@@', 'be', 'in', 'T@@', 'ok@@', 'o', ',', 'um', 'wirtschaf@@', 'tliche', 'und', 'sicher@@', 'heits@@', 'politische', 'Be@@', 'zieh@@', 'ungen', 'zu', 'bes@@', 'pre@@', 'chen', '.']
2026-05-12 00:48:22,624 - DEBUG - joeynmt.training - 	Tokenized reference:  ['Indi@@', 'a', '&apos;s', 'new', 'pri@@', 'me', 'minist@@', 'er', ',', 'N@@', 'ar@@', 'end@@', 'ra', 'Mo@@', 'd@@', 'i', ',', 'is', 'me@@', 'eting', 'his', 'J@@', 'ap@@', 'an@@', 'ese', 'coun@@', 'ter@@', 'part', ',', 'S@@', 'hin@@', 'z@@', 'o', 'A@@', 'be', ',', 'in', 'T@@', 'ok@@', 'y@@', 'o', 'to', 'disc@@', 'uss', 'economic', 'and', 'security', 'ties', ',', 'on', 'his', 'first', 'major', 'fore@@', 'ign', 'visi@@', 't', 'since', 'w@@', 'inn@@', 'ing', 'Ma@@', 'y', '&apos;s', 'elec@@', 'tion', '.']
2026-05-12 00:48:22,624 - DEBUG - joeynmt.training - 	Tokenized hypothesis: ['Indi@@', 'a', '&apos;s', 'Pri@@', 'me', 'Minist@@', 'er', 'N@@', 'ar@@', 'end@@', 'ra', 'Mo@@', 'd@@', 'i', ',', 'in', 'his', 'first', 'German', 'F@@', 'e@@', 'der@@', 'al', 'A@@', 'ff@@', 'air@@', 's', ',', 'the', 'S@@', 'hin@@', 'z@@', 'o', 'A@@', 'be', 'A@@', 'gen@@', 'cy', ',', 'in', 'the', 'Ma@@', 'y', 'A@@', 'ra@@', 'be', 'A@@', 'gen@@', 'o', 'A@@', 'be', 'A@@', 'be', 'A@@', 'gen@@', 'o', ',', 'in', 'the', 'Ma@@', 'y', 'of', 'A@@', 'ra@@', 'be', 'in', 'the', 'Ma@@', 'y', 'of', 'A@@', 'be', 'A@@', 'gen@@', 'da', ',', 'and', 'S@@', 'ec@@', 'urity', 'and', 'security', '.', '</s>']
2026-05-12 00:48:22,625 - INFO - joeynmt.training - 	Source:     Indiens neuer Premierminister Narendra Modi trifft bei seinem ersten wichtigen Auslandsbesuch seit seinem Wahlsieg im Mai seinen japanischen Amtskollegen Shinzo Abe in Toko , um wirtschaftliche und sicherheitspolitische Beziehungen zu besprechen .
2026-05-12 00:48:22,625 - INFO - joeynmt.training - 	Reference:  India &apos;s new prime minister , Narendra Modi , is meeting his Japanese counterpart , Shinzo Abe , in Tokyo to discuss economic and security ties , on his first major foreign visit since winning May &apos;s election .
2026-05-12 00:48:22,625 - INFO - joeynmt.training - 	Hypothesis: India &apos;s Prime Minister Narendra Modi , in his first German Federal Affairs , the Shinzo Abe Agency , in the May Arabe Ageno Abe Abe Ageno , in the May of Arabe in the May of Abe Agenda , and Security and security .
2026-05-12 00:48:22,625 - INFO - joeynmt.training - Example #2
2026-05-12 00:48:22,625 - DEBUG - joeynmt.training - 	Tokenized source:     ['Herr', 'Mo@@', 'd@@', 'i', 'befindet', 'sich', 'auf', 'einer', 'fü@@', 'n@@', 'f@@', 'tä@@', 'gi@@', 'gen', 'Rei@@', 'se', 'nach', 'J@@', 'ap@@', 'an', ',', 'um', 'die', 'wirtschaf@@', 'tlichen', 'Be@@', 'zieh@@', 'ungen', 'mit', 'der', 'd@@', 'rit@@', 't@@', 'größ@@', 'ten', 'Wirtschafts@@', 'n@@', 'ation', 'der', 'Welt', 'zu', 'fes@@', 'tigen', '.']
2026-05-12 00:48:22,625 - DEBUG - joeynmt.training - 	Tokenized reference:  ['Mr', 'Mo@@', 'd@@', 'i', 'is', 'on', 'a', 'fi@@', 've', '@@@', '-@@', '@', 'day', 'tri@@', 'p', 'to', 'J@@', 'ap@@', 'an', 'to', 'streng@@', 'then', 'economic', 'ties', 'with', 'the', 'third', 'lar@@', 'ges@@', 't', 'econom@@', 'y', 'in', 'the', 'world', '.']
2026-05-12 00:48:22,625 - DEBUG - joeynmt.training - 	Tokenized hypothesis: ['Mr', 'Mo@@', 'd@@', 'i', 'is', 'a', 'fi@@', 'f@@', 'te@@', 'en', 'number', 'of', 'the', 'world', '&apos;s', 'fi@@', 'f@@', 'te@@', 'en', 'world', '&apos;s', 'd@@', 'rit@@', 'ory', 'to', 'the', 'economic', 'rel@@', 'ations', 'with', 'the', 'third', 'lar@@', 'ger', 'economic', 'rel@@', 'ations', 'with', 'the', 'third', 'world', '.', '</s>']
2026-05-12 00:48:22,625 - INFO - joeynmt.training - 	Source:     Herr Modi befindet sich auf einer fünftägigen Reise nach Japan , um die wirtschaftlichen Beziehungen mit der drittgrößten Wirtschaftsnation der Welt zu festigen .
2026-05-12 00:48:22,625 - INFO - joeynmt.training - 	Reference:  Mr Modi is on a five @-@ day trip to Japan to strengthen economic ties with the third largest economy in the world .
2026-05-12 00:48:22,625 - INFO - joeynmt.training - 	Hypothesis: Mr Modi is a fifteen number of the world &apos;s fifteen world &apos;s dritory to the economic relations with the third larger economic relations with the third world .
2026-05-12 00:48:22,625 - INFO - joeynmt.training - Example #3
2026-05-12 00:48:22,625 - DEBUG - joeynmt.training - 	Tokenized source:     ['P@@', 'län@@', 'e', 'für', 'eine', 'stärk@@', 'ere', 'k@@', 'ern@@', 'techn@@', 'ische', 'Zusammenarbeit', 'stehen', 'ganz', 'ob@@', 'en', 'auf', 'der', 'Tag@@', 'es@@', 'ordnung', '.']
2026-05-12 00:48:22,625 - DEBUG - joeynmt.training - 	Tokenized reference:  ['high', 'on', 'the', 'agen@@', 'da', 'are', 'pl@@', 'ans', 'for', 'gre@@', 'ater', 'nu@@', 'clear', 'c@@', 'o', '@@@', '-@@', '@', 'operation', '.']
2026-05-12 00:48:22,625 - DEBUG - joeynmt.training - 	Tokenized hypothesis: ['P@@', 'ru@@', 'e', 'is', 'very', 'ob@@', 'tain@@', 'ed', 'to', 'en@@', 'h@@', 'anc@@', 'ed', 'techn@@', 'ical', 'cooperation', '.', '</s>']
2026-05-12 00:48:22,625 - INFO - joeynmt.training - 	Source:     Pläne für eine stärkere kerntechnische Zusammenarbeit stehen ganz oben auf der Tagesordnung .
2026-05-12 00:48:22,625 - INFO - joeynmt.training - 	Reference:  high on the agenda are plans for greater nuclear co @-@ operation .
2026-05-12 00:48:22,625 - INFO - joeynmt.training - 	Hypothesis: Prue is very obtained to enhanced technical cooperation .
2026-05-12 00:48:22,625 - INFO - joeynmt.training - Example #4
2026-05-12 00:48:22,626 - DEBUG - joeynmt.training - 	Tokenized source:     ['Berich@@', 'ten', 'zu@@', 'fol@@', 'ge', 'ho@@', 'fft', 'Indi@@', 'en', 'darüber', 'hinaus', 'auf', 'einen', 'Ver@@', 'trag', 'zur', 'Ver@@', 'tei@@', 'dig@@', 'ungs@@', 'zusammen@@', 'arbeit', 'zwischen', 'den', 'beiden', 'N@@', 'ationen', '.']
2026-05-12 00:48:22,626 - DEBUG - joeynmt.training - 	Tokenized reference:  ['Indi@@', 'a', 'is', 'also', 're@@', 'porte@@', 'dly', 'hop@@', 'ing', 'for', 'a', 'de@@', 'al', 'on', 'def@@', 'ence', 'c@@', 'oll@@', 'ab@@', 'or@@', 'ation', 'between', 'the', 'two', 'n@@', 'ations', '.']
2026-05-12 00:48:22,626 - DEBUG - joeynmt.training - 	Tokenized hypothesis: ['mo@@', 're@@', 'over', ',', 'Indi@@', 'a', 'is', 'also', 'a', 'con@@', 'dem@@', 'n', 'n', 'n', 'n', 'rel@@', 'ations', 'to', 'the', 'def@@', 'ence', 'cooperation', 'between', 'the', 'two', 'N@@', 'ations', '.', '</s>']
2026-05-12 00:48:22,626 - INFO - joeynmt.training - 	Source:     Berichten zufolge hofft Indien darüber hinaus auf einen Vertrag zur Verteidigungszusammenarbeit zwischen den beiden Nationen .
2026-05-12 00:48:22,626 - INFO - joeynmt.training - 	Reference:  India is also reportedly hoping for a deal on defence collaboration between the two nations .
2026-05-12 00:48:22,626 - INFO - joeynmt.training - 	Hypothesis: moreover , India is also a condemn n n n relations to the defence cooperation between the two Nations .
2026-05-12 00:48:50,196 - INFO - joeynmt.training - Epoch   5, Step:    20100, Batch Loss:     1.906815, Batch Acc: 0.475766, Tokens per Sec:     3314, Lr: 0.000300
2026-05-12 00:49:17,922 - INFO - joeynmt.training - Epoch   5, Step:    20200, Batch Loss:     1.849119, Batch Acc: 0.480019, Tokens per Sec:     3331, Lr: 0.000300
2026-05-12 00:49:46,186 - INFO - joeynmt.training - Epoch   5, Step:    20300, Batch Loss:     1.966449, Batch Acc: 0.470192, Tokens per Sec:     3208, Lr: 0.000300
2026-05-12 00:49:54,028 - INFO - joeynmt.training - Epoch   5: total training loss 7959.70
2026-05-12 00:49:54,028 - INFO - joeynmt.training - EPOCH 6
2026-05-12 00:50:14,281 - INFO - joeynmt.training - Epoch   6, Step:    20400, Batch Loss:     2.102741, Batch Acc: 0.496103, Tokens per Sec:     3256, Lr: 0.000300
2026-05-12 00:50:41,936 - INFO - joeynmt.training - Epoch   6, Step:    20500, Batch Loss:     1.721145, Batch Acc: 0.495363, Tokens per Sec:     3311, Lr: 0.000300
2026-05-12 00:50:41,937 - INFO - joeynmt.prediction - Predicting 500 example(s)... (Greedy decoding with min_output_length=1, max_output_length=-1, return_prob='none', generate_unk=True, repetition_penalty=-1, no_repeat_ngram_size=-1)
2026-05-12 00:51:13,849 - INFO - joeynmt.prediction - Evaluation result (greedy) loss:   2.27, ppl:   9.70, acc:   0.42, generation: 31.9048[sec], evaluation: 0.0000[sec]
2026-05-12 00:51:13,853 - INFO - joeynmt.training - Hooray! New best validation result [ppl]!
2026-05-12 00:51:14,036 - INFO - joeynmt.helpers - delete models/deen_transformer_post/18000.ckpt
2026-05-12 00:51:14,042 - INFO - joeynmt.training - Example #0
2026-05-12 00:51:14,042 - DEBUG - joeynmt.training - 	Tokenized source:     ['die', 'Pre@@', 'mi@@', 'er@@', 'minist@@', 'er', 'Indi@@', 'ens', 'und', 'J@@', 'ap@@', 'ans', 'tra@@', 'fen', 'sich', 'in', 'T@@', 'ok@@', 'i@@', 'o', '.']
2026-05-12 00:51:14,042 - DEBUG - joeynmt.training - 	Tokenized reference:  ['Indi@@', 'a', 'and', 'J@@', 'ap@@', 'an', 'pri@@', 'me', 'minist@@', 'ers', 'me@@', 'et', 'in', 'T@@', 'ok@@', 'y@@', 'o']
2026-05-12 00:51:14,043 - DEBUG - joeynmt.training - 	Tokenized hypothesis: ['pri@@', 'me', 'minist@@', 'er', 'and', 'J@@', 'ap@@', 'ans', 'are', 'in', 'T@@', 'ok@@', 'y@@', 'o', '.', '</s>']
2026-05-12 00:51:14,043 - INFO - joeynmt.training - 	Source:     die Premierminister Indiens und Japans trafen sich in Tokio .
2026-05-12 00:51:14,043 - INFO - joeynmt.training - 	Reference:  India and Japan prime ministers meet in Tokyo
2026-05-12 00:51:14,043 - INFO - joeynmt.training - 	Hypothesis: prime minister and Japans are in Tokyo .
2026-05-12 00:51:14,043 - INFO - joeynmt.training - Example #1
2026-05-12 00:51:14,043 - DEBUG - joeynmt.training - 	Tokenized source:     ['Indi@@', 'ens', 'neu@@', 'er', 'Pre@@', 'mi@@', 'er@@', 'minist@@', 'er', 'N@@', 'ar@@', 'end@@', 'ra', 'Mo@@', 'd@@', 'i', 'tri@@', 'fft', 'bei', 's@@', 'einem', 'ersten', 'wichti@@', 'gen', 'Aus@@', 'land@@', 's@@', 'bes@@', 'u@@', 'ch', 'seit', 's@@', 'einem', 'W@@', 'ah@@', 'l@@', 'si@@', 'e@@', 'g', 'im', 'Ma@@', 'i', 'seinen', 'j@@', 'ap@@', 'an@@', 'ischen', 'Am@@', 'ts@@', 'k@@', 'olle@@', 'gen', 'S@@', 'hin@@', 'z@@', 'o', 'A@@', 'be', 'in', 'T@@', 'ok@@', 'o', ',', 'um', 'wirtschaf@@', 'tliche', 'und', 'sicher@@', 'heits@@', 'politische', 'Be@@', 'zieh@@', 'ungen', 'zu', 'bes@@', 'pre@@', 'chen', '.']
2026-05-12 00:51:14,043 - DEBUG - joeynmt.training - 	Tokenized reference:  ['Indi@@', 'a', '&apos;s', 'new', 'pri@@', 'me', 'minist@@', 'er', ',', 'N@@', 'ar@@', 'end@@', 'ra', 'Mo@@', 'd@@', 'i', ',', 'is', 'me@@', 'eting', 'his', 'J@@', 'ap@@', 'an@@', 'ese', 'coun@@', 'ter@@', 'part', ',', 'S@@', 'hin@@', 'z@@', 'o', 'A@@', 'be', ',', 'in', 'T@@', 'ok@@', 'y@@', 'o', 'to', 'disc@@', 'uss', 'economic', 'and', 'security', 'ties', ',', 'on', 'his', 'first', 'major', 'fore@@', 'ign', 'visi@@', 't', 'since', 'w@@', 'inn@@', 'ing', 'Ma@@', 'y', '&apos;s', 'elec@@', 'tion', '.']
2026-05-12 00:51:14,043 - DEBUG - joeynmt.training - 	Tokenized hypothesis: ['Indi@@', 'a', '&apos;s', 'lat@@', 'est', 'Pri@@', 'me', 'Minist@@', 'er', 'N@@', 'ar@@', 'd@@', 'end@@', 'ra', 'Mo@@', 'd@@', 'i', ',', 'in', 'his', 'first', 'important', 'ch@@', 'ec@@', 'ks', 'for', 'his', 'first', 'time', 'in', 'Ma@@', 'y', ',', 'he', 'has', 'been', 'a', 'sign@@', 'ific@@', 'ant', 'de@@', 'gre@@', 'e', 'of', 'the', 'A@@', 'be', 'in', 'the', 'Ma@@', 'y', 'of', 'S@@', 'hin@@', 'z@@', 'o', 'A@@', 'be', 'in', 'T@@', 'ok@@', 'o', ',', 'and', 'saf@@', 'ety', '.', '</s>']
2026-05-12 00:51:14,043 - INFO - joeynmt.training - 	Source:     Indiens neuer Premierminister Narendra Modi trifft bei seinem ersten wichtigen Auslandsbesuch seit seinem Wahlsieg im Mai seinen japanischen Amtskollegen Shinzo Abe in Toko , um wirtschaftliche und sicherheitspolitische Beziehungen zu besprechen .
2026-05-12 00:51:14,043 - INFO - joeynmt.training - 	Reference:  India &apos;s new prime minister , Narendra Modi , is meeting his Japanese counterpart , Shinzo Abe , in Tokyo to discuss economic and security ties , on his first major foreign visit since winning May &apos;s election .
2026-05-12 00:51:14,043 - INFO - joeynmt.training - 	Hypothesis: India &apos;s latest Prime Minister Nardendra Modi , in his first important checks for his first time in May , he has been a significant degree of the Abe in the May of Shinzo Abe in Toko , and safety .
2026-05-12 00:51:14,043 - INFO - joeynmt.training - Example #2
2026-05-12 00:51:14,043 - DEBUG - joeynmt.training - 	Tokenized source:     ['Herr', 'Mo@@', 'd@@', 'i', 'befindet', 'sich', 'auf', 'einer', 'fü@@', 'n@@', 'f@@', 'tä@@', 'gi@@', 'gen', 'Rei@@', 'se', 'nach', 'J@@', 'ap@@', 'an', ',', 'um', 'die', 'wirtschaf@@', 'tlichen', 'Be@@', 'zieh@@', 'ungen', 'mit', 'der', 'd@@', 'rit@@', 't@@', 'größ@@', 'ten', 'Wirtschafts@@', 'n@@', 'ation', 'der', 'Welt', 'zu', 'fes@@', 'tigen', '.']
2026-05-12 00:51:14,043 - DEBUG - joeynmt.training - 	Tokenized reference:  ['Mr', 'Mo@@', 'd@@', 'i', 'is', 'on', 'a', 'fi@@', 've', '@@@', '-@@', '@', 'day', 'tri@@', 'p', 'to', 'J@@', 'ap@@', 'an', 'to', 'streng@@', 'then', 'economic', 'ties', 'with', 'the', 'third', 'lar@@', 'ges@@', 't', 'econom@@', 'y', 'in', 'the', 'world', '.']
2026-05-12 00:51:14,043 - DEBUG - joeynmt.training - 	Tokenized hypothesis: ['Mr', 'Mo@@', 'd@@', 'i', 'is', 'a', 'fi@@', 'f@@', 'th', 'tra@@', 'ding', 'to', 'J@@', 'ap@@', 'an', 'to', 'J@@', 'ap@@', 'an', 'to', 'J@@', 'ap@@', 'an', 'to', 'the', 'economic', 'rel@@', 'ations', 'with', 'the', 'third', 'world', '.', '</s>']
2026-05-12 00:51:14,044 - INFO - joeynmt.training - 	Source:     Herr Modi befindet sich auf einer fünftägigen Reise nach Japan , um die wirtschaftlichen Beziehungen mit der drittgrößten Wirtschaftsnation der Welt zu festigen .
2026-05-12 00:51:14,044 - INFO - joeynmt.training - 	Reference:  Mr Modi is on a five @-@ day trip to Japan to strengthen economic ties with the third largest economy in the world .
2026-05-12 00:51:14,044 - INFO - joeynmt.training - 	Hypothesis: Mr Modi is a fifth trading to Japan to Japan to Japan to the economic relations with the third world .
2026-05-12 00:51:14,044 - INFO - joeynmt.training - Example #3
2026-05-12 00:51:14,044 - DEBUG - joeynmt.training - 	Tokenized source:     ['P@@', 'län@@', 'e', 'für', 'eine', 'stärk@@', 'ere', 'k@@', 'ern@@', 'techn@@', 'ische', 'Zusammenarbeit', 'stehen', 'ganz', 'ob@@', 'en', 'auf', 'der', 'Tag@@', 'es@@', 'ordnung', '.']
2026-05-12 00:51:14,044 - DEBUG - joeynmt.training - 	Tokenized reference:  ['high', 'on', 'the', 'agen@@', 'da', 'are', 'pl@@', 'ans', 'for', 'gre@@', 'ater', 'nu@@', 'clear', 'c@@', 'o', '@@@', '-@@', '@', 'operation', '.']
2026-05-12 00:51:14,044 - DEBUG - joeynmt.training - 	Tokenized hypothesis: ['P@@', 'develop@@', 'ments', 'for', 'a', 'str@@', 'ong', 'techn@@', 'ical', 'cooperation', 'are', 'very', 'ob@@', 'vi@@', 'ously', 'on', 'the', 'agen@@', 'da', '.', '</s>']
2026-05-12 00:51:14,044 - INFO - joeynmt.training - 	Source:     Pläne für eine stärkere kerntechnische Zusammenarbeit stehen ganz oben auf der Tagesordnung .
2026-05-12 00:51:14,044 - INFO - joeynmt.training - 	Reference:  high on the agenda are plans for greater nuclear co @-@ operation .
2026-05-12 00:51:14,044 - INFO - joeynmt.training - 	Hypothesis: Pdevelopments for a strong technical cooperation are very obviously on the agenda .
2026-05-12 00:51:14,044 - INFO - joeynmt.training - Example #4
2026-05-12 00:51:14,044 - DEBUG - joeynmt.training - 	Tokenized source:     ['Berich@@', 'ten', 'zu@@', 'fol@@', 'ge', 'ho@@', 'fft', 'Indi@@', 'en', 'darüber', 'hinaus', 'auf', 'einen', 'Ver@@', 'trag', 'zur', 'Ver@@', 'tei@@', 'dig@@', 'ungs@@', 'zusammen@@', 'arbeit', 'zwischen', 'den', 'beiden', 'N@@', 'ationen', '.']
2026-05-12 00:51:14,044 - DEBUG - joeynmt.training - 	Tokenized reference:  ['Indi@@', 'a', 'is', 'also', 're@@', 'porte@@', 'dly', 'hop@@', 'ing', 'for', 'a', 'de@@', 'al', 'on', 'def@@', 'ence', 'c@@', 'oll@@', 'ab@@', 'or@@', 'ation', 'between', 'the', 'two', 'n@@', 'ations', '.']
2026-05-12 00:51:14,044 - DEBUG - joeynmt.training - 	Tokenized hypothesis: ['it', 'also', 'inclu@@', 'des', 'Indi@@', 'a', '&apos;s', 'support', 'for', 'the', 'def@@', 'ence', 'of', 'the', 'two', 'n@@', 'ations', '.', '</s>']
2026-05-12 00:51:14,044 - INFO - joeynmt.training - 	Source:     Berichten zufolge hofft Indien darüber hinaus auf einen Vertrag zur Verteidigungszusammenarbeit zwischen den beiden Nationen .
2026-05-12 00:51:14,044 - INFO - joeynmt.training - 	Reference:  India is also reportedly hoping for a deal on defence collaboration between the two nations .
2026-05-12 00:51:14,044 - INFO - joeynmt.training - 	Hypothesis: it also includes India &apos;s support for the defence of the two nations .
2026-05-12 00:51:40,613 - INFO - joeynmt.training - Epoch   6, Step:    20600, Batch Loss:     1.917428, Batch Acc: 0.496043, Tokens per Sec:     3461, Lr: 0.000300
2026-05-12 00:52:09,149 - INFO - joeynmt.training - Epoch   6, Step:    20700, Batch Loss:     1.641929, Batch Acc: 0.489489, Tokens per Sec:     3246, Lr: 0.000300
2026-05-12 00:52:35,710 - INFO - joeynmt.training - Epoch   6, Step:    20800, Batch Loss:     1.898172, Batch Acc: 0.492248, Tokens per Sec:     3431, Lr: 0.000300
2026-05-12 00:53:02,509 - INFO - joeynmt.training - Epoch   6, Step:    20900, Batch Loss:     1.826002, Batch Acc: 0.492362, Tokens per Sec:     3466, Lr: 0.000300
2026-05-12 00:53:29,093 - INFO - joeynmt.training - Epoch   6, Step:    21000, Batch Loss:     1.739352, Batch Acc: 0.495609, Tokens per Sec:     3487, Lr: 0.000300
2026-05-12 00:53:29,095 - INFO - joeynmt.prediction - Predicting 500 example(s)... (Greedy decoding with min_output_length=1, max_output_length=-1, return_prob='none', generate_unk=True, repetition_penalty=-1, no_repeat_ngram_size=-1)
2026-05-12 00:54:03,355 - INFO - joeynmt.prediction - Evaluation result (greedy) loss:   2.28, ppl:   9.75, acc:   0.42, generation: 34.2529[sec], evaluation: 0.0000[sec]
2026-05-12 00:54:03,540 - INFO - joeynmt.helpers - delete models/deen_transformer_post/18500.ckpt
2026-05-12 00:54:03,547 - INFO - joeynmt.training - Example #0
2026-05-12 00:54:03,547 - DEBUG - joeynmt.training - 	Tokenized source:     ['die', 'Pre@@', 'mi@@', 'er@@', 'minist@@', 'er', 'Indi@@', 'ens', 'und', 'J@@', 'ap@@', 'ans', 'tra@@', 'fen', 'sich', 'in', 'T@@', 'ok@@', 'i@@', 'o', '.']
2026-05-12 00:54:03,547 - DEBUG - joeynmt.training - 	Tokenized reference:  ['Indi@@', 'a', 'and', 'J@@', 'ap@@', 'an', 'pri@@', 'me', 'minist@@', 'ers', 'me@@', 'et', 'in', 'T@@', 'ok@@', 'y@@', 'o']
2026-05-12 00:54:03,548 - DEBUG - joeynmt.training - 	Tokenized hypothesis: ['the', 'Pri@@', 'me', 'Minist@@', 'er', 'and', 'J@@', 'ap@@', 'an', ',', 'the', 'Pri@@', 'me', 'Minist@@', 'er', 'and', 'J@@', 'ap@@', 'an', '.', '</s>']
2026-05-12 00:54:03,548 - INFO - joeynmt.training - 	Source:     die Premierminister Indiens und Japans trafen sich in Tokio .
2026-05-12 00:54:03,548 - INFO - joeynmt.training - 	Reference:  India and Japan prime ministers meet in Tokyo
2026-05-12 00:54:03,548 - INFO - joeynmt.training - 	Hypothesis: the Prime Minister and Japan , the Prime Minister and Japan .
2026-05-12 00:54:03,548 - INFO - joeynmt.training - Example #1
2026-05-12 00:54:03,548 - DEBUG - joeynmt.training - 	Tokenized source:     ['Indi@@', 'ens', 'neu@@', 'er', 'Pre@@', 'mi@@', 'er@@', 'minist@@', 'er', 'N@@', 'ar@@', 'end@@', 'ra', 'Mo@@', 'd@@', 'i', 'tri@@', 'fft', 'bei', 's@@', 'einem', 'ersten', 'wichti@@', 'gen', 'Aus@@', 'land@@', 's@@', 'bes@@', 'u@@', 'ch', 'seit', 's@@', 'einem', 'W@@', 'ah@@', 'l@@', 'si@@', 'e@@', 'g', 'im', 'Ma@@', 'i', 'seinen', 'j@@', 'ap@@', 'an@@', 'ischen', 'Am@@', 'ts@@', 'k@@', 'olle@@', 'gen', 'S@@', 'hin@@', 'z@@', 'o', 'A@@', 'be', 'in', 'T@@', 'ok@@', 'o', ',', 'um', 'wirtschaf@@', 'tliche', 'und', 'sicher@@', 'heits@@', 'politische', 'Be@@', 'zieh@@', 'ungen', 'zu', 'bes@@', 'pre@@', 'chen', '.']
2026-05-12 00:54:03,548 - DEBUG - joeynmt.training - 	Tokenized reference:  ['Indi@@', 'a', '&apos;s', 'new', 'pri@@', 'me', 'minist@@', 'er', ',', 'N@@', 'ar@@', 'end@@', 'ra', 'Mo@@', 'd@@', 'i', ',', 'is', 'me@@', 'eting', 'his', 'J@@', 'ap@@', 'an@@', 'ese', 'coun@@', 'ter@@', 'part', ',', 'S@@', 'hin@@', 'z@@', 'o', 'A@@', 'be', ',', 'in', 'T@@', 'ok@@', 'y@@', 'o', 'to', 'disc@@', 'uss', 'economic', 'and', 'security', 'ties', ',', 'on', 'his', 'first', 'major', 'fore@@', 'ign', 'visi@@', 't', 'since', 'w@@', 'inn@@', 'ing', 'Ma@@', 'y', '&apos;s', 'elec@@', 'tion', '.']
2026-05-12 00:54:03,548 - DEBUG - joeynmt.training - 	Tokenized hypothesis: ['Indi@@', 'a', '&apos;s', 'Pri@@', 'me', 'Minist@@', 'er', 'N@@', 'ar@@', 'end@@', 'ra', 'Mo@@', 'd@@', 'i', ',', 'the', 'first', 'part', 'of', 'its', 'important', 'ex@@', 'change', 'since', 'its', 'first', 'time', 'since', 'its', 'his', 'year', ',', 'since', 'its', 'ann@@', 'ual', 'S@@', 'hin@@', 'z@@', 'o', 'A@@', 'be', ',', 'in', 'the', 'Ma@@', 'y', 'A@@', 'be', ',', 'to', 'the', 'S@@', 'hin@@', 'z@@', 'o', 'A@@', 'be', ',', 'to', 'be', 'able', 'to', 'pre@@', 'v@@', 'ent@@', 'ed', 'in', 'T@@', 'ok@@', 'o', ',', 'and', 'security', '.', '</s>']
2026-05-12 00:54:03,548 - INFO - joeynmt.training - 	Source:     Indiens neuer Premierminister Narendra Modi trifft bei seinem ersten wichtigen Auslandsbesuch seit seinem Wahlsieg im Mai seinen japanischen Amtskollegen Shinzo Abe in Toko , um wirtschaftliche und sicherheitspolitische Beziehungen zu besprechen .
2026-05-12 00:54:03,548 - INFO - joeynmt.training - 	Reference:  India &apos;s new prime minister , Narendra Modi , is meeting his Japanese counterpart , Shinzo Abe , in Tokyo to discuss economic and security ties , on his first major foreign visit since winning May &apos;s election .
2026-05-12 00:54:03,548 - INFO - joeynmt.training - 	Hypothesis: India &apos;s Prime Minister Narendra Modi , the first part of its important exchange since its first time since its his year , since its annual Shinzo Abe , in the May Abe , to the Shinzo Abe , to be able to prevented in Toko , and security .
2026-05-12 00:54:03,548 - INFO - joeynmt.training - Example #2
2026-05-12 00:54:03,548 - DEBUG - joeynmt.training - 	Tokenized source:     ['Herr', 'Mo@@', 'd@@', 'i', 'befindet', 'sich', 'auf', 'einer', 'fü@@', 'n@@', 'f@@', 'tä@@', 'gi@@', 'gen', 'Rei@@', 'se', 'nach', 'J@@', 'ap@@', 'an', ',', 'um', 'die', 'wirtschaf@@', 'tlichen', 'Be@@', 'zieh@@', 'ungen', 'mit', 'der', 'd@@', 'rit@@', 't@@', 'größ@@', 'ten', 'Wirtschafts@@', 'n@@', 'ation', 'der', 'Welt', 'zu', 'fes@@', 'tigen', '.']
2026-05-12 00:54:03,548 - DEBUG - joeynmt.training - 	Tokenized reference:  ['Mr', 'Mo@@', 'd@@', 'i', 'is', 'on', 'a', 'fi@@', 've', '@@@', '-@@', '@', 'day', 'tri@@', 'p', 'to', 'J@@', 'ap@@', 'an', 'to', 'streng@@', 'then', 'economic', 'ties', 'with', 'the', 'third', 'lar@@', 'ges@@', 't', 'econom@@', 'y', 'in', 'the', 'world', '.']
2026-05-12 00:54:03,549 - DEBUG - joeynmt.training - 	Tokenized hypothesis: ['Mr', 'Mo@@', 'd@@', 'i', 'is', 'a', 'fi@@', 'f@@', 'ty', 'tra@@', 'ding', 'to', 'J@@', 'ap@@', 'an', ',', 'to', 'J@@', 'ap@@', 'an', ',', 'to', 'be', 'a', 'f@@', 'ast@@', 'er', 'of', 'the', 'world', '.', '</s>']
2026-05-12 00:54:03,549 - INFO - joeynmt.training - 	Source:     Herr Modi befindet sich auf einer fünftägigen Reise nach Japan , um die wirtschaftlichen Beziehungen mit der drittgrößten Wirtschaftsnation der Welt zu festigen .
2026-05-12 00:54:03,549 - INFO - joeynmt.training - 	Reference:  Mr Modi is on a five @-@ day trip to Japan to strengthen economic ties with the third largest economy in the world .
2026-05-12 00:54:03,549 - INFO - joeynmt.training - 	Hypothesis: Mr Modi is a fifty trading to Japan , to Japan , to be a faster of the world .
2026-05-12 00:54:03,549 - INFO - joeynmt.training - Example #3
2026-05-12 00:54:03,549 - DEBUG - joeynmt.training - 	Tokenized source:     ['P@@', 'län@@', 'e', 'für', 'eine', 'stärk@@', 'ere', 'k@@', 'ern@@', 'techn@@', 'ische', 'Zusammenarbeit', 'stehen', 'ganz', 'ob@@', 'en', 'auf', 'der', 'Tag@@', 'es@@', 'ordnung', '.']
2026-05-12 00:54:03,549 - DEBUG - joeynmt.training - 	Tokenized reference:  ['high', 'on', 'the', 'agen@@', 'da', 'are', 'pl@@', 'ans', 'for', 'gre@@', 'ater', 'nu@@', 'clear', 'c@@', 'o', '@@@', '-@@', '@', 'operation', '.']
2026-05-12 00:54:03,549 - DEBUG - joeynmt.training - 	Tokenized hypothesis: ['p@@', 'aid', 'for', 'a', 'more', 'c@@', 'are@@', 'fully', 'co@@', 'ver@@', 'ing', 'the', 'agen@@', 'da', '.', '</s>']
2026-05-12 00:54:03,549 - INFO - joeynmt.training - 	Source:     Pläne für eine stärkere kerntechnische Zusammenarbeit stehen ganz oben auf der Tagesordnung .
2026-05-12 00:54:03,549 - INFO - joeynmt.training - 	Reference:  high on the agenda are plans for greater nuclear co @-@ operation .
2026-05-12 00:54:03,549 - INFO - joeynmt.training - 	Hypothesis: paid for a more carefully covering the agenda .
2026-05-12 00:54:03,549 - INFO - joeynmt.training - Example #4
2026-05-12 00:54:03,549 - DEBUG - joeynmt.training - 	Tokenized source:     ['Berich@@', 'ten', 'zu@@', 'fol@@', 'ge', 'ho@@', 'fft', 'Indi@@', 'en', 'darüber', 'hinaus', 'auf', 'einen', 'Ver@@', 'trag', 'zur', 'Ver@@', 'tei@@', 'dig@@', 'ungs@@', 'zusammen@@', 'arbeit', 'zwischen', 'den', 'beiden', 'N@@', 'ationen', '.']
2026-05-12 00:54:03,549 - DEBUG - joeynmt.training - 	Tokenized reference:  ['Indi@@', 'a', 'is', 'also', 're@@', 'porte@@', 'dly', 'hop@@', 'ing', 'for', 'a', 'de@@', 'al', 'on', 'def@@', 'ence', 'c@@', 'oll@@', 'ab@@', 'or@@', 'ation', 'between', 'the', 'two', 'n@@', 'ations', '.']
2026-05-12 00:54:03,549 - DEBUG - joeynmt.training - 	Tokenized hypothesis: ['in', 'ad@@', 'dition', ',', 'Indi@@', 'a', 'is', 'also', 'hop@@', 'ed', 'for', 'the', 'def@@', 'ence', 'of', 'the', 'def@@', 'ence', 'of', 'the', 'two', 'N@@', 'ations', '.', '</s>']
2026-05-12 00:54:03,549 - INFO - joeynmt.training - 	Source:     Berichten zufolge hofft Indien darüber hinaus auf einen Vertrag zur Verteidigungszusammenarbeit zwischen den beiden Nationen .
2026-05-12 00:54:03,550 - INFO - joeynmt.training - 	Reference:  India is also reportedly hoping for a deal on defence collaboration between the two nations .
2026-05-12 00:54:03,550 - INFO - joeynmt.training - 	Hypothesis: in addition , India is also hoped for the defence of the defence of the two Nations .
2026-05-12 00:54:29,824 - INFO - joeynmt.training - Epoch   6, Step:    21100, Batch Loss:     1.846551, Batch Acc: 0.494021, Tokens per Sec:     3403, Lr: 0.000300
2026-05-12 00:54:56,792 - INFO - joeynmt.training - Epoch   6, Step:    21200, Batch Loss:     2.037057, Batch Acc: 0.485764, Tokens per Sec:     3417, Lr: 0.000300
2026-05-12 00:55:24,419 - INFO - joeynmt.training - Epoch   6, Step:    21300, Batch Loss:     1.955576, Batch Acc: 0.490108, Tokens per Sec:     3372, Lr: 0.000300
2026-05-12 00:55:51,104 - INFO - joeynmt.training - Epoch   6, Step:    21400, Batch Loss:     1.802735, Batch Acc: 0.489412, Tokens per Sec:     3401, Lr: 0.000300
2026-05-12 00:56:17,818 - INFO - joeynmt.training - Epoch   6, Step:    21500, Batch Loss:     1.798354, Batch Acc: 0.490740, Tokens per Sec:     3426, Lr: 0.000300
2026-05-12 00:56:17,819 - INFO - joeynmt.prediction - Predicting 500 example(s)... (Greedy decoding with min_output_length=1, max_output_length=-1, return_prob='none', generate_unk=True, repetition_penalty=-1, no_repeat_ngram_size=-1)
2026-05-12 00:56:54,251 - INFO - joeynmt.prediction - Evaluation result (greedy) loss:   2.26, ppl:   9.56, acc:   0.42, generation: 36.4241[sec], evaluation: 0.0000[sec]
2026-05-12 00:56:54,254 - INFO - joeynmt.training - Hooray! New best validation result [ppl]!
2026-05-12 00:56:54,443 - INFO - joeynmt.helpers - delete models/deen_transformer_post/19000.ckpt
2026-05-12 00:56:54,450 - INFO - joeynmt.training - Example #0
2026-05-12 00:56:54,450 - DEBUG - joeynmt.training - 	Tokenized source:     ['die', 'Pre@@', 'mi@@', 'er@@', 'minist@@', 'er', 'Indi@@', 'ens', 'und', 'J@@', 'ap@@', 'ans', 'tra@@', 'fen', 'sich', 'in', 'T@@', 'ok@@', 'i@@', 'o', '.']
2026-05-12 00:56:54,450 - DEBUG - joeynmt.training - 	Tokenized reference:  ['Indi@@', 'a', 'and', 'J@@', 'ap@@', 'an', 'pri@@', 'me', 'minist@@', 'ers', 'me@@', 'et', 'in', 'T@@', 'ok@@', 'y@@', 'o']
2026-05-12 00:56:54,450 - DEBUG - joeynmt.training - 	Tokenized hypothesis: ['the', 'Pri@@', 'me', 'Minist@@', 'er', 'and', 'J@@', 'ap@@', 'an', ',', 'the', 'Pri@@', 'me', 'Minist@@', 'er', 'and', 'J@@', 'ap@@', 'an', '.', '</s>']
2026-05-12 00:56:54,450 - INFO - joeynmt.training - 	Source:     die Premierminister Indiens und Japans trafen sich in Tokio .
2026-05-12 00:56:54,450 - INFO - joeynmt.training - 	Reference:  India and Japan prime ministers meet in Tokyo
2026-05-12 00:56:54,450 - INFO - joeynmt.training - 	Hypothesis: the Prime Minister and Japan , the Prime Minister and Japan .
2026-05-12 00:56:54,450 - INFO - joeynmt.training - Example #1
2026-05-12 00:56:54,450 - DEBUG - joeynmt.training - 	Tokenized source:     ['Indi@@', 'ens', 'neu@@', 'er', 'Pre@@', 'mi@@', 'er@@', 'minist@@', 'er', 'N@@', 'ar@@', 'end@@', 'ra', 'Mo@@', 'd@@', 'i', 'tri@@', 'fft', 'bei', 's@@', 'einem', 'ersten', 'wichti@@', 'gen', 'Aus@@', 'land@@', 's@@', 'bes@@', 'u@@', 'ch', 'seit', 's@@', 'einem', 'W@@', 'ah@@', 'l@@', 'si@@', 'e@@', 'g', 'im', 'Ma@@', 'i', 'seinen', 'j@@', 'ap@@', 'an@@', 'ischen', 'Am@@', 'ts@@', 'k@@', 'olle@@', 'gen', 'S@@', 'hin@@', 'z@@', 'o', 'A@@', 'be', 'in', 'T@@', 'ok@@', 'o', ',', 'um', 'wirtschaf@@', 'tliche', 'und', 'sicher@@', 'heits@@', 'politische', 'Be@@', 'zieh@@', 'ungen', 'zu', 'bes@@', 'pre@@', 'chen', '.']
2026-05-12 00:56:54,451 - DEBUG - joeynmt.training - 	Tokenized reference:  ['Indi@@', 'a', '&apos;s', 'new', 'pri@@', 'me', 'minist@@', 'er', ',', 'N@@', 'ar@@', 'end@@', 'ra', 'Mo@@', 'd@@', 'i', ',', 'is', 'me@@', 'eting', 'his', 'J@@', 'ap@@', 'an@@', 'ese', 'coun@@', 'ter@@', 'part', ',', 'S@@', 'hin@@', 'z@@', 'o', 'A@@', 'be', ',', 'in', 'T@@', 'ok@@', 'y@@', 'o', 'to', 'disc@@', 'uss', 'economic', 'and', 'security', 'ties', ',', 'on', 'his', 'first', 'major', 'fore@@', 'ign', 'visi@@', 't', 'since', 'w@@', 'inn@@', 'ing', 'Ma@@', 'y', '&apos;s', 'elec@@', 'tion', '.']
2026-05-12 00:56:54,451 - DEBUG - joeynmt.training - 	Tokenized hypothesis: ['Indi@@', 'a', '&apos;s', 'new', 'Pri@@', 'me', 'Minist@@', 'er', 'N@@', 'ar@@', 'd@@', 'in@@', 'er@@', 'ra', 'Mo@@', 'd@@', 'i', ',', 'has', 'been', 're@@', 'ach@@', 'ed', 'in', 'his', 'first', 'e@@', 'ver', 'since', 'a', 'year', ',', 'the', 'J@@', 'ap@@', 'an@@', 'ese', ',', 'in', 'Ma@@', 'y', ',', 'the', 'J@@', 'ap@@', 'an@@', 'ese', ',', 'and', 'the', 'C@@', 'our@@', 't', 'of', 'S@@', 'hin@@', 'z@@', 'z@@', 'o', 'A@@', 'be', 'in', 'the', 'Ma@@', 'y', '.', '</s>']
2026-05-12 00:56:54,451 - INFO - joeynmt.training - 	Source:     Indiens neuer Premierminister Narendra Modi trifft bei seinem ersten wichtigen Auslandsbesuch seit seinem Wahlsieg im Mai seinen japanischen Amtskollegen Shinzo Abe in Toko , um wirtschaftliche und sicherheitspolitische Beziehungen zu besprechen .
2026-05-12 00:56:54,451 - INFO - joeynmt.training - 	Reference:  India &apos;s new prime minister , Narendra Modi , is meeting his Japanese counterpart , Shinzo Abe , in Tokyo to discuss economic and security ties , on his first major foreign visit since winning May &apos;s election .
2026-05-12 00:56:54,451 - INFO - joeynmt.training - 	Hypothesis: India &apos;s new Prime Minister Nardinerra Modi , has been reached in his first ever since a year , the Japanese , in May , the Japanese , and the Court of Shinzzo Abe in the May .
2026-05-12 00:56:54,451 - INFO - joeynmt.training - Example #2
2026-05-12 00:56:54,451 - DEBUG - joeynmt.training - 	Tokenized source:     ['Herr', 'Mo@@', 'd@@', 'i', 'befindet', 'sich', 'auf', 'einer', 'fü@@', 'n@@', 'f@@', 'tä@@', 'gi@@', 'gen', 'Rei@@', 'se', 'nach', 'J@@', 'ap@@', 'an', ',', 'um', 'die', 'wirtschaf@@', 'tlichen', 'Be@@', 'zieh@@', 'ungen', 'mit', 'der', 'd@@', 'rit@@', 't@@', 'größ@@', 'ten', 'Wirtschafts@@', 'n@@', 'ation', 'der', 'Welt', 'zu', 'fes@@', 'tigen', '.']
2026-05-12 00:56:54,451 - DEBUG - joeynmt.training - 	Tokenized reference:  ['Mr', 'Mo@@', 'd@@', 'i', 'is', 'on', 'a', 'fi@@', 've', '@@@', '-@@', '@', 'day', 'tri@@', 'p', 'to', 'J@@', 'ap@@', 'an', 'to', 'streng@@', 'then', 'economic', 'ties', 'with', 'the', 'third', 'lar@@', 'ges@@', 't', 'econom@@', 'y', 'in', 'the', 'world', '.']
2026-05-12 00:56:54,451 - DEBUG - joeynmt.training - 	Tokenized hypothesis: ['Mr', 'Mo@@', 'd@@', 'i', 'is', 'a', 'fi@@', 'f@@', 'ty', 'for', 'J@@', 'ap@@', 'an', ',', 'to', 'J@@', 'ap@@', 'an', ',', 'to', 'be', 'able', 'to', 'fo@@', 'c@@', 'us', 'on', 'the', 'third', 'lar@@', 'ges@@', 't', 'economic', 'n@@', 'ation', 'of', 'the', 'world', '.', '</s>']
2026-05-12 00:56:54,451 - INFO - joeynmt.training - 	Source:     Herr Modi befindet sich auf einer fünftägigen Reise nach Japan , um die wirtschaftlichen Beziehungen mit der drittgrößten Wirtschaftsnation der Welt zu festigen .
2026-05-12 00:56:54,451 - INFO - joeynmt.training - 	Reference:  Mr Modi is on a five @-@ day trip to Japan to strengthen economic ties with the third largest economy in the world .
2026-05-12 00:56:54,451 - INFO - joeynmt.training - 	Hypothesis: Mr Modi is a fifty for Japan , to Japan , to be able to focus on the third largest economic nation of the world .
2026-05-12 00:56:54,451 - INFO - joeynmt.training - Example #3
2026-05-12 00:56:54,451 - DEBUG - joeynmt.training - 	Tokenized source:     ['P@@', 'län@@', 'e', 'für', 'eine', 'stärk@@', 'ere', 'k@@', 'ern@@', 'techn@@', 'ische', 'Zusammenarbeit', 'stehen', 'ganz', 'ob@@', 'en', 'auf', 'der', 'Tag@@', 'es@@', 'ordnung', '.']
2026-05-12 00:56:54,451 - DEBUG - joeynmt.training - 	Tokenized reference:  ['high', 'on', 'the', 'agen@@', 'da', 'are', 'pl@@', 'ans', 'for', 'gre@@', 'ater', 'nu@@', 'clear', 'c@@', 'o', '@@@', '-@@', '@', 'operation', '.']
2026-05-12 00:56:54,451 - DEBUG - joeynmt.training - 	Tokenized hypothesis: ['P@@', 'countries', 'for', 'gre@@', 'ater', 'c@@', 'oll@@', 'ab@@', 'or@@', 'ation', '.', '</s>']
2026-05-12 00:56:54,452 - INFO - joeynmt.training - 	Source:     Pläne für eine stärkere kerntechnische Zusammenarbeit stehen ganz oben auf der Tagesordnung .
2026-05-12 00:56:54,452 - INFO - joeynmt.training - 	Reference:  high on the agenda are plans for greater nuclear co @-@ operation .
2026-05-12 00:56:54,452 - INFO - joeynmt.training - 	Hypothesis: Pcountries for greater collaboration .
2026-05-12 00:56:54,452 - INFO - joeynmt.training - Example #4
2026-05-12 00:56:54,452 - DEBUG - joeynmt.training - 	Tokenized source:     ['Berich@@', 'ten', 'zu@@', 'fol@@', 'ge', 'ho@@', 'fft', 'Indi@@', 'en', 'darüber', 'hinaus', 'auf', 'einen', 'Ver@@', 'trag', 'zur', 'Ver@@', 'tei@@', 'dig@@', 'ungs@@', 'zusammen@@', 'arbeit', 'zwischen', 'den', 'beiden', 'N@@', 'ationen', '.']
2026-05-12 00:56:54,452 - DEBUG - joeynmt.training - 	Tokenized reference:  ['Indi@@', 'a', 'is', 'also', 're@@', 'porte@@', 'dly', 'hop@@', 'ing', 'for', 'a', 'de@@', 'al', 'on', 'def@@', 'ence', 'c@@', 'oll@@', 'ab@@', 'or@@', 'ation', 'between', 'the', 'two', 'n@@', 'ations', '.']
2026-05-12 00:56:54,452 - DEBUG - joeynmt.training - 	Tokenized hypothesis: ['in', 'ad@@', 'dition', ',', 'the', 'fact', 'that', 'the', 'de@@', 'si@@', 're', 'to', 'de@@', 'termin@@', 'e', 'the', 'def@@', 'ence', 'cooperation', 'between', 'the', 'two', 'n@@', 'ations', '.', '</s>']
2026-05-12 00:56:54,452 - INFO - joeynmt.training - 	Source:     Berichten zufolge hofft Indien darüber hinaus auf einen Vertrag zur Verteidigungszusammenarbeit zwischen den beiden Nationen .
2026-05-12 00:56:54,452 - INFO - joeynmt.training - 	Reference:  India is also reportedly hoping for a deal on defence collaboration between the two nations .
2026-05-12 00:56:54,452 - INFO - joeynmt.training - 	Hypothesis: in addition , the fact that the desire to determine the defence cooperation between the two nations .
2026-05-12 00:57:21,638 - INFO - joeynmt.training - Epoch   6, Step:    21600, Batch Loss:     1.937081, Batch Acc: 0.484461, Tokens per Sec:     3276, Lr: 0.000300
2026-05-12 00:57:48,264 - INFO - joeynmt.training - Epoch   6, Step:    21700, Batch Loss:     1.927038, Batch Acc: 0.492565, Tokens per Sec:     3412, Lr: 0.000300
2026-05-12 00:58:15,258 - INFO - joeynmt.training - Epoch   6, Step:    21800, Batch Loss:     1.899587, Batch Acc: 0.488039, Tokens per Sec:     3413, Lr: 0.000300
2026-05-12 00:58:42,137 - INFO - joeynmt.training - Epoch   6, Step:    21900, Batch Loss:     2.024147, Batch Acc: 0.490040, Tokens per Sec:     3461, Lr: 0.000300
2026-05-12 00:59:08,974 - INFO - joeynmt.training - Epoch   6, Step:    22000, Batch Loss:     1.714009, Batch Acc: 0.487084, Tokens per Sec:     3381, Lr: 0.000300
2026-05-12 00:59:08,974 - INFO - joeynmt.prediction - Predicting 500 example(s)... (Greedy decoding with min_output_length=1, max_output_length=-1, return_prob='none', generate_unk=True, repetition_penalty=-1, no_repeat_ngram_size=-1)
2026-05-12 00:59:53,185 - INFO - joeynmt.prediction - Evaluation result (greedy) loss:   2.25, ppl:   9.51, acc:   0.42, generation: 44.2017[sec], evaluation: 0.0000[sec]
2026-05-12 00:59:53,189 - INFO - joeynmt.training - Hooray! New best validation result [ppl]!
2026-05-12 00:59:53,392 - INFO - joeynmt.helpers - delete models/deen_transformer_post/19500.ckpt
2026-05-12 00:59:53,398 - INFO - joeynmt.training - Example #0
2026-05-12 00:59:53,399 - DEBUG - joeynmt.training - 	Tokenized source:     ['die', 'Pre@@', 'mi@@', 'er@@', 'minist@@', 'er', 'Indi@@', 'ens', 'und', 'J@@', 'ap@@', 'ans', 'tra@@', 'fen', 'sich', 'in', 'T@@', 'ok@@', 'i@@', 'o', '.']
2026-05-12 00:59:53,399 - DEBUG - joeynmt.training - 	Tokenized reference:  ['Indi@@', 'a', 'and', 'J@@', 'ap@@', 'an', 'pri@@', 'me', 'minist@@', 'ers', 'me@@', 'et', 'in', 'T@@', 'ok@@', 'y@@', 'o']
2026-05-12 00:59:53,399 - DEBUG - joeynmt.training - 	Tokenized hypothesis: ['the', 'Pri@@', 'me', 'Minist@@', 'er', 'of', 'Indi@@', 'a', 'and', 'J@@', 'ap@@', 'an', '.', '</s>']
2026-05-12 00:59:53,399 - INFO - joeynmt.training - 	Source:     die Premierminister Indiens und Japans trafen sich in Tokio .
2026-05-12 00:59:53,399 - INFO - joeynmt.training - 	Reference:  India and Japan prime ministers meet in Tokyo
2026-05-12 00:59:53,399 - INFO - joeynmt.training - 	Hypothesis: the Prime Minister of India and Japan .
2026-05-12 00:59:53,399 - INFO - joeynmt.training - Example #1
2026-05-12 00:59:53,399 - DEBUG - joeynmt.training - 	Tokenized source:     ['Indi@@', 'ens', 'neu@@', 'er', 'Pre@@', 'mi@@', 'er@@', 'minist@@', 'er', 'N@@', 'ar@@', 'end@@', 'ra', 'Mo@@', 'd@@', 'i', 'tri@@', 'fft', 'bei', 's@@', 'einem', 'ersten', 'wichti@@', 'gen', 'Aus@@', 'land@@', 's@@', 'bes@@', 'u@@', 'ch', 'seit', 's@@', 'einem', 'W@@', 'ah@@', 'l@@', 'si@@', 'e@@', 'g', 'im', 'Ma@@', 'i', 'seinen', 'j@@', 'ap@@', 'an@@', 'ischen', 'Am@@', 'ts@@', 'k@@', 'olle@@', 'gen', 'S@@', 'hin@@', 'z@@', 'o', 'A@@', 'be', 'in', 'T@@', 'ok@@', 'o', ',', 'um', 'wirtschaf@@', 'tliche', 'und', 'sicher@@', 'heits@@', 'politische', 'Be@@', 'zieh@@', 'ungen', 'zu', 'bes@@', 'pre@@', 'chen', '.']
2026-05-12 00:59:53,399 - DEBUG - joeynmt.training - 	Tokenized reference:  ['Indi@@', 'a', '&apos;s', 'new', 'pri@@', 'me', 'minist@@', 'er', ',', 'N@@', 'ar@@', 'end@@', 'ra', 'Mo@@', 'd@@', 'i', ',', 'is', 'me@@', 'eting', 'his', 'J@@', 'ap@@', 'an@@', 'ese', 'coun@@', 'ter@@', 'part', ',', 'S@@', 'hin@@', 'z@@', 'o', 'A@@', 'be', ',', 'in', 'T@@', 'ok@@', 'y@@', 'o', 'to', 'disc@@', 'uss', 'economic', 'and', 'security', 'ties', ',', 'on', 'his', 'first', 'major', 'fore@@', 'ign', 'visi@@', 't', 'since', 'w@@', 'inn@@', 'ing', 'Ma@@', 'y', '&apos;s', 'elec@@', 'tion', '.']
2026-05-12 00:59:53,399 - DEBUG - joeynmt.training - 	Tokenized hypothesis: ['Indi@@', 'a', '&apos;s', 'Pri@@', 'me', 'Minist@@', 'er', 'N@@', 'ar@@', 'end@@', 'ra', 'Mo@@', 'd@@', 'i', ',', 'in', 'his', 'first', 'important', 'ag@@', 'o', ',', 'in', 'his', 'first', 'important', 'fore@@', 'ign', 'ag@@', 'ri@@', 'cultural', 'her@@', 'ence', 'in', 'Ma@@', 'y', ',', 'the', 'S@@', 'hin@@', 'z@@', 'o', 'A@@', 'be', ',', 'in', 'the', 'Ma@@', 'y', 'of', 'S@@', 'hin@@', 'z@@', 'o', 'A@@', 'be', ',', 'and', 'to', 're@@', 'present', 'the', 'economic', 'and', 'security', 'policy', '.', '</s>']
2026-05-12 00:59:53,399 - INFO - joeynmt.training - 	Source:     Indiens neuer Premierminister Narendra Modi trifft bei seinem ersten wichtigen Auslandsbesuch seit seinem Wahlsieg im Mai seinen japanischen Amtskollegen Shinzo Abe in Toko , um wirtschaftliche und sicherheitspolitische Beziehungen zu besprechen .
2026-05-12 00:59:53,399 - INFO - joeynmt.training - 	Reference:  India &apos;s new prime minister , Narendra Modi , is meeting his Japanese counterpart , Shinzo Abe , in Tokyo to discuss economic and security ties , on his first major foreign visit since winning May &apos;s election .
2026-05-12 00:59:53,400 - INFO - joeynmt.training - 	Hypothesis: India &apos;s Prime Minister Narendra Modi , in his first important ago , in his first important foreign agricultural herence in May , the Shinzo Abe , in the May of Shinzo Abe , and to represent the economic and security policy .
2026-05-12 00:59:53,400 - INFO - joeynmt.training - Example #2
2026-05-12 00:59:53,400 - DEBUG - joeynmt.training - 	Tokenized source:     ['Herr', 'Mo@@', 'd@@', 'i', 'befindet', 'sich', 'auf', 'einer', 'fü@@', 'n@@', 'f@@', 'tä@@', 'gi@@', 'gen', 'Rei@@', 'se', 'nach', 'J@@', 'ap@@', 'an', ',', 'um', 'die', 'wirtschaf@@', 'tlichen', 'Be@@', 'zieh@@', 'ungen', 'mit', 'der', 'd@@', 'rit@@', 't@@', 'größ@@', 'ten', 'Wirtschafts@@', 'n@@', 'ation', 'der', 'Welt', 'zu', 'fes@@', 'tigen', '.']
2026-05-12 00:59:53,400 - DEBUG - joeynmt.training - 	Tokenized reference:  ['Mr', 'Mo@@', 'd@@', 'i', 'is', 'on', 'a', 'fi@@', 've', '@@@', '-@@', '@', 'day', 'tri@@', 'p', 'to', 'J@@', 'ap@@', 'an', 'to', 'streng@@', 'then', 'economic', 'ties', 'with', 'the', 'third', 'lar@@', 'ges@@', 't', 'econom@@', 'y', 'in', 'the', 'world', '.']
2026-05-12 00:59:53,400 - DEBUG - joeynmt.training - 	Tokenized hypothesis: ['Mr', 'Mo@@', 'd@@', 'i', 'is', 'a', 'fi@@', 'f@@', 'ty', 'of', 'fi@@', 'f@@', 'ty', 'in', 'order', 'to', 'be', 'able', 'to', 'make', 'the', 'economic', 'rel@@', 'ations', 'with', 'the', 'third', 'lar@@', 'ges@@', 't', 'economic', 'rel@@', 'ations', 'with', 'the', 'third', 'lar@@', 'ges@@', 't', 'economic', 'n@@', 'ation', 'of', 'the', 'world', '.', '</s>']
2026-05-12 00:59:53,400 - INFO - joeynmt.training - 	Source:     Herr Modi befindet sich auf einer fünftägigen Reise nach Japan , um die wirtschaftlichen Beziehungen mit der drittgrößten Wirtschaftsnation der Welt zu festigen .
2026-05-12 00:59:53,400 - INFO - joeynmt.training - 	Reference:  Mr Modi is on a five @-@ day trip to Japan to strengthen economic ties with the third largest economy in the world .
2026-05-12 00:59:53,400 - INFO - joeynmt.training - 	Hypothesis: Mr Modi is a fifty of fifty in order to be able to make the economic relations with the third largest economic relations with the third largest economic nation of the world .
2026-05-12 00:59:53,400 - INFO - joeynmt.training - Example #3
2026-05-12 00:59:53,400 - DEBUG - joeynmt.training - 	Tokenized source:     ['P@@', 'län@@', 'e', 'für', 'eine', 'stärk@@', 'ere', 'k@@', 'ern@@', 'techn@@', 'ische', 'Zusammenarbeit', 'stehen', 'ganz', 'ob@@', 'en', 'auf', 'der', 'Tag@@', 'es@@', 'ordnung', '.']
2026-05-12 00:59:53,400 - DEBUG - joeynmt.training - 	Tokenized reference:  ['high', 'on', 'the', 'agen@@', 'da', 'are', 'pl@@', 'ans', 'for', 'gre@@', 'ater', 'nu@@', 'clear', 'c@@', 'o', '@@@', '-@@', '@', 'operation', '.']
2026-05-12 00:59:53,400 - DEBUG - joeynmt.training - 	Tokenized hypothesis: ['P@@', 'ans', 'for', 'gre@@', 'ater', 'c@@', 'oll@@', 'ab@@', 'or@@', 'ation', 'with', 'the', 'agen@@', 'da', '.', '</s>']
2026-05-12 00:59:53,400 - INFO - joeynmt.training - 	Source:     Pläne für eine stärkere kerntechnische Zusammenarbeit stehen ganz oben auf der Tagesordnung .
2026-05-12 00:59:53,400 - INFO - joeynmt.training - 	Reference:  high on the agenda are plans for greater nuclear co @-@ operation .
2026-05-12 00:59:53,400 - INFO - joeynmt.training - 	Hypothesis: Pans for greater collaboration with the agenda .
2026-05-12 00:59:53,400 - INFO - joeynmt.training - Example #4
2026-05-12 00:59:53,400 - DEBUG - joeynmt.training - 	Tokenized source:     ['Berich@@', 'ten', 'zu@@', 'fol@@', 'ge', 'ho@@', 'fft', 'Indi@@', 'en', 'darüber', 'hinaus', 'auf', 'einen', 'Ver@@', 'trag', 'zur', 'Ver@@', 'tei@@', 'dig@@', 'ungs@@', 'zusammen@@', 'arbeit', 'zwischen', 'den', 'beiden', 'N@@', 'ationen', '.']
2026-05-12 00:59:53,401 - DEBUG - joeynmt.training - 	Tokenized reference:  ['Indi@@', 'a', 'is', 'also', 're@@', 'porte@@', 'dly', 'hop@@', 'ing', 'for', 'a', 'de@@', 'al', 'on', 'def@@', 'ence', 'c@@', 'oll@@', 'ab@@', 'or@@', 'ation', 'between', 'the', 'two', 'n@@', 'ations', '.']
2026-05-12 00:59:53,401 - DEBUG - joeynmt.training - 	Tokenized hypothesis: ['re@@', 'ports', 'on', 'the', 'con@@', 'tra@@', 'ct', ',', 'in', 'rel@@', 'ation', 'to', 'the', 'def@@', 'ence', 'of', 'the', 'two', 'N@@', 'ations', '.', '</s>']
2026-05-12 00:59:53,401 - INFO - joeynmt.training - 	Source:     Berichten zufolge hofft Indien darüber hinaus auf einen Vertrag zur Verteidigungszusammenarbeit zwischen den beiden Nationen .
2026-05-12 00:59:53,401 - INFO - joeynmt.training - 	Reference:  India is also reportedly hoping for a deal on defence collaboration between the two nations .
2026-05-12 00:59:53,401 - INFO - joeynmt.training - 	Hypothesis: reports on the contract , in relation to the defence of the two Nations .
2026-05-12 01:00:19,855 - INFO - joeynmt.training - Epoch   6, Step:    22100, Batch Loss:     1.782475, Batch Acc: 0.487663, Tokens per Sec:     3421, Lr: 0.000300
2026-05-12 01:00:46,451 - INFO - joeynmt.training - Epoch   6, Step:    22200, Batch Loss:     1.925961, Batch Acc: 0.491132, Tokens per Sec:     3462, Lr: 0.000300
2026-05-12 01:01:13,220 - INFO - joeynmt.training - Epoch   6, Step:    22300, Batch Loss:     1.925964, Batch Acc: 0.482707, Tokens per Sec:     3482, Lr: 0.000300
2026-05-12 01:01:39,940 - INFO - joeynmt.training - Epoch   6, Step:    22400, Batch Loss:     2.190894, Batch Acc: 0.486769, Tokens per Sec:     3404, Lr: 0.000300
2026-05-12 01:02:06,331 - INFO - joeynmt.training - Epoch   6, Step:    22500, Batch Loss:     2.007358, Batch Acc: 0.484866, Tokens per Sec:     3517, Lr: 0.000300
2026-05-12 01:02:06,332 - INFO - joeynmt.prediction - Predicting 500 example(s)... (Greedy decoding with min_output_length=1, max_output_length=-1, return_prob='none', generate_unk=True, repetition_penalty=-1, no_repeat_ngram_size=-1)
2026-05-12 01:02:47,903 - INFO - joeynmt.prediction - Evaluation result (greedy) loss:   2.25, ppl:   9.53, acc:   0.42, generation: 41.5627[sec], evaluation: 0.0000[sec]
2026-05-12 01:02:48,100 - INFO - joeynmt.helpers - delete models/deen_transformer_post/21000.ckpt
2026-05-12 01:02:48,107 - INFO - joeynmt.training - Example #0
2026-05-12 01:02:48,107 - DEBUG - joeynmt.training - 	Tokenized source:     ['die', 'Pre@@', 'mi@@', 'er@@', 'minist@@', 'er', 'Indi@@', 'ens', 'und', 'J@@', 'ap@@', 'ans', 'tra@@', 'fen', 'sich', 'in', 'T@@', 'ok@@', 'i@@', 'o', '.']
2026-05-12 01:02:48,107 - DEBUG - joeynmt.training - 	Tokenized reference:  ['Indi@@', 'a', 'and', 'J@@', 'ap@@', 'an', 'pri@@', 'me', 'minist@@', 'ers', 'me@@', 'et', 'in', 'T@@', 'ok@@', 'y@@', 'o']
2026-05-12 01:02:48,107 - DEBUG - joeynmt.training - 	Tokenized hypothesis: ['the', 'pri@@', 'me', 'minist@@', 'er', 'and', 'J@@', 'ap@@', 'ans', 'are', 'in', 'T@@', 'ok@@', 'i@@', 'o', '.', '</s>']
2026-05-12 01:02:48,107 - INFO - joeynmt.training - 	Source:     die Premierminister Indiens und Japans trafen sich in Tokio .
2026-05-12 01:02:48,107 - INFO - joeynmt.training - 	Reference:  India and Japan prime ministers meet in Tokyo
2026-05-12 01:02:48,107 - INFO - joeynmt.training - 	Hypothesis: the prime minister and Japans are in Tokio .
2026-05-12 01:02:48,107 - INFO - joeynmt.training - Example #1
2026-05-12 01:02:48,107 - DEBUG - joeynmt.training - 	Tokenized source:     ['Indi@@', 'ens', 'neu@@', 'er', 'Pre@@', 'mi@@', 'er@@', 'minist@@', 'er', 'N@@', 'ar@@', 'end@@', 'ra', 'Mo@@', 'd@@', 'i', 'tri@@', 'fft', 'bei', 's@@', 'einem', 'ersten', 'wichti@@', 'gen', 'Aus@@', 'land@@', 's@@', 'bes@@', 'u@@', 'ch', 'seit', 's@@', 'einem', 'W@@', 'ah@@', 'l@@', 'si@@', 'e@@', 'g', 'im', 'Ma@@', 'i', 'seinen', 'j@@', 'ap@@', 'an@@', 'ischen', 'Am@@', 'ts@@', 'k@@', 'olle@@', 'gen', 'S@@', 'hin@@', 'z@@', 'o', 'A@@', 'be', 'in', 'T@@', 'ok@@', 'o', ',', 'um', 'wirtschaf@@', 'tliche', 'und', 'sicher@@', 'heits@@', 'politische', 'Be@@', 'zieh@@', 'ungen', 'zu', 'bes@@', 'pre@@', 'chen', '.']
2026-05-12 01:02:48,107 - DEBUG - joeynmt.training - 	Tokenized reference:  ['Indi@@', 'a', '&apos;s', 'new', 'pri@@', 'me', 'minist@@', 'er', ',', 'N@@', 'ar@@', 'end@@', 'ra', 'Mo@@', 'd@@', 'i', ',', 'is', 'me@@', 'eting', 'his', 'J@@', 'ap@@', 'an@@', 'ese', 'coun@@', 'ter@@', 'part', ',', 'S@@', 'hin@@', 'z@@', 'o', 'A@@', 'be', ',', 'in', 'T@@', 'ok@@', 'y@@', 'o', 'to', 'disc@@', 'uss', 'economic', 'and', 'security', 'ties', ',', 'on', 'his', 'first', 'major', 'fore@@', 'ign', 'visi@@', 't', 'since', 'w@@', 'inn@@', 'ing', 'Ma@@', 'y', '&apos;s', 'elec@@', 'tion', '.']
2026-05-12 01:02:48,107 - DEBUG - joeynmt.training - 	Tokenized hypothesis: ['Indi@@', 'a', '&apos;s', 'lat@@', 'est', 'pre@@', 'mi@@', 'er', 'N@@', 'ar@@', 'end@@', 'ra', 'Mo@@', 'd@@', 'i', ',', 'was', 'a', 'first', 'of', 'all', 'the', 'most', 'important', 'ag@@', 'ri@@', 'cultural', 'her@@', 'it@@', 'age', 'in', 'Ma@@', 'y', ',', 'the', 'first', 'of', 'his', 'J@@', 'ap@@', 'an@@', 'ese', ',', 'in', 'Ma@@', 'y', 'A@@', 'be', ',', 'and', 'S@@', 'hin@@', 'z@@', 'o', 'A@@', 'be', 'in', 'the', 'Ma@@', 'y', 'of', 'S@@', 'hin@@', 'z@@', 'o', 'A@@', 'be', ',', 'and', 'security', 'policy', '.', '</s>']
2026-05-12 01:02:48,108 - INFO - joeynmt.training - 	Source:     Indiens neuer Premierminister Narendra Modi trifft bei seinem ersten wichtigen Auslandsbesuch seit seinem Wahlsieg im Mai seinen japanischen Amtskollegen Shinzo Abe in Toko , um wirtschaftliche und sicherheitspolitische Beziehungen zu besprechen .
2026-05-12 01:02:48,108 - INFO - joeynmt.training - 	Reference:  India &apos;s new prime minister , Narendra Modi , is meeting his Japanese counterpart , Shinzo Abe , in Tokyo to discuss economic and security ties , on his first major foreign visit since winning May &apos;s election .
2026-05-12 01:02:48,108 - INFO - joeynmt.training - 	Hypothesis: India &apos;s latest premier Narendra Modi , was a first of all the most important agricultural heritage in May , the first of his Japanese , in May Abe , and Shinzo Abe in the May of Shinzo Abe , and security policy .
2026-05-12 01:02:48,108 - INFO - joeynmt.training - Example #2
2026-05-12 01:02:48,108 - DEBUG - joeynmt.training - 	Tokenized source:     ['Herr', 'Mo@@', 'd@@', 'i', 'befindet', 'sich', 'auf', 'einer', 'fü@@', 'n@@', 'f@@', 'tä@@', 'gi@@', 'gen', 'Rei@@', 'se', 'nach', 'J@@', 'ap@@', 'an', ',', 'um', 'die', 'wirtschaf@@', 'tlichen', 'Be@@', 'zieh@@', 'ungen', 'mit', 'der', 'd@@', 'rit@@', 't@@', 'größ@@', 'ten', 'Wirtschafts@@', 'n@@', 'ation', 'der', 'Welt', 'zu', 'fes@@', 'tigen', '.']
2026-05-12 01:02:48,108 - DEBUG - joeynmt.training - 	Tokenized reference:  ['Mr', 'Mo@@', 'd@@', 'i', 'is', 'on', 'a', 'fi@@', 've', '@@@', '-@@', '@', 'day', 'tri@@', 'p', 'to', 'J@@', 'ap@@', 'an', 'to', 'streng@@', 'then', 'economic', 'ties', 'with', 'the', 'third', 'lar@@', 'ges@@', 't', 'econom@@', 'y', 'in', 'the', 'world', '.']
2026-05-12 01:02:48,108 - DEBUG - joeynmt.training - 	Tokenized hypothesis: ['Mr', 'Mo@@', 'd@@', 'i', 'is', 'a', 'fi@@', 'f@@', 'th', 'tra@@', 'ding', 'to', 'J@@', 'ap@@', 'an', 'to', 'J@@', 'ap@@', 'an', 'to', 'be', 'the', 'world', '&apos;s', 'economic', 'rel@@', 'ations', 'with', 'the', 'third', 'lar@@', 'ges@@', 't', 'economic', 'n@@', 'ation', '.', '</s>']
2026-05-12 01:02:48,108 - INFO - joeynmt.training - 	Source:     Herr Modi befindet sich auf einer fünftägigen Reise nach Japan , um die wirtschaftlichen Beziehungen mit der drittgrößten Wirtschaftsnation der Welt zu festigen .
2026-05-12 01:02:48,108 - INFO - joeynmt.training - 	Reference:  Mr Modi is on a five @-@ day trip to Japan to strengthen economic ties with the third largest economy in the world .
2026-05-12 01:02:48,108 - INFO - joeynmt.training - 	Hypothesis: Mr Modi is a fifth trading to Japan to Japan to be the world &apos;s economic relations with the third largest economic nation .
2026-05-12 01:02:48,108 - INFO - joeynmt.training - Example #3
2026-05-12 01:02:48,108 - DEBUG - joeynmt.training - 	Tokenized source:     ['P@@', 'län@@', 'e', 'für', 'eine', 'stärk@@', 'ere', 'k@@', 'ern@@', 'techn@@', 'ische', 'Zusammenarbeit', 'stehen', 'ganz', 'ob@@', 'en', 'auf', 'der', 'Tag@@', 'es@@', 'ordnung', '.']
2026-05-12 01:02:48,108 - DEBUG - joeynmt.training - 	Tokenized reference:  ['high', 'on', 'the', 'agen@@', 'da', 'are', 'pl@@', 'ans', 'for', 'gre@@', 'ater', 'nu@@', 'clear', 'c@@', 'o', '@@@', '-@@', '@', 'operation', '.']
2026-05-12 01:02:48,108 - DEBUG - joeynmt.training - 	Tokenized hypothesis: ['P@@', 'ru@@', 'le', 'for', 'more', 'str@@', 'ong', 'techn@@', 'ical', 'cooperation', 'are', 'ob@@', 'tain@@', 'ed', 'at', 'the', 'agen@@', 'da', '.', '</s>']
2026-05-12 01:02:48,108 - INFO - joeynmt.training - 	Source:     Pläne für eine stärkere kerntechnische Zusammenarbeit stehen ganz oben auf der Tagesordnung .
2026-05-12 01:02:48,108 - INFO - joeynmt.training - 	Reference:  high on the agenda are plans for greater nuclear co @-@ operation .
2026-05-12 01:02:48,109 - INFO - joeynmt.training - 	Hypothesis: Prule for more strong technical cooperation are obtained at the agenda .
2026-05-12 01:02:48,109 - INFO - joeynmt.training - Example #4
2026-05-12 01:02:48,109 - DEBUG - joeynmt.training - 	Tokenized source:     ['Berich@@', 'ten', 'zu@@', 'fol@@', 'ge', 'ho@@', 'fft', 'Indi@@', 'en', 'darüber', 'hinaus', 'auf', 'einen', 'Ver@@', 'trag', 'zur', 'Ver@@', 'tei@@', 'dig@@', 'ungs@@', 'zusammen@@', 'arbeit', 'zwischen', 'den', 'beiden', 'N@@', 'ationen', '.']
2026-05-12 01:02:48,109 - DEBUG - joeynmt.training - 	Tokenized reference:  ['Indi@@', 'a', 'is', 'also', 're@@', 'porte@@', 'dly', 'hop@@', 'ing', 'for', 'a', 'de@@', 'al', 'on', 'def@@', 'ence', 'c@@', 'oll@@', 'ab@@', 'or@@', 'ation', 'between', 'the', 'two', 'n@@', 'ations', '.']
2026-05-12 01:02:48,109 - DEBUG - joeynmt.training - 	Tokenized hypothesis: ['re@@', 'ports', 'on', 'the', 'con@@', 'text', 'of', 'Indi@@', 'a', '&apos;s', 're@@', 'ports', 'on', 'the', 'def@@', 'ence', 'of', 'the', 'two', 'N@@', 'ations', '.', '</s>']
2026-05-12 01:02:48,109 - INFO - joeynmt.training - 	Source:     Berichten zufolge hofft Indien darüber hinaus auf einen Vertrag zur Verteidigungszusammenarbeit zwischen den beiden Nationen .
2026-05-12 01:02:48,109 - INFO - joeynmt.training - 	Reference:  India is also reportedly hoping for a deal on defence collaboration between the two nations .
2026-05-12 01:02:48,109 - INFO - joeynmt.training - 	Hypothesis: reports on the context of India &apos;s reports on the defence of the two Nations .
2026-05-12 01:03:14,340 - INFO - joeynmt.training - Epoch   6, Step:    22600, Batch Loss:     1.814389, Batch Acc: 0.484879, Tokens per Sec:     3464, Lr: 0.000300
2026-05-12 01:03:41,169 - INFO - joeynmt.training - Epoch   6, Step:    22700, Batch Loss:     1.946294, Batch Acc: 0.488248, Tokens per Sec:     3408, Lr: 0.000300
2026-05-12 01:04:07,568 - INFO - joeynmt.training - Epoch   6, Step:    22800, Batch Loss:     1.991370, Batch Acc: 0.489373, Tokens per Sec:     3468, Lr: 0.000300
2026-05-12 01:04:34,298 - INFO - joeynmt.training - Epoch   6, Step:    22900, Batch Loss:     1.928255, Batch Acc: 0.490320, Tokens per Sec:     3482, Lr: 0.000300
2026-05-12 01:05:00,883 - INFO - joeynmt.training - Epoch   6, Step:    23000, Batch Loss:     1.728819, Batch Acc: 0.487443, Tokens per Sec:     3438, Lr: 0.000300
2026-05-12 01:05:00,883 - INFO - joeynmt.prediction - Predicting 500 example(s)... (Greedy decoding with min_output_length=1, max_output_length=-1, return_prob='none', generate_unk=True, repetition_penalty=-1, no_repeat_ngram_size=-1)
2026-05-12 01:05:37,937 - INFO - joeynmt.prediction - Evaluation result (greedy) loss:   2.24, ppl:   9.39, acc:   0.42, generation: 37.0458[sec], evaluation: 0.0000[sec]
2026-05-12 01:05:37,940 - INFO - joeynmt.training - Hooray! New best validation result [ppl]!
2026-05-12 01:05:38,130 - INFO - joeynmt.helpers - delete models/deen_transformer_post/20000.ckpt
2026-05-12 01:05:38,136 - INFO - joeynmt.training - Example #0
2026-05-12 01:05:38,136 - DEBUG - joeynmt.training - 	Tokenized source:     ['die', 'Pre@@', 'mi@@', 'er@@', 'minist@@', 'er', 'Indi@@', 'ens', 'und', 'J@@', 'ap@@', 'ans', 'tra@@', 'fen', 'sich', 'in', 'T@@', 'ok@@', 'i@@', 'o', '.']
2026-05-12 01:05:38,136 - DEBUG - joeynmt.training - 	Tokenized reference:  ['Indi@@', 'a', 'and', 'J@@', 'ap@@', 'an', 'pri@@', 'me', 'minist@@', 'ers', 'me@@', 'et', 'in', 'T@@', 'ok@@', 'y@@', 'o']
2026-05-12 01:05:38,136 - DEBUG - joeynmt.training - 	Tokenized hypothesis: ['the', 'Pri@@', 'me', 'Minist@@', 'er', 'and', 'J@@', 'ap@@', 'an', ',', 'the', 'Pri@@', 'me', 'Minist@@', 'er', 'and', 'J@@', 'ap@@', 'an', '.', '</s>']
2026-05-12 01:05:38,137 - INFO - joeynmt.training - 	Source:     die Premierminister Indiens und Japans trafen sich in Tokio .
2026-05-12 01:05:38,137 - INFO - joeynmt.training - 	Reference:  India and Japan prime ministers meet in Tokyo
2026-05-12 01:05:38,137 - INFO - joeynmt.training - 	Hypothesis: the Prime Minister and Japan , the Prime Minister and Japan .
2026-05-12 01:05:38,137 - INFO - joeynmt.training - Example #1
2026-05-12 01:05:38,137 - DEBUG - joeynmt.training - 	Tokenized source:     ['Indi@@', 'ens', 'neu@@', 'er', 'Pre@@', 'mi@@', 'er@@', 'minist@@', 'er', 'N@@', 'ar@@', 'end@@', 'ra', 'Mo@@', 'd@@', 'i', 'tri@@', 'fft', 'bei', 's@@', 'einem', 'ersten', 'wichti@@', 'gen', 'Aus@@', 'land@@', 's@@', 'bes@@', 'u@@', 'ch', 'seit', 's@@', 'einem', 'W@@', 'ah@@', 'l@@', 'si@@', 'e@@', 'g', 'im', 'Ma@@', 'i', 'seinen', 'j@@', 'ap@@', 'an@@', 'ischen', 'Am@@', 'ts@@', 'k@@', 'olle@@', 'gen', 'S@@', 'hin@@', 'z@@', 'o', 'A@@', 'be', 'in', 'T@@', 'ok@@', 'o', ',', 'um', 'wirtschaf@@', 'tliche', 'und', 'sicher@@', 'heits@@', 'politische', 'Be@@', 'zieh@@', 'ungen', 'zu', 'bes@@', 'pre@@', 'chen', '.']
2026-05-12 01:05:38,137 - DEBUG - joeynmt.training - 	Tokenized reference:  ['Indi@@', 'a', '&apos;s', 'new', 'pri@@', 'me', 'minist@@', 'er', ',', 'N@@', 'ar@@', 'end@@', 'ra', 'Mo@@', 'd@@', 'i', ',', 'is', 'me@@', 'eting', 'his', 'J@@', 'ap@@', 'an@@', 'ese', 'coun@@', 'ter@@', 'part', ',', 'S@@', 'hin@@', 'z@@', 'o', 'A@@', 'be', ',', 'in', 'T@@', 'ok@@', 'y@@', 'o', 'to', 'disc@@', 'uss', 'economic', 'and', 'security', 'ties', ',', 'on', 'his', 'first', 'major', 'fore@@', 'ign', 'visi@@', 't', 'since', 'w@@', 'inn@@', 'ing', 'Ma@@', 'y', '&apos;s', 'elec@@', 'tion', '.']
2026-05-12 01:05:38,137 - DEBUG - joeynmt.training - 	Tokenized hypothesis: ['Indi@@', 'a', '&apos;s', 'Pri@@', 'me', 'Minist@@', 'er', 'N@@', 'ar@@', 'end@@', 'ra', 'Mo@@', 'd@@', 'i', '&apos;s', 'first', 'A@@', 's@@', 'soci@@', 'ation', ',', 'has', 'been', 'a', 'first', 'of', 'all', 'the', 'more', 'important', 'fore@@', 'ign', 'fore@@', 'ign', 'for@@', 'ces', 'for', 'his', 'elec@@', 'tion', 'in', 'Ma@@', 'y', ',', 'the', 'J@@', 'ap@@', 'an', 'A@@', 'gen@@', 'o', ',', 'to', 're@@', 'ach', 'its', 'first', '.', '</s>']
2026-05-12 01:05:38,137 - INFO - joeynmt.training - 	Source:     Indiens neuer Premierminister Narendra Modi trifft bei seinem ersten wichtigen Auslandsbesuch seit seinem Wahlsieg im Mai seinen japanischen Amtskollegen Shinzo Abe in Toko , um wirtschaftliche und sicherheitspolitische Beziehungen zu besprechen .
2026-05-12 01:05:38,137 - INFO - joeynmt.training - 	Reference:  India &apos;s new prime minister , Narendra Modi , is meeting his Japanese counterpart , Shinzo Abe , in Tokyo to discuss economic and security ties , on his first major foreign visit since winning May &apos;s election .
2026-05-12 01:05:38,137 - INFO - joeynmt.training - 	Hypothesis: India &apos;s Prime Minister Narendra Modi &apos;s first Association , has been a first of all the more important foreign foreign forces for his election in May , the Japan Ageno , to reach its first .
2026-05-12 01:05:38,137 - INFO - joeynmt.training - Example #2
2026-05-12 01:05:38,137 - DEBUG - joeynmt.training - 	Tokenized source:     ['Herr', 'Mo@@', 'd@@', 'i', 'befindet', 'sich', 'auf', 'einer', 'fü@@', 'n@@', 'f@@', 'tä@@', 'gi@@', 'gen', 'Rei@@', 'se', 'nach', 'J@@', 'ap@@', 'an', ',', 'um', 'die', 'wirtschaf@@', 'tlichen', 'Be@@', 'zieh@@', 'ungen', 'mit', 'der', 'd@@', 'rit@@', 't@@', 'größ@@', 'ten', 'Wirtschafts@@', 'n@@', 'ation', 'der', 'Welt', 'zu', 'fes@@', 'tigen', '.']
2026-05-12 01:05:38,137 - DEBUG - joeynmt.training - 	Tokenized reference:  ['Mr', 'Mo@@', 'd@@', 'i', 'is', 'on', 'a', 'fi@@', 've', '@@@', '-@@', '@', 'day', 'tri@@', 'p', 'to', 'J@@', 'ap@@', 'an', 'to', 'streng@@', 'then', 'economic', 'ties', 'with', 'the', 'third', 'lar@@', 'ges@@', 't', 'econom@@', 'y', 'in', 'the', 'world', '.']
2026-05-12 01:05:38,137 - DEBUG - joeynmt.training - 	Tokenized hypothesis: ['Mr', 'Mo@@', 'd@@', 'i', 'is', 'a', 'fi@@', 'f@@', 'th', 'tri@@', 'p', 'to', 'J@@', 'ap@@', 'an', 'to', 'J@@', 'ap@@', 'an', 'to', 'J@@', 'ap@@', 'an', 'to', 'J@@', 'ap@@', 'an', ',', 'in', 'order', 'to', 'f@@', 'ail', 'to', 're@@', 'ach', 'the', 'world', '.', '</s>']
2026-05-12 01:05:38,138 - INFO - joeynmt.training - 	Source:     Herr Modi befindet sich auf einer fünftägigen Reise nach Japan , um die wirtschaftlichen Beziehungen mit der drittgrößten Wirtschaftsnation der Welt zu festigen .
2026-05-12 01:05:38,138 - INFO - joeynmt.training - 	Reference:  Mr Modi is on a five @-@ day trip to Japan to strengthen economic ties with the third largest economy in the world .
2026-05-12 01:05:38,138 - INFO - joeynmt.training - 	Hypothesis: Mr Modi is a fifth trip to Japan to Japan to Japan to Japan , in order to fail to reach the world .
2026-05-12 01:05:38,138 - INFO - joeynmt.training - Example #3
2026-05-12 01:05:38,138 - DEBUG - joeynmt.training - 	Tokenized source:     ['P@@', 'län@@', 'e', 'für', 'eine', 'stärk@@', 'ere', 'k@@', 'ern@@', 'techn@@', 'ische', 'Zusammenarbeit', 'stehen', 'ganz', 'ob@@', 'en', 'auf', 'der', 'Tag@@', 'es@@', 'ordnung', '.']
2026-05-12 01:05:38,138 - DEBUG - joeynmt.training - 	Tokenized reference:  ['high', 'on', 'the', 'agen@@', 'da', 'are', 'pl@@', 'ans', 'for', 'gre@@', 'ater', 'nu@@', 'clear', 'c@@', 'o', '@@@', '-@@', '@', 'operation', '.']
2026-05-12 01:05:38,138 - DEBUG - joeynmt.training - 	Tokenized hypothesis: ['pl@@', 'ans', 'for', 'a', 'more', 'c@@', 'ru@@', 'cial', 'cooperation', ',', 'are', 'in', 'the', 'next', 'it@@', 'em', '.', '</s>']
2026-05-12 01:05:38,138 - INFO - joeynmt.training - 	Source:     Pläne für eine stärkere kerntechnische Zusammenarbeit stehen ganz oben auf der Tagesordnung .
2026-05-12 01:05:38,138 - INFO - joeynmt.training - 	Reference:  high on the agenda are plans for greater nuclear co @-@ operation .
2026-05-12 01:05:38,138 - INFO - joeynmt.training - 	Hypothesis: plans for a more crucial cooperation , are in the next item .
2026-05-12 01:05:38,138 - INFO - joeynmt.training - Example #4
2026-05-12 01:05:38,138 - DEBUG - joeynmt.training - 	Tokenized source:     ['Berich@@', 'ten', 'zu@@', 'fol@@', 'ge', 'ho@@', 'fft', 'Indi@@', 'en', 'darüber', 'hinaus', 'auf', 'einen', 'Ver@@', 'trag', 'zur', 'Ver@@', 'tei@@', 'dig@@', 'ungs@@', 'zusammen@@', 'arbeit', 'zwischen', 'den', 'beiden', 'N@@', 'ationen', '.']
2026-05-12 01:05:38,138 - DEBUG - joeynmt.training - 	Tokenized reference:  ['Indi@@', 'a', 'is', 'also', 're@@', 'porte@@', 'dly', 'hop@@', 'ing', 'for', 'a', 'de@@', 'al', 'on', 'def@@', 'ence', 'c@@', 'oll@@', 'ab@@', 'or@@', 'ation', 'between', 'the', 'two', 'n@@', 'ations', '.']
2026-05-12 01:05:38,138 - DEBUG - joeynmt.training - 	Tokenized hypothesis: ['mo@@', 're@@', 'over', ',', 'Indi@@', 'a', '&apos;s', 'con@@', 'dem@@', 'n@@', 'ation', 'on', 'the', 'def@@', 'ence', 'of', 'the', 'common', 'common', 'common', 'medi@@', 'a', '.', '</s>']
2026-05-12 01:05:38,138 - INFO - joeynmt.training - 	Source:     Berichten zufolge hofft Indien darüber hinaus auf einen Vertrag zur Verteidigungszusammenarbeit zwischen den beiden Nationen .
2026-05-12 01:05:38,138 - INFO - joeynmt.training - 	Reference:  India is also reportedly hoping for a deal on defence collaboration between the two nations .
2026-05-12 01:05:38,138 - INFO - joeynmt.training - 	Hypothesis: moreover , India &apos;s condemnation on the defence of the common common common media .
2026-05-12 01:06:04,810 - INFO - joeynmt.training - Epoch   6, Step:    23100, Batch Loss:     1.980738, Batch Acc: 0.490546, Tokens per Sec:     3439, Lr: 0.000300
2026-05-12 01:06:31,583 - INFO - joeynmt.training - Epoch   6, Step:    23200, Batch Loss:     1.981015, Batch Acc: 0.492597, Tokens per Sec:     3484, Lr: 0.000300
2026-05-12 01:06:58,133 - INFO - joeynmt.training - Epoch   6, Step:    23300, Batch Loss:     1.996684, Batch Acc: 0.493225, Tokens per Sec:     3419, Lr: 0.000300
2026-05-12 01:07:24,755 - INFO - joeynmt.training - Epoch   6, Step:    23400, Batch Loss:     1.898682, Batch Acc: 0.486061, Tokens per Sec:     3379, Lr: 0.000300
2026-05-12 01:07:51,364 - INFO - joeynmt.training - Epoch   6, Step:    23500, Batch Loss:     1.826116, Batch Acc: 0.491314, Tokens per Sec:     3475, Lr: 0.000300
2026-05-12 01:07:51,365 - INFO - joeynmt.prediction - Predicting 500 example(s)... (Greedy decoding with min_output_length=1, max_output_length=-1, return_prob='none', generate_unk=True, repetition_penalty=-1, no_repeat_ngram_size=-1)
2026-05-12 01:08:29,669 - INFO - joeynmt.prediction - Evaluation result (greedy) loss:   2.24, ppl:   9.37, acc:   0.43, generation: 38.2956[sec], evaluation: 0.0000[sec]
2026-05-12 01:08:29,671 - INFO - joeynmt.training - Hooray! New best validation result [ppl]!
2026-05-12 01:08:29,874 - INFO - joeynmt.helpers - delete models/deen_transformer_post/20500.ckpt
2026-05-12 01:08:29,886 - INFO - joeynmt.training - Example #0
2026-05-12 01:08:29,886 - DEBUG - joeynmt.training - 	Tokenized source:     ['die', 'Pre@@', 'mi@@', 'er@@', 'minist@@', 'er', 'Indi@@', 'ens', 'und', 'J@@', 'ap@@', 'ans', 'tra@@', 'fen', 'sich', 'in', 'T@@', 'ok@@', 'i@@', 'o', '.']
2026-05-12 01:08:29,886 - DEBUG - joeynmt.training - 	Tokenized reference:  ['Indi@@', 'a', 'and', 'J@@', 'ap@@', 'an', 'pri@@', 'me', 'minist@@', 'ers', 'me@@', 'et', 'in', 'T@@', 'ok@@', 'y@@', 'o']
2026-05-12 01:08:29,886 - DEBUG - joeynmt.training - 	Tokenized hypothesis: ['the', 'Pri@@', 'me', 'Minist@@', 'er', 'of', 'Indi@@', 'a', 'and', 'J@@', 'ap@@', 'an', '.', '</s>']
2026-05-12 01:08:29,886 - INFO - joeynmt.training - 	Source:     die Premierminister Indiens und Japans trafen sich in Tokio .
2026-05-12 01:08:29,886 - INFO - joeynmt.training - 	Reference:  India and Japan prime ministers meet in Tokyo
2026-05-12 01:08:29,886 - INFO - joeynmt.training - 	Hypothesis: the Prime Minister of India and Japan .
2026-05-12 01:08:29,886 - INFO - joeynmt.training - Example #1
2026-05-12 01:08:29,886 - DEBUG - joeynmt.training - 	Tokenized source:     ['Indi@@', 'ens', 'neu@@', 'er', 'Pre@@', 'mi@@', 'er@@', 'minist@@', 'er', 'N@@', 'ar@@', 'end@@', 'ra', 'Mo@@', 'd@@', 'i', 'tri@@', 'fft', 'bei', 's@@', 'einem', 'ersten', 'wichti@@', 'gen', 'Aus@@', 'land@@', 's@@', 'bes@@', 'u@@', 'ch', 'seit', 's@@', 'einem', 'W@@', 'ah@@', 'l@@', 'si@@', 'e@@', 'g', 'im', 'Ma@@', 'i', 'seinen', 'j@@', 'ap@@', 'an@@', 'ischen', 'Am@@', 'ts@@', 'k@@', 'olle@@', 'gen', 'S@@', 'hin@@', 'z@@', 'o', 'A@@', 'be', 'in', 'T@@', 'ok@@', 'o', ',', 'um', 'wirtschaf@@', 'tliche', 'und', 'sicher@@', 'heits@@', 'politische', 'Be@@', 'zieh@@', 'ungen', 'zu', 'bes@@', 'pre@@', 'chen', '.']
2026-05-12 01:08:29,886 - DEBUG - joeynmt.training - 	Tokenized reference:  ['Indi@@', 'a', '&apos;s', 'new', 'pri@@', 'me', 'minist@@', 'er', ',', 'N@@', 'ar@@', 'end@@', 'ra', 'Mo@@', 'd@@', 'i', ',', 'is', 'me@@', 'eting', 'his', 'J@@', 'ap@@', 'an@@', 'ese', 'coun@@', 'ter@@', 'part', ',', 'S@@', 'hin@@', 'z@@', 'o', 'A@@', 'be', ',', 'in', 'T@@', 'ok@@', 'y@@', 'o', 'to', 'disc@@', 'uss', 'economic', 'and', 'security', 'ties', ',', 'on', 'his', 'first', 'major', 'fore@@', 'ign', 'visi@@', 't', 'since', 'w@@', 'inn@@', 'ing', 'Ma@@', 'y', '&apos;s', 'elec@@', 'tion', '.']
2026-05-12 01:08:29,886 - DEBUG - joeynmt.training - 	Tokenized hypothesis: ['Indi@@', 'a', '&apos;s', 'new', 'Pri@@', 'me', 'Minist@@', 'er', 'N@@', 'ar@@', 'end@@', 'ra', 'Mo@@', 'd@@', 'i', ',', 'in', 'his', 'first', 'first', 'first', 'of', 'all', 'of', 'all', 'the', 'more', 'than', 'the', 'year', ',', 'in', 'the', 'Ma@@', 'y', 'of', 'his', 'J@@', 'ap@@', 'an@@', 'ese', ',', 'in', 'T@@', 'ok@@', 'o', ',', 'in', 'T@@', 'ok@@', 'o', ',', 'in', 'T@@', 'ok@@', 'o', ',', 'and', 'economic', 'and', 'security', 'policy', 'rel@@', 'ations', '.', '</s>']
2026-05-12 01:08:29,887 - INFO - joeynmt.training - 	Source:     Indiens neuer Premierminister Narendra Modi trifft bei seinem ersten wichtigen Auslandsbesuch seit seinem Wahlsieg im Mai seinen japanischen Amtskollegen Shinzo Abe in Toko , um wirtschaftliche und sicherheitspolitische Beziehungen zu besprechen .
2026-05-12 01:08:29,887 - INFO - joeynmt.training - 	Reference:  India &apos;s new prime minister , Narendra Modi , is meeting his Japanese counterpart , Shinzo Abe , in Tokyo to discuss economic and security ties , on his first major foreign visit since winning May &apos;s election .
2026-05-12 01:08:29,887 - INFO - joeynmt.training - 	Hypothesis: India &apos;s new Prime Minister Narendra Modi , in his first first first of all of all the more than the year , in the May of his Japanese , in Toko , in Toko , in Toko , and economic and security policy relations .
2026-05-12 01:08:29,887 - INFO - joeynmt.training - Example #2
2026-05-12 01:08:29,887 - DEBUG - joeynmt.training - 	Tokenized source:     ['Herr', 'Mo@@', 'd@@', 'i', 'befindet', 'sich', 'auf', 'einer', 'fü@@', 'n@@', 'f@@', 'tä@@', 'gi@@', 'gen', 'Rei@@', 'se', 'nach', 'J@@', 'ap@@', 'an', ',', 'um', 'die', 'wirtschaf@@', 'tlichen', 'Be@@', 'zieh@@', 'ungen', 'mit', 'der', 'd@@', 'rit@@', 't@@', 'größ@@', 'ten', 'Wirtschafts@@', 'n@@', 'ation', 'der', 'Welt', 'zu', 'fes@@', 'tigen', '.']
2026-05-12 01:08:29,887 - DEBUG - joeynmt.training - 	Tokenized reference:  ['Mr', 'Mo@@', 'd@@', 'i', 'is', 'on', 'a', 'fi@@', 've', '@@@', '-@@', '@', 'day', 'tri@@', 'p', 'to', 'J@@', 'ap@@', 'an', 'to', 'streng@@', 'then', 'economic', 'ties', 'with', 'the', 'third', 'lar@@', 'ges@@', 't', 'econom@@', 'y', 'in', 'the', 'world', '.']
2026-05-12 01:08:29,887 - DEBUG - joeynmt.training - 	Tokenized hypothesis: ['Mr', 'Mo@@', 'd@@', 'i', 'is', 'a', 'f@@', 'our@@', '-@@', 'si@@', 'zed', 'tra@@', 'ding', 'to', 'J@@', 'ap@@', 'an', 'to', 'J@@', 'ap@@', 'an', 'to', 'J@@', 'ap@@', 'an', ',', 'in', 'order', 'to', 'make', 'the', 'world', 'world', '.', '</s>']
2026-05-12 01:08:29,887 - INFO - joeynmt.training - 	Source:     Herr Modi befindet sich auf einer fünftägigen Reise nach Japan , um die wirtschaftlichen Beziehungen mit der drittgrößten Wirtschaftsnation der Welt zu festigen .
2026-05-12 01:08:29,887 - INFO - joeynmt.training - 	Reference:  Mr Modi is on a five @-@ day trip to Japan to strengthen economic ties with the third largest economy in the world .
2026-05-12 01:08:29,887 - INFO - joeynmt.training - 	Hypothesis: Mr Modi is a four-sized trading to Japan to Japan to Japan , in order to make the world world .
2026-05-12 01:08:29,887 - INFO - joeynmt.training - Example #3
2026-05-12 01:08:29,887 - DEBUG - joeynmt.training - 	Tokenized source:     ['P@@', 'län@@', 'e', 'für', 'eine', 'stärk@@', 'ere', 'k@@', 'ern@@', 'techn@@', 'ische', 'Zusammenarbeit', 'stehen', 'ganz', 'ob@@', 'en', 'auf', 'der', 'Tag@@', 'es@@', 'ordnung', '.']
2026-05-12 01:08:29,887 - DEBUG - joeynmt.training - 	Tokenized reference:  ['high', 'on', 'the', 'agen@@', 'da', 'are', 'pl@@', 'ans', 'for', 'gre@@', 'ater', 'nu@@', 'clear', 'c@@', 'o', '@@@', '-@@', '@', 'operation', '.']
2026-05-12 01:08:29,887 - DEBUG - joeynmt.training - 	Tokenized hypothesis: ['pl@@', 'ans', 'for', 'a', 'more', 'seri@@', 'ous', 'techn@@', 'ical', 'cooperation', 'are', 'in', 'the', 'agen@@', 'da', '.', '</s>']
2026-05-12 01:08:29,887 - INFO - joeynmt.training - 	Source:     Pläne für eine stärkere kerntechnische Zusammenarbeit stehen ganz oben auf der Tagesordnung .
2026-05-12 01:08:29,887 - INFO - joeynmt.training - 	Reference:  high on the agenda are plans for greater nuclear co @-@ operation .
2026-05-12 01:08:29,887 - INFO - joeynmt.training - 	Hypothesis: plans for a more serious technical cooperation are in the agenda .
2026-05-12 01:08:29,887 - INFO - joeynmt.training - Example #4
2026-05-12 01:08:29,888 - DEBUG - joeynmt.training - 	Tokenized source:     ['Berich@@', 'ten', 'zu@@', 'fol@@', 'ge', 'ho@@', 'fft', 'Indi@@', 'en', 'darüber', 'hinaus', 'auf', 'einen', 'Ver@@', 'trag', 'zur', 'Ver@@', 'tei@@', 'dig@@', 'ungs@@', 'zusammen@@', 'arbeit', 'zwischen', 'den', 'beiden', 'N@@', 'ationen', '.']
2026-05-12 01:08:29,888 - DEBUG - joeynmt.training - 	Tokenized reference:  ['Indi@@', 'a', 'is', 'also', 're@@', 'porte@@', 'dly', 'hop@@', 'ing', 'for', 'a', 'de@@', 'al', 'on', 'def@@', 'ence', 'c@@', 'oll@@', 'ab@@', 'or@@', 'ation', 'between', 'the', 'two', 'n@@', 'ations', '.']
2026-05-12 01:08:29,888 - DEBUG - joeynmt.training - 	Tokenized hypothesis: ['in', 'ad@@', 'dition', ',', 'the', 're@@', 'ports', 'of', 'the', 're@@', 'ports', 'on', 'the', 'def@@', 'ence', 'of', 'the', 'Committee', 'on', 'N@@', 'ations', '.', '</s>']
2026-05-12 01:08:29,888 - INFO - joeynmt.training - 	Source:     Berichten zufolge hofft Indien darüber hinaus auf einen Vertrag zur Verteidigungszusammenarbeit zwischen den beiden Nationen .
2026-05-12 01:08:29,888 - INFO - joeynmt.training - 	Reference:  India is also reportedly hoping for a deal on defence collaboration between the two nations .
2026-05-12 01:08:29,888 - INFO - joeynmt.training - 	Hypothesis: in addition , the reports of the reports on the defence of the Committee on Nations .
2026-05-12 01:08:56,293 - INFO - joeynmt.training - Epoch   6, Step:    23600, Batch Loss:     2.065272, Batch Acc: 0.493413, Tokens per Sec:     3447, Lr: 0.000300
2026-05-12 01:09:22,851 - INFO - joeynmt.training - Epoch   6, Step:    23700, Batch Loss:     1.918422, Batch Acc: 0.487768, Tokens per Sec:     3485, Lr: 0.000300
2026-05-12 01:09:49,322 - INFO - joeynmt.training - Epoch   6, Step:    23800, Batch Loss:     2.085615, Batch Acc: 0.492411, Tokens per Sec:     3485, Lr: 0.000300
2026-05-12 01:10:16,064 - INFO - joeynmt.training - Epoch   6, Step:    23900, Batch Loss:     1.764707, Batch Acc: 0.491444, Tokens per Sec:     3440, Lr: 0.000300
2026-05-12 01:10:43,758 - INFO - joeynmt.training - Epoch   6, Step:    24000, Batch Loss:     1.875729, Batch Acc: 0.492948, Tokens per Sec:     3311, Lr: 0.000300
2026-05-12 01:10:43,759 - INFO - joeynmt.prediction - Predicting 500 example(s)... (Greedy decoding with min_output_length=1, max_output_length=-1, return_prob='none', generate_unk=True, repetition_penalty=-1, no_repeat_ngram_size=-1)
2026-05-12 01:11:28,896 - INFO - joeynmt.prediction - Evaluation result (greedy) loss:   2.23, ppl:   9.29, acc:   0.42, generation: 45.1283[sec], evaluation: 0.0000[sec]
2026-05-12 01:11:28,901 - INFO - joeynmt.training - Hooray! New best validation result [ppl]!
2026-05-12 01:11:29,089 - INFO - joeynmt.helpers - delete models/deen_transformer_post/21500.ckpt
2026-05-12 01:11:29,096 - INFO - joeynmt.training - Example #0
2026-05-12 01:11:29,096 - DEBUG - joeynmt.training - 	Tokenized source:     ['die', 'Pre@@', 'mi@@', 'er@@', 'minist@@', 'er', 'Indi@@', 'ens', 'und', 'J@@', 'ap@@', 'ans', 'tra@@', 'fen', 'sich', 'in', 'T@@', 'ok@@', 'i@@', 'o', '.']
2026-05-12 01:11:29,096 - DEBUG - joeynmt.training - 	Tokenized reference:  ['Indi@@', 'a', 'and', 'J@@', 'ap@@', 'an', 'pri@@', 'me', 'minist@@', 'ers', 'me@@', 'et', 'in', 'T@@', 'ok@@', 'y@@', 'o']
2026-05-12 01:11:29,096 - DEBUG - joeynmt.training - 	Tokenized hypothesis: ['the', 'Pri@@', 'me', 'Minist@@', 'er', 'Indi@@', 'a', 'and', 'J@@', 'ap@@', 'ans', 'are', 'in', 'T@@', 'ok@@', 'y@@', 'o', '.', '</s>']
2026-05-12 01:11:29,097 - INFO - joeynmt.training - 	Source:     die Premierminister Indiens und Japans trafen sich in Tokio .
2026-05-12 01:11:29,097 - INFO - joeynmt.training - 	Reference:  India and Japan prime ministers meet in Tokyo
2026-05-12 01:11:29,097 - INFO - joeynmt.training - 	Hypothesis: the Prime Minister India and Japans are in Tokyo .
2026-05-12 01:11:29,097 - INFO - joeynmt.training - Example #1
2026-05-12 01:11:29,097 - DEBUG - joeynmt.training - 	Tokenized source:     ['Indi@@', 'ens', 'neu@@', 'er', 'Pre@@', 'mi@@', 'er@@', 'minist@@', 'er', 'N@@', 'ar@@', 'end@@', 'ra', 'Mo@@', 'd@@', 'i', 'tri@@', 'fft', 'bei', 's@@', 'einem', 'ersten', 'wichti@@', 'gen', 'Aus@@', 'land@@', 's@@', 'bes@@', 'u@@', 'ch', 'seit', 's@@', 'einem', 'W@@', 'ah@@', 'l@@', 'si@@', 'e@@', 'g', 'im', 'Ma@@', 'i', 'seinen', 'j@@', 'ap@@', 'an@@', 'ischen', 'Am@@', 'ts@@', 'k@@', 'olle@@', 'gen', 'S@@', 'hin@@', 'z@@', 'o', 'A@@', 'be', 'in', 'T@@', 'ok@@', 'o', ',', 'um', 'wirtschaf@@', 'tliche', 'und', 'sicher@@', 'heits@@', 'politische', 'Be@@', 'zieh@@', 'ungen', 'zu', 'bes@@', 'pre@@', 'chen', '.']
2026-05-12 01:11:29,097 - DEBUG - joeynmt.training - 	Tokenized reference:  ['Indi@@', 'a', '&apos;s', 'new', 'pri@@', 'me', 'minist@@', 'er', ',', 'N@@', 'ar@@', 'end@@', 'ra', 'Mo@@', 'd@@', 'i', ',', 'is', 'me@@', 'eting', 'his', 'J@@', 'ap@@', 'an@@', 'ese', 'coun@@', 'ter@@', 'part', ',', 'S@@', 'hin@@', 'z@@', 'o', 'A@@', 'be', ',', 'in', 'T@@', 'ok@@', 'y@@', 'o', 'to', 'disc@@', 'uss', 'economic', 'and', 'security', 'ties', ',', 'on', 'his', 'first', 'major', 'fore@@', 'ign', 'visi@@', 't', 'since', 'w@@', 'inn@@', 'ing', 'Ma@@', 'y', '&apos;s', 'elec@@', 'tion', '.']
2026-05-12 01:11:29,097 - DEBUG - joeynmt.training - 	Tokenized hypothesis: ['Indi@@', 'a', '&apos;s', 'new', 'pre@@', 'mi@@', 'er', 'N@@', 'ar@@', 'end@@', 'ra', 'Mo@@', 'd@@', 'i', ',', 'in', 'his', 'first', 'first', 'of', 'all', ',', 'since', 'his', 'first', 'of', 'all', ',', 'in', 'the', 'Ma@@', 'y', ',', 'in', 'the', 'Ma@@', 'y', 'of', 'his', 'J@@', 'ap@@', 'an@@', 'ese', 'colle@@', 'ag@@', 'u@@', 'es', 'S@@', 'hin@@', 'z@@', 'o', 'A@@', 'be', 'in', 'T@@', 'ok@@', 'o', ',', 'and', 'security', 'policy', 'rel@@', 'ations', '.', '</s>']
2026-05-12 01:11:29,097 - INFO - joeynmt.training - 	Source:     Indiens neuer Premierminister Narendra Modi trifft bei seinem ersten wichtigen Auslandsbesuch seit seinem Wahlsieg im Mai seinen japanischen Amtskollegen Shinzo Abe in Toko , um wirtschaftliche und sicherheitspolitische Beziehungen zu besprechen .
2026-05-12 01:11:29,097 - INFO - joeynmt.training - 	Reference:  India &apos;s new prime minister , Narendra Modi , is meeting his Japanese counterpart , Shinzo Abe , in Tokyo to discuss economic and security ties , on his first major foreign visit since winning May &apos;s election .
2026-05-12 01:11:29,097 - INFO - joeynmt.training - 	Hypothesis: India &apos;s new premier Narendra Modi , in his first first of all , since his first of all , in the May , in the May of his Japanese colleagues Shinzo Abe in Toko , and security policy relations .
2026-05-12 01:11:29,097 - INFO - joeynmt.training - Example #2
2026-05-12 01:11:29,097 - DEBUG - joeynmt.training - 	Tokenized source:     ['Herr', 'Mo@@', 'd@@', 'i', 'befindet', 'sich', 'auf', 'einer', 'fü@@', 'n@@', 'f@@', 'tä@@', 'gi@@', 'gen', 'Rei@@', 'se', 'nach', 'J@@', 'ap@@', 'an', ',', 'um', 'die', 'wirtschaf@@', 'tlichen', 'Be@@', 'zieh@@', 'ungen', 'mit', 'der', 'd@@', 'rit@@', 't@@', 'größ@@', 'ten', 'Wirtschafts@@', 'n@@', 'ation', 'der', 'Welt', 'zu', 'fes@@', 'tigen', '.']
2026-05-12 01:11:29,097 - DEBUG - joeynmt.training - 	Tokenized reference:  ['Mr', 'Mo@@', 'd@@', 'i', 'is', 'on', 'a', 'fi@@', 've', '@@@', '-@@', '@', 'day', 'tri@@', 'p', 'to', 'J@@', 'ap@@', 'an', 'to', 'streng@@', 'then', 'economic', 'ties', 'with', 'the', 'third', 'lar@@', 'ges@@', 't', 'econom@@', 'y', 'in', 'the', 'world', '.']
2026-05-12 01:11:29,097 - DEBUG - joeynmt.training - 	Tokenized hypothesis: ['Mr', 'Mo@@', 'd@@', 'i', 'is', 'located', 'on', 'a', 'fi@@', 'f@@', 'th', 'of', 'a', 'fi@@', 'f@@', 'th', 't@@', 'ou@@', 'ch', 'of', 'fi@@', 'f@@', 'th', 'to', 'j@@', 'ap@@', 'an', 'with', 'the', 'third', 'lar@@', 'ges@@', 't', 'economic', 'rel@@', 'ations', 'with', 'the', 'third', 'lar@@', 'ges@@', 't', 'economic', 'rel@@', 'ations', '.', '</s>']
2026-05-12 01:11:29,098 - INFO - joeynmt.training - 	Source:     Herr Modi befindet sich auf einer fünftägigen Reise nach Japan , um die wirtschaftlichen Beziehungen mit der drittgrößten Wirtschaftsnation der Welt zu festigen .
2026-05-12 01:11:29,098 - INFO - joeynmt.training - 	Reference:  Mr Modi is on a five @-@ day trip to Japan to strengthen economic ties with the third largest economy in the world .
2026-05-12 01:11:29,098 - INFO - joeynmt.training - 	Hypothesis: Mr Modi is located on a fifth of a fifth touch of fifth to japan with the third largest economic relations with the third largest economic relations .
2026-05-12 01:11:29,098 - INFO - joeynmt.training - Example #3
2026-05-12 01:11:29,098 - DEBUG - joeynmt.training - 	Tokenized source:     ['P@@', 'län@@', 'e', 'für', 'eine', 'stärk@@', 'ere', 'k@@', 'ern@@', 'techn@@', 'ische', 'Zusammenarbeit', 'stehen', 'ganz', 'ob@@', 'en', 'auf', 'der', 'Tag@@', 'es@@', 'ordnung', '.']
2026-05-12 01:11:29,098 - DEBUG - joeynmt.training - 	Tokenized reference:  ['high', 'on', 'the', 'agen@@', 'da', 'are', 'pl@@', 'ans', 'for', 'gre@@', 'ater', 'nu@@', 'clear', 'c@@', 'o', '@@@', '-@@', '@', 'operation', '.']
2026-05-12 01:11:29,098 - DEBUG - joeynmt.training - 	Tokenized hypothesis: ['P@@', 'ol@@', 'and', '&apos;s', 'more', 'more', 'more', 'c@@', 'are@@', 'ful', 'cooperation', 'is', 'on', 'the', 'agen@@', 'da', '.', '</s>']
2026-05-12 01:11:29,098 - INFO - joeynmt.training - 	Source:     Pläne für eine stärkere kerntechnische Zusammenarbeit stehen ganz oben auf der Tagesordnung .
2026-05-12 01:11:29,098 - INFO - joeynmt.training - 	Reference:  high on the agenda are plans for greater nuclear co @-@ operation .
2026-05-12 01:11:29,098 - INFO - joeynmt.training - 	Hypothesis: Poland &apos;s more more more careful cooperation is on the agenda .
2026-05-12 01:11:29,098 - INFO - joeynmt.training - Example #4
2026-05-12 01:11:29,098 - DEBUG - joeynmt.training - 	Tokenized source:     ['Berich@@', 'ten', 'zu@@', 'fol@@', 'ge', 'ho@@', 'fft', 'Indi@@', 'en', 'darüber', 'hinaus', 'auf', 'einen', 'Ver@@', 'trag', 'zur', 'Ver@@', 'tei@@', 'dig@@', 'ungs@@', 'zusammen@@', 'arbeit', 'zwischen', 'den', 'beiden', 'N@@', 'ationen', '.']
2026-05-12 01:11:29,098 - DEBUG - joeynmt.training - 	Tokenized reference:  ['Indi@@', 'a', 'is', 'also', 're@@', 'porte@@', 'dly', 'hop@@', 'ing', 'for', 'a', 'de@@', 'al', 'on', 'def@@', 'ence', 'c@@', 'oll@@', 'ab@@', 'or@@', 'ation', 'between', 'the', 'two', 'n@@', 'ations', '.']
2026-05-12 01:11:29,098 - DEBUG - joeynmt.training - 	Tokenized hypothesis: ['re@@', 'ports', 'on', 'the', 'basis', 'of', 'the', 're@@', 'ports', ',', 'which', 'is', 'to', 'be', 'a', 'con@@', 'dem@@', 'n', 'on', 'def@@', 'ence', 'cooperation', 'between', 'the', 'two', 'N@@', 'ations', '.', '</s>']
2026-05-12 01:11:29,098 - INFO - joeynmt.training - 	Source:     Berichten zufolge hofft Indien darüber hinaus auf einen Vertrag zur Verteidigungszusammenarbeit zwischen den beiden Nationen .
2026-05-12 01:11:29,098 - INFO - joeynmt.training - 	Reference:  India is also reportedly hoping for a deal on defence collaboration between the two nations .
2026-05-12 01:11:29,098 - INFO - joeynmt.training - 	Hypothesis: reports on the basis of the reports , which is to be a condemn on defence cooperation between the two Nations .
2026-05-12 01:11:55,581 - INFO - joeynmt.training - Epoch   6, Step:    24100, Batch Loss:     2.100516, Batch Acc: 0.485213, Tokens per Sec:     3442, Lr: 0.000300
2026-05-12 01:12:23,451 - INFO - joeynmt.training - Epoch   6, Step:    24200, Batch Loss:     1.804734, Batch Acc: 0.492243, Tokens per Sec:     3296, Lr: 0.000300
2026-05-12 01:12:50,103 - INFO - joeynmt.training - Epoch   6, Step:    24300, Batch Loss:     1.878400, Batch Acc: 0.492853, Tokens per Sec:     3486, Lr: 0.000300
2026-05-12 01:13:16,172 - INFO - joeynmt.training - Epoch   6: total training loss 7647.61
2026-05-12 01:13:16,173 - INFO - joeynmt.training - EPOCH 7
2026-05-12 01:13:16,967 - INFO - joeynmt.training - Epoch   7, Step:    24400, Batch Loss:     1.836880, Batch Acc: 0.519438, Tokens per Sec:     3856, Lr: 0.000300
2026-05-12 01:13:44,751 - INFO - joeynmt.training - Epoch   7, Step:    24500, Batch Loss:     1.686205, Batch Acc: 0.512618, Tokens per Sec:     3342, Lr: 0.000300
2026-05-12 01:13:44,752 - INFO - joeynmt.prediction - Predicting 500 example(s)... (Greedy decoding with min_output_length=1, max_output_length=-1, return_prob='none', generate_unk=True, repetition_penalty=-1, no_repeat_ngram_size=-1)
2026-05-12 01:14:19,866 - INFO - joeynmt.prediction - Evaluation result (greedy) loss:   2.23, ppl:   9.26, acc:   0.43, generation: 35.1060[sec], evaluation: 0.0000[sec]
2026-05-12 01:14:19,869 - INFO - joeynmt.training - Hooray! New best validation result [ppl]!
2026-05-12 01:14:20,037 - INFO - joeynmt.helpers - delete models/deen_transformer_post/22500.ckpt
2026-05-12 01:14:20,043 - INFO - joeynmt.training - Example #0
2026-05-12 01:14:20,044 - DEBUG - joeynmt.training - 	Tokenized source:     ['die', 'Pre@@', 'mi@@', 'er@@', 'minist@@', 'er', 'Indi@@', 'ens', 'und', 'J@@', 'ap@@', 'ans', 'tra@@', 'fen', 'sich', 'in', 'T@@', 'ok@@', 'i@@', 'o', '.']
2026-05-12 01:14:20,044 - DEBUG - joeynmt.training - 	Tokenized reference:  ['Indi@@', 'a', 'and', 'J@@', 'ap@@', 'an', 'pri@@', 'me', 'minist@@', 'ers', 'me@@', 'et', 'in', 'T@@', 'ok@@', 'y@@', 'o']
2026-05-12 01:14:20,044 - DEBUG - joeynmt.training - 	Tokenized hypothesis: ['the', 'Pri@@', 'me', 'Minist@@', 'er', 'Indi@@', 'a', 'and', 'J@@', 'ap@@', 'an', ',', 'and', 'J@@', 'ap@@', 'an', '.', '</s>']
2026-05-12 01:14:20,044 - INFO - joeynmt.training - 	Source:     die Premierminister Indiens und Japans trafen sich in Tokio .
2026-05-12 01:14:20,044 - INFO - joeynmt.training - 	Reference:  India and Japan prime ministers meet in Tokyo
2026-05-12 01:14:20,044 - INFO - joeynmt.training - 	Hypothesis: the Prime Minister India and Japan , and Japan .
2026-05-12 01:14:20,044 - INFO - joeynmt.training - Example #1
2026-05-12 01:14:20,044 - DEBUG - joeynmt.training - 	Tokenized source:     ['Indi@@', 'ens', 'neu@@', 'er', 'Pre@@', 'mi@@', 'er@@', 'minist@@', 'er', 'N@@', 'ar@@', 'end@@', 'ra', 'Mo@@', 'd@@', 'i', 'tri@@', 'fft', 'bei', 's@@', 'einem', 'ersten', 'wichti@@', 'gen', 'Aus@@', 'land@@', 's@@', 'bes@@', 'u@@', 'ch', 'seit', 's@@', 'einem', 'W@@', 'ah@@', 'l@@', 'si@@', 'e@@', 'g', 'im', 'Ma@@', 'i', 'seinen', 'j@@', 'ap@@', 'an@@', 'ischen', 'Am@@', 'ts@@', 'k@@', 'olle@@', 'gen', 'S@@', 'hin@@', 'z@@', 'o', 'A@@', 'be', 'in', 'T@@', 'ok@@', 'o', ',', 'um', 'wirtschaf@@', 'tliche', 'und', 'sicher@@', 'heits@@', 'politische', 'Be@@', 'zieh@@', 'ungen', 'zu', 'bes@@', 'pre@@', 'chen', '.']
2026-05-12 01:14:20,044 - DEBUG - joeynmt.training - 	Tokenized reference:  ['Indi@@', 'a', '&apos;s', 'new', 'pri@@', 'me', 'minist@@', 'er', ',', 'N@@', 'ar@@', 'end@@', 'ra', 'Mo@@', 'd@@', 'i', ',', 'is', 'me@@', 'eting', 'his', 'J@@', 'ap@@', 'an@@', 'ese', 'coun@@', 'ter@@', 'part', ',', 'S@@', 'hin@@', 'z@@', 'o', 'A@@', 'be', ',', 'in', 'T@@', 'ok@@', 'y@@', 'o', 'to', 'disc@@', 'uss', 'economic', 'and', 'security', 'ties', ',', 'on', 'his', 'first', 'major', 'fore@@', 'ign', 'visi@@', 't', 'since', 'w@@', 'inn@@', 'ing', 'Ma@@', 'y', '&apos;s', 'elec@@', 'tion', '.']
2026-05-12 01:14:20,044 - DEBUG - joeynmt.training - 	Tokenized hypothesis: ['Indi@@', 'a', '&apos;s', 'Pri@@', 'me', 'Minist@@', 'er', 'N@@', 'ar@@', 'end@@', 'ra', 'Mo@@', 'd@@', 'i', ',', 'in', 'the', 'first', 'first', 'of', 'all', 'of', 'the', 'most', 'important', 'ex@@', 'clu@@', 'sive', 'ex@@', 'clu@@', 'sive', 'ex@@', 'clu@@', 'sive', 'he@@', 'art', 'of', 'his', 'J@@', 'ap@@', 'an@@', 'ese', ',', 'S@@', 'hin@@', 'z@@', 'o', 'A@@', 'be', ',', 'in', 'T@@', 'ok@@', 'o', ',', 'in', 'T@@', 'ok@@', 'o', ',', 'in', 'T@@', 'ok@@', 'o', ',', 'and', 'security', 'rel@@', 'ations', '.', '</s>']
2026-05-12 01:14:20,044 - INFO - joeynmt.training - 	Source:     Indiens neuer Premierminister Narendra Modi trifft bei seinem ersten wichtigen Auslandsbesuch seit seinem Wahlsieg im Mai seinen japanischen Amtskollegen Shinzo Abe in Toko , um wirtschaftliche und sicherheitspolitische Beziehungen zu besprechen .
2026-05-12 01:14:20,044 - INFO - joeynmt.training - 	Reference:  India &apos;s new prime minister , Narendra Modi , is meeting his Japanese counterpart , Shinzo Abe , in Tokyo to discuss economic and security ties , on his first major foreign visit since winning May &apos;s election .
2026-05-12 01:14:20,044 - INFO - joeynmt.training - 	Hypothesis: India &apos;s Prime Minister Narendra Modi , in the first first of all of the most important exclusive exclusive exclusive heart of his Japanese , Shinzo Abe , in Toko , in Toko , in Toko , and security relations .
2026-05-12 01:14:20,044 - INFO - joeynmt.training - Example #2
2026-05-12 01:14:20,045 - DEBUG - joeynmt.training - 	Tokenized source:     ['Herr', 'Mo@@', 'd@@', 'i', 'befindet', 'sich', 'auf', 'einer', 'fü@@', 'n@@', 'f@@', 'tä@@', 'gi@@', 'gen', 'Rei@@', 'se', 'nach', 'J@@', 'ap@@', 'an', ',', 'um', 'die', 'wirtschaf@@', 'tlichen', 'Be@@', 'zieh@@', 'ungen', 'mit', 'der', 'd@@', 'rit@@', 't@@', 'größ@@', 'ten', 'Wirtschafts@@', 'n@@', 'ation', 'der', 'Welt', 'zu', 'fes@@', 'tigen', '.']
2026-05-12 01:14:20,045 - DEBUG - joeynmt.training - 	Tokenized reference:  ['Mr', 'Mo@@', 'd@@', 'i', 'is', 'on', 'a', 'fi@@', 've', '@@@', '-@@', '@', 'day', 'tri@@', 'p', 'to', 'J@@', 'ap@@', 'an', 'to', 'streng@@', 'then', 'economic', 'ties', 'with', 'the', 'third', 'lar@@', 'ges@@', 't', 'econom@@', 'y', 'in', 'the', 'world', '.']
2026-05-12 01:14:20,045 - DEBUG - joeynmt.training - 	Tokenized hypothesis: ['Mr', 'Mo@@', 'd@@', 'i', 'is', 'a', 'fi@@', 'f@@', 'ty', 't@@', 'ou@@', 'gh@@', 'ly', 'to', 'J@@', 'ap@@', 'an', 'to', 'J@@', 'ap@@', 'an', 'to', 'J@@', 'ap@@', 'an', 'to', 'the', 'economic', 'rel@@', 'ations', 'with', 'the', 'third', 'lar@@', 'ges@@', 't', 'economic', 'rel@@', 'ations', '.', '</s>']
2026-05-12 01:14:20,045 - INFO - joeynmt.training - 	Source:     Herr Modi befindet sich auf einer fünftägigen Reise nach Japan , um die wirtschaftlichen Beziehungen mit der drittgrößten Wirtschaftsnation der Welt zu festigen .
2026-05-12 01:14:20,045 - INFO - joeynmt.training - 	Reference:  Mr Modi is on a five @-@ day trip to Japan to strengthen economic ties with the third largest economy in the world .
2026-05-12 01:14:20,045 - INFO - joeynmt.training - 	Hypothesis: Mr Modi is a fifty toughly to Japan to Japan to Japan to the economic relations with the third largest economic relations .
2026-05-12 01:14:20,045 - INFO - joeynmt.training - Example #3
2026-05-12 01:14:20,045 - DEBUG - joeynmt.training - 	Tokenized source:     ['P@@', 'län@@', 'e', 'für', 'eine', 'stärk@@', 'ere', 'k@@', 'ern@@', 'techn@@', 'ische', 'Zusammenarbeit', 'stehen', 'ganz', 'ob@@', 'en', 'auf', 'der', 'Tag@@', 'es@@', 'ordnung', '.']
2026-05-12 01:14:20,045 - DEBUG - joeynmt.training - 	Tokenized reference:  ['high', 'on', 'the', 'agen@@', 'da', 'are', 'pl@@', 'ans', 'for', 'gre@@', 'ater', 'nu@@', 'clear', 'c@@', 'o', '@@@', '-@@', '@', 'operation', '.']
2026-05-12 01:14:20,045 - DEBUG - joeynmt.training - 	Tokenized hypothesis: ['pl@@', 'ans', 'for', 'a', 'str@@', 'ong', 'techn@@', 'ical', 'cooperation', 'are', 'based', 'on', 'the', 'agen@@', 'da', '.', '</s>']
2026-05-12 01:14:20,045 - INFO - joeynmt.training - 	Source:     Pläne für eine stärkere kerntechnische Zusammenarbeit stehen ganz oben auf der Tagesordnung .
2026-05-12 01:14:20,045 - INFO - joeynmt.training - 	Reference:  high on the agenda are plans for greater nuclear co @-@ operation .
2026-05-12 01:14:20,045 - INFO - joeynmt.training - 	Hypothesis: plans for a strong technical cooperation are based on the agenda .
2026-05-12 01:14:20,045 - INFO - joeynmt.training - Example #4
2026-05-12 01:14:20,045 - DEBUG - joeynmt.training - 	Tokenized source:     ['Berich@@', 'ten', 'zu@@', 'fol@@', 'ge', 'ho@@', 'fft', 'Indi@@', 'en', 'darüber', 'hinaus', 'auf', 'einen', 'Ver@@', 'trag', 'zur', 'Ver@@', 'tei@@', 'dig@@', 'ungs@@', 'zusammen@@', 'arbeit', 'zwischen', 'den', 'beiden', 'N@@', 'ationen', '.']
2026-05-12 01:14:20,045 - DEBUG - joeynmt.training - 	Tokenized reference:  ['Indi@@', 'a', 'is', 'also', 're@@', 'porte@@', 'dly', 'hop@@', 'ing', 'for', 'a', 'de@@', 'al', 'on', 'def@@', 'ence', 'c@@', 'oll@@', 'ab@@', 'or@@', 'ation', 'between', 'the', 'two', 'n@@', 'ations', '.']
2026-05-12 01:14:20,045 - DEBUG - joeynmt.training - 	Tokenized hypothesis: ['re@@', 'ports', 'on', 'the', 'subject', 'of', 'Indi@@', 'a', ',', 'in', 'order', 'to', 'def@@', 'end', 'the', 'def@@', 'ence', 'of', 'the', 'two', 'N@@', 'ations', '.', '</s>']
2026-05-12 01:14:20,045 - INFO - joeynmt.training - 	Source:     Berichten zufolge hofft Indien darüber hinaus auf einen Vertrag zur Verteidigungszusammenarbeit zwischen den beiden Nationen .
2026-05-12 01:14:20,046 - INFO - joeynmt.training - 	Reference:  India is also reportedly hoping for a deal on defence collaboration between the two nations .
2026-05-12 01:14:20,046 - INFO - joeynmt.training - 	Hypothesis: reports on the subject of India , in order to defend the defence of the two Nations .
2026-05-12 01:14:46,111 - INFO - joeynmt.training - Epoch   7, Step:    24600, Batch Loss:     1.975245, Batch Acc: 0.514380, Tokens per Sec:     3424, Lr: 0.000300
2026-05-12 01:15:12,171 - INFO - joeynmt.training - Epoch   7, Step:    24700, Batch Loss:     1.768261, Batch Acc: 0.507729, Tokens per Sec:     3624, Lr: 0.000300
2026-05-12 01:15:38,723 - INFO - joeynmt.training - Epoch   7, Step:    24800, Batch Loss:     1.832757, Batch Acc: 0.506532, Tokens per Sec:     3451, Lr: 0.000300
2026-05-12 01:16:05,528 - INFO - joeynmt.training - Epoch   7, Step:    24900, Batch Loss:     1.973607, Batch Acc: 0.503231, Tokens per Sec:     3424, Lr: 0.000300
2026-05-12 01:16:32,564 - INFO - joeynmt.training - Epoch   7, Step:    25000, Batch Loss:     1.949724, Batch Acc: 0.501104, Tokens per Sec:     3350, Lr: 0.000300
2026-05-12 01:16:32,566 - INFO - joeynmt.prediction - Predicting 500 example(s)... (Greedy decoding with min_output_length=1, max_output_length=-1, return_prob='none', generate_unk=True, repetition_penalty=-1, no_repeat_ngram_size=-1)
2026-05-12 01:17:09,255 - INFO - joeynmt.prediction - Evaluation result (greedy) loss:   2.22, ppl:   9.25, acc:   0.43, generation: 36.6792[sec], evaluation: 0.0000[sec]
2026-05-12 01:17:09,257 - INFO - joeynmt.training - Hooray! New best validation result [ppl]!
2026-05-12 01:17:09,412 - INFO - joeynmt.helpers - delete models/deen_transformer_post/22000.ckpt
2026-05-12 01:17:09,421 - INFO - joeynmt.training - Example #0
2026-05-12 01:17:09,421 - DEBUG - joeynmt.training - 	Tokenized source:     ['die', 'Pre@@', 'mi@@', 'er@@', 'minist@@', 'er', 'Indi@@', 'ens', 'und', 'J@@', 'ap@@', 'ans', 'tra@@', 'fen', 'sich', 'in', 'T@@', 'ok@@', 'i@@', 'o', '.']
2026-05-12 01:17:09,421 - DEBUG - joeynmt.training - 	Tokenized reference:  ['Indi@@', 'a', 'and', 'J@@', 'ap@@', 'an', 'pri@@', 'me', 'minist@@', 'ers', 'me@@', 'et', 'in', 'T@@', 'ok@@', 'y@@', 'o']
2026-05-12 01:17:09,421 - DEBUG - joeynmt.training - 	Tokenized hypothesis: ['the', 'Pri@@', 'me', 'Minist@@', 'er', 'Indi@@', 'a', 'and', 'J@@', 'ap@@', 'an', ',', 'the', 'Pri@@', 'me', 'Minist@@', 'er', 'and', 'J@@', 'ap@@', 'an', '.', '</s>']
2026-05-12 01:17:09,421 - INFO - joeynmt.training - 	Source:     die Premierminister Indiens und Japans trafen sich in Tokio .
2026-05-12 01:17:09,421 - INFO - joeynmt.training - 	Reference:  India and Japan prime ministers meet in Tokyo
2026-05-12 01:17:09,421 - INFO - joeynmt.training - 	Hypothesis: the Prime Minister India and Japan , the Prime Minister and Japan .
2026-05-12 01:17:09,421 - INFO - joeynmt.training - Example #1
2026-05-12 01:17:09,422 - DEBUG - joeynmt.training - 	Tokenized source:     ['Indi@@', 'ens', 'neu@@', 'er', 'Pre@@', 'mi@@', 'er@@', 'minist@@', 'er', 'N@@', 'ar@@', 'end@@', 'ra', 'Mo@@', 'd@@', 'i', 'tri@@', 'fft', 'bei', 's@@', 'einem', 'ersten', 'wichti@@', 'gen', 'Aus@@', 'land@@', 's@@', 'bes@@', 'u@@', 'ch', 'seit', 's@@', 'einem', 'W@@', 'ah@@', 'l@@', 'si@@', 'e@@', 'g', 'im', 'Ma@@', 'i', 'seinen', 'j@@', 'ap@@', 'an@@', 'ischen', 'Am@@', 'ts@@', 'k@@', 'olle@@', 'gen', 'S@@', 'hin@@', 'z@@', 'o', 'A@@', 'be', 'in', 'T@@', 'ok@@', 'o', ',', 'um', 'wirtschaf@@', 'tliche', 'und', 'sicher@@', 'heits@@', 'politische', 'Be@@', 'zieh@@', 'ungen', 'zu', 'bes@@', 'pre@@', 'chen', '.']
2026-05-12 01:17:09,422 - DEBUG - joeynmt.training - 	Tokenized reference:  ['Indi@@', 'a', '&apos;s', 'new', 'pri@@', 'me', 'minist@@', 'er', ',', 'N@@', 'ar@@', 'end@@', 'ra', 'Mo@@', 'd@@', 'i', ',', 'is', 'me@@', 'eting', 'his', 'J@@', 'ap@@', 'an@@', 'ese', 'coun@@', 'ter@@', 'part', ',', 'S@@', 'hin@@', 'z@@', 'o', 'A@@', 'be', ',', 'in', 'T@@', 'ok@@', 'y@@', 'o', 'to', 'disc@@', 'uss', 'economic', 'and', 'security', 'ties', ',', 'on', 'his', 'first', 'major', 'fore@@', 'ign', 'visi@@', 't', 'since', 'w@@', 'inn@@', 'ing', 'Ma@@', 'y', '&apos;s', 'elec@@', 'tion', '.']
2026-05-12 01:17:09,422 - DEBUG - joeynmt.training - 	Tokenized hypothesis: ['Indi@@', 'a', ',', 'the', 'new', 'Pri@@', 'me', 'Minist@@', 'er', 'N@@', 'ar@@', 'end@@', 'ra', 'Mo@@', 'd@@', 'i', ',', 'in', 'the', 'first', 'place', 'in', 'the', 'first', 'time', 'of', 'his', 'first', 'ex@@', 'clu@@', 'sive', 'ex@@', 'tra@@', 'ordin@@', 'ary', 'colle@@', 'ction', 'of', 'his', 'J@@', 'ap@@', 'an', 'in', 'Ma@@', 'y', ',', 'the', 'S@@', 'hin@@', 'z@@', 'o', 'A@@', 'be', ',', 'and', 'to', 'ensure', 'economic', 'political', 'rel@@', 'ations', '.', '</s>']
2026-05-12 01:17:09,422 - INFO - joeynmt.training - 	Source:     Indiens neuer Premierminister Narendra Modi trifft bei seinem ersten wichtigen Auslandsbesuch seit seinem Wahlsieg im Mai seinen japanischen Amtskollegen Shinzo Abe in Toko , um wirtschaftliche und sicherheitspolitische Beziehungen zu besprechen .
2026-05-12 01:17:09,422 - INFO - joeynmt.training - 	Reference:  India &apos;s new prime minister , Narendra Modi , is meeting his Japanese counterpart , Shinzo Abe , in Tokyo to discuss economic and security ties , on his first major foreign visit since winning May &apos;s election .
2026-05-12 01:17:09,422 - INFO - joeynmt.training - 	Hypothesis: India , the new Prime Minister Narendra Modi , in the first place in the first time of his first exclusive extraordinary collection of his Japan in May , the Shinzo Abe , and to ensure economic political relations .
2026-05-12 01:17:09,422 - INFO - joeynmt.training - Example #2
2026-05-12 01:17:09,422 - DEBUG - joeynmt.training - 	Tokenized source:     ['Herr', 'Mo@@', 'd@@', 'i', 'befindet', 'sich', 'auf', 'einer', 'fü@@', 'n@@', 'f@@', 'tä@@', 'gi@@', 'gen', 'Rei@@', 'se', 'nach', 'J@@', 'ap@@', 'an', ',', 'um', 'die', 'wirtschaf@@', 'tlichen', 'Be@@', 'zieh@@', 'ungen', 'mit', 'der', 'd@@', 'rit@@', 't@@', 'größ@@', 'ten', 'Wirtschafts@@', 'n@@', 'ation', 'der', 'Welt', 'zu', 'fes@@', 'tigen', '.']
2026-05-12 01:17:09,422 - DEBUG - joeynmt.training - 	Tokenized reference:  ['Mr', 'Mo@@', 'd@@', 'i', 'is', 'on', 'a', 'fi@@', 've', '@@@', '-@@', '@', 'day', 'tri@@', 'p', 'to', 'J@@', 'ap@@', 'an', 'to', 'streng@@', 'then', 'economic', 'ties', 'with', 'the', 'third', 'lar@@', 'ges@@', 't', 'econom@@', 'y', 'in', 'the', 'world', '.']
2026-05-12 01:17:09,422 - DEBUG - joeynmt.training - 	Tokenized hypothesis: ['Mr', 'Mo@@', 'd@@', 'i', 'is', 'a', 'fi@@', 'f@@', 'ty', 'to', 'a', 'fi@@', 'f@@', 'th', 'tra@@', 'ding', 'to', 'J@@', 'ap@@', 'an', 'to', 'J@@', 'ap@@', 'an', 'to', 'the', 'economic', 'rel@@', 'ations', 'with', 'the', 'third', 'lar@@', 'ges@@', 't', 'economic', 'rel@@', 'ations', 'with', 'the', 'third', 'lar@@', 'ges@@', 't', 'economic', 'rel@@', 'ations', '.', '</s>']
2026-05-12 01:17:09,422 - INFO - joeynmt.training - 	Source:     Herr Modi befindet sich auf einer fünftägigen Reise nach Japan , um die wirtschaftlichen Beziehungen mit der drittgrößten Wirtschaftsnation der Welt zu festigen .
2026-05-12 01:17:09,422 - INFO - joeynmt.training - 	Reference:  Mr Modi is on a five @-@ day trip to Japan to strengthen economic ties with the third largest economy in the world .
2026-05-12 01:17:09,422 - INFO - joeynmt.training - 	Hypothesis: Mr Modi is a fifty to a fifth trading to Japan to Japan to the economic relations with the third largest economic relations with the third largest economic relations .
2026-05-12 01:17:09,422 - INFO - joeynmt.training - Example #3
2026-05-12 01:17:09,422 - DEBUG - joeynmt.training - 	Tokenized source:     ['P@@', 'län@@', 'e', 'für', 'eine', 'stärk@@', 'ere', 'k@@', 'ern@@', 'techn@@', 'ische', 'Zusammenarbeit', 'stehen', 'ganz', 'ob@@', 'en', 'auf', 'der', 'Tag@@', 'es@@', 'ordnung', '.']
2026-05-12 01:17:09,422 - DEBUG - joeynmt.training - 	Tokenized reference:  ['high', 'on', 'the', 'agen@@', 'da', 'are', 'pl@@', 'ans', 'for', 'gre@@', 'ater', 'nu@@', 'clear', 'c@@', 'o', '@@@', '-@@', '@', 'operation', '.']
2026-05-12 01:17:09,422 - DEBUG - joeynmt.training - 	Tokenized hypothesis: ['pl@@', 'ans', 'for', 'a', 'str@@', 'ong', 'techn@@', 'ical', 'cooperation', 'is', 'ob@@', 'vi@@', 'ously', 'on', 'the', 'agen@@', 'da', '.', '</s>']
2026-05-12 01:17:09,423 - INFO - joeynmt.training - 	Source:     Pläne für eine stärkere kerntechnische Zusammenarbeit stehen ganz oben auf der Tagesordnung .
2026-05-12 01:17:09,423 - INFO - joeynmt.training - 	Reference:  high on the agenda are plans for greater nuclear co @-@ operation .
2026-05-12 01:17:09,423 - INFO - joeynmt.training - 	Hypothesis: plans for a strong technical cooperation is obviously on the agenda .
2026-05-12 01:17:09,423 - INFO - joeynmt.training - Example #4
2026-05-12 01:17:09,423 - DEBUG - joeynmt.training - 	Tokenized source:     ['Berich@@', 'ten', 'zu@@', 'fol@@', 'ge', 'ho@@', 'fft', 'Indi@@', 'en', 'darüber', 'hinaus', 'auf', 'einen', 'Ver@@', 'trag', 'zur', 'Ver@@', 'tei@@', 'dig@@', 'ungs@@', 'zusammen@@', 'arbeit', 'zwischen', 'den', 'beiden', 'N@@', 'ationen', '.']
2026-05-12 01:17:09,423 - DEBUG - joeynmt.training - 	Tokenized reference:  ['Indi@@', 'a', 'is', 'also', 're@@', 'porte@@', 'dly', 'hop@@', 'ing', 'for', 'a', 'de@@', 'al', 'on', 'def@@', 'ence', 'c@@', 'oll@@', 'ab@@', 'or@@', 'ation', 'between', 'the', 'two', 'n@@', 'ations', '.']
2026-05-12 01:17:09,423 - DEBUG - joeynmt.training - 	Tokenized hypothesis: ['it', 'is', 'also', 'a', 'hop@@', 'ing', 'of', 'Indi@@', 'a', '&apos;s', 're@@', 'ports', 'on', 'def@@', 'ence', 'between', 'the', 'two', 'N@@', 'ations', '.', '</s>']
2026-05-12 01:17:09,423 - INFO - joeynmt.training - 	Source:     Berichten zufolge hofft Indien darüber hinaus auf einen Vertrag zur Verteidigungszusammenarbeit zwischen den beiden Nationen .
2026-05-12 01:17:09,423 - INFO - joeynmt.training - 	Reference:  India is also reportedly hoping for a deal on defence collaboration between the two nations .
2026-05-12 01:17:09,423 - INFO - joeynmt.training - 	Hypothesis: it is also a hoping of India &apos;s reports on defence between the two Nations .
2026-05-12 01:17:36,828 - INFO - joeynmt.training - Epoch   7, Step:    25100, Batch Loss:     1.771370, Batch Acc: 0.502637, Tokens per Sec:     3315, Lr: 0.000300
2026-05-12 01:18:04,028 - INFO - joeynmt.training - Epoch   7, Step:    25200, Batch Loss:     1.791865, Batch Acc: 0.509002, Tokens per Sec:     3386, Lr: 0.000300
2026-05-12 01:18:31,640 - INFO - joeynmt.training - Epoch   7, Step:    25300, Batch Loss:     1.941971, Batch Acc: 0.500615, Tokens per Sec:     3358, Lr: 0.000300
2026-05-12 01:18:59,053 - INFO - joeynmt.training - Epoch   7, Step:    25400, Batch Loss:     1.691392, Batch Acc: 0.507022, Tokens per Sec:     3320, Lr: 0.000300
2026-05-12 01:19:27,480 - INFO - joeynmt.training - Epoch   7, Step:    25500, Batch Loss:     1.851601, Batch Acc: 0.502039, Tokens per Sec:     3243, Lr: 0.000300
2026-05-12 01:19:27,481 - INFO - joeynmt.prediction - Predicting 500 example(s)... (Greedy decoding with min_output_length=1, max_output_length=-1, return_prob='none', generate_unk=True, repetition_penalty=-1, no_repeat_ngram_size=-1)
2026-05-12 01:20:10,520 - INFO - joeynmt.prediction - Evaluation result (greedy) loss:   2.21, ppl:   9.13, acc:   0.43, generation: 43.0307[sec], evaluation: 0.0000[sec]
2026-05-12 01:20:10,523 - INFO - joeynmt.training - Hooray! New best validation result [ppl]!
2026-05-12 01:20:10,682 - INFO - joeynmt.helpers - delete models/deen_transformer_post/23000.ckpt
2026-05-12 01:20:10,690 - INFO - joeynmt.training - Example #0
2026-05-12 01:20:10,690 - DEBUG - joeynmt.training - 	Tokenized source:     ['die', 'Pre@@', 'mi@@', 'er@@', 'minist@@', 'er', 'Indi@@', 'ens', 'und', 'J@@', 'ap@@', 'ans', 'tra@@', 'fen', 'sich', 'in', 'T@@', 'ok@@', 'i@@', 'o', '.']
2026-05-12 01:20:10,690 - DEBUG - joeynmt.training - 	Tokenized reference:  ['Indi@@', 'a', 'and', 'J@@', 'ap@@', 'an', 'pri@@', 'me', 'minist@@', 'ers', 'me@@', 'et', 'in', 'T@@', 'ok@@', 'y@@', 'o']
2026-05-12 01:20:10,690 - DEBUG - joeynmt.training - 	Tokenized hypothesis: ['the', 'Pri@@', 'me', 'Minist@@', 'er', 'of', 'Indi@@', 'a', 'and', 'J@@', 'ap@@', 'an', ',', 'in', 'T@@', 'ok@@', 'i@@', 'o', '.', '</s>']
2026-05-12 01:20:10,690 - INFO - joeynmt.training - 	Source:     die Premierminister Indiens und Japans trafen sich in Tokio .
2026-05-12 01:20:10,690 - INFO - joeynmt.training - 	Reference:  India and Japan prime ministers meet in Tokyo
2026-05-12 01:20:10,690 - INFO - joeynmt.training - 	Hypothesis: the Prime Minister of India and Japan , in Tokio .
2026-05-12 01:20:10,690 - INFO - joeynmt.training - Example #1
2026-05-12 01:20:10,690 - DEBUG - joeynmt.training - 	Tokenized source:     ['Indi@@', 'ens', 'neu@@', 'er', 'Pre@@', 'mi@@', 'er@@', 'minist@@', 'er', 'N@@', 'ar@@', 'end@@', 'ra', 'Mo@@', 'd@@', 'i', 'tri@@', 'fft', 'bei', 's@@', 'einem', 'ersten', 'wichti@@', 'gen', 'Aus@@', 'land@@', 's@@', 'bes@@', 'u@@', 'ch', 'seit', 's@@', 'einem', 'W@@', 'ah@@', 'l@@', 'si@@', 'e@@', 'g', 'im', 'Ma@@', 'i', 'seinen', 'j@@', 'ap@@', 'an@@', 'ischen', 'Am@@', 'ts@@', 'k@@', 'olle@@', 'gen', 'S@@', 'hin@@', 'z@@', 'o', 'A@@', 'be', 'in', 'T@@', 'ok@@', 'o', ',', 'um', 'wirtschaf@@', 'tliche', 'und', 'sicher@@', 'heits@@', 'politische', 'Be@@', 'zieh@@', 'ungen', 'zu', 'bes@@', 'pre@@', 'chen', '.']
2026-05-12 01:20:10,690 - DEBUG - joeynmt.training - 	Tokenized reference:  ['Indi@@', 'a', '&apos;s', 'new', 'pri@@', 'me', 'minist@@', 'er', ',', 'N@@', 'ar@@', 'end@@', 'ra', 'Mo@@', 'd@@', 'i', ',', 'is', 'me@@', 'eting', 'his', 'J@@', 'ap@@', 'an@@', 'ese', 'coun@@', 'ter@@', 'part', ',', 'S@@', 'hin@@', 'z@@', 'o', 'A@@', 'be', ',', 'in', 'T@@', 'ok@@', 'y@@', 'o', 'to', 'disc@@', 'uss', 'economic', 'and', 'security', 'ties', ',', 'on', 'his', 'first', 'major', 'fore@@', 'ign', 'visi@@', 't', 'since', 'w@@', 'inn@@', 'ing', 'Ma@@', 'y', '&apos;s', 'elec@@', 'tion', '.']
2026-05-12 01:20:10,690 - DEBUG - joeynmt.training - 	Tokenized hypothesis: ['Indi@@', 'a', '&apos;s', 'Ne@@', 'w', 'Y@@', 'or@@', 'k', ',', 'in', 'the', 'first', 'place', ',', 'the', 'first', 'of', 'all', 'of', 'the', 'most', 'important', 'ag@@', 'ri@@', 'cultural', 'her@@', 'it@@', 'age', 'in', 'Ma@@', 'y', ',', 'has', 'been', 'in', 'Ma@@', 'y', ',', 'in', 'Ma@@', 'y', ',', 'in', 'the', 'Ma@@', 'y', 'of', 'his', 'his', 'his', 'his', 'colle@@', 'ag@@', 'u@@', 'es', 'of', 'the', 'S@@', 'hin@@', 'z@@', 'o', 'A@@', 'be', 'in', 'T@@', 'ok@@', 'o', ',', 'in', 'order', 'to', 're@@', 'present', 'economic', 'and', 'security', '.', '</s>']
2026-05-12 01:20:10,691 - INFO - joeynmt.training - 	Source:     Indiens neuer Premierminister Narendra Modi trifft bei seinem ersten wichtigen Auslandsbesuch seit seinem Wahlsieg im Mai seinen japanischen Amtskollegen Shinzo Abe in Toko , um wirtschaftliche und sicherheitspolitische Beziehungen zu besprechen .
2026-05-12 01:20:10,691 - INFO - joeynmt.training - 	Reference:  India &apos;s new prime minister , Narendra Modi , is meeting his Japanese counterpart , Shinzo Abe , in Tokyo to discuss economic and security ties , on his first major foreign visit since winning May &apos;s election .
2026-05-12 01:20:10,691 - INFO - joeynmt.training - 	Hypothesis: India &apos;s New York , in the first place , the first of all of the most important agricultural heritage in May , has been in May , in May , in the May of his his his his colleagues of the Shinzo Abe in Toko , in order to represent economic and security .
2026-05-12 01:20:10,691 - INFO - joeynmt.training - Example #2
2026-05-12 01:20:10,691 - DEBUG - joeynmt.training - 	Tokenized source:     ['Herr', 'Mo@@', 'd@@', 'i', 'befindet', 'sich', 'auf', 'einer', 'fü@@', 'n@@', 'f@@', 'tä@@', 'gi@@', 'gen', 'Rei@@', 'se', 'nach', 'J@@', 'ap@@', 'an', ',', 'um', 'die', 'wirtschaf@@', 'tlichen', 'Be@@', 'zieh@@', 'ungen', 'mit', 'der', 'd@@', 'rit@@', 't@@', 'größ@@', 'ten', 'Wirtschafts@@', 'n@@', 'ation', 'der', 'Welt', 'zu', 'fes@@', 'tigen', '.']
2026-05-12 01:20:10,691 - DEBUG - joeynmt.training - 	Tokenized reference:  ['Mr', 'Mo@@', 'd@@', 'i', 'is', 'on', 'a', 'fi@@', 've', '@@@', '-@@', '@', 'day', 'tri@@', 'p', 'to', 'J@@', 'ap@@', 'an', 'to', 'streng@@', 'then', 'economic', 'ties', 'with', 'the', 'third', 'lar@@', 'ges@@', 't', 'econom@@', 'y', 'in', 'the', 'world', '.']
2026-05-12 01:20:10,691 - DEBUG - joeynmt.training - 	Tokenized hypothesis: ['Mr', 'Mo@@', 'd@@', 'i', 'is', 'a', 'fi@@', 'f@@', 'ty', 'to', 'a', 'fi@@', 'f@@', 'te@@', 'en', 'tra@@', 'ff@@', 'ic', 'in', 'order', 'to', 'pro@@', 'mo@@', 'te', 'economic', 'rel@@', 'ations', 'with', 'the', 'third', 'lar@@', 'ger', 'econom@@', 'y', '.', '</s>']
2026-05-12 01:20:10,691 - INFO - joeynmt.training - 	Source:     Herr Modi befindet sich auf einer fünftägigen Reise nach Japan , um die wirtschaftlichen Beziehungen mit der drittgrößten Wirtschaftsnation der Welt zu festigen .
2026-05-12 01:20:10,691 - INFO - joeynmt.training - 	Reference:  Mr Modi is on a five @-@ day trip to Japan to strengthen economic ties with the third largest economy in the world .
2026-05-12 01:20:10,691 - INFO - joeynmt.training - 	Hypothesis: Mr Modi is a fifty to a fifteen traffic in order to promote economic relations with the third larger economy .
2026-05-12 01:20:10,691 - INFO - joeynmt.training - Example #3
2026-05-12 01:20:10,691 - DEBUG - joeynmt.training - 	Tokenized source:     ['P@@', 'län@@', 'e', 'für', 'eine', 'stärk@@', 'ere', 'k@@', 'ern@@', 'techn@@', 'ische', 'Zusammenarbeit', 'stehen', 'ganz', 'ob@@', 'en', 'auf', 'der', 'Tag@@', 'es@@', 'ordnung', '.']
2026-05-12 01:20:10,691 - DEBUG - joeynmt.training - 	Tokenized reference:  ['high', 'on', 'the', 'agen@@', 'da', 'are', 'pl@@', 'ans', 'for', 'gre@@', 'ater', 'nu@@', 'clear', 'c@@', 'o', '@@@', '-@@', '@', 'operation', '.']
2026-05-12 01:20:10,691 - DEBUG - joeynmt.training - 	Tokenized hypothesis: ['P@@', 'lan@@', 'e', '&apos;s', 'more', 'nu@@', 'clear', 'cooperation', 'is', 'to', 'be', 'able', 'to', 'devel@@', 'o@@', 'p', 'the', 'agen@@', 'da', '.', '</s>']
2026-05-12 01:20:10,691 - INFO - joeynmt.training - 	Source:     Pläne für eine stärkere kerntechnische Zusammenarbeit stehen ganz oben auf der Tagesordnung .
2026-05-12 01:20:10,691 - INFO - joeynmt.training - 	Reference:  high on the agenda are plans for greater nuclear co @-@ operation .
2026-05-12 01:20:10,691 - INFO - joeynmt.training - 	Hypothesis: Plane &apos;s more nuclear cooperation is to be able to develop the agenda .
2026-05-12 01:20:10,691 - INFO - joeynmt.training - Example #4
2026-05-12 01:20:10,692 - DEBUG - joeynmt.training - 	Tokenized source:     ['Berich@@', 'ten', 'zu@@', 'fol@@', 'ge', 'ho@@', 'fft', 'Indi@@', 'en', 'darüber', 'hinaus', 'auf', 'einen', 'Ver@@', 'trag', 'zur', 'Ver@@', 'tei@@', 'dig@@', 'ungs@@', 'zusammen@@', 'arbeit', 'zwischen', 'den', 'beiden', 'N@@', 'ationen', '.']
2026-05-12 01:20:10,692 - DEBUG - joeynmt.training - 	Tokenized reference:  ['Indi@@', 'a', 'is', 'also', 're@@', 'porte@@', 'dly', 'hop@@', 'ing', 'for', 'a', 'de@@', 'al', 'on', 'def@@', 'ence', 'c@@', 'oll@@', 'ab@@', 'or@@', 'ation', 'between', 'the', 'two', 'n@@', 'ations', '.']
2026-05-12 01:20:10,692 - DEBUG - joeynmt.training - 	Tokenized hypothesis: ['re@@', 'ports', 'on', 'the', 'con@@', 'stitu@@', 'tional', 're@@', 'ports', 'on', 'the', 'Tre@@', 'aty', 'of', 'def@@', 'en@@', 'ding', 'work', 'between', 'the', 'two', 'N@@', 'ations', '.', '</s>']
2026-05-12 01:20:10,692 - INFO - joeynmt.training - 	Source:     Berichten zufolge hofft Indien darüber hinaus auf einen Vertrag zur Verteidigungszusammenarbeit zwischen den beiden Nationen .
2026-05-12 01:20:10,692 - INFO - joeynmt.training - 	Reference:  India is also reportedly hoping for a deal on defence collaboration between the two nations .
2026-05-12 01:20:10,692 - INFO - joeynmt.training - 	Hypothesis: reports on the constitutional reports on the Treaty of defending work between the two Nations .
2026-05-12 01:20:37,742 - INFO - joeynmt.training - Epoch   7, Step:    25600, Batch Loss:     1.842230, Batch Acc: 0.500085, Tokens per Sec:     3439, Lr: 0.000300
2026-05-12 01:21:04,958 - INFO - joeynmt.training - Epoch   7, Step:    25700, Batch Loss:     1.815236, Batch Acc: 0.500572, Tokens per Sec:     3371, Lr: 0.000300
2026-05-12 01:21:32,053 - INFO - joeynmt.training - Epoch   7, Step:    25800, Batch Loss:     1.647372, Batch Acc: 0.506136, Tokens per Sec:     3359, Lr: 0.000300
2026-05-12 01:21:58,963 - INFO - joeynmt.training - Epoch   7, Step:    25900, Batch Loss:     1.998049, Batch Acc: 0.510642, Tokens per Sec:     3384, Lr: 0.000300
2026-05-12 01:22:25,661 - INFO - joeynmt.training - Epoch   7, Step:    26000, Batch Loss:     1.972908, Batch Acc: 0.500635, Tokens per Sec:     3450, Lr: 0.000300
2026-05-12 01:22:25,661 - INFO - joeynmt.prediction - Predicting 500 example(s)... (Greedy decoding with min_output_length=1, max_output_length=-1, return_prob='none', generate_unk=True, repetition_penalty=-1, no_repeat_ngram_size=-1)
2026-05-12 01:23:08,208 - INFO - joeynmt.prediction - Evaluation result (greedy) loss:   2.20, ppl:   9.03, acc:   0.44, generation: 42.5369[sec], evaluation: 0.0000[sec]
2026-05-12 01:23:08,210 - INFO - joeynmt.training - Hooray! New best validation result [ppl]!
2026-05-12 01:23:08,411 - INFO - joeynmt.helpers - delete models/deen_transformer_post/23500.ckpt
2026-05-12 01:23:08,418 - INFO - joeynmt.training - Example #0
2026-05-12 01:23:08,418 - DEBUG - joeynmt.training - 	Tokenized source:     ['die', 'Pre@@', 'mi@@', 'er@@', 'minist@@', 'er', 'Indi@@', 'ens', 'und', 'J@@', 'ap@@', 'ans', 'tra@@', 'fen', 'sich', 'in', 'T@@', 'ok@@', 'i@@', 'o', '.']
2026-05-12 01:23:08,418 - DEBUG - joeynmt.training - 	Tokenized reference:  ['Indi@@', 'a', 'and', 'J@@', 'ap@@', 'an', 'pri@@', 'me', 'minist@@', 'ers', 'me@@', 'et', 'in', 'T@@', 'ok@@', 'y@@', 'o']
2026-05-12 01:23:08,418 - DEBUG - joeynmt.training - 	Tokenized hypothesis: ['the', 'Pri@@', 'me', 'Minist@@', 'er', 'of', 'Indi@@', 'a', 'and', 'J@@', 'ap@@', 'an', '&apos;s', 'pri@@', 'me', 'minist@@', 'er', 'in', 'T@@', 'ok@@', 'i@@', 'o', '.', '</s>']
2026-05-12 01:23:08,419 - INFO - joeynmt.training - 	Source:     die Premierminister Indiens und Japans trafen sich in Tokio .
2026-05-12 01:23:08,419 - INFO - joeynmt.training - 	Reference:  India and Japan prime ministers meet in Tokyo
2026-05-12 01:23:08,419 - INFO - joeynmt.training - 	Hypothesis: the Prime Minister of India and Japan &apos;s prime minister in Tokio .
2026-05-12 01:23:08,419 - INFO - joeynmt.training - Example #1
2026-05-12 01:23:08,419 - DEBUG - joeynmt.training - 	Tokenized source:     ['Indi@@', 'ens', 'neu@@', 'er', 'Pre@@', 'mi@@', 'er@@', 'minist@@', 'er', 'N@@', 'ar@@', 'end@@', 'ra', 'Mo@@', 'd@@', 'i', 'tri@@', 'fft', 'bei', 's@@', 'einem', 'ersten', 'wichti@@', 'gen', 'Aus@@', 'land@@', 's@@', 'bes@@', 'u@@', 'ch', 'seit', 's@@', 'einem', 'W@@', 'ah@@', 'l@@', 'si@@', 'e@@', 'g', 'im', 'Ma@@', 'i', 'seinen', 'j@@', 'ap@@', 'an@@', 'ischen', 'Am@@', 'ts@@', 'k@@', 'olle@@', 'gen', 'S@@', 'hin@@', 'z@@', 'o', 'A@@', 'be', 'in', 'T@@', 'ok@@', 'o', ',', 'um', 'wirtschaf@@', 'tliche', 'und', 'sicher@@', 'heits@@', 'politische', 'Be@@', 'zieh@@', 'ungen', 'zu', 'bes@@', 'pre@@', 'chen', '.']
2026-05-12 01:23:08,419 - DEBUG - joeynmt.training - 	Tokenized reference:  ['Indi@@', 'a', '&apos;s', 'new', 'pri@@', 'me', 'minist@@', 'er', ',', 'N@@', 'ar@@', 'end@@', 'ra', 'Mo@@', 'd@@', 'i', ',', 'is', 'me@@', 'eting', 'his', 'J@@', 'ap@@', 'an@@', 'ese', 'coun@@', 'ter@@', 'part', ',', 'S@@', 'hin@@', 'z@@', 'o', 'A@@', 'be', ',', 'in', 'T@@', 'ok@@', 'y@@', 'o', 'to', 'disc@@', 'uss', 'economic', 'and', 'security', 'ties', ',', 'on', 'his', 'first', 'major', 'fore@@', 'ign', 'visi@@', 't', 'since', 'w@@', 'inn@@', 'ing', 'Ma@@', 'y', '&apos;s', 'elec@@', 'tion', '.']
2026-05-12 01:23:08,419 - DEBUG - joeynmt.training - 	Tokenized hypothesis: ['Indi@@', 'a', '&apos;s', 'new', 'Pri@@', 'me', 'Minist@@', 'er', 'N@@', 'ar@@', 'end@@', 'ra', 'Mo@@', 'd@@', 'i', ',', 'has', 'been', 'a', 'first', 'important', 'ex@@', 't@@', 'ent', 'for', 'his', 'first', 'ex@@', 'clu@@', 'sive', 'ex@@', 'tra@@', 'ordin@@', 'ary', 'ex@@', 'per@@', 'im@@', 'ent@@', 'al', 'for', 'his', 'elec@@', 'tion', 'in', 'Ma@@', 'y', ',', 'in', 'Ma@@', 'y', ',', 'to', 'the', 'economic', 'and', 'security', 'and', 'security', 'rel@@', 'ations', '.', '</s>']
2026-05-12 01:23:08,419 - INFO - joeynmt.training - 	Source:     Indiens neuer Premierminister Narendra Modi trifft bei seinem ersten wichtigen Auslandsbesuch seit seinem Wahlsieg im Mai seinen japanischen Amtskollegen Shinzo Abe in Toko , um wirtschaftliche und sicherheitspolitische Beziehungen zu besprechen .
2026-05-12 01:23:08,419 - INFO - joeynmt.training - 	Reference:  India &apos;s new prime minister , Narendra Modi , is meeting his Japanese counterpart , Shinzo Abe , in Tokyo to discuss economic and security ties , on his first major foreign visit since winning May &apos;s election .
2026-05-12 01:23:08,419 - INFO - joeynmt.training - 	Hypothesis: India &apos;s new Prime Minister Narendra Modi , has been a first important extent for his first exclusive extraordinary experimental for his election in May , in May , to the economic and security and security relations .
2026-05-12 01:23:08,419 - INFO - joeynmt.training - Example #2
2026-05-12 01:23:08,419 - DEBUG - joeynmt.training - 	Tokenized source:     ['Herr', 'Mo@@', 'd@@', 'i', 'befindet', 'sich', 'auf', 'einer', 'fü@@', 'n@@', 'f@@', 'tä@@', 'gi@@', 'gen', 'Rei@@', 'se', 'nach', 'J@@', 'ap@@', 'an', ',', 'um', 'die', 'wirtschaf@@', 'tlichen', 'Be@@', 'zieh@@', 'ungen', 'mit', 'der', 'd@@', 'rit@@', 't@@', 'größ@@', 'ten', 'Wirtschafts@@', 'n@@', 'ation', 'der', 'Welt', 'zu', 'fes@@', 'tigen', '.']
2026-05-12 01:23:08,419 - DEBUG - joeynmt.training - 	Tokenized reference:  ['Mr', 'Mo@@', 'd@@', 'i', 'is', 'on', 'a', 'fi@@', 've', '@@@', '-@@', '@', 'day', 'tri@@', 'p', 'to', 'J@@', 'ap@@', 'an', 'to', 'streng@@', 'then', 'economic', 'ties', 'with', 'the', 'third', 'lar@@', 'ges@@', 't', 'econom@@', 'y', 'in', 'the', 'world', '.']
2026-05-12 01:23:08,419 - DEBUG - joeynmt.training - 	Tokenized hypothesis: ['Mr', 'Mo@@', 'd@@', 'i', 'is', 'a', 'fi@@', 'f@@', 'ty', 'after', 'the', 'fi@@', 'f@@', 'ty', 'of', 'the', 'world', '&apos;s', 'economic', 'rel@@', 'ations', 'with', 'the', 'third', 'lar@@', 'ges@@', 't', 'economic', 'rel@@', 'ations', 'with', 'the', 'third', 'lar@@', 'ges@@', 't', 'economic', 'rel@@', 'ations', '.', '</s>']
2026-05-12 01:23:08,420 - INFO - joeynmt.training - 	Source:     Herr Modi befindet sich auf einer fünftägigen Reise nach Japan , um die wirtschaftlichen Beziehungen mit der drittgrößten Wirtschaftsnation der Welt zu festigen .
2026-05-12 01:23:08,420 - INFO - joeynmt.training - 	Reference:  Mr Modi is on a five @-@ day trip to Japan to strengthen economic ties with the third largest economy in the world .
2026-05-12 01:23:08,420 - INFO - joeynmt.training - 	Hypothesis: Mr Modi is a fifty after the fifty of the world &apos;s economic relations with the third largest economic relations with the third largest economic relations .
2026-05-12 01:23:08,420 - INFO - joeynmt.training - Example #3
2026-05-12 01:23:08,420 - DEBUG - joeynmt.training - 	Tokenized source:     ['P@@', 'län@@', 'e', 'für', 'eine', 'stärk@@', 'ere', 'k@@', 'ern@@', 'techn@@', 'ische', 'Zusammenarbeit', 'stehen', 'ganz', 'ob@@', 'en', 'auf', 'der', 'Tag@@', 'es@@', 'ordnung', '.']
2026-05-12 01:23:08,420 - DEBUG - joeynmt.training - 	Tokenized reference:  ['high', 'on', 'the', 'agen@@', 'da', 'are', 'pl@@', 'ans', 'for', 'gre@@', 'ater', 'nu@@', 'clear', 'c@@', 'o', '@@@', '-@@', '@', 'operation', '.']
2026-05-12 01:23:08,420 - DEBUG - joeynmt.training - 	Tokenized hypothesis: ['pl@@', 'ans', 'for', 'a', 'more', 'c@@', 'are@@', 'ful', 'cooperation', 'is', 'a@@', 'ware', 'of', 'the', 'agen@@', 'da', '.', '</s>']
2026-05-12 01:23:08,420 - INFO - joeynmt.training - 	Source:     Pläne für eine stärkere kerntechnische Zusammenarbeit stehen ganz oben auf der Tagesordnung .
2026-05-12 01:23:08,420 - INFO - joeynmt.training - 	Reference:  high on the agenda are plans for greater nuclear co @-@ operation .
2026-05-12 01:23:08,420 - INFO - joeynmt.training - 	Hypothesis: plans for a more careful cooperation is aware of the agenda .
2026-05-12 01:23:08,420 - INFO - joeynmt.training - Example #4
2026-05-12 01:23:08,420 - DEBUG - joeynmt.training - 	Tokenized source:     ['Berich@@', 'ten', 'zu@@', 'fol@@', 'ge', 'ho@@', 'fft', 'Indi@@', 'en', 'darüber', 'hinaus', 'auf', 'einen', 'Ver@@', 'trag', 'zur', 'Ver@@', 'tei@@', 'dig@@', 'ungs@@', 'zusammen@@', 'arbeit', 'zwischen', 'den', 'beiden', 'N@@', 'ationen', '.']
2026-05-12 01:23:08,420 - DEBUG - joeynmt.training - 	Tokenized reference:  ['Indi@@', 'a', 'is', 'also', 're@@', 'porte@@', 'dly', 'hop@@', 'ing', 'for', 'a', 'de@@', 'al', 'on', 'def@@', 'ence', 'c@@', 'oll@@', 'ab@@', 'or@@', 'ation', 'between', 'the', 'two', 'n@@', 'ations', '.']
2026-05-12 01:23:08,420 - DEBUG - joeynmt.training - 	Tokenized hypothesis: ['in', 'ad@@', 'dition', ',', 'Indi@@', 'a', 'is', 'a', 'de@@', 'termin@@', 'ation', 'to', 'def@@', 'end', 'the', 'def@@', 'ence', 'of', 'the', 'two', 'n@@', 'ations', '.', '</s>']
2026-05-12 01:23:08,420 - INFO - joeynmt.training - 	Source:     Berichten zufolge hofft Indien darüber hinaus auf einen Vertrag zur Verteidigungszusammenarbeit zwischen den beiden Nationen .
2026-05-12 01:23:08,420 - INFO - joeynmt.training - 	Reference:  India is also reportedly hoping for a deal on defence collaboration between the two nations .
2026-05-12 01:23:08,420 - INFO - joeynmt.training - 	Hypothesis: in addition , India is a determination to defend the defence of the two nations .
2026-05-12 01:23:35,680 - INFO - joeynmt.training - Epoch   7, Step:    26100, Batch Loss:     1.843307, Batch Acc: 0.501332, Tokens per Sec:     3374, Lr: 0.000300
2026-05-12 01:24:02,790 - INFO - joeynmt.training - Epoch   7, Step:    26200, Batch Loss:     1.732767, Batch Acc: 0.498680, Tokens per Sec:     3352, Lr: 0.000300
2026-05-12 01:24:30,124 - INFO - joeynmt.training - Epoch   7, Step:    26300, Batch Loss:     1.763265, Batch Acc: 0.507354, Tokens per Sec:     3355, Lr: 0.000300
2026-05-12 01:24:57,213 - INFO - joeynmt.training - Epoch   7, Step:    26400, Batch Loss:     1.976496, Batch Acc: 0.505916, Tokens per Sec:     3414, Lr: 0.000300
2026-05-12 01:25:24,523 - INFO - joeynmt.training - Epoch   7, Step:    26500, Batch Loss:     2.018025, Batch Acc: 0.505297, Tokens per Sec:     3346, Lr: 0.000300
2026-05-12 01:25:24,526 - INFO - joeynmt.prediction - Predicting 500 example(s)... (Greedy decoding with min_output_length=1, max_output_length=-1, return_prob='none', generate_unk=True, repetition_penalty=-1, no_repeat_ngram_size=-1)
2026-05-12 01:26:06,834 - INFO - joeynmt.prediction - Evaluation result (greedy) loss:   2.20, ppl:   9.02, acc:   0.43, generation: 42.2969[sec], evaluation: 0.0000[sec]
2026-05-12 01:26:06,837 - INFO - joeynmt.training - Hooray! New best validation result [ppl]!
2026-05-12 01:26:06,996 - INFO - joeynmt.helpers - delete models/deen_transformer_post/24000.ckpt
2026-05-12 01:26:07,009 - INFO - joeynmt.training - Example #0
2026-05-12 01:26:07,009 - DEBUG - joeynmt.training - 	Tokenized source:     ['die', 'Pre@@', 'mi@@', 'er@@', 'minist@@', 'er', 'Indi@@', 'ens', 'und', 'J@@', 'ap@@', 'ans', 'tra@@', 'fen', 'sich', 'in', 'T@@', 'ok@@', 'i@@', 'o', '.']
2026-05-12 01:26:07,009 - DEBUG - joeynmt.training - 	Tokenized reference:  ['Indi@@', 'a', 'and', 'J@@', 'ap@@', 'an', 'pri@@', 'me', 'minist@@', 'ers', 'me@@', 'et', 'in', 'T@@', 'ok@@', 'y@@', 'o']
2026-05-12 01:26:07,009 - DEBUG - joeynmt.training - 	Tokenized hypothesis: ['the', 'Pri@@', 'me', 'Minist@@', 'er', 'of', 'Indi@@', 'a', 'and', 'J@@', 'ap@@', 'an', 'in', 'T@@', 'ok@@', 'i@@', 'o', '.', '</s>']
2026-05-12 01:26:07,010 - INFO - joeynmt.training - 	Source:     die Premierminister Indiens und Japans trafen sich in Tokio .
2026-05-12 01:26:07,010 - INFO - joeynmt.training - 	Reference:  India and Japan prime ministers meet in Tokyo
2026-05-12 01:26:07,010 - INFO - joeynmt.training - 	Hypothesis: the Prime Minister of India and Japan in Tokio .
2026-05-12 01:26:07,010 - INFO - joeynmt.training - Example #1
2026-05-12 01:26:07,010 - DEBUG - joeynmt.training - 	Tokenized source:     ['Indi@@', 'ens', 'neu@@', 'er', 'Pre@@', 'mi@@', 'er@@', 'minist@@', 'er', 'N@@', 'ar@@', 'end@@', 'ra', 'Mo@@', 'd@@', 'i', 'tri@@', 'fft', 'bei', 's@@', 'einem', 'ersten', 'wichti@@', 'gen', 'Aus@@', 'land@@', 's@@', 'bes@@', 'u@@', 'ch', 'seit', 's@@', 'einem', 'W@@', 'ah@@', 'l@@', 'si@@', 'e@@', 'g', 'im', 'Ma@@', 'i', 'seinen', 'j@@', 'ap@@', 'an@@', 'ischen', 'Am@@', 'ts@@', 'k@@', 'olle@@', 'gen', 'S@@', 'hin@@', 'z@@', 'o', 'A@@', 'be', 'in', 'T@@', 'ok@@', 'o', ',', 'um', 'wirtschaf@@', 'tliche', 'und', 'sicher@@', 'heits@@', 'politische', 'Be@@', 'zieh@@', 'ungen', 'zu', 'bes@@', 'pre@@', 'chen', '.']
2026-05-12 01:26:07,010 - DEBUG - joeynmt.training - 	Tokenized reference:  ['Indi@@', 'a', '&apos;s', 'new', 'pri@@', 'me', 'minist@@', 'er', ',', 'N@@', 'ar@@', 'end@@', 'ra', 'Mo@@', 'd@@', 'i', ',', 'is', 'me@@', 'eting', 'his', 'J@@', 'ap@@', 'an@@', 'ese', 'coun@@', 'ter@@', 'part', ',', 'S@@', 'hin@@', 'z@@', 'o', 'A@@', 'be', ',', 'in', 'T@@', 'ok@@', 'y@@', 'o', 'to', 'disc@@', 'uss', 'economic', 'and', 'security', 'ties', ',', 'on', 'his', 'first', 'major', 'fore@@', 'ign', 'visi@@', 't', 'since', 'w@@', 'inn@@', 'ing', 'Ma@@', 'y', '&apos;s', 'elec@@', 'tion', '.']
2026-05-12 01:26:07,010 - DEBUG - joeynmt.training - 	Tokenized hypothesis: ['Indi@@', 'a', '&apos;s', 'new', 'Pri@@', 'me', 'Minist@@', 'er', 'N@@', 'ar@@', 'end@@', 'ra', 'Mo@@', 'd@@', 'i', ',', 'has', 'been', 'a', 'first', 'f@@', 'ly', 'at@@', 'al', 'fore@@', 'ign', 'fore@@', 'ign', 'minist@@', 'er', ',', 'has', 'been', 'a', 'sign@@', 'ific@@', 'ant', 'fore@@', 'ign', 'minist@@', 'er', 'of', 'the', 'J@@', 'ap@@', 'an', 'S@@', 'hin@@', 'z@@', 'o', ',', 'in', 'T@@', 'ok@@', 'o', ',', 'and', 'the', 'political', 'rel@@', 'ations', '.', '</s>']
2026-05-12 01:26:07,010 - INFO - joeynmt.training - 	Source:     Indiens neuer Premierminister Narendra Modi trifft bei seinem ersten wichtigen Auslandsbesuch seit seinem Wahlsieg im Mai seinen japanischen Amtskollegen Shinzo Abe in Toko , um wirtschaftliche und sicherheitspolitische Beziehungen zu besprechen .
2026-05-12 01:26:07,010 - INFO - joeynmt.training - 	Reference:  India &apos;s new prime minister , Narendra Modi , is meeting his Japanese counterpart , Shinzo Abe , in Tokyo to discuss economic and security ties , on his first major foreign visit since winning May &apos;s election .
2026-05-12 01:26:07,010 - INFO - joeynmt.training - 	Hypothesis: India &apos;s new Prime Minister Narendra Modi , has been a first fly atal foreign foreign minister , has been a significant foreign minister of the Japan Shinzo , in Toko , and the political relations .
2026-05-12 01:26:07,010 - INFO - joeynmt.training - Example #2
2026-05-12 01:26:07,010 - DEBUG - joeynmt.training - 	Tokenized source:     ['Herr', 'Mo@@', 'd@@', 'i', 'befindet', 'sich', 'auf', 'einer', 'fü@@', 'n@@', 'f@@', 'tä@@', 'gi@@', 'gen', 'Rei@@', 'se', 'nach', 'J@@', 'ap@@', 'an', ',', 'um', 'die', 'wirtschaf@@', 'tlichen', 'Be@@', 'zieh@@', 'ungen', 'mit', 'der', 'd@@', 'rit@@', 't@@', 'größ@@', 'ten', 'Wirtschafts@@', 'n@@', 'ation', 'der', 'Welt', 'zu', 'fes@@', 'tigen', '.']
2026-05-12 01:26:07,010 - DEBUG - joeynmt.training - 	Tokenized reference:  ['Mr', 'Mo@@', 'd@@', 'i', 'is', 'on', 'a', 'fi@@', 've', '@@@', '-@@', '@', 'day', 'tri@@', 'p', 'to', 'J@@', 'ap@@', 'an', 'to', 'streng@@', 'then', 'economic', 'ties', 'with', 'the', 'third', 'lar@@', 'ges@@', 't', 'econom@@', 'y', 'in', 'the', 'world', '.']
2026-05-12 01:26:07,010 - DEBUG - joeynmt.training - 	Tokenized hypothesis: ['Mr', 'Mo@@', 'd@@', 'i', 'is', 'a', 'fi@@', 'f@@', 'ty', 'to', 'a', 'fi@@', 'f@@', 'ty', 'of', 'the', 'world', '&apos;s', 'economic', 'rel@@', 'ations', 'with', 'the', 'third', 'lar@@', 'ges@@', 't', 'economic', 'rel@@', 'ations', 'with', 'the', 'third', 'lar@@', 'ges@@', 't', 'economic', 'n@@', 'ation', '.', '</s>']
2026-05-12 01:26:07,011 - INFO - joeynmt.training - 	Source:     Herr Modi befindet sich auf einer fünftägigen Reise nach Japan , um die wirtschaftlichen Beziehungen mit der drittgrößten Wirtschaftsnation der Welt zu festigen .
2026-05-12 01:26:07,011 - INFO - joeynmt.training - 	Reference:  Mr Modi is on a five @-@ day trip to Japan to strengthen economic ties with the third largest economy in the world .
2026-05-12 01:26:07,011 - INFO - joeynmt.training - 	Hypothesis: Mr Modi is a fifty to a fifty of the world &apos;s economic relations with the third largest economic relations with the third largest economic nation .
2026-05-12 01:26:07,011 - INFO - joeynmt.training - Example #3
2026-05-12 01:26:07,011 - DEBUG - joeynmt.training - 	Tokenized source:     ['P@@', 'län@@', 'e', 'für', 'eine', 'stärk@@', 'ere', 'k@@', 'ern@@', 'techn@@', 'ische', 'Zusammenarbeit', 'stehen', 'ganz', 'ob@@', 'en', 'auf', 'der', 'Tag@@', 'es@@', 'ordnung', '.']
2026-05-12 01:26:07,011 - DEBUG - joeynmt.training - 	Tokenized reference:  ['high', 'on', 'the', 'agen@@', 'da', 'are', 'pl@@', 'ans', 'for', 'gre@@', 'ater', 'nu@@', 'clear', 'c@@', 'o', '@@@', '-@@', '@', 'operation', '.']
2026-05-12 01:26:07,011 - DEBUG - joeynmt.training - 	Tokenized hypothesis: ['pl@@', 'ans', 'for', 'a', 'str@@', 'ong', 'techn@@', 'ical', 'cooperation', 'are', 'a@@', 'ware', 'of', 'the', 'agen@@', 'da', '.', '</s>']
2026-05-12 01:26:07,011 - INFO - joeynmt.training - 	Source:     Pläne für eine stärkere kerntechnische Zusammenarbeit stehen ganz oben auf der Tagesordnung .
2026-05-12 01:26:07,011 - INFO - joeynmt.training - 	Reference:  high on the agenda are plans for greater nuclear co @-@ operation .
2026-05-12 01:26:07,011 - INFO - joeynmt.training - 	Hypothesis: plans for a strong technical cooperation are aware of the agenda .
2026-05-12 01:26:07,011 - INFO - joeynmt.training - Example #4
2026-05-12 01:26:07,011 - DEBUG - joeynmt.training - 	Tokenized source:     ['Berich@@', 'ten', 'zu@@', 'fol@@', 'ge', 'ho@@', 'fft', 'Indi@@', 'en', 'darüber', 'hinaus', 'auf', 'einen', 'Ver@@', 'trag', 'zur', 'Ver@@', 'tei@@', 'dig@@', 'ungs@@', 'zusammen@@', 'arbeit', 'zwischen', 'den', 'beiden', 'N@@', 'ationen', '.']
2026-05-12 01:26:07,011 - DEBUG - joeynmt.training - 	Tokenized reference:  ['Indi@@', 'a', 'is', 'also', 're@@', 'porte@@', 'dly', 'hop@@', 'ing', 'for', 'a', 'de@@', 'al', 'on', 'def@@', 'ence', 'c@@', 'oll@@', 'ab@@', 'or@@', 'ation', 'between', 'the', 'two', 'n@@', 'ations', '.']
2026-05-12 01:26:07,011 - DEBUG - joeynmt.training - 	Tokenized hypothesis: ['re@@', 'ports', 'on', 'the', 'con@@', 'text', 'of', 'Indi@@', 'a', 'is', 'a', 'con@@', 'dem@@', 'ning', 'con@@', 'dem@@', 'ning', 'cooperation', 'between', 'the', 'two', 'N@@', 'ations', '.', '</s>']
2026-05-12 01:26:07,011 - INFO - joeynmt.training - 	Source:     Berichten zufolge hofft Indien darüber hinaus auf einen Vertrag zur Verteidigungszusammenarbeit zwischen den beiden Nationen .
2026-05-12 01:26:07,011 - INFO - joeynmt.training - 	Reference:  India is also reportedly hoping for a deal on defence collaboration between the two nations .
2026-05-12 01:26:07,011 - INFO - joeynmt.training - 	Hypothesis: reports on the context of India is a condemning condemning cooperation between the two Nations .
2026-05-12 01:26:33,791 - INFO - joeynmt.training - Epoch   7, Step:    26600, Batch Loss:     1.932705, Batch Acc: 0.499585, Tokens per Sec:     3442, Lr: 0.000300
2026-05-12 01:27:01,143 - INFO - joeynmt.training - Epoch   7, Step:    26700, Batch Loss:     1.873113, Batch Acc: 0.507010, Tokens per Sec:     3340, Lr: 0.000300
2026-05-12 01:27:28,206 - INFO - joeynmt.training - Epoch   7, Step:    26800, Batch Loss:     1.911790, Batch Acc: 0.500108, Tokens per Sec:     3427, Lr: 0.000300
2026-05-12 01:27:55,583 - INFO - joeynmt.training - Epoch   7, Step:    26900, Batch Loss:     1.862136, Batch Acc: 0.500960, Tokens per Sec:     3388, Lr: 0.000300
2026-05-12 01:28:22,906 - INFO - joeynmt.training - Epoch   7, Step:    27000, Batch Loss:     1.654969, Batch Acc: 0.505472, Tokens per Sec:     3331, Lr: 0.000300
2026-05-12 01:28:22,907 - INFO - joeynmt.prediction - Predicting 500 example(s)... (Greedy decoding with min_output_length=1, max_output_length=-1, return_prob='none', generate_unk=True, repetition_penalty=-1, no_repeat_ngram_size=-1)
2026-05-12 01:28:57,475 - INFO - joeynmt.prediction - Evaluation result (greedy) loss:   2.20, ppl:   9.00, acc:   0.43, generation: 34.5593[sec], evaluation: 0.0000[sec]
2026-05-12 01:28:57,478 - INFO - joeynmt.training - Hooray! New best validation result [ppl]!
2026-05-12 01:28:57,659 - INFO - joeynmt.helpers - delete models/deen_transformer_post/24500.ckpt
2026-05-12 01:28:57,662 - INFO - joeynmt.training - Example #0
2026-05-12 01:28:57,663 - DEBUG - joeynmt.training - 	Tokenized source:     ['die', 'Pre@@', 'mi@@', 'er@@', 'minist@@', 'er', 'Indi@@', 'ens', 'und', 'J@@', 'ap@@', 'ans', 'tra@@', 'fen', 'sich', 'in', 'T@@', 'ok@@', 'i@@', 'o', '.']
2026-05-12 01:28:57,663 - DEBUG - joeynmt.training - 	Tokenized reference:  ['Indi@@', 'a', 'and', 'J@@', 'ap@@', 'an', 'pri@@', 'me', 'minist@@', 'ers', 'me@@', 'et', 'in', 'T@@', 'ok@@', 'y@@', 'o']
2026-05-12 01:28:57,663 - DEBUG - joeynmt.training - 	Tokenized hypothesis: ['the', 'pri@@', 'me', 'minist@@', 'er', 'of', 'Indi@@', 'a', 'and', 'J@@', 'ap@@', 'an', 'T@@', 'ok@@', 'i@@', 'o', '.', '</s>']
2026-05-12 01:28:57,663 - INFO - joeynmt.training - 	Source:     die Premierminister Indiens und Japans trafen sich in Tokio .
2026-05-12 01:28:57,663 - INFO - joeynmt.training - 	Reference:  India and Japan prime ministers meet in Tokyo
2026-05-12 01:28:57,663 - INFO - joeynmt.training - 	Hypothesis: the prime minister of India and Japan Tokio .
2026-05-12 01:28:57,663 - INFO - joeynmt.training - Example #1
2026-05-12 01:28:57,663 - DEBUG - joeynmt.training - 	Tokenized source:     ['Indi@@', 'ens', 'neu@@', 'er', 'Pre@@', 'mi@@', 'er@@', 'minist@@', 'er', 'N@@', 'ar@@', 'end@@', 'ra', 'Mo@@', 'd@@', 'i', 'tri@@', 'fft', 'bei', 's@@', 'einem', 'ersten', 'wichti@@', 'gen', 'Aus@@', 'land@@', 's@@', 'bes@@', 'u@@', 'ch', 'seit', 's@@', 'einem', 'W@@', 'ah@@', 'l@@', 'si@@', 'e@@', 'g', 'im', 'Ma@@', 'i', 'seinen', 'j@@', 'ap@@', 'an@@', 'ischen', 'Am@@', 'ts@@', 'k@@', 'olle@@', 'gen', 'S@@', 'hin@@', 'z@@', 'o', 'A@@', 'be', 'in', 'T@@', 'ok@@', 'o', ',', 'um', 'wirtschaf@@', 'tliche', 'und', 'sicher@@', 'heits@@', 'politische', 'Be@@', 'zieh@@', 'ungen', 'zu', 'bes@@', 'pre@@', 'chen', '.']
2026-05-12 01:28:57,663 - DEBUG - joeynmt.training - 	Tokenized reference:  ['Indi@@', 'a', '&apos;s', 'new', 'pri@@', 'me', 'minist@@', 'er', ',', 'N@@', 'ar@@', 'end@@', 'ra', 'Mo@@', 'd@@', 'i', ',', 'is', 'me@@', 'eting', 'his', 'J@@', 'ap@@', 'an@@', 'ese', 'coun@@', 'ter@@', 'part', ',', 'S@@', 'hin@@', 'z@@', 'o', 'A@@', 'be', ',', 'in', 'T@@', 'ok@@', 'y@@', 'o', 'to', 'disc@@', 'uss', 'economic', 'and', 'security', 'ties', ',', 'on', 'his', 'first', 'major', 'fore@@', 'ign', 'visi@@', 't', 'since', 'w@@', 'inn@@', 'ing', 'Ma@@', 'y', '&apos;s', 'elec@@', 'tion', '.']
2026-05-12 01:28:57,663 - DEBUG - joeynmt.training - 	Tokenized hypothesis: ['Indi@@', 'a', '&apos;s', 'new', 'pre@@', 'mi@@', 'er', 'N@@', 'ar@@', 'end@@', 'ra', 'Mo@@', 'd@@', 'i', ',', 'in', 'his', 'first', 'important', 'fore@@', 'ign', 'ag@@', 'er', ',', 'he', 'has', 'been', 're@@', 'ach@@', 'ed', 'in', 'Ma@@', 'y', ',', 'in', 'Ma@@', 'y', ',', 'his', 'his', 'his', 'first', 'first', 'first', 'of', 'all', ',', 'S@@', 'hin@@', 'e', 'S@@', 'hin@@', 'e', 'S@@', 'hin@@', 'e', 'S@@', 'hin@@', 'z@@', 'o', 'A@@', 'be', ',', 'and', 'security', 'policy', 'rel@@', 'ations', '.', '</s>']
2026-05-12 01:28:57,663 - INFO - joeynmt.training - 	Source:     Indiens neuer Premierminister Narendra Modi trifft bei seinem ersten wichtigen Auslandsbesuch seit seinem Wahlsieg im Mai seinen japanischen Amtskollegen Shinzo Abe in Toko , um wirtschaftliche und sicherheitspolitische Beziehungen zu besprechen .
2026-05-12 01:28:57,663 - INFO - joeynmt.training - 	Reference:  India &apos;s new prime minister , Narendra Modi , is meeting his Japanese counterpart , Shinzo Abe , in Tokyo to discuss economic and security ties , on his first major foreign visit since winning May &apos;s election .
2026-05-12 01:28:57,663 - INFO - joeynmt.training - 	Hypothesis: India &apos;s new premier Narendra Modi , in his first important foreign ager , he has been reached in May , in May , his his his first first first of all , Shine Shine Shine Shinzo Abe , and security policy relations .
2026-05-12 01:28:57,663 - INFO - joeynmt.training - Example #2
2026-05-12 01:28:57,664 - DEBUG - joeynmt.training - 	Tokenized source:     ['Herr', 'Mo@@', 'd@@', 'i', 'befindet', 'sich', 'auf', 'einer', 'fü@@', 'n@@', 'f@@', 'tä@@', 'gi@@', 'gen', 'Rei@@', 'se', 'nach', 'J@@', 'ap@@', 'an', ',', 'um', 'die', 'wirtschaf@@', 'tlichen', 'Be@@', 'zieh@@', 'ungen', 'mit', 'der', 'd@@', 'rit@@', 't@@', 'größ@@', 'ten', 'Wirtschafts@@', 'n@@', 'ation', 'der', 'Welt', 'zu', 'fes@@', 'tigen', '.']
2026-05-12 01:28:57,664 - DEBUG - joeynmt.training - 	Tokenized reference:  ['Mr', 'Mo@@', 'd@@', 'i', 'is', 'on', 'a', 'fi@@', 've', '@@@', '-@@', '@', 'day', 'tri@@', 'p', 'to', 'J@@', 'ap@@', 'an', 'to', 'streng@@', 'then', 'economic', 'ties', 'with', 'the', 'third', 'lar@@', 'ges@@', 't', 'econom@@', 'y', 'in', 'the', 'world', '.']
2026-05-12 01:28:57,664 - DEBUG - joeynmt.training - 	Tokenized hypothesis: ['Mr', 'Mo@@', 'd@@', 'i', 'is', 'a', 'fi@@', 'f@@', 'ty', 't@@', 'ou@@', 'ch', 'of', 'a', 'fi@@', 'f@@', 'ty', 't@@', 'ou@@', 'gh@@', 'ly', 't@@', 'ou@@', 'gh@@', 'ly', 'to', 'be', 'f@@', 'ill@@', 'ed', 'with', 'the', 'third', 'lar@@', 'ges@@', 't', 'economic', 'n@@', 'ation', '.', '</s>']
2026-05-12 01:28:57,664 - INFO - joeynmt.training - 	Source:     Herr Modi befindet sich auf einer fünftägigen Reise nach Japan , um die wirtschaftlichen Beziehungen mit der drittgrößten Wirtschaftsnation der Welt zu festigen .
2026-05-12 01:28:57,664 - INFO - joeynmt.training - 	Reference:  Mr Modi is on a five @-@ day trip to Japan to strengthen economic ties with the third largest economy in the world .
2026-05-12 01:28:57,664 - INFO - joeynmt.training - 	Hypothesis: Mr Modi is a fifty touch of a fifty toughly toughly to be filled with the third largest economic nation .
2026-05-12 01:28:57,664 - INFO - joeynmt.training - Example #3
2026-05-12 01:28:57,664 - DEBUG - joeynmt.training - 	Tokenized source:     ['P@@', 'län@@', 'e', 'für', 'eine', 'stärk@@', 'ere', 'k@@', 'ern@@', 'techn@@', 'ische', 'Zusammenarbeit', 'stehen', 'ganz', 'ob@@', 'en', 'auf', 'der', 'Tag@@', 'es@@', 'ordnung', '.']
2026-05-12 01:28:57,664 - DEBUG - joeynmt.training - 	Tokenized reference:  ['high', 'on', 'the', 'agen@@', 'da', 'are', 'pl@@', 'ans', 'for', 'gre@@', 'ater', 'nu@@', 'clear', 'c@@', 'o', '@@@', '-@@', '@', 'operation', '.']
2026-05-12 01:28:57,664 - DEBUG - joeynmt.training - 	Tokenized hypothesis: ['pl@@', 'ans', 'for', 'a', 'more', 'more', 'seri@@', 'ous', 'techn@@', 'ical', 'cooperation', 'are', 'all', 'the', 'time', 'on', 'the', 'agen@@', 'da', '.', '</s>']
2026-05-12 01:28:57,664 - INFO - joeynmt.training - 	Source:     Pläne für eine stärkere kerntechnische Zusammenarbeit stehen ganz oben auf der Tagesordnung .
2026-05-12 01:28:57,664 - INFO - joeynmt.training - 	Reference:  high on the agenda are plans for greater nuclear co @-@ operation .
2026-05-12 01:28:57,664 - INFO - joeynmt.training - 	Hypothesis: plans for a more more serious technical cooperation are all the time on the agenda .
2026-05-12 01:28:57,664 - INFO - joeynmt.training - Example #4
2026-05-12 01:28:57,664 - DEBUG - joeynmt.training - 	Tokenized source:     ['Berich@@', 'ten', 'zu@@', 'fol@@', 'ge', 'ho@@', 'fft', 'Indi@@', 'en', 'darüber', 'hinaus', 'auf', 'einen', 'Ver@@', 'trag', 'zur', 'Ver@@', 'tei@@', 'dig@@', 'ungs@@', 'zusammen@@', 'arbeit', 'zwischen', 'den', 'beiden', 'N@@', 'ationen', '.']
2026-05-12 01:28:57,664 - DEBUG - joeynmt.training - 	Tokenized reference:  ['Indi@@', 'a', 'is', 'also', 're@@', 'porte@@', 'dly', 'hop@@', 'ing', 'for', 'a', 'de@@', 'al', 'on', 'def@@', 'ence', 'c@@', 'oll@@', 'ab@@', 'or@@', 'ation', 'between', 'the', 'two', 'n@@', 'ations', '.']
2026-05-12 01:28:57,664 - DEBUG - joeynmt.training - 	Tokenized hypothesis: ['re@@', 'ports', 'on', 'the', 'con@@', 'tra@@', 'ct', 'of', 'Indi@@', 'a', ',', 'which', 'is', 'a', 'con@@', 'dem@@', 'n', 'in', 'order', 'to', 'def@@', 'end', 'the', 'def@@', 'ence', 'of', 'the', 'two', 'N@@', 'ations', '.', '</s>']
2026-05-12 01:28:57,665 - INFO - joeynmt.training - 	Source:     Berichten zufolge hofft Indien darüber hinaus auf einen Vertrag zur Verteidigungszusammenarbeit zwischen den beiden Nationen .
2026-05-12 01:28:57,665 - INFO - joeynmt.training - 	Reference:  India is also reportedly hoping for a deal on defence collaboration between the two nations .
2026-05-12 01:28:57,665 - INFO - joeynmt.training - 	Hypothesis: reports on the contract of India , which is a condemn in order to defend the defence of the two Nations .
2026-05-12 01:29:25,048 - INFO - joeynmt.training - Epoch   7, Step:    27100, Batch Loss:     1.681770, Batch Acc: 0.503254, Tokens per Sec:     3372, Lr: 0.000300
2026-05-12 01:29:53,100 - INFO - joeynmt.training - Epoch   7, Step:    27200, Batch Loss:     1.996543, Batch Acc: 0.495703, Tokens per Sec:     3297, Lr: 0.000300
2026-05-12 01:30:20,205 - INFO - joeynmt.training - Epoch   7, Step:    27300, Batch Loss:     1.800594, Batch Acc: 0.505553, Tokens per Sec:     3376, Lr: 0.000300
2026-05-12 01:30:47,291 - INFO - joeynmt.training - Epoch   7, Step:    27400, Batch Loss:     2.040653, Batch Acc: 0.505972, Tokens per Sec:     3394, Lr: 0.000300
2026-05-12 01:31:14,810 - INFO - joeynmt.training - Epoch   7, Step:    27500, Batch Loss:     2.003545, Batch Acc: 0.499709, Tokens per Sec:     3375, Lr: 0.000300
2026-05-12 01:31:14,811 - INFO - joeynmt.prediction - Predicting 500 example(s)... (Greedy decoding with min_output_length=1, max_output_length=-1, return_prob='none', generate_unk=True, repetition_penalty=-1, no_repeat_ngram_size=-1)
2026-05-12 01:31:52,443 - INFO - joeynmt.prediction - Evaluation result (greedy) loss:   2.19, ppl:   8.96, acc:   0.44, generation: 37.6228[sec], evaluation: 0.0000[sec]
2026-05-12 01:31:52,446 - INFO - joeynmt.training - Hooray! New best validation result [ppl]!
2026-05-12 01:31:52,641 - INFO - joeynmt.helpers - delete models/deen_transformer_post/25000.ckpt
2026-05-12 01:31:52,643 - INFO - joeynmt.training - Example #0
2026-05-12 01:31:52,643 - DEBUG - joeynmt.training - 	Tokenized source:     ['die', 'Pre@@', 'mi@@', 'er@@', 'minist@@', 'er', 'Indi@@', 'ens', 'und', 'J@@', 'ap@@', 'ans', 'tra@@', 'fen', 'sich', 'in', 'T@@', 'ok@@', 'i@@', 'o', '.']
2026-05-12 01:31:52,643 - DEBUG - joeynmt.training - 	Tokenized reference:  ['Indi@@', 'a', 'and', 'J@@', 'ap@@', 'an', 'pri@@', 'me', 'minist@@', 'ers', 'me@@', 'et', 'in', 'T@@', 'ok@@', 'y@@', 'o']
2026-05-12 01:31:52,643 - DEBUG - joeynmt.training - 	Tokenized hypothesis: ['the', 'Pri@@', 'me', 'Minist@@', 'er', 'and', 'J@@', 'ap@@', 'ans', ',', 'and', 'J@@', 'ap@@', 'ans', 'are', 'in', 'T@@', 'ok@@', 'i@@', 'o', '.', '</s>']
2026-05-12 01:31:52,644 - INFO - joeynmt.training - 	Source:     die Premierminister Indiens und Japans trafen sich in Tokio .
2026-05-12 01:31:52,644 - INFO - joeynmt.training - 	Reference:  India and Japan prime ministers meet in Tokyo
2026-05-12 01:31:52,644 - INFO - joeynmt.training - 	Hypothesis: the Prime Minister and Japans , and Japans are in Tokio .
2026-05-12 01:31:52,644 - INFO - joeynmt.training - Example #1
2026-05-12 01:31:52,644 - DEBUG - joeynmt.training - 	Tokenized source:     ['Indi@@', 'ens', 'neu@@', 'er', 'Pre@@', 'mi@@', 'er@@', 'minist@@', 'er', 'N@@', 'ar@@', 'end@@', 'ra', 'Mo@@', 'd@@', 'i', 'tri@@', 'fft', 'bei', 's@@', 'einem', 'ersten', 'wichti@@', 'gen', 'Aus@@', 'land@@', 's@@', 'bes@@', 'u@@', 'ch', 'seit', 's@@', 'einem', 'W@@', 'ah@@', 'l@@', 'si@@', 'e@@', 'g', 'im', 'Ma@@', 'i', 'seinen', 'j@@', 'ap@@', 'an@@', 'ischen', 'Am@@', 'ts@@', 'k@@', 'olle@@', 'gen', 'S@@', 'hin@@', 'z@@', 'o', 'A@@', 'be', 'in', 'T@@', 'ok@@', 'o', ',', 'um', 'wirtschaf@@', 'tliche', 'und', 'sicher@@', 'heits@@', 'politische', 'Be@@', 'zieh@@', 'ungen', 'zu', 'bes@@', 'pre@@', 'chen', '.']
2026-05-12 01:31:52,644 - DEBUG - joeynmt.training - 	Tokenized reference:  ['Indi@@', 'a', '&apos;s', 'new', 'pri@@', 'me', 'minist@@', 'er', ',', 'N@@', 'ar@@', 'end@@', 'ra', 'Mo@@', 'd@@', 'i', ',', 'is', 'me@@', 'eting', 'his', 'J@@', 'ap@@', 'an@@', 'ese', 'coun@@', 'ter@@', 'part', ',', 'S@@', 'hin@@', 'z@@', 'o', 'A@@', 'be', ',', 'in', 'T@@', 'ok@@', 'y@@', 'o', 'to', 'disc@@', 'uss', 'economic', 'and', 'security', 'ties', ',', 'on', 'his', 'first', 'major', 'fore@@', 'ign', 'visi@@', 't', 'since', 'w@@', 'inn@@', 'ing', 'Ma@@', 'y', '&apos;s', 'elec@@', 'tion', '.']
2026-05-12 01:31:52,644 - DEBUG - joeynmt.training - 	Tokenized hypothesis: ['Indi@@', 'a', '&apos;s', 'new', 'Pri@@', 'me', 'Minist@@', 'er', 'N@@', 'ar@@', 'fle@@', 'et', 'in', 'his', 'first', 'first', 'f@@', 'ill@@', 'ing', ',', 'the', 'first', 'f@@', 'ill@@', 'ing', 'of', 'the', 'S@@', 'hin@@', 'e@@', 'g@@', 'g@@', 'as', 'in', 'Ma@@', 'y', ',', 'the', 'S@@', 'hin@@', 'e@@', 'g@@', 'g@@', 'as', 'in', 'Ma@@', 'y', ',', 'in', 'the', 'Ma@@', 'y', 'of', 'his', 'his', 'his', 'first', 'part', 'of', 'the', 'S@@', 'hin@@', 'z@@', 'o', 'A@@', 'be', ',', 'in', 'T@@', 'ok@@', 'o', 'A@@', 'be', ',', 'and', 'the', 'C@@', 'our@@', 't', 'of', 'A@@', 's@@', 'em@@', 'in@@', 'ation', '.', '</s>']
2026-05-12 01:31:52,644 - INFO - joeynmt.training - 	Source:     Indiens neuer Premierminister Narendra Modi trifft bei seinem ersten wichtigen Auslandsbesuch seit seinem Wahlsieg im Mai seinen japanischen Amtskollegen Shinzo Abe in Toko , um wirtschaftliche und sicherheitspolitische Beziehungen zu besprechen .
2026-05-12 01:31:52,644 - INFO - joeynmt.training - 	Reference:  India &apos;s new prime minister , Narendra Modi , is meeting his Japanese counterpart , Shinzo Abe , in Tokyo to discuss economic and security ties , on his first major foreign visit since winning May &apos;s election .
2026-05-12 01:31:52,644 - INFO - joeynmt.training - 	Hypothesis: India &apos;s new Prime Minister Narfleet in his first first filling , the first filling of the Shineggas in May , the Shineggas in May , in the May of his his his first part of the Shinzo Abe , in Toko Abe , and the Court of Asemination .
2026-05-12 01:31:52,644 - INFO - joeynmt.training - Example #2
2026-05-12 01:31:52,644 - DEBUG - joeynmt.training - 	Tokenized source:     ['Herr', 'Mo@@', 'd@@', 'i', 'befindet', 'sich', 'auf', 'einer', 'fü@@', 'n@@', 'f@@', 'tä@@', 'gi@@', 'gen', 'Rei@@', 'se', 'nach', 'J@@', 'ap@@', 'an', ',', 'um', 'die', 'wirtschaf@@', 'tlichen', 'Be@@', 'zieh@@', 'ungen', 'mit', 'der', 'd@@', 'rit@@', 't@@', 'größ@@', 'ten', 'Wirtschafts@@', 'n@@', 'ation', 'der', 'Welt', 'zu', 'fes@@', 'tigen', '.']
2026-05-12 01:31:52,644 - DEBUG - joeynmt.training - 	Tokenized reference:  ['Mr', 'Mo@@', 'd@@', 'i', 'is', 'on', 'a', 'fi@@', 've', '@@@', '-@@', '@', 'day', 'tri@@', 'p', 'to', 'J@@', 'ap@@', 'an', 'to', 'streng@@', 'then', 'economic', 'ties', 'with', 'the', 'third', 'lar@@', 'ges@@', 't', 'econom@@', 'y', 'in', 'the', 'world', '.']
2026-05-12 01:31:52,644 - DEBUG - joeynmt.training - 	Tokenized hypothesis: ['Mr', 'Mo@@', 'd@@', 'i', 'is', 'a', 'fi@@', 'f@@', 'ty', 't@@', 'ou@@', 'ch', 'of', 'j@@', 'ap@@', 'an', 'to', 'J@@', 'ap@@', 'an', 'to', 'the', 'economic', 'rel@@', 'ations', 'with', 'the', 'third', 'lar@@', 'ges@@', 't', 'economic', 'n@@', 'ation', '.', '</s>']
2026-05-12 01:31:52,645 - INFO - joeynmt.training - 	Source:     Herr Modi befindet sich auf einer fünftägigen Reise nach Japan , um die wirtschaftlichen Beziehungen mit der drittgrößten Wirtschaftsnation der Welt zu festigen .
2026-05-12 01:31:52,645 - INFO - joeynmt.training - 	Reference:  Mr Modi is on a five @-@ day trip to Japan to strengthen economic ties with the third largest economy in the world .
2026-05-12 01:31:52,645 - INFO - joeynmt.training - 	Hypothesis: Mr Modi is a fifty touch of japan to Japan to the economic relations with the third largest economic nation .
2026-05-12 01:31:52,645 - INFO - joeynmt.training - Example #3
2026-05-12 01:31:52,645 - DEBUG - joeynmt.training - 	Tokenized source:     ['P@@', 'län@@', 'e', 'für', 'eine', 'stärk@@', 'ere', 'k@@', 'ern@@', 'techn@@', 'ische', 'Zusammenarbeit', 'stehen', 'ganz', 'ob@@', 'en', 'auf', 'der', 'Tag@@', 'es@@', 'ordnung', '.']
2026-05-12 01:31:52,645 - DEBUG - joeynmt.training - 	Tokenized reference:  ['high', 'on', 'the', 'agen@@', 'da', 'are', 'pl@@', 'ans', 'for', 'gre@@', 'ater', 'nu@@', 'clear', 'c@@', 'o', '@@@', '-@@', '@', 'operation', '.']
2026-05-12 01:31:52,645 - DEBUG - joeynmt.training - 	Tokenized hypothesis: ['pl@@', 'ans', 'for', 'a', 'more', 'nu@@', 'clear', 'cooperation', 'are', 'at', 'the', 'agen@@', 'da', '.', '</s>']
2026-05-12 01:31:52,645 - INFO - joeynmt.training - 	Source:     Pläne für eine stärkere kerntechnische Zusammenarbeit stehen ganz oben auf der Tagesordnung .
2026-05-12 01:31:52,645 - INFO - joeynmt.training - 	Reference:  high on the agenda are plans for greater nuclear co @-@ operation .
2026-05-12 01:31:52,645 - INFO - joeynmt.training - 	Hypothesis: plans for a more nuclear cooperation are at the agenda .
2026-05-12 01:31:52,645 - INFO - joeynmt.training - Example #4
2026-05-12 01:31:52,645 - DEBUG - joeynmt.training - 	Tokenized source:     ['Berich@@', 'ten', 'zu@@', 'fol@@', 'ge', 'ho@@', 'fft', 'Indi@@', 'en', 'darüber', 'hinaus', 'auf', 'einen', 'Ver@@', 'trag', 'zur', 'Ver@@', 'tei@@', 'dig@@', 'ungs@@', 'zusammen@@', 'arbeit', 'zwischen', 'den', 'beiden', 'N@@', 'ationen', '.']
2026-05-12 01:31:52,645 - DEBUG - joeynmt.training - 	Tokenized reference:  ['Indi@@', 'a', 'is', 'also', 're@@', 'porte@@', 'dly', 'hop@@', 'ing', 'for', 'a', 'de@@', 'al', 'on', 'def@@', 'ence', 'c@@', 'oll@@', 'ab@@', 'or@@', 'ation', 'between', 'the', 'two', 'n@@', 'ations', '.']
2026-05-12 01:31:52,645 - DEBUG - joeynmt.training - 	Tokenized hypothesis: ['re@@', 'ports', 'on', 'the', 'def@@', 'ence', 'cooperation', 'between', 'the', 'two', 'n@@', 'ations', '.', '</s>']
2026-05-12 01:31:52,645 - INFO - joeynmt.training - 	Source:     Berichten zufolge hofft Indien darüber hinaus auf einen Vertrag zur Verteidigungszusammenarbeit zwischen den beiden Nationen .
2026-05-12 01:31:52,645 - INFO - joeynmt.training - 	Reference:  India is also reportedly hoping for a deal on defence collaboration between the two nations .
2026-05-12 01:31:52,645 - INFO - joeynmt.training - 	Hypothesis: reports on the defence cooperation between the two nations .
2026-05-12 01:32:19,509 - INFO - joeynmt.training - Epoch   7, Step:    27600, Batch Loss:     1.857668, Batch Acc: 0.508127, Tokens per Sec:     3394, Lr: 0.000300
2026-05-12 01:32:47,181 - INFO - joeynmt.training - Epoch   7, Step:    27700, Batch Loss:     1.787564, Batch Acc: 0.509429, Tokens per Sec:     3308, Lr: 0.000300
2026-05-12 01:33:14,853 - INFO - joeynmt.training - Epoch   7, Step:    27800, Batch Loss:     2.118194, Batch Acc: 0.500542, Tokens per Sec:     3335, Lr: 0.000300
2026-05-12 01:33:42,330 - INFO - joeynmt.training - Epoch   7, Step:    27900, Batch Loss:     1.867646, Batch Acc: 0.506721, Tokens per Sec:     3352, Lr: 0.000300
2026-05-12 01:34:09,506 - INFO - joeynmt.training - Epoch   7, Step:    28000, Batch Loss:     1.853146, Batch Acc: 0.504462, Tokens per Sec:     3361, Lr: 0.000300
2026-05-12 01:34:09,507 - INFO - joeynmt.prediction - Predicting 500 example(s)... (Greedy decoding with min_output_length=1, max_output_length=-1, return_prob='none', generate_unk=True, repetition_penalty=-1, no_repeat_ngram_size=-1)
2026-05-12 01:34:49,576 - INFO - joeynmt.prediction - Evaluation result (greedy) loss:   2.18, ppl:   8.85, acc:   0.44, generation: 40.0593[sec], evaluation: 0.0000[sec]
2026-05-12 01:34:49,580 - INFO - joeynmt.training - Hooray! New best validation result [ppl]!
2026-05-12 01:34:49,743 - INFO - joeynmt.helpers - delete models/deen_transformer_post/25500.ckpt
2026-05-12 01:34:49,750 - INFO - joeynmt.training - Example #0
2026-05-12 01:34:49,750 - DEBUG - joeynmt.training - 	Tokenized source:     ['die', 'Pre@@', 'mi@@', 'er@@', 'minist@@', 'er', 'Indi@@', 'ens', 'und', 'J@@', 'ap@@', 'ans', 'tra@@', 'fen', 'sich', 'in', 'T@@', 'ok@@', 'i@@', 'o', '.']
2026-05-12 01:34:49,750 - DEBUG - joeynmt.training - 	Tokenized reference:  ['Indi@@', 'a', 'and', 'J@@', 'ap@@', 'an', 'pri@@', 'me', 'minist@@', 'ers', 'me@@', 'et', 'in', 'T@@', 'ok@@', 'y@@', 'o']
2026-05-12 01:34:49,750 - DEBUG - joeynmt.training - 	Tokenized hypothesis: ['the', 'Pri@@', 'me', 'Minist@@', 'er', 'Indi@@', 'a', 'and', 'J@@', 'ap@@', 'ans', ',', 'and', 'J@@', 'ap@@', 'ans', '.', '</s>']
2026-05-12 01:34:49,751 - INFO - joeynmt.training - 	Source:     die Premierminister Indiens und Japans trafen sich in Tokio .
2026-05-12 01:34:49,751 - INFO - joeynmt.training - 	Reference:  India and Japan prime ministers meet in Tokyo
2026-05-12 01:34:49,751 - INFO - joeynmt.training - 	Hypothesis: the Prime Minister India and Japans , and Japans .
2026-05-12 01:34:49,751 - INFO - joeynmt.training - Example #1
2026-05-12 01:34:49,751 - DEBUG - joeynmt.training - 	Tokenized source:     ['Indi@@', 'ens', 'neu@@', 'er', 'Pre@@', 'mi@@', 'er@@', 'minist@@', 'er', 'N@@', 'ar@@', 'end@@', 'ra', 'Mo@@', 'd@@', 'i', 'tri@@', 'fft', 'bei', 's@@', 'einem', 'ersten', 'wichti@@', 'gen', 'Aus@@', 'land@@', 's@@', 'bes@@', 'u@@', 'ch', 'seit', 's@@', 'einem', 'W@@', 'ah@@', 'l@@', 'si@@', 'e@@', 'g', 'im', 'Ma@@', 'i', 'seinen', 'j@@', 'ap@@', 'an@@', 'ischen', 'Am@@', 'ts@@', 'k@@', 'olle@@', 'gen', 'S@@', 'hin@@', 'z@@', 'o', 'A@@', 'be', 'in', 'T@@', 'ok@@', 'o', ',', 'um', 'wirtschaf@@', 'tliche', 'und', 'sicher@@', 'heits@@', 'politische', 'Be@@', 'zieh@@', 'ungen', 'zu', 'bes@@', 'pre@@', 'chen', '.']
2026-05-12 01:34:49,751 - DEBUG - joeynmt.training - 	Tokenized reference:  ['Indi@@', 'a', '&apos;s', 'new', 'pri@@', 'me', 'minist@@', 'er', ',', 'N@@', 'ar@@', 'end@@', 'ra', 'Mo@@', 'd@@', 'i', ',', 'is', 'me@@', 'eting', 'his', 'J@@', 'ap@@', 'an@@', 'ese', 'coun@@', 'ter@@', 'part', ',', 'S@@', 'hin@@', 'z@@', 'o', 'A@@', 'be', ',', 'in', 'T@@', 'ok@@', 'y@@', 'o', 'to', 'disc@@', 'uss', 'economic', 'and', 'security', 'ties', ',', 'on', 'his', 'first', 'major', 'fore@@', 'ign', 'visi@@', 't', 'since', 'w@@', 'inn@@', 'ing', 'Ma@@', 'y', '&apos;s', 'elec@@', 'tion', '.']
2026-05-12 01:34:49,751 - DEBUG - joeynmt.training - 	Tokenized hypothesis: ['Indi@@', 'a', '&apos;s', 'Pri@@', 'me', 'Minist@@', 'er', 'N@@', 'ar@@', 'is@@', 's@@', 'ance', ',', 'was', 'de@@', 'alt', 'with', 'his', 'first', 'ag@@', 'ri@@', 'cultural', 'her@@', 'it@@', 'age', 'of', 'the', 'S@@', 'hin@@', 'e@@', 'g', 'in', 'Ma@@', 'y', ',', 'in', 'Ma@@', 'y', ',', 'in', 'Ma@@', 'y', ',', 'in', 'order', 'to', 're@@', 'fer', 'to', 'the', 'economic', 'and', 'security', 'policy', '.', '</s>']
2026-05-12 01:34:49,751 - INFO - joeynmt.training - 	Source:     Indiens neuer Premierminister Narendra Modi trifft bei seinem ersten wichtigen Auslandsbesuch seit seinem Wahlsieg im Mai seinen japanischen Amtskollegen Shinzo Abe in Toko , um wirtschaftliche und sicherheitspolitische Beziehungen zu besprechen .
2026-05-12 01:34:49,751 - INFO - joeynmt.training - 	Reference:  India &apos;s new prime minister , Narendra Modi , is meeting his Japanese counterpart , Shinzo Abe , in Tokyo to discuss economic and security ties , on his first major foreign visit since winning May &apos;s election .
2026-05-12 01:34:49,751 - INFO - joeynmt.training - 	Hypothesis: India &apos;s Prime Minister Narissance , was dealt with his first agricultural heritage of the Shineg in May , in May , in May , in order to refer to the economic and security policy .
2026-05-12 01:34:49,751 - INFO - joeynmt.training - Example #2
2026-05-12 01:34:49,751 - DEBUG - joeynmt.training - 	Tokenized source:     ['Herr', 'Mo@@', 'd@@', 'i', 'befindet', 'sich', 'auf', 'einer', 'fü@@', 'n@@', 'f@@', 'tä@@', 'gi@@', 'gen', 'Rei@@', 'se', 'nach', 'J@@', 'ap@@', 'an', ',', 'um', 'die', 'wirtschaf@@', 'tlichen', 'Be@@', 'zieh@@', 'ungen', 'mit', 'der', 'd@@', 'rit@@', 't@@', 'größ@@', 'ten', 'Wirtschafts@@', 'n@@', 'ation', 'der', 'Welt', 'zu', 'fes@@', 'tigen', '.']
2026-05-12 01:34:49,751 - DEBUG - joeynmt.training - 	Tokenized reference:  ['Mr', 'Mo@@', 'd@@', 'i', 'is', 'on', 'a', 'fi@@', 've', '@@@', '-@@', '@', 'day', 'tri@@', 'p', 'to', 'J@@', 'ap@@', 'an', 'to', 'streng@@', 'then', 'economic', 'ties', 'with', 'the', 'third', 'lar@@', 'ges@@', 't', 'econom@@', 'y', 'in', 'the', 'world', '.']
2026-05-12 01:34:49,751 - DEBUG - joeynmt.training - 	Tokenized hypothesis: ['Mr', 'Mo@@', 'd@@', 'i', 'is', 'a', 'fi@@', 'f@@', 'ty', 't@@', 'ou@@', 'ch', 'of', 'J@@', 'ap@@', 'an', 'to', 'J@@', 'ap@@', 'an', 'to', 'take', 'the', 'economic', 'rel@@', 'ations', 'with', 'the', 'third', 'lar@@', 'ges@@', 't', 'economic', 'rel@@', 'ations', '.', '</s>']
2026-05-12 01:34:49,752 - INFO - joeynmt.training - 	Source:     Herr Modi befindet sich auf einer fünftägigen Reise nach Japan , um die wirtschaftlichen Beziehungen mit der drittgrößten Wirtschaftsnation der Welt zu festigen .
2026-05-12 01:34:49,752 - INFO - joeynmt.training - 	Reference:  Mr Modi is on a five @-@ day trip to Japan to strengthen economic ties with the third largest economy in the world .
2026-05-12 01:34:49,752 - INFO - joeynmt.training - 	Hypothesis: Mr Modi is a fifty touch of Japan to Japan to take the economic relations with the third largest economic relations .
2026-05-12 01:34:49,752 - INFO - joeynmt.training - Example #3
2026-05-12 01:34:49,752 - DEBUG - joeynmt.training - 	Tokenized source:     ['P@@', 'län@@', 'e', 'für', 'eine', 'stärk@@', 'ere', 'k@@', 'ern@@', 'techn@@', 'ische', 'Zusammenarbeit', 'stehen', 'ganz', 'ob@@', 'en', 'auf', 'der', 'Tag@@', 'es@@', 'ordnung', '.']
2026-05-12 01:34:49,752 - DEBUG - joeynmt.training - 	Tokenized reference:  ['high', 'on', 'the', 'agen@@', 'da', 'are', 'pl@@', 'ans', 'for', 'gre@@', 'ater', 'nu@@', 'clear', 'c@@', 'o', '@@@', '-@@', '@', 'operation', '.']
2026-05-12 01:34:49,752 - DEBUG - joeynmt.training - 	Tokenized hypothesis: ['P@@', 'an@@', 'a@@', 'di@@', 'c@@', 'ation', 'for', 'more', 'str@@', 'on@@', 'ger', 'co@@', '-@@', 'operation', 'of', 'the', 'agen@@', 'da', '.', '</s>']
2026-05-12 01:34:49,752 - INFO - joeynmt.training - 	Source:     Pläne für eine stärkere kerntechnische Zusammenarbeit stehen ganz oben auf der Tagesordnung .
2026-05-12 01:34:49,752 - INFO - joeynmt.training - 	Reference:  high on the agenda are plans for greater nuclear co @-@ operation .
2026-05-12 01:34:49,752 - INFO - joeynmt.training - 	Hypothesis: Panadication for more stronger co-operation of the agenda .
2026-05-12 01:34:49,752 - INFO - joeynmt.training - Example #4
2026-05-12 01:34:49,752 - DEBUG - joeynmt.training - 	Tokenized source:     ['Berich@@', 'ten', 'zu@@', 'fol@@', 'ge', 'ho@@', 'fft', 'Indi@@', 'en', 'darüber', 'hinaus', 'auf', 'einen', 'Ver@@', 'trag', 'zur', 'Ver@@', 'tei@@', 'dig@@', 'ungs@@', 'zusammen@@', 'arbeit', 'zwischen', 'den', 'beiden', 'N@@', 'ationen', '.']
2026-05-12 01:34:49,752 - DEBUG - joeynmt.training - 	Tokenized reference:  ['Indi@@', 'a', 'is', 'also', 're@@', 'porte@@', 'dly', 'hop@@', 'ing', 'for', 'a', 'de@@', 'al', 'on', 'def@@', 'ence', 'c@@', 'oll@@', 'ab@@', 'or@@', 'ation', 'between', 'the', 'two', 'n@@', 'ations', '.']
2026-05-12 01:34:49,752 - DEBUG - joeynmt.training - 	Tokenized hypothesis: ['re@@', 'ports', 'on', 'the', 'con@@', 'text', 'of', 'Indi@@', 'a', '&apos;s', 'con@@', 'dem@@', 'n', 'cooperation', 'between', 'the', 'two', 'N@@', 'ations', '.', '</s>']
2026-05-12 01:34:49,752 - INFO - joeynmt.training - 	Source:     Berichten zufolge hofft Indien darüber hinaus auf einen Vertrag zur Verteidigungszusammenarbeit zwischen den beiden Nationen .
2026-05-12 01:34:49,752 - INFO - joeynmt.training - 	Reference:  India is also reportedly hoping for a deal on defence collaboration between the two nations .
2026-05-12 01:34:49,752 - INFO - joeynmt.training - 	Hypothesis: reports on the context of India &apos;s condemn cooperation between the two Nations .
2026-05-12 01:35:16,622 - INFO - joeynmt.training - Epoch   7, Step:    28100, Batch Loss:     1.745581, Batch Acc: 0.503225, Tokens per Sec:     3400, Lr: 0.000300
2026-05-12 01:35:44,005 - INFO - joeynmt.training - Epoch   7, Step:    28200, Batch Loss:     1.863934, Batch Acc: 0.508107, Tokens per Sec:     3381, Lr: 0.000300
2026-05-12 01:36:11,180 - INFO - joeynmt.training - Epoch   7, Step:    28300, Batch Loss:     1.778404, Batch Acc: 0.509578, Tokens per Sec:     3389, Lr: 0.000300
2026-05-12 01:36:38,038 - INFO - joeynmt.training - Epoch   7, Step:    28400, Batch Loss:     1.815624, Batch Acc: 0.501998, Tokens per Sec:     3457, Lr: 0.000300
2026-05-12 01:36:54,044 - INFO - joeynmt.training - Epoch   7: total training loss 7398.61
2026-05-12 01:36:54,044 - INFO - joeynmt.training - EPOCH 8
2026-05-12 01:37:05,416 - INFO - joeynmt.training - Epoch   8, Step:    28500, Batch Loss:     1.865750, Batch Acc: 0.516762, Tokens per Sec:     3284, Lr: 0.000300
2026-05-12 01:37:05,416 - INFO - joeynmt.prediction - Predicting 500 example(s)... (Greedy decoding with min_output_length=1, max_output_length=-1, return_prob='none', generate_unk=True, repetition_penalty=-1, no_repeat_ngram_size=-1)
2026-05-12 01:37:39,765 - INFO - joeynmt.prediction - Evaluation result (greedy) loss:   2.18, ppl:   8.81, acc:   0.44, generation: 34.3408[sec], evaluation: 0.0000[sec]
2026-05-12 01:37:39,768 - INFO - joeynmt.training - Hooray! New best validation result [ppl]!
2026-05-12 01:37:39,922 - INFO - joeynmt.helpers - delete models/deen_transformer_post/26000.ckpt
2026-05-12 01:37:39,930 - INFO - joeynmt.training - Example #0
2026-05-12 01:37:39,931 - DEBUG - joeynmt.training - 	Tokenized source:     ['die', 'Pre@@', 'mi@@', 'er@@', 'minist@@', 'er', 'Indi@@', 'ens', 'und', 'J@@', 'ap@@', 'ans', 'tra@@', 'fen', 'sich', 'in', 'T@@', 'ok@@', 'i@@', 'o', '.']
2026-05-12 01:37:39,931 - DEBUG - joeynmt.training - 	Tokenized reference:  ['Indi@@', 'a', 'and', 'J@@', 'ap@@', 'an', 'pri@@', 'me', 'minist@@', 'ers', 'me@@', 'et', 'in', 'T@@', 'ok@@', 'y@@', 'o']
2026-05-12 01:37:39,931 - DEBUG - joeynmt.training - 	Tokenized hypothesis: ['the', 'Pri@@', 'me', 'Minist@@', 'er', 'and', 'J@@', 'ap@@', 'an', ',', 'and', 'J@@', 'ap@@', 'an', 'is', 'in', 'T@@', 'ok@@', 'i@@', 'o', '.', '</s>']
2026-05-12 01:37:39,931 - INFO - joeynmt.training - 	Source:     die Premierminister Indiens und Japans trafen sich in Tokio .
2026-05-12 01:37:39,931 - INFO - joeynmt.training - 	Reference:  India and Japan prime ministers meet in Tokyo
2026-05-12 01:37:39,931 - INFO - joeynmt.training - 	Hypothesis: the Prime Minister and Japan , and Japan is in Tokio .
2026-05-12 01:37:39,931 - INFO - joeynmt.training - Example #1
2026-05-12 01:37:39,931 - DEBUG - joeynmt.training - 	Tokenized source:     ['Indi@@', 'ens', 'neu@@', 'er', 'Pre@@', 'mi@@', 'er@@', 'minist@@', 'er', 'N@@', 'ar@@', 'end@@', 'ra', 'Mo@@', 'd@@', 'i', 'tri@@', 'fft', 'bei', 's@@', 'einem', 'ersten', 'wichti@@', 'gen', 'Aus@@', 'land@@', 's@@', 'bes@@', 'u@@', 'ch', 'seit', 's@@', 'einem', 'W@@', 'ah@@', 'l@@', 'si@@', 'e@@', 'g', 'im', 'Ma@@', 'i', 'seinen', 'j@@', 'ap@@', 'an@@', 'ischen', 'Am@@', 'ts@@', 'k@@', 'olle@@', 'gen', 'S@@', 'hin@@', 'z@@', 'o', 'A@@', 'be', 'in', 'T@@', 'ok@@', 'o', ',', 'um', 'wirtschaf@@', 'tliche', 'und', 'sicher@@', 'heits@@', 'politische', 'Be@@', 'zieh@@', 'ungen', 'zu', 'bes@@', 'pre@@', 'chen', '.']
2026-05-12 01:37:39,931 - DEBUG - joeynmt.training - 	Tokenized reference:  ['Indi@@', 'a', '&apos;s', 'new', 'pri@@', 'me', 'minist@@', 'er', ',', 'N@@', 'ar@@', 'end@@', 'ra', 'Mo@@', 'd@@', 'i', ',', 'is', 'me@@', 'eting', 'his', 'J@@', 'ap@@', 'an@@', 'ese', 'coun@@', 'ter@@', 'part', ',', 'S@@', 'hin@@', 'z@@', 'o', 'A@@', 'be', ',', 'in', 'T@@', 'ok@@', 'y@@', 'o', 'to', 'disc@@', 'uss', 'economic', 'and', 'security', 'ties', ',', 'on', 'his', 'first', 'major', 'fore@@', 'ign', 'visi@@', 't', 'since', 'w@@', 'inn@@', 'ing', 'Ma@@', 'y', '&apos;s', 'elec@@', 'tion', '.']
2026-05-12 01:37:39,931 - DEBUG - joeynmt.training - 	Tokenized hypothesis: ['Indi@@', 'a', '&apos;s', 'Pri@@', 'me', 'Minist@@', 'er', 'N@@', 'ar@@', 'ri@@', 've', 'in', 'Ma@@', 'y', ',', 'in', 'his', 'first', 'important', 'ex@@', 'ec@@', 'ution', 'of', 'his', 'first', 'ex@@', 'clu@@', 'si@@', 'vely', 'visi@@', 'ted', 'his', 'first', 'ex@@', 'ec@@', 'ution', 'of', 'the', 'S@@', 'hin@@', 'z@@', 'o', 'A@@', 'be', '.', '</s>']
2026-05-12 01:37:39,931 - INFO - joeynmt.training - 	Source:     Indiens neuer Premierminister Narendra Modi trifft bei seinem ersten wichtigen Auslandsbesuch seit seinem Wahlsieg im Mai seinen japanischen Amtskollegen Shinzo Abe in Toko , um wirtschaftliche und sicherheitspolitische Beziehungen zu besprechen .
2026-05-12 01:37:39,931 - INFO - joeynmt.training - 	Reference:  India &apos;s new prime minister , Narendra Modi , is meeting his Japanese counterpart , Shinzo Abe , in Tokyo to discuss economic and security ties , on his first major foreign visit since winning May &apos;s election .
2026-05-12 01:37:39,931 - INFO - joeynmt.training - 	Hypothesis: India &apos;s Prime Minister Narrive in May , in his first important execution of his first exclusively visited his first execution of the Shinzo Abe .
2026-05-12 01:37:39,931 - INFO - joeynmt.training - Example #2
2026-05-12 01:37:39,932 - DEBUG - joeynmt.training - 	Tokenized source:     ['Herr', 'Mo@@', 'd@@', 'i', 'befindet', 'sich', 'auf', 'einer', 'fü@@', 'n@@', 'f@@', 'tä@@', 'gi@@', 'gen', 'Rei@@', 'se', 'nach', 'J@@', 'ap@@', 'an', ',', 'um', 'die', 'wirtschaf@@', 'tlichen', 'Be@@', 'zieh@@', 'ungen', 'mit', 'der', 'd@@', 'rit@@', 't@@', 'größ@@', 'ten', 'Wirtschafts@@', 'n@@', 'ation', 'der', 'Welt', 'zu', 'fes@@', 'tigen', '.']
2026-05-12 01:37:39,932 - DEBUG - joeynmt.training - 	Tokenized reference:  ['Mr', 'Mo@@', 'd@@', 'i', 'is', 'on', 'a', 'fi@@', 've', '@@@', '-@@', '@', 'day', 'tri@@', 'p', 'to', 'J@@', 'ap@@', 'an', 'to', 'streng@@', 'then', 'economic', 'ties', 'with', 'the', 'third', 'lar@@', 'ges@@', 't', 'econom@@', 'y', 'in', 'the', 'world', '.']
2026-05-12 01:37:39,932 - DEBUG - joeynmt.training - 	Tokenized hypothesis: ['Mr', 'Mo@@', 'd@@', 'i', 'is', 'a', 'fi@@', 'f@@', 'th', 'tra@@', 'ding', 'to', 'J@@', 'ap@@', 'an', 'to', 'J@@', 'ap@@', 'an', 'to', 're@@', 'ach', 'the', 'world', '&apos;s', 'economic', 'rel@@', 'ations', 'with', 'the', 'third', 'lar@@', 'ges@@', 't', 'economic', 'rel@@', 'ations', 'with', 'the', 'third', 'lar@@', 'ges@@', 't', 'economic', 'rel@@', 'ations', '.', '</s>']
2026-05-12 01:37:39,932 - INFO - joeynmt.training - 	Source:     Herr Modi befindet sich auf einer fünftägigen Reise nach Japan , um die wirtschaftlichen Beziehungen mit der drittgrößten Wirtschaftsnation der Welt zu festigen .
2026-05-12 01:37:39,932 - INFO - joeynmt.training - 	Reference:  Mr Modi is on a five @-@ day trip to Japan to strengthen economic ties with the third largest economy in the world .
2026-05-12 01:37:39,932 - INFO - joeynmt.training - 	Hypothesis: Mr Modi is a fifth trading to Japan to Japan to reach the world &apos;s economic relations with the third largest economic relations with the third largest economic relations .
2026-05-12 01:37:39,932 - INFO - joeynmt.training - Example #3
2026-05-12 01:37:39,932 - DEBUG - joeynmt.training - 	Tokenized source:     ['P@@', 'län@@', 'e', 'für', 'eine', 'stärk@@', 'ere', 'k@@', 'ern@@', 'techn@@', 'ische', 'Zusammenarbeit', 'stehen', 'ganz', 'ob@@', 'en', 'auf', 'der', 'Tag@@', 'es@@', 'ordnung', '.']
2026-05-12 01:37:39,932 - DEBUG - joeynmt.training - 	Tokenized reference:  ['high', 'on', 'the', 'agen@@', 'da', 'are', 'pl@@', 'ans', 'for', 'gre@@', 'ater', 'nu@@', 'clear', 'c@@', 'o', '@@@', '-@@', '@', 'operation', '.']
2026-05-12 01:37:39,932 - DEBUG - joeynmt.training - 	Tokenized hypothesis: ['pl@@', 'ans', 'for', 'gre@@', 'ater', 'c@@', 'oll@@', 'ab@@', 'or@@', 'ation', 'is', 'curr@@', 'ently', 'on', 'the', 'agen@@', 'da', '.', '</s>']
2026-05-12 01:37:39,932 - INFO - joeynmt.training - 	Source:     Pläne für eine stärkere kerntechnische Zusammenarbeit stehen ganz oben auf der Tagesordnung .
2026-05-12 01:37:39,932 - INFO - joeynmt.training - 	Reference:  high on the agenda are plans for greater nuclear co @-@ operation .
2026-05-12 01:37:39,932 - INFO - joeynmt.training - 	Hypothesis: plans for greater collaboration is currently on the agenda .
2026-05-12 01:37:39,932 - INFO - joeynmt.training - Example #4
2026-05-12 01:37:39,932 - DEBUG - joeynmt.training - 	Tokenized source:     ['Berich@@', 'ten', 'zu@@', 'fol@@', 'ge', 'ho@@', 'fft', 'Indi@@', 'en', 'darüber', 'hinaus', 'auf', 'einen', 'Ver@@', 'trag', 'zur', 'Ver@@', 'tei@@', 'dig@@', 'ungs@@', 'zusammen@@', 'arbeit', 'zwischen', 'den', 'beiden', 'N@@', 'ationen', '.']
2026-05-12 01:37:39,932 - DEBUG - joeynmt.training - 	Tokenized reference:  ['Indi@@', 'a', 'is', 'also', 're@@', 'porte@@', 'dly', 'hop@@', 'ing', 'for', 'a', 'de@@', 'al', 'on', 'def@@', 'ence', 'c@@', 'oll@@', 'ab@@', 'or@@', 'ation', 'between', 'the', 'two', 'n@@', 'ations', '.']
2026-05-12 01:37:39,932 - DEBUG - joeynmt.training - 	Tokenized hypothesis: ['re@@', 'ports', 'on', 'the', 'con@@', 'text', 'of', 'Indi@@', 'a', '&apos;s', 'con@@', 'stitu@@', 'tional', 'cooperation', 'between', 'the', 'two', 'N@@', 'ations', '.', '</s>']
2026-05-12 01:37:39,933 - INFO - joeynmt.training - 	Source:     Berichten zufolge hofft Indien darüber hinaus auf einen Vertrag zur Verteidigungszusammenarbeit zwischen den beiden Nationen .
2026-05-12 01:37:39,933 - INFO - joeynmt.training - 	Reference:  India is also reportedly hoping for a deal on defence collaboration between the two nations .
2026-05-12 01:37:39,933 - INFO - joeynmt.training - 	Hypothesis: reports on the context of India &apos;s constitutional cooperation between the two Nations .
2026-05-12 01:38:06,510 - INFO - joeynmt.training - Epoch   8, Step:    28600, Batch Loss:     1.930648, Batch Acc: 0.528379, Tokens per Sec:     3414, Lr: 0.000300
2026-05-12 01:38:33,915 - INFO - joeynmt.training - Epoch   8, Step:    28700, Batch Loss:     1.638841, Batch Acc: 0.517448, Tokens per Sec:     3366, Lr: 0.000300
2026-05-12 01:39:01,278 - INFO - joeynmt.training - Epoch   8, Step:    28800, Batch Loss:     1.477309, Batch Acc: 0.520725, Tokens per Sec:     3368, Lr: 0.000300
2026-05-12 01:39:28,725 - INFO - joeynmt.training - Epoch   8, Step:    28900, Batch Loss:     2.027387, Batch Acc: 0.518373, Tokens per Sec:     3424, Lr: 0.000300
2026-05-12 01:39:56,099 - INFO - joeynmt.training - Epoch   8, Step:    29000, Batch Loss:     1.724668, Batch Acc: 0.515406, Tokens per Sec:     3365, Lr: 0.000300
2026-05-12 01:39:56,100 - INFO - joeynmt.prediction - Predicting 500 example(s)... (Greedy decoding with min_output_length=1, max_output_length=-1, return_prob='none', generate_unk=True, repetition_penalty=-1, no_repeat_ngram_size=-1)
2026-05-12 01:40:42,100 - INFO - joeynmt.prediction - Evaluation result (greedy) loss:   2.18, ppl:   8.81, acc:   0.44, generation: 45.9920[sec], evaluation: 0.0000[sec]
2026-05-12 01:40:42,103 - INFO - joeynmt.training - Hooray! New best validation result [ppl]!
2026-05-12 01:40:42,281 - INFO - joeynmt.helpers - delete models/deen_transformer_post/26500.ckpt
2026-05-12 01:40:42,284 - INFO - joeynmt.training - Example #0
2026-05-12 01:40:42,284 - DEBUG - joeynmt.training - 	Tokenized source:     ['die', 'Pre@@', 'mi@@', 'er@@', 'minist@@', 'er', 'Indi@@', 'ens', 'und', 'J@@', 'ap@@', 'ans', 'tra@@', 'fen', 'sich', 'in', 'T@@', 'ok@@', 'i@@', 'o', '.']
2026-05-12 01:40:42,284 - DEBUG - joeynmt.training - 	Tokenized reference:  ['Indi@@', 'a', 'and', 'J@@', 'ap@@', 'an', 'pri@@', 'me', 'minist@@', 'ers', 'me@@', 'et', 'in', 'T@@', 'ok@@', 'y@@', 'o']
2026-05-12 01:40:42,284 - DEBUG - joeynmt.training - 	Tokenized hypothesis: ['the', 'Pri@@', 'me', 'Minist@@', 'er', 'Indi@@', 'a', 'and', 'J@@', 'ap@@', 'an', '&apos;s', 'Pri@@', 'me', 'Minist@@', 'er', 'and', 'J@@', 'ap@@', 'an', '.', '</s>']
2026-05-12 01:40:42,284 - INFO - joeynmt.training - 	Source:     die Premierminister Indiens und Japans trafen sich in Tokio .
2026-05-12 01:40:42,284 - INFO - joeynmt.training - 	Reference:  India and Japan prime ministers meet in Tokyo
2026-05-12 01:40:42,285 - INFO - joeynmt.training - 	Hypothesis: the Prime Minister India and Japan &apos;s Prime Minister and Japan .
2026-05-12 01:40:42,285 - INFO - joeynmt.training - Example #1
2026-05-12 01:40:42,285 - DEBUG - joeynmt.training - 	Tokenized source:     ['Indi@@', 'ens', 'neu@@', 'er', 'Pre@@', 'mi@@', 'er@@', 'minist@@', 'er', 'N@@', 'ar@@', 'end@@', 'ra', 'Mo@@', 'd@@', 'i', 'tri@@', 'fft', 'bei', 's@@', 'einem', 'ersten', 'wichti@@', 'gen', 'Aus@@', 'land@@', 's@@', 'bes@@', 'u@@', 'ch', 'seit', 's@@', 'einem', 'W@@', 'ah@@', 'l@@', 'si@@', 'e@@', 'g', 'im', 'Ma@@', 'i', 'seinen', 'j@@', 'ap@@', 'an@@', 'ischen', 'Am@@', 'ts@@', 'k@@', 'olle@@', 'gen', 'S@@', 'hin@@', 'z@@', 'o', 'A@@', 'be', 'in', 'T@@', 'ok@@', 'o', ',', 'um', 'wirtschaf@@', 'tliche', 'und', 'sicher@@', 'heits@@', 'politische', 'Be@@', 'zieh@@', 'ungen', 'zu', 'bes@@', 'pre@@', 'chen', '.']
2026-05-12 01:40:42,285 - DEBUG - joeynmt.training - 	Tokenized reference:  ['Indi@@', 'a', '&apos;s', 'new', 'pri@@', 'me', 'minist@@', 'er', ',', 'N@@', 'ar@@', 'end@@', 'ra', 'Mo@@', 'd@@', 'i', ',', 'is', 'me@@', 'eting', 'his', 'J@@', 'ap@@', 'an@@', 'ese', 'coun@@', 'ter@@', 'part', ',', 'S@@', 'hin@@', 'z@@', 'o', 'A@@', 'be', ',', 'in', 'T@@', 'ok@@', 'y@@', 'o', 'to', 'disc@@', 'uss', 'economic', 'and', 'security', 'ties', ',', 'on', 'his', 'first', 'major', 'fore@@', 'ign', 'visi@@', 't', 'since', 'w@@', 'inn@@', 'ing', 'Ma@@', 'y', '&apos;s', 'elec@@', 'tion', '.']
2026-05-12 01:40:42,285 - DEBUG - joeynmt.training - 	Tokenized hypothesis: ['Indi@@', 'a', '&apos;s', 'new', 'Pri@@', 'me', 'Minist@@', 'er', 'N@@', 'ar@@', 'end@@', 'ra', 'Mo@@', 'd@@', 'i', 'is', 'a', 'c@@', 'ause', 'of', 'the', 'first', 'of', 'all', 'of', 'the', 'most', 'important', 'fore@@', 'ign', 'colle@@', 'ag@@', 'u@@', 'es', 'of', 'the', 'S@@', 'hin@@', 'z@@', 'o', 'A@@', 'be', ',', 'in', 'Ma@@', 'y', ',', 'in', 'the', 'Ma@@', 'y', 'of', 'his', 'first', 'time', ',', 'in', 'Ma@@', 'y', ',', 'in', 'T@@', 'ok@@', 'o', ',', 'in', 'T@@', 'ok@@', 'o', ',', 'in', 'order', 'to', 'be', 'able', 'to', 'de@@', 'termin@@', 'e', 'economic', 'and', 'security', '.', '</s>']
2026-05-12 01:40:42,285 - INFO - joeynmt.training - 	Source:     Indiens neuer Premierminister Narendra Modi trifft bei seinem ersten wichtigen Auslandsbesuch seit seinem Wahlsieg im Mai seinen japanischen Amtskollegen Shinzo Abe in Toko , um wirtschaftliche und sicherheitspolitische Beziehungen zu besprechen .
2026-05-12 01:40:42,285 - INFO - joeynmt.training - 	Reference:  India &apos;s new prime minister , Narendra Modi , is meeting his Japanese counterpart , Shinzo Abe , in Tokyo to discuss economic and security ties , on his first major foreign visit since winning May &apos;s election .
2026-05-12 01:40:42,285 - INFO - joeynmt.training - 	Hypothesis: India &apos;s new Prime Minister Narendra Modi is a cause of the first of all of the most important foreign colleagues of the Shinzo Abe , in May , in the May of his first time , in May , in Toko , in Toko , in order to be able to determine economic and security .
2026-05-12 01:40:42,285 - INFO - joeynmt.training - Example #2
2026-05-12 01:40:42,285 - DEBUG - joeynmt.training - 	Tokenized source:     ['Herr', 'Mo@@', 'd@@', 'i', 'befindet', 'sich', 'auf', 'einer', 'fü@@', 'n@@', 'f@@', 'tä@@', 'gi@@', 'gen', 'Rei@@', 'se', 'nach', 'J@@', 'ap@@', 'an', ',', 'um', 'die', 'wirtschaf@@', 'tlichen', 'Be@@', 'zieh@@', 'ungen', 'mit', 'der', 'd@@', 'rit@@', 't@@', 'größ@@', 'ten', 'Wirtschafts@@', 'n@@', 'ation', 'der', 'Welt', 'zu', 'fes@@', 'tigen', '.']
2026-05-12 01:40:42,285 - DEBUG - joeynmt.training - 	Tokenized reference:  ['Mr', 'Mo@@', 'd@@', 'i', 'is', 'on', 'a', 'fi@@', 've', '@@@', '-@@', '@', 'day', 'tri@@', 'p', 'to', 'J@@', 'ap@@', 'an', 'to', 'streng@@', 'then', 'economic', 'ties', 'with', 'the', 'third', 'lar@@', 'ges@@', 't', 'econom@@', 'y', 'in', 'the', 'world', '.']
2026-05-12 01:40:42,285 - DEBUG - joeynmt.training - 	Tokenized hypothesis: ['Mr', 'Mo@@', 'd@@', 'i', 'is', 'on', 'a', 'fi@@', 'f@@', 'ty', 'j@@', 'ap@@', 'an', 'to', 'J@@', 'ap@@', 'an', 'to', 'J@@', 'ap@@', 'an', 'to', 'be', 'f@@', 'air@@', 'ly', 'in', 'order', 'to', 'f@@', 'ail', 'to', 'f@@', 'ail', 'to', 'f@@', 'ail', 'to', 'f@@', 'ail', 'to', 'the', 'world', '.', '</s>']
2026-05-12 01:40:42,285 - INFO - joeynmt.training - 	Source:     Herr Modi befindet sich auf einer fünftägigen Reise nach Japan , um die wirtschaftlichen Beziehungen mit der drittgrößten Wirtschaftsnation der Welt zu festigen .
2026-05-12 01:40:42,285 - INFO - joeynmt.training - 	Reference:  Mr Modi is on a five @-@ day trip to Japan to strengthen economic ties with the third largest economy in the world .
2026-05-12 01:40:42,285 - INFO - joeynmt.training - 	Hypothesis: Mr Modi is on a fifty japan to Japan to Japan to be fairly in order to fail to fail to fail to fail to the world .
2026-05-12 01:40:42,286 - INFO - joeynmt.training - Example #3
2026-05-12 01:40:42,286 - DEBUG - joeynmt.training - 	Tokenized source:     ['P@@', 'län@@', 'e', 'für', 'eine', 'stärk@@', 'ere', 'k@@', 'ern@@', 'techn@@', 'ische', 'Zusammenarbeit', 'stehen', 'ganz', 'ob@@', 'en', 'auf', 'der', 'Tag@@', 'es@@', 'ordnung', '.']
2026-05-12 01:40:42,286 - DEBUG - joeynmt.training - 	Tokenized reference:  ['high', 'on', 'the', 'agen@@', 'da', 'are', 'pl@@', 'ans', 'for', 'gre@@', 'ater', 'nu@@', 'clear', 'c@@', 'o', '@@@', '-@@', '@', 'operation', '.']
2026-05-12 01:40:42,286 - DEBUG - joeynmt.training - 	Tokenized hypothesis: ['P@@', 'an@@', 'el', '&apos;s', 'more', 'str@@', 'ing@@', 'ent', 'is', 'on', 'the', 'agen@@', 'da', '.', '</s>']
2026-05-12 01:40:42,286 - INFO - joeynmt.training - 	Source:     Pläne für eine stärkere kerntechnische Zusammenarbeit stehen ganz oben auf der Tagesordnung .
2026-05-12 01:40:42,286 - INFO - joeynmt.training - 	Reference:  high on the agenda are plans for greater nuclear co @-@ operation .
2026-05-12 01:40:42,286 - INFO - joeynmt.training - 	Hypothesis: Panel &apos;s more stringent is on the agenda .
2026-05-12 01:40:42,286 - INFO - joeynmt.training - Example #4
2026-05-12 01:40:42,286 - DEBUG - joeynmt.training - 	Tokenized source:     ['Berich@@', 'ten', 'zu@@', 'fol@@', 'ge', 'ho@@', 'fft', 'Indi@@', 'en', 'darüber', 'hinaus', 'auf', 'einen', 'Ver@@', 'trag', 'zur', 'Ver@@', 'tei@@', 'dig@@', 'ungs@@', 'zusammen@@', 'arbeit', 'zwischen', 'den', 'beiden', 'N@@', 'ationen', '.']
2026-05-12 01:40:42,286 - DEBUG - joeynmt.training - 	Tokenized reference:  ['Indi@@', 'a', 'is', 'also', 're@@', 'porte@@', 'dly', 'hop@@', 'ing', 'for', 'a', 'de@@', 'al', 'on', 'def@@', 'ence', 'c@@', 'oll@@', 'ab@@', 'or@@', 'ation', 'between', 'the', 'two', 'n@@', 'ations', '.']
2026-05-12 01:40:42,286 - DEBUG - joeynmt.training - 	Tokenized hypothesis: ['re@@', 'ports', 'on', 'the', 'con@@', 'tra@@', 'ct', 'of', 'Indi@@', 'a', '&apos;s', 'di@@', 'men@@', 'sion', 'to', 'def@@', 'end', 'cooperation', 'between', 'the', 'two', 'n@@', 'ations', '.', '</s>']
2026-05-12 01:40:42,286 - INFO - joeynmt.training - 	Source:     Berichten zufolge hofft Indien darüber hinaus auf einen Vertrag zur Verteidigungszusammenarbeit zwischen den beiden Nationen .
2026-05-12 01:40:42,286 - INFO - joeynmt.training - 	Reference:  India is also reportedly hoping for a deal on defence collaboration between the two nations .
2026-05-12 01:40:42,286 - INFO - joeynmt.training - 	Hypothesis: reports on the contract of India &apos;s dimension to defend cooperation between the two nations .
2026-05-12 01:41:09,758 - INFO - joeynmt.training - Epoch   8, Step:    29100, Batch Loss:     1.997644, Batch Acc: 0.509786, Tokens per Sec:     3359, Lr: 0.000300
2026-05-12 01:41:36,606 - INFO - joeynmt.training - Epoch   8, Step:    29200, Batch Loss:     1.709878, Batch Acc: 0.521746, Tokens per Sec:     3383, Lr: 0.000300
2026-05-12 01:42:04,187 - INFO - joeynmt.training - Epoch   8, Step:    29300, Batch Loss:     1.636096, Batch Acc: 0.517020, Tokens per Sec:     3347, Lr: 0.000300
2026-05-12 01:42:33,135 - INFO - joeynmt.training - Epoch   8, Step:    29400, Batch Loss:     1.566081, Batch Acc: 0.512817, Tokens per Sec:     3163, Lr: 0.000300
2026-05-12 01:43:00,307 - INFO - joeynmt.training - Epoch   8, Step:    29500, Batch Loss:     1.826172, Batch Acc: 0.515185, Tokens per Sec:     3387, Lr: 0.000300
2026-05-12 01:43:00,308 - INFO - joeynmt.prediction - Predicting 500 example(s)... (Greedy decoding with min_output_length=1, max_output_length=-1, return_prob='none', generate_unk=True, repetition_penalty=-1, no_repeat_ngram_size=-1)
2026-05-12 01:43:36,195 - INFO - joeynmt.prediction - Evaluation result (greedy) loss:   2.18, ppl:   8.83, acc:   0.44, generation: 35.8783[sec], evaluation: 0.0000[sec]
2026-05-12 01:43:36,362 - INFO - joeynmt.helpers - delete models/deen_transformer_post/27000.ckpt
2026-05-12 01:43:36,371 - INFO - joeynmt.training - Example #0
2026-05-12 01:43:36,371 - DEBUG - joeynmt.training - 	Tokenized source:     ['die', 'Pre@@', 'mi@@', 'er@@', 'minist@@', 'er', 'Indi@@', 'ens', 'und', 'J@@', 'ap@@', 'ans', 'tra@@', 'fen', 'sich', 'in', 'T@@', 'ok@@', 'i@@', 'o', '.']
2026-05-12 01:43:36,371 - DEBUG - joeynmt.training - 	Tokenized reference:  ['Indi@@', 'a', 'and', 'J@@', 'ap@@', 'an', 'pri@@', 'me', 'minist@@', 'ers', 'me@@', 'et', 'in', 'T@@', 'ok@@', 'y@@', 'o']
2026-05-12 01:43:36,371 - DEBUG - joeynmt.training - 	Tokenized hypothesis: ['the', 'Pri@@', 'me', 'Minist@@', 'er', 'and', 'J@@', 'ap@@', 'an', ',', 'and', 'J@@', 'ap@@', 'an', 'in', 'T@@', 'ok@@', 'y@@', 'o', '.', '</s>']
2026-05-12 01:43:36,372 - INFO - joeynmt.training - 	Source:     die Premierminister Indiens und Japans trafen sich in Tokio .
2026-05-12 01:43:36,372 - INFO - joeynmt.training - 	Reference:  India and Japan prime ministers meet in Tokyo
2026-05-12 01:43:36,372 - INFO - joeynmt.training - 	Hypothesis: the Prime Minister and Japan , and Japan in Tokyo .
2026-05-12 01:43:36,372 - INFO - joeynmt.training - Example #1
2026-05-12 01:43:36,372 - DEBUG - joeynmt.training - 	Tokenized source:     ['Indi@@', 'ens', 'neu@@', 'er', 'Pre@@', 'mi@@', 'er@@', 'minist@@', 'er', 'N@@', 'ar@@', 'end@@', 'ra', 'Mo@@', 'd@@', 'i', 'tri@@', 'fft', 'bei', 's@@', 'einem', 'ersten', 'wichti@@', 'gen', 'Aus@@', 'land@@', 's@@', 'bes@@', 'u@@', 'ch', 'seit', 's@@', 'einem', 'W@@', 'ah@@', 'l@@', 'si@@', 'e@@', 'g', 'im', 'Ma@@', 'i', 'seinen', 'j@@', 'ap@@', 'an@@', 'ischen', 'Am@@', 'ts@@', 'k@@', 'olle@@', 'gen', 'S@@', 'hin@@', 'z@@', 'o', 'A@@', 'be', 'in', 'T@@', 'ok@@', 'o', ',', 'um', 'wirtschaf@@', 'tliche', 'und', 'sicher@@', 'heits@@', 'politische', 'Be@@', 'zieh@@', 'ungen', 'zu', 'bes@@', 'pre@@', 'chen', '.']
2026-05-12 01:43:36,372 - DEBUG - joeynmt.training - 	Tokenized reference:  ['Indi@@', 'a', '&apos;s', 'new', 'pri@@', 'me', 'minist@@', 'er', ',', 'N@@', 'ar@@', 'end@@', 'ra', 'Mo@@', 'd@@', 'i', ',', 'is', 'me@@', 'eting', 'his', 'J@@', 'ap@@', 'an@@', 'ese', 'coun@@', 'ter@@', 'part', ',', 'S@@', 'hin@@', 'z@@', 'o', 'A@@', 'be', ',', 'in', 'T@@', 'ok@@', 'y@@', 'o', 'to', 'disc@@', 'uss', 'economic', 'and', 'security', 'ties', ',', 'on', 'his', 'first', 'major', 'fore@@', 'ign', 'visi@@', 't', 'since', 'w@@', 'inn@@', 'ing', 'Ma@@', 'y', '&apos;s', 'elec@@', 'tion', '.']
2026-05-12 01:43:36,372 - DEBUG - joeynmt.training - 	Tokenized hypothesis: ['Indi@@', 'a', '&apos;s', '&apos;s', 'Pri@@', 'me', 'Minist@@', 'er', 'N@@', 'ar@@', 'i', ',', 'in', 'his', 'first', 'time', ',', 'in', 'Ma@@', 'y', ',', 'in', 'his', 'first', 'time', ',', 'since', 'his', 'first', 'time', 'in', 'Ma@@', 'y', ',', 'in', 'Ma@@', 'y', ',', 'in', 'Ma@@', 'y', ',', 'in', 'Ma@@', 'y', ',', 'in', 'the', 'Ma@@', 'y', 'of', 'S@@', 'hin@@', 'z@@', 'o', 'A@@', 'be', ',', 'in', 'T@@', 'ok@@', 'o', ',', 'in', 'order', 'to', 'take', 'economic', 'rel@@', 'ations', 'and', 'saf@@', 'ety', '.', '</s>']
2026-05-12 01:43:36,372 - INFO - joeynmt.training - 	Source:     Indiens neuer Premierminister Narendra Modi trifft bei seinem ersten wichtigen Auslandsbesuch seit seinem Wahlsieg im Mai seinen japanischen Amtskollegen Shinzo Abe in Toko , um wirtschaftliche und sicherheitspolitische Beziehungen zu besprechen .
2026-05-12 01:43:36,372 - INFO - joeynmt.training - 	Reference:  India &apos;s new prime minister , Narendra Modi , is meeting his Japanese counterpart , Shinzo Abe , in Tokyo to discuss economic and security ties , on his first major foreign visit since winning May &apos;s election .
2026-05-12 01:43:36,372 - INFO - joeynmt.training - 	Hypothesis: India &apos;s &apos;s Prime Minister Nari , in his first time , in May , in his first time , since his first time in May , in May , in May , in May , in the May of Shinzo Abe , in Toko , in order to take economic relations and safety .
2026-05-12 01:43:36,372 - INFO - joeynmt.training - Example #2
2026-05-12 01:43:36,372 - DEBUG - joeynmt.training - 	Tokenized source:     ['Herr', 'Mo@@', 'd@@', 'i', 'befindet', 'sich', 'auf', 'einer', 'fü@@', 'n@@', 'f@@', 'tä@@', 'gi@@', 'gen', 'Rei@@', 'se', 'nach', 'J@@', 'ap@@', 'an', ',', 'um', 'die', 'wirtschaf@@', 'tlichen', 'Be@@', 'zieh@@', 'ungen', 'mit', 'der', 'd@@', 'rit@@', 't@@', 'größ@@', 'ten', 'Wirtschafts@@', 'n@@', 'ation', 'der', 'Welt', 'zu', 'fes@@', 'tigen', '.']
2026-05-12 01:43:36,373 - DEBUG - joeynmt.training - 	Tokenized reference:  ['Mr', 'Mo@@', 'd@@', 'i', 'is', 'on', 'a', 'fi@@', 've', '@@@', '-@@', '@', 'day', 'tri@@', 'p', 'to', 'J@@', 'ap@@', 'an', 'to', 'streng@@', 'then', 'economic', 'ties', 'with', 'the', 'third', 'lar@@', 'ges@@', 't', 'econom@@', 'y', 'in', 'the', 'world', '.']
2026-05-12 01:43:36,373 - DEBUG - joeynmt.training - 	Tokenized hypothesis: ['Mr', 'Mo@@', 'd@@', 'i', 'is', 'a', 'fi@@', 'f@@', 'ty', 't@@', 'ou@@', 'ch', 'to', 'J@@', 'ap@@', 'an', ',', 'to', 'take', 'the', 'economic', 'rel@@', 'ations', 'with', 'the', 'third', 'lar@@', 'ges@@', 't', 'economic', 'rel@@', 'ations', 'with', 'the', 'third', 'lar@@', 'ges@@', 't', 'economic', 'rel@@', 'ations', '.', '</s>']
2026-05-12 01:43:36,373 - INFO - joeynmt.training - 	Source:     Herr Modi befindet sich auf einer fünftägigen Reise nach Japan , um die wirtschaftlichen Beziehungen mit der drittgrößten Wirtschaftsnation der Welt zu festigen .
2026-05-12 01:43:36,373 - INFO - joeynmt.training - 	Reference:  Mr Modi is on a five @-@ day trip to Japan to strengthen economic ties with the third largest economy in the world .
2026-05-12 01:43:36,373 - INFO - joeynmt.training - 	Hypothesis: Mr Modi is a fifty touch to Japan , to take the economic relations with the third largest economic relations with the third largest economic relations .
2026-05-12 01:43:36,373 - INFO - joeynmt.training - Example #3
2026-05-12 01:43:36,373 - DEBUG - joeynmt.training - 	Tokenized source:     ['P@@', 'län@@', 'e', 'für', 'eine', 'stärk@@', 'ere', 'k@@', 'ern@@', 'techn@@', 'ische', 'Zusammenarbeit', 'stehen', 'ganz', 'ob@@', 'en', 'auf', 'der', 'Tag@@', 'es@@', 'ordnung', '.']
2026-05-12 01:43:36,373 - DEBUG - joeynmt.training - 	Tokenized reference:  ['high', 'on', 'the', 'agen@@', 'da', 'are', 'pl@@', 'ans', 'for', 'gre@@', 'ater', 'nu@@', 'clear', 'c@@', 'o', '@@@', '-@@', '@', 'operation', '.']
2026-05-12 01:43:36,373 - DEBUG - joeynmt.training - 	Tokenized hypothesis: ['pl@@', 'ans', 'for', 'a', 'str@@', 'ong', 'techn@@', 'ical', 'cooperation', 'are', 'curr@@', 'ently', 'a@@', 'ware', 'of', 'the', 'agen@@', 'da', '.', '</s>']
2026-05-12 01:43:36,373 - INFO - joeynmt.training - 	Source:     Pläne für eine stärkere kerntechnische Zusammenarbeit stehen ganz oben auf der Tagesordnung .
2026-05-12 01:43:36,373 - INFO - joeynmt.training - 	Reference:  high on the agenda are plans for greater nuclear co @-@ operation .
2026-05-12 01:43:36,373 - INFO - joeynmt.training - 	Hypothesis: plans for a strong technical cooperation are currently aware of the agenda .
2026-05-12 01:43:36,374 - INFO - joeynmt.training - Example #4
2026-05-12 01:43:36,374 - DEBUG - joeynmt.training - 	Tokenized source:     ['Berich@@', 'ten', 'zu@@', 'fol@@', 'ge', 'ho@@', 'fft', 'Indi@@', 'en', 'darüber', 'hinaus', 'auf', 'einen', 'Ver@@', 'trag', 'zur', 'Ver@@', 'tei@@', 'dig@@', 'ungs@@', 'zusammen@@', 'arbeit', 'zwischen', 'den', 'beiden', 'N@@', 'ationen', '.']
2026-05-12 01:43:36,374 - DEBUG - joeynmt.training - 	Tokenized reference:  ['Indi@@', 'a', 'is', 'also', 're@@', 'porte@@', 'dly', 'hop@@', 'ing', 'for', 'a', 'de@@', 'al', 'on', 'def@@', 'ence', 'c@@', 'oll@@', 'ab@@', 'or@@', 'ation', 'between', 'the', 'two', 'n@@', 'ations', '.']
2026-05-12 01:43:36,374 - DEBUG - joeynmt.training - 	Tokenized hypothesis: ['re@@', 'ports', 'on', 'the', 'con@@', 'stitu@@', 'tional', 're@@', 'ports', 'on', 'the', 'def@@', 'ence', 'cooperation', 'between', 'the', 'two', 'N@@', 'ations', '.', '</s>']
2026-05-12 01:43:36,374 - INFO - joeynmt.training - 	Source:     Berichten zufolge hofft Indien darüber hinaus auf einen Vertrag zur Verteidigungszusammenarbeit zwischen den beiden Nationen .
2026-05-12 01:43:36,374 - INFO - joeynmt.training - 	Reference:  India is also reportedly hoping for a deal on defence collaboration between the two nations .
2026-05-12 01:43:36,374 - INFO - joeynmt.training - 	Hypothesis: reports on the constitutional reports on the defence cooperation between the two Nations .
2026-05-12 01:44:02,873 - INFO - joeynmt.training - Epoch   8, Step:    29600, Batch Loss:     1.749370, Batch Acc: 0.517139, Tokens per Sec:     3397, Lr: 0.000300
2026-05-12 01:44:29,214 - INFO - joeynmt.training - Epoch   8, Step:    29700, Batch Loss:     1.579353, Batch Acc: 0.517354, Tokens per Sec:     3508, Lr: 0.000300
2026-05-12 01:44:55,826 - INFO - joeynmt.training - Epoch   8, Step:    29800, Batch Loss:     1.647782, Batch Acc: 0.517687, Tokens per Sec:     3444, Lr: 0.000300
2026-05-12 01:45:22,292 - INFO - joeynmt.training - Epoch   8, Step:    29900, Batch Loss:     1.894818, Batch Acc: 0.515198, Tokens per Sec:     3472, Lr: 0.000300
2026-05-12 01:45:48,759 - INFO - joeynmt.training - Epoch   8, Step:    30000, Batch Loss:     1.699785, Batch Acc: 0.516224, Tokens per Sec:     3503, Lr: 0.000300
2026-05-12 01:45:48,760 - INFO - joeynmt.prediction - Predicting 500 example(s)... (Greedy decoding with min_output_length=1, max_output_length=-1, return_prob='none', generate_unk=True, repetition_penalty=-1, no_repeat_ngram_size=-1)
2026-05-12 01:46:23,394 - INFO - joeynmt.prediction - Evaluation result (greedy) loss:   2.17, ppl:   8.77, acc:   0.45, generation: 34.6255[sec], evaluation: 0.0000[sec]
2026-05-12 01:46:23,397 - INFO - joeynmt.training - Hooray! New best validation result [ppl]!
2026-05-12 01:46:23,561 - INFO - joeynmt.helpers - delete models/deen_transformer_post/27500.ckpt
2026-05-12 01:46:23,570 - INFO - joeynmt.training - Example #0
2026-05-12 01:46:23,570 - DEBUG - joeynmt.training - 	Tokenized source:     ['die', 'Pre@@', 'mi@@', 'er@@', 'minist@@', 'er', 'Indi@@', 'ens', 'und', 'J@@', 'ap@@', 'ans', 'tra@@', 'fen', 'sich', 'in', 'T@@', 'ok@@', 'i@@', 'o', '.']
2026-05-12 01:46:23,570 - DEBUG - joeynmt.training - 	Tokenized reference:  ['Indi@@', 'a', 'and', 'J@@', 'ap@@', 'an', 'pri@@', 'me', 'minist@@', 'ers', 'me@@', 'et', 'in', 'T@@', 'ok@@', 'y@@', 'o']
2026-05-12 01:46:23,570 - DEBUG - joeynmt.training - 	Tokenized hypothesis: ['the', 'Pri@@', 'me', 'Minist@@', 'er', 'Indi@@', 'a', 'and', 'J@@', 'ap@@', 'an', '.', '</s>']
2026-05-12 01:46:23,570 - INFO - joeynmt.training - 	Source:     die Premierminister Indiens und Japans trafen sich in Tokio .
2026-05-12 01:46:23,570 - INFO - joeynmt.training - 	Reference:  India and Japan prime ministers meet in Tokyo
2026-05-12 01:46:23,570 - INFO - joeynmt.training - 	Hypothesis: the Prime Minister India and Japan .
2026-05-12 01:46:23,570 - INFO - joeynmt.training - Example #1
2026-05-12 01:46:23,570 - DEBUG - joeynmt.training - 	Tokenized source:     ['Indi@@', 'ens', 'neu@@', 'er', 'Pre@@', 'mi@@', 'er@@', 'minist@@', 'er', 'N@@', 'ar@@', 'end@@', 'ra', 'Mo@@', 'd@@', 'i', 'tri@@', 'fft', 'bei', 's@@', 'einem', 'ersten', 'wichti@@', 'gen', 'Aus@@', 'land@@', 's@@', 'bes@@', 'u@@', 'ch', 'seit', 's@@', 'einem', 'W@@', 'ah@@', 'l@@', 'si@@', 'e@@', 'g', 'im', 'Ma@@', 'i', 'seinen', 'j@@', 'ap@@', 'an@@', 'ischen', 'Am@@', 'ts@@', 'k@@', 'olle@@', 'gen', 'S@@', 'hin@@', 'z@@', 'o', 'A@@', 'be', 'in', 'T@@', 'ok@@', 'o', ',', 'um', 'wirtschaf@@', 'tliche', 'und', 'sicher@@', 'heits@@', 'politische', 'Be@@', 'zieh@@', 'ungen', 'zu', 'bes@@', 'pre@@', 'chen', '.']
2026-05-12 01:46:23,571 - DEBUG - joeynmt.training - 	Tokenized reference:  ['Indi@@', 'a', '&apos;s', 'new', 'pri@@', 'me', 'minist@@', 'er', ',', 'N@@', 'ar@@', 'end@@', 'ra', 'Mo@@', 'd@@', 'i', ',', 'is', 'me@@', 'eting', 'his', 'J@@', 'ap@@', 'an@@', 'ese', 'coun@@', 'ter@@', 'part', ',', 'S@@', 'hin@@', 'z@@', 'o', 'A@@', 'be', ',', 'in', 'T@@', 'ok@@', 'y@@', 'o', 'to', 'disc@@', 'uss', 'economic', 'and', 'security', 'ties', ',', 'on', 'his', 'first', 'major', 'fore@@', 'ign', 'visi@@', 't', 'since', 'w@@', 'inn@@', 'ing', 'Ma@@', 'y', '&apos;s', 'elec@@', 'tion', '.']
2026-05-12 01:46:23,571 - DEBUG - joeynmt.training - 	Tokenized hypothesis: ['Indi@@', 'a', '&apos;s', 'new', 'pre@@', 'mi@@', 'er', 'N@@', 'ar@@', 'ge', 'Mo@@', 'd@@', 'i', ',', 'in', 'his', 'first', 'place', 'in', 'Ma@@', 'y', ',', 'in', 'his', 'first', 'place', 'in', 'Ma@@', 'y', 'in', 'Ma@@', 'y', ',', 'in', 'the', 'Ma@@', 'y', 'of', 'his', 'first', 'year', ',', 'in', 'the', 'Ma@@', 'y', 'of', 'his', 'first', 'and', 'in', 'T@@', 'ok@@', 'o', ',', 'in', 'T@@', 'ok@@', 'o', ',', 'to', 'economic', 'and', 'security', 'poli@@', 'cies', '.', '</s>']
2026-05-12 01:46:23,571 - INFO - joeynmt.training - 	Source:     Indiens neuer Premierminister Narendra Modi trifft bei seinem ersten wichtigen Auslandsbesuch seit seinem Wahlsieg im Mai seinen japanischen Amtskollegen Shinzo Abe in Toko , um wirtschaftliche und sicherheitspolitische Beziehungen zu besprechen .
2026-05-12 01:46:23,571 - INFO - joeynmt.training - 	Reference:  India &apos;s new prime minister , Narendra Modi , is meeting his Japanese counterpart , Shinzo Abe , in Tokyo to discuss economic and security ties , on his first major foreign visit since winning May &apos;s election .
2026-05-12 01:46:23,571 - INFO - joeynmt.training - 	Hypothesis: India &apos;s new premier Narge Modi , in his first place in May , in his first place in May in May , in the May of his first year , in the May of his first and in Toko , in Toko , to economic and security policies .
2026-05-12 01:46:23,571 - INFO - joeynmt.training - Example #2
2026-05-12 01:46:23,571 - DEBUG - joeynmt.training - 	Tokenized source:     ['Herr', 'Mo@@', 'd@@', 'i', 'befindet', 'sich', 'auf', 'einer', 'fü@@', 'n@@', 'f@@', 'tä@@', 'gi@@', 'gen', 'Rei@@', 'se', 'nach', 'J@@', 'ap@@', 'an', ',', 'um', 'die', 'wirtschaf@@', 'tlichen', 'Be@@', 'zieh@@', 'ungen', 'mit', 'der', 'd@@', 'rit@@', 't@@', 'größ@@', 'ten', 'Wirtschafts@@', 'n@@', 'ation', 'der', 'Welt', 'zu', 'fes@@', 'tigen', '.']
2026-05-12 01:46:23,571 - DEBUG - joeynmt.training - 	Tokenized reference:  ['Mr', 'Mo@@', 'd@@', 'i', 'is', 'on', 'a', 'fi@@', 've', '@@@', '-@@', '@', 'day', 'tri@@', 'p', 'to', 'J@@', 'ap@@', 'an', 'to', 'streng@@', 'then', 'economic', 'ties', 'with', 'the', 'third', 'lar@@', 'ges@@', 't', 'econom@@', 'y', 'in', 'the', 'world', '.']
2026-05-12 01:46:23,571 - DEBUG - joeynmt.training - 	Tokenized hypothesis: ['Mr', 'Mo@@', 'd@@', 'i', 'is', 'a', 'fi@@', 'f@@', 'ty', 'tra@@', 'v@@', 'el', 'to', 'J@@', 'ap@@', 'an', 'to', 'J@@', 'ap@@', 'an', 'to', 'take', 'the', 'economic', 'rel@@', 'ations', 'with', 'the', 'third', 'lar@@', 'ges@@', 't', 'economic', 'rel@@', 'ations', '.', '</s>']
2026-05-12 01:46:23,571 - INFO - joeynmt.training - 	Source:     Herr Modi befindet sich auf einer fünftägigen Reise nach Japan , um die wirtschaftlichen Beziehungen mit der drittgrößten Wirtschaftsnation der Welt zu festigen .
2026-05-12 01:46:23,571 - INFO - joeynmt.training - 	Reference:  Mr Modi is on a five @-@ day trip to Japan to strengthen economic ties with the third largest economy in the world .
2026-05-12 01:46:23,571 - INFO - joeynmt.training - 	Hypothesis: Mr Modi is a fifty travel to Japan to Japan to take the economic relations with the third largest economic relations .
2026-05-12 01:46:23,571 - INFO - joeynmt.training - Example #3
2026-05-12 01:46:23,571 - DEBUG - joeynmt.training - 	Tokenized source:     ['P@@', 'län@@', 'e', 'für', 'eine', 'stärk@@', 'ere', 'k@@', 'ern@@', 'techn@@', 'ische', 'Zusammenarbeit', 'stehen', 'ganz', 'ob@@', 'en', 'auf', 'der', 'Tag@@', 'es@@', 'ordnung', '.']
2026-05-12 01:46:23,571 - DEBUG - joeynmt.training - 	Tokenized reference:  ['high', 'on', 'the', 'agen@@', 'da', 'are', 'pl@@', 'ans', 'for', 'gre@@', 'ater', 'nu@@', 'clear', 'c@@', 'o', '@@@', '-@@', '@', 'operation', '.']
2026-05-12 01:46:23,571 - DEBUG - joeynmt.training - 	Tokenized hypothesis: ['pl@@', 'ans', 'for', 'a', 'str@@', 'ong', 'nu@@', 'clear', 'techn@@', 'ical', 'cooperation', 'is', 'based', 'on', 'the', 'agen@@', 'da', '.', '</s>']
2026-05-12 01:46:23,571 - INFO - joeynmt.training - 	Source:     Pläne für eine stärkere kerntechnische Zusammenarbeit stehen ganz oben auf der Tagesordnung .
2026-05-12 01:46:23,572 - INFO - joeynmt.training - 	Reference:  high on the agenda are plans for greater nuclear co @-@ operation .
2026-05-12 01:46:23,572 - INFO - joeynmt.training - 	Hypothesis: plans for a strong nuclear technical cooperation is based on the agenda .
2026-05-12 01:46:23,572 - INFO - joeynmt.training - Example #4
2026-05-12 01:46:23,572 - DEBUG - joeynmt.training - 	Tokenized source:     ['Berich@@', 'ten', 'zu@@', 'fol@@', 'ge', 'ho@@', 'fft', 'Indi@@', 'en', 'darüber', 'hinaus', 'auf', 'einen', 'Ver@@', 'trag', 'zur', 'Ver@@', 'tei@@', 'dig@@', 'ungs@@', 'zusammen@@', 'arbeit', 'zwischen', 'den', 'beiden', 'N@@', 'ationen', '.']
2026-05-12 01:46:23,572 - DEBUG - joeynmt.training - 	Tokenized reference:  ['Indi@@', 'a', 'is', 'also', 're@@', 'porte@@', 'dly', 'hop@@', 'ing', 'for', 'a', 'de@@', 'al', 'on', 'def@@', 'ence', 'c@@', 'oll@@', 'ab@@', 'or@@', 'ation', 'between', 'the', 'two', 'n@@', 'ations', '.']
2026-05-12 01:46:23,572 - DEBUG - joeynmt.training - 	Tokenized hypothesis: ['in', 'ad@@', 'dition', ',', 'Indi@@', 'a', 'is', 'also', 'hop@@', 'ing', 'for', 'for', 'a', 'con@@', 'dem@@', 'ning', 'def@@', 'ence', 'between', 'the', 'two', 'N@@', 'ations', '.', '</s>']
2026-05-12 01:46:23,572 - INFO - joeynmt.training - 	Source:     Berichten zufolge hofft Indien darüber hinaus auf einen Vertrag zur Verteidigungszusammenarbeit zwischen den beiden Nationen .
2026-05-12 01:46:23,572 - INFO - joeynmt.training - 	Reference:  India is also reportedly hoping for a deal on defence collaboration between the two nations .
2026-05-12 01:46:23,572 - INFO - joeynmt.training - 	Hypothesis: in addition , India is also hoping for for a condemning defence between the two Nations .
2026-05-12 01:46:49,916 - INFO - joeynmt.training - Epoch   8, Step:    30100, Batch Loss:     2.010468, Batch Acc: 0.517054, Tokens per Sec:     3502, Lr: 0.000300
2026-05-12 01:47:16,902 - INFO - joeynmt.training - Epoch   8, Step:    30200, Batch Loss:     1.818313, Batch Acc: 0.517565, Tokens per Sec:     3393, Lr: 0.000300
2026-05-12 01:47:43,786 - INFO - joeynmt.training - Epoch   8, Step:    30300, Batch Loss:     1.721023, Batch Acc: 0.514119, Tokens per Sec:     3401, Lr: 0.000300
2026-05-12 01:48:10,268 - INFO - joeynmt.training - Epoch   8, Step:    30400, Batch Loss:     1.852346, Batch Acc: 0.520048, Tokens per Sec:     3498, Lr: 0.000300
2026-05-12 01:48:36,597 - INFO - joeynmt.training - Epoch   8, Step:    30500, Batch Loss:     1.895556, Batch Acc: 0.514061, Tokens per Sec:     3531, Lr: 0.000300
2026-05-12 01:48:36,597 - INFO - joeynmt.prediction - Predicting 500 example(s)... (Greedy decoding with min_output_length=1, max_output_length=-1, return_prob='none', generate_unk=True, repetition_penalty=-1, no_repeat_ngram_size=-1)
2026-05-12 01:49:14,360 - INFO - joeynmt.prediction - Evaluation result (greedy) loss:   2.17, ppl:   8.75, acc:   0.44, generation: 37.7539[sec], evaluation: 0.0000[sec]
2026-05-12 01:49:14,364 - INFO - joeynmt.training - Hooray! New best validation result [ppl]!
2026-05-12 01:49:14,536 - INFO - joeynmt.helpers - delete models/deen_transformer_post/28000.ckpt
2026-05-12 01:49:14,541 - INFO - joeynmt.training - Example #0
2026-05-12 01:49:14,541 - DEBUG - joeynmt.training - 	Tokenized source:     ['die', 'Pre@@', 'mi@@', 'er@@', 'minist@@', 'er', 'Indi@@', 'ens', 'und', 'J@@', 'ap@@', 'ans', 'tra@@', 'fen', 'sich', 'in', 'T@@', 'ok@@', 'i@@', 'o', '.']
2026-05-12 01:49:14,541 - DEBUG - joeynmt.training - 	Tokenized reference:  ['Indi@@', 'a', 'and', 'J@@', 'ap@@', 'an', 'pri@@', 'me', 'minist@@', 'ers', 'me@@', 'et', 'in', 'T@@', 'ok@@', 'y@@', 'o']
2026-05-12 01:49:14,541 - DEBUG - joeynmt.training - 	Tokenized hypothesis: ['the', 'Pri@@', 'me', 'Minist@@', 'er', 'Indi@@', 'a', 'and', 'J@@', 'ap@@', 'an', ',', 'J@@', 'ap@@', 'an', 'in', 'T@@', 'ok@@', 'i@@', 'o', '.', '</s>']
2026-05-12 01:49:14,541 - INFO - joeynmt.training - 	Source:     die Premierminister Indiens und Japans trafen sich in Tokio .
2026-05-12 01:49:14,541 - INFO - joeynmt.training - 	Reference:  India and Japan prime ministers meet in Tokyo
2026-05-12 01:49:14,541 - INFO - joeynmt.training - 	Hypothesis: the Prime Minister India and Japan , Japan in Tokio .
2026-05-12 01:49:14,541 - INFO - joeynmt.training - Example #1
2026-05-12 01:49:14,542 - DEBUG - joeynmt.training - 	Tokenized source:     ['Indi@@', 'ens', 'neu@@', 'er', 'Pre@@', 'mi@@', 'er@@', 'minist@@', 'er', 'N@@', 'ar@@', 'end@@', 'ra', 'Mo@@', 'd@@', 'i', 'tri@@', 'fft', 'bei', 's@@', 'einem', 'ersten', 'wichti@@', 'gen', 'Aus@@', 'land@@', 's@@', 'bes@@', 'u@@', 'ch', 'seit', 's@@', 'einem', 'W@@', 'ah@@', 'l@@', 'si@@', 'e@@', 'g', 'im', 'Ma@@', 'i', 'seinen', 'j@@', 'ap@@', 'an@@', 'ischen', 'Am@@', 'ts@@', 'k@@', 'olle@@', 'gen', 'S@@', 'hin@@', 'z@@', 'o', 'A@@', 'be', 'in', 'T@@', 'ok@@', 'o', ',', 'um', 'wirtschaf@@', 'tliche', 'und', 'sicher@@', 'heits@@', 'politische', 'Be@@', 'zieh@@', 'ungen', 'zu', 'bes@@', 'pre@@', 'chen', '.']
2026-05-12 01:49:14,542 - DEBUG - joeynmt.training - 	Tokenized reference:  ['Indi@@', 'a', '&apos;s', 'new', 'pri@@', 'me', 'minist@@', 'er', ',', 'N@@', 'ar@@', 'end@@', 'ra', 'Mo@@', 'd@@', 'i', ',', 'is', 'me@@', 'eting', 'his', 'J@@', 'ap@@', 'an@@', 'ese', 'coun@@', 'ter@@', 'part', ',', 'S@@', 'hin@@', 'z@@', 'o', 'A@@', 'be', ',', 'in', 'T@@', 'ok@@', 'y@@', 'o', 'to', 'disc@@', 'uss', 'economic', 'and', 'security', 'ties', ',', 'on', 'his', 'first', 'major', 'fore@@', 'ign', 'visi@@', 't', 'since', 'w@@', 'inn@@', 'ing', 'Ma@@', 'y', '&apos;s', 'elec@@', 'tion', '.']
2026-05-12 01:49:14,542 - DEBUG - joeynmt.training - 	Tokenized hypothesis: ['Indi@@', 'a', '&apos;s', 'new', 'Pri@@', 'me', 'Minist@@', 'er', 'N@@', 'ar@@', 'end@@', 'ra', 'Mo@@', 'd@@', 'i', ',', 'in', 'the', 'first', 'f@@', 'ill@@', 'ing', 'of', 'his', 'first', 'f@@', 'ail@@', 'ure', 'in', 'Ma@@', 'y', ',', 'in', 'Ma@@', 'y', ',', 'in', 'Ma@@', 'y', ',', 'in', 'Ma@@', 'y', ',', 'in', 'the', 'Ma@@', 'y', 'of', 'his', 'J@@', 'ap@@', 'an', ',', 'S@@', 'hin@@', 'e@@', 'th@@', 'n@@', 'ic', 'and', 'security', 'poli@@', 'cies', '.', '</s>']
2026-05-12 01:49:14,542 - INFO - joeynmt.training - 	Source:     Indiens neuer Premierminister Narendra Modi trifft bei seinem ersten wichtigen Auslandsbesuch seit seinem Wahlsieg im Mai seinen japanischen Amtskollegen Shinzo Abe in Toko , um wirtschaftliche und sicherheitspolitische Beziehungen zu besprechen .
2026-05-12 01:49:14,542 - INFO - joeynmt.training - 	Reference:  India &apos;s new prime minister , Narendra Modi , is meeting his Japanese counterpart , Shinzo Abe , in Tokyo to discuss economic and security ties , on his first major foreign visit since winning May &apos;s election .
2026-05-12 01:49:14,542 - INFO - joeynmt.training - 	Hypothesis: India &apos;s new Prime Minister Narendra Modi , in the first filling of his first failure in May , in May , in May , in May , in the May of his Japan , Shinethnic and security policies .
2026-05-12 01:49:14,542 - INFO - joeynmt.training - Example #2
2026-05-12 01:49:14,542 - DEBUG - joeynmt.training - 	Tokenized source:     ['Herr', 'Mo@@', 'd@@', 'i', 'befindet', 'sich', 'auf', 'einer', 'fü@@', 'n@@', 'f@@', 'tä@@', 'gi@@', 'gen', 'Rei@@', 'se', 'nach', 'J@@', 'ap@@', 'an', ',', 'um', 'die', 'wirtschaf@@', 'tlichen', 'Be@@', 'zieh@@', 'ungen', 'mit', 'der', 'd@@', 'rit@@', 't@@', 'größ@@', 'ten', 'Wirtschafts@@', 'n@@', 'ation', 'der', 'Welt', 'zu', 'fes@@', 'tigen', '.']
2026-05-12 01:49:14,542 - DEBUG - joeynmt.training - 	Tokenized reference:  ['Mr', 'Mo@@', 'd@@', 'i', 'is', 'on', 'a', 'fi@@', 've', '@@@', '-@@', '@', 'day', 'tri@@', 'p', 'to', 'J@@', 'ap@@', 'an', 'to', 'streng@@', 'then', 'economic', 'ties', 'with', 'the', 'third', 'lar@@', 'ges@@', 't', 'econom@@', 'y', 'in', 'the', 'world', '.']
2026-05-12 01:49:14,542 - DEBUG - joeynmt.training - 	Tokenized hypothesis: ['Mr', 'Mo@@', 'd@@', 'i', 'is', 'located', 'on', 'a', 'fi@@', 'f@@', 'th', 'tri@@', 'p', 'to', 'J@@', 'ap@@', 'an', 'to', 'J@@', 'ap@@', 'an', 'to', 'the', 'economic', 'rel@@', 'ations', 'with', 'the', 'third', 'b@@', 'ig@@', 'ges@@', 't', 'economic', 'rel@@', 'ations', '.', '</s>']
2026-05-12 01:49:14,542 - INFO - joeynmt.training - 	Source:     Herr Modi befindet sich auf einer fünftägigen Reise nach Japan , um die wirtschaftlichen Beziehungen mit der drittgrößten Wirtschaftsnation der Welt zu festigen .
2026-05-12 01:49:14,542 - INFO - joeynmt.training - 	Reference:  Mr Modi is on a five @-@ day trip to Japan to strengthen economic ties with the third largest economy in the world .
2026-05-12 01:49:14,542 - INFO - joeynmt.training - 	Hypothesis: Mr Modi is located on a fifth trip to Japan to Japan to the economic relations with the third biggest economic relations .
2026-05-12 01:49:14,542 - INFO - joeynmt.training - Example #3
2026-05-12 01:49:14,542 - DEBUG - joeynmt.training - 	Tokenized source:     ['P@@', 'län@@', 'e', 'für', 'eine', 'stärk@@', 'ere', 'k@@', 'ern@@', 'techn@@', 'ische', 'Zusammenarbeit', 'stehen', 'ganz', 'ob@@', 'en', 'auf', 'der', 'Tag@@', 'es@@', 'ordnung', '.']
2026-05-12 01:49:14,542 - DEBUG - joeynmt.training - 	Tokenized reference:  ['high', 'on', 'the', 'agen@@', 'da', 'are', 'pl@@', 'ans', 'for', 'gre@@', 'ater', 'nu@@', 'clear', 'c@@', 'o', '@@@', '-@@', '@', 'operation', '.']
2026-05-12 01:49:14,542 - DEBUG - joeynmt.training - 	Tokenized hypothesis: ['pl@@', 'ans', 'for', 'gre@@', 'ater', 'nu@@', 'clear', 'cooperation', 'is', 'at', 'the', 'agen@@', 'da', '.', '</s>']
2026-05-12 01:49:14,543 - INFO - joeynmt.training - 	Source:     Pläne für eine stärkere kerntechnische Zusammenarbeit stehen ganz oben auf der Tagesordnung .
2026-05-12 01:49:14,543 - INFO - joeynmt.training - 	Reference:  high on the agenda are plans for greater nuclear co @-@ operation .
2026-05-12 01:49:14,543 - INFO - joeynmt.training - 	Hypothesis: plans for greater nuclear cooperation is at the agenda .
2026-05-12 01:49:14,543 - INFO - joeynmt.training - Example #4
2026-05-12 01:49:14,543 - DEBUG - joeynmt.training - 	Tokenized source:     ['Berich@@', 'ten', 'zu@@', 'fol@@', 'ge', 'ho@@', 'fft', 'Indi@@', 'en', 'darüber', 'hinaus', 'auf', 'einen', 'Ver@@', 'trag', 'zur', 'Ver@@', 'tei@@', 'dig@@', 'ungs@@', 'zusammen@@', 'arbeit', 'zwischen', 'den', 'beiden', 'N@@', 'ationen', '.']
2026-05-12 01:49:14,543 - DEBUG - joeynmt.training - 	Tokenized reference:  ['Indi@@', 'a', 'is', 'also', 're@@', 'porte@@', 'dly', 'hop@@', 'ing', 'for', 'a', 'de@@', 'al', 'on', 'def@@', 'ence', 'c@@', 'oll@@', 'ab@@', 'or@@', 'ation', 'between', 'the', 'two', 'n@@', 'ations', '.']
2026-05-12 01:49:14,543 - DEBUG - joeynmt.training - 	Tokenized hypothesis: ['in', 'ad@@', 'dition', ',', 'Indi@@', 'a', 'is', 'also', 'hop@@', 'ing', 'for', 'a', 'con@@', 'f@@', 'lic@@', 't', 'between', 'the', 'two', 'N@@', 'ations', '.', '</s>']
2026-05-12 01:49:14,543 - INFO - joeynmt.training - 	Source:     Berichten zufolge hofft Indien darüber hinaus auf einen Vertrag zur Verteidigungszusammenarbeit zwischen den beiden Nationen .
2026-05-12 01:49:14,543 - INFO - joeynmt.training - 	Reference:  India is also reportedly hoping for a deal on defence collaboration between the two nations .
2026-05-12 01:49:14,543 - INFO - joeynmt.training - 	Hypothesis: in addition , India is also hoping for a conflict between the two Nations .
2026-05-12 01:49:40,354 - INFO - joeynmt.training - Epoch   8, Step:    30600, Batch Loss:     1.653812, Batch Acc: 0.513553, Tokens per Sec:     3538, Lr: 0.000300
2026-05-12 01:50:06,280 - INFO - joeynmt.training - Epoch   8, Step:    30700, Batch Loss:     1.718096, Batch Acc: 0.506372, Tokens per Sec:     3553, Lr: 0.000300
2026-05-12 01:50:32,270 - INFO - joeynmt.training - Epoch   8, Step:    30800, Batch Loss:     1.820960, Batch Acc: 0.513885, Tokens per Sec:     3531, Lr: 0.000300
2026-05-12 01:50:58,261 - INFO - joeynmt.training - Epoch   8, Step:    30900, Batch Loss:     1.689821, Batch Acc: 0.513898, Tokens per Sec:     3513, Lr: 0.000300
2026-05-12 01:51:24,217 - INFO - joeynmt.training - Epoch   8, Step:    31000, Batch Loss:     1.647130, Batch Acc: 0.518332, Tokens per Sec:     3564, Lr: 0.000300
2026-05-12 01:51:24,218 - INFO - joeynmt.prediction - Predicting 500 example(s)... (Greedy decoding with min_output_length=1, max_output_length=-1, return_prob='none', generate_unk=True, repetition_penalty=-1, no_repeat_ngram_size=-1)
2026-05-12 01:52:02,074 - INFO - joeynmt.prediction - Evaluation result (greedy) loss:   2.16, ppl:   8.70, acc:   0.45, generation: 37.8478[sec], evaluation: 0.0000[sec]
2026-05-12 01:52:02,076 - INFO - joeynmt.training - Hooray! New best validation result [ppl]!
2026-05-12 01:52:02,309 - INFO - joeynmt.helpers - delete models/deen_transformer_post/29500.ckpt
2026-05-12 01:52:02,317 - INFO - joeynmt.training - Example #0
2026-05-12 01:52:02,317 - DEBUG - joeynmt.training - 	Tokenized source:     ['die', 'Pre@@', 'mi@@', 'er@@', 'minist@@', 'er', 'Indi@@', 'ens', 'und', 'J@@', 'ap@@', 'ans', 'tra@@', 'fen', 'sich', 'in', 'T@@', 'ok@@', 'i@@', 'o', '.']
2026-05-12 01:52:02,317 - DEBUG - joeynmt.training - 	Tokenized reference:  ['Indi@@', 'a', 'and', 'J@@', 'ap@@', 'an', 'pri@@', 'me', 'minist@@', 'ers', 'me@@', 'et', 'in', 'T@@', 'ok@@', 'y@@', 'o']
2026-05-12 01:52:02,317 - DEBUG - joeynmt.training - 	Tokenized hypothesis: ['the', 'Pri@@', 'me', 'Minist@@', 'er', 'Indi@@', 'a', 'and', 'J@@', 'ap@@', 'an', ',', 'and', 'J@@', 'ap@@', 'an', '.', '</s>']
2026-05-12 01:52:02,317 - INFO - joeynmt.training - 	Source:     die Premierminister Indiens und Japans trafen sich in Tokio .
2026-05-12 01:52:02,317 - INFO - joeynmt.training - 	Reference:  India and Japan prime ministers meet in Tokyo
2026-05-12 01:52:02,317 - INFO - joeynmt.training - 	Hypothesis: the Prime Minister India and Japan , and Japan .
2026-05-12 01:52:02,317 - INFO - joeynmt.training - Example #1
2026-05-12 01:52:02,317 - DEBUG - joeynmt.training - 	Tokenized source:     ['Indi@@', 'ens', 'neu@@', 'er', 'Pre@@', 'mi@@', 'er@@', 'minist@@', 'er', 'N@@', 'ar@@', 'end@@', 'ra', 'Mo@@', 'd@@', 'i', 'tri@@', 'fft', 'bei', 's@@', 'einem', 'ersten', 'wichti@@', 'gen', 'Aus@@', 'land@@', 's@@', 'bes@@', 'u@@', 'ch', 'seit', 's@@', 'einem', 'W@@', 'ah@@', 'l@@', 'si@@', 'e@@', 'g', 'im', 'Ma@@', 'i', 'seinen', 'j@@', 'ap@@', 'an@@', 'ischen', 'Am@@', 'ts@@', 'k@@', 'olle@@', 'gen', 'S@@', 'hin@@', 'z@@', 'o', 'A@@', 'be', 'in', 'T@@', 'ok@@', 'o', ',', 'um', 'wirtschaf@@', 'tliche', 'und', 'sicher@@', 'heits@@', 'politische', 'Be@@', 'zieh@@', 'ungen', 'zu', 'bes@@', 'pre@@', 'chen', '.']
2026-05-12 01:52:02,317 - DEBUG - joeynmt.training - 	Tokenized reference:  ['Indi@@', 'a', '&apos;s', 'new', 'pri@@', 'me', 'minist@@', 'er', ',', 'N@@', 'ar@@', 'end@@', 'ra', 'Mo@@', 'd@@', 'i', ',', 'is', 'me@@', 'eting', 'his', 'J@@', 'ap@@', 'an@@', 'ese', 'coun@@', 'ter@@', 'part', ',', 'S@@', 'hin@@', 'z@@', 'o', 'A@@', 'be', ',', 'in', 'T@@', 'ok@@', 'y@@', 'o', 'to', 'disc@@', 'uss', 'economic', 'and', 'security', 'ties', ',', 'on', 'his', 'first', 'major', 'fore@@', 'ign', 'visi@@', 't', 'since', 'w@@', 'inn@@', 'ing', 'Ma@@', 'y', '&apos;s', 'elec@@', 'tion', '.']
2026-05-12 01:52:02,317 - DEBUG - joeynmt.training - 	Tokenized hypothesis: ['Indi@@', 'a', 'new', 'Pri@@', 'me', 'Minist@@', 'er', 'N@@', 'ar@@', 'end@@', 'ra', 'Mo@@', 'd@@', 'i', ',', 'in', 'his', 'first', 'h@@', 'u@@', 'ge', ',', 'has', 'been', 'a', 'first', 'f@@', 'our', 'in', 'Ma@@', 'y', ',', 'in', 'Ma@@', 'y', ',', 'in', 'Ma@@', 'y', ',', 'in', 'the', 'Ma@@', 'y', 'of', 'his', 'his', 'first', 'h@@', 'u@@', 'ge', 'in', 'Ma@@', 'y', ',', 'in', 'order', 'to', 'visi@@', 't', 'his', 'first', '.', '</s>']
2026-05-12 01:52:02,318 - INFO - joeynmt.training - 	Source:     Indiens neuer Premierminister Narendra Modi trifft bei seinem ersten wichtigen Auslandsbesuch seit seinem Wahlsieg im Mai seinen japanischen Amtskollegen Shinzo Abe in Toko , um wirtschaftliche und sicherheitspolitische Beziehungen zu besprechen .
2026-05-12 01:52:02,318 - INFO - joeynmt.training - 	Reference:  India &apos;s new prime minister , Narendra Modi , is meeting his Japanese counterpart , Shinzo Abe , in Tokyo to discuss economic and security ties , on his first major foreign visit since winning May &apos;s election .
2026-05-12 01:52:02,318 - INFO - joeynmt.training - 	Hypothesis: India new Prime Minister Narendra Modi , in his first huge , has been a first four in May , in May , in May , in the May of his his first huge in May , in order to visit his first .
2026-05-12 01:52:02,318 - INFO - joeynmt.training - Example #2
2026-05-12 01:52:02,318 - DEBUG - joeynmt.training - 	Tokenized source:     ['Herr', 'Mo@@', 'd@@', 'i', 'befindet', 'sich', 'auf', 'einer', 'fü@@', 'n@@', 'f@@', 'tä@@', 'gi@@', 'gen', 'Rei@@', 'se', 'nach', 'J@@', 'ap@@', 'an', ',', 'um', 'die', 'wirtschaf@@', 'tlichen', 'Be@@', 'zieh@@', 'ungen', 'mit', 'der', 'd@@', 'rit@@', 't@@', 'größ@@', 'ten', 'Wirtschafts@@', 'n@@', 'ation', 'der', 'Welt', 'zu', 'fes@@', 'tigen', '.']
2026-05-12 01:52:02,318 - DEBUG - joeynmt.training - 	Tokenized reference:  ['Mr', 'Mo@@', 'd@@', 'i', 'is', 'on', 'a', 'fi@@', 've', '@@@', '-@@', '@', 'day', 'tri@@', 'p', 'to', 'J@@', 'ap@@', 'an', 'to', 'streng@@', 'then', 'economic', 'ties', 'with', 'the', 'third', 'lar@@', 'ges@@', 't', 'econom@@', 'y', 'in', 'the', 'world', '.']
2026-05-12 01:52:02,318 - DEBUG - joeynmt.training - 	Tokenized hypothesis: ['Mr', 'Mo@@', 'd@@', 'i', 'is', 'a', 'fi@@', 'f@@', 'ty', 't@@', 'ou@@', 'ch', 'of', 'a', 'fi@@', 'f@@', 'th', 't@@', 'our@@', 'ist', 'to', 'J@@', 'ap@@', 'an', ',', 'in', 'order', 'to', 'f@@', 'ail', 'to', 'f@@', 'ail', 'the', 'world', '.', '</s>']
2026-05-12 01:52:02,318 - INFO - joeynmt.training - 	Source:     Herr Modi befindet sich auf einer fünftägigen Reise nach Japan , um die wirtschaftlichen Beziehungen mit der drittgrößten Wirtschaftsnation der Welt zu festigen .
2026-05-12 01:52:02,318 - INFO - joeynmt.training - 	Reference:  Mr Modi is on a five @-@ day trip to Japan to strengthen economic ties with the third largest economy in the world .
2026-05-12 01:52:02,318 - INFO - joeynmt.training - 	Hypothesis: Mr Modi is a fifty touch of a fifth tourist to Japan , in order to fail to fail the world .
2026-05-12 01:52:02,318 - INFO - joeynmt.training - Example #3
2026-05-12 01:52:02,318 - DEBUG - joeynmt.training - 	Tokenized source:     ['P@@', 'län@@', 'e', 'für', 'eine', 'stärk@@', 'ere', 'k@@', 'ern@@', 'techn@@', 'ische', 'Zusammenarbeit', 'stehen', 'ganz', 'ob@@', 'en', 'auf', 'der', 'Tag@@', 'es@@', 'ordnung', '.']
2026-05-12 01:52:02,318 - DEBUG - joeynmt.training - 	Tokenized reference:  ['high', 'on', 'the', 'agen@@', 'da', 'are', 'pl@@', 'ans', 'for', 'gre@@', 'ater', 'nu@@', 'clear', 'c@@', 'o', '@@@', '-@@', '@', 'operation', '.']
2026-05-12 01:52:02,318 - DEBUG - joeynmt.training - 	Tokenized hypothesis: ['pl@@', 'ans', 'for', 'gre@@', 'ater', 'nu@@', 'clear', 'cooperation', 'is', 'that', 'we', 'are', 'very', 'ob@@', 'tain@@', 'ed', 'at', 'the', 'agen@@', 'da', '.', '</s>']
2026-05-12 01:52:02,318 - INFO - joeynmt.training - 	Source:     Pläne für eine stärkere kerntechnische Zusammenarbeit stehen ganz oben auf der Tagesordnung .
2026-05-12 01:52:02,319 - INFO - joeynmt.training - 	Reference:  high on the agenda are plans for greater nuclear co @-@ operation .
2026-05-12 01:52:02,319 - INFO - joeynmt.training - 	Hypothesis: plans for greater nuclear cooperation is that we are very obtained at the agenda .
2026-05-12 01:52:02,319 - INFO - joeynmt.training - Example #4
2026-05-12 01:52:02,319 - DEBUG - joeynmt.training - 	Tokenized source:     ['Berich@@', 'ten', 'zu@@', 'fol@@', 'ge', 'ho@@', 'fft', 'Indi@@', 'en', 'darüber', 'hinaus', 'auf', 'einen', 'Ver@@', 'trag', 'zur', 'Ver@@', 'tei@@', 'dig@@', 'ungs@@', 'zusammen@@', 'arbeit', 'zwischen', 'den', 'beiden', 'N@@', 'ationen', '.']
2026-05-12 01:52:02,319 - DEBUG - joeynmt.training - 	Tokenized reference:  ['Indi@@', 'a', 'is', 'also', 're@@', 'porte@@', 'dly', 'hop@@', 'ing', 'for', 'a', 'de@@', 'al', 'on', 'def@@', 'ence', 'c@@', 'oll@@', 'ab@@', 'or@@', 'ation', 'between', 'the', 'two', 'n@@', 'ations', '.']
2026-05-12 01:52:02,319 - DEBUG - joeynmt.training - 	Tokenized hypothesis: ['in', 'ad@@', 'dition', 'to', 'the', 're@@', 'ports', 'of', 'Indi@@', 'a', ',', 'on', 'the', 'def@@', 'ence', 'of', 'the', 'two', 'N@@', 'ations', '.', '</s>']
2026-05-12 01:52:02,319 - INFO - joeynmt.training - 	Source:     Berichten zufolge hofft Indien darüber hinaus auf einen Vertrag zur Verteidigungszusammenarbeit zwischen den beiden Nationen .
2026-05-12 01:52:02,319 - INFO - joeynmt.training - 	Reference:  India is also reportedly hoping for a deal on defence collaboration between the two nations .
2026-05-12 01:52:02,319 - INFO - joeynmt.training - 	Hypothesis: in addition to the reports of India , on the defence of the two Nations .
2026-05-12 01:52:35,881 - INFO - joeynmt.training - Epoch   8, Step:    31100, Batch Loss:     1.844442, Batch Acc: 0.514672, Tokens per Sec:     2764, Lr: 0.000300
2026-05-12 01:53:06,242 - INFO - joeynmt.training - Epoch   8, Step:    31200, Batch Loss:     2.076312, Batch Acc: 0.515905, Tokens per Sec:     3010, Lr: 0.000300
2026-05-12 01:53:32,519 - INFO - joeynmt.training - Epoch   8, Step:    31300, Batch Loss:     1.992915, Batch Acc: 0.507266, Tokens per Sec:     3405, Lr: 0.000300
2026-05-12 01:53:58,597 - INFO - joeynmt.training - Epoch   8, Step:    31400, Batch Loss:     1.724320, Batch Acc: 0.516885, Tokens per Sec:     3513, Lr: 0.000300
2026-05-12 01:54:25,117 - INFO - joeynmt.training - Epoch   8, Step:    31500, Batch Loss:     1.897327, Batch Acc: 0.508620, Tokens per Sec:     3480, Lr: 0.000300
2026-05-12 01:54:25,118 - INFO - joeynmt.prediction - Predicting 500 example(s)... (Greedy decoding with min_output_length=1, max_output_length=-1, return_prob='none', generate_unk=True, repetition_penalty=-1, no_repeat_ngram_size=-1)
2026-05-12 01:54:55,468 - INFO - joeynmt.prediction - Evaluation result (greedy) loss:   2.16, ppl:   8.67, acc:   0.45, generation: 30.3416[sec], evaluation: 0.0000[sec]
2026-05-12 01:54:55,471 - INFO - joeynmt.training - Hooray! New best validation result [ppl]!
2026-05-12 01:54:55,627 - INFO - joeynmt.helpers - delete models/deen_transformer_post/28500.ckpt
2026-05-12 01:54:55,634 - INFO - joeynmt.training - Example #0
2026-05-12 01:54:55,634 - DEBUG - joeynmt.training - 	Tokenized source:     ['die', 'Pre@@', 'mi@@', 'er@@', 'minist@@', 'er', 'Indi@@', 'ens', 'und', 'J@@', 'ap@@', 'ans', 'tra@@', 'fen', 'sich', 'in', 'T@@', 'ok@@', 'i@@', 'o', '.']
2026-05-12 01:54:55,634 - DEBUG - joeynmt.training - 	Tokenized reference:  ['Indi@@', 'a', 'and', 'J@@', 'ap@@', 'an', 'pri@@', 'me', 'minist@@', 'ers', 'me@@', 'et', 'in', 'T@@', 'ok@@', 'y@@', 'o']
2026-05-12 01:54:55,634 - DEBUG - joeynmt.training - 	Tokenized hypothesis: ['the', 'Pri@@', 'me', 'Minist@@', 'er', 'Indi@@', 'a', 'and', 'J@@', 'ap@@', 'an', ',', 'J@@', 'ap@@', 'an', '.', '</s>']
2026-05-12 01:54:55,635 - INFO - joeynmt.training - 	Source:     die Premierminister Indiens und Japans trafen sich in Tokio .
2026-05-12 01:54:55,635 - INFO - joeynmt.training - 	Reference:  India and Japan prime ministers meet in Tokyo
2026-05-12 01:54:55,635 - INFO - joeynmt.training - 	Hypothesis: the Prime Minister India and Japan , Japan .
2026-05-12 01:54:55,635 - INFO - joeynmt.training - Example #1
2026-05-12 01:54:55,635 - DEBUG - joeynmt.training - 	Tokenized source:     ['Indi@@', 'ens', 'neu@@', 'er', 'Pre@@', 'mi@@', 'er@@', 'minist@@', 'er', 'N@@', 'ar@@', 'end@@', 'ra', 'Mo@@', 'd@@', 'i', 'tri@@', 'fft', 'bei', 's@@', 'einem', 'ersten', 'wichti@@', 'gen', 'Aus@@', 'land@@', 's@@', 'bes@@', 'u@@', 'ch', 'seit', 's@@', 'einem', 'W@@', 'ah@@', 'l@@', 'si@@', 'e@@', 'g', 'im', 'Ma@@', 'i', 'seinen', 'j@@', 'ap@@', 'an@@', 'ischen', 'Am@@', 'ts@@', 'k@@', 'olle@@', 'gen', 'S@@', 'hin@@', 'z@@', 'o', 'A@@', 'be', 'in', 'T@@', 'ok@@', 'o', ',', 'um', 'wirtschaf@@', 'tliche', 'und', 'sicher@@', 'heits@@', 'politische', 'Be@@', 'zieh@@', 'ungen', 'zu', 'bes@@', 'pre@@', 'chen', '.']
2026-05-12 01:54:55,635 - DEBUG - joeynmt.training - 	Tokenized reference:  ['Indi@@', 'a', '&apos;s', 'new', 'pri@@', 'me', 'minist@@', 'er', ',', 'N@@', 'ar@@', 'end@@', 'ra', 'Mo@@', 'd@@', 'i', ',', 'is', 'me@@', 'eting', 'his', 'J@@', 'ap@@', 'an@@', 'ese', 'coun@@', 'ter@@', 'part', ',', 'S@@', 'hin@@', 'z@@', 'o', 'A@@', 'be', ',', 'in', 'T@@', 'ok@@', 'y@@', 'o', 'to', 'disc@@', 'uss', 'economic', 'and', 'security', 'ties', ',', 'on', 'his', 'first', 'major', 'fore@@', 'ign', 'visi@@', 't', 'since', 'w@@', 'inn@@', 'ing', 'Ma@@', 'y', '&apos;s', 'elec@@', 'tion', '.']
2026-05-12 01:54:55,635 - DEBUG - joeynmt.training - 	Tokenized hypothesis: ['Indi@@', 'a', '&apos;s', 'new', 'Pri@@', 'me', 'Minist@@', 'er', 'N@@', 'ar@@', 'end@@', 'ra', 'Mo@@', 'd@@', 'i', 'is', 'in', 'his', 'first', 'time', 'in', 'Ma@@', 'y', ',', 'in', 'Ma@@', 'y', ',', 'in', 'Ma@@', 'y', ',', 'in', 'Ma@@', 'y', ',', 'in', 'Ma@@', 'y', ',', 'in', 'Ma@@', 'y', ',', 'in', 'order', 'to', 're@@', 'fer', 'to', 'the', 'S@@', 'hin@@', 'z@@', 'o', 'A@@', 'be', 'in', 'T@@', 'ok@@', 'o', 'A@@', 'be', ',', 'in', 'order', 'to', 're@@', 'fer', 'to', 'the', 'economic', 'and', 'security', 'policy', 'rel@@', 'ations', '.', '</s>']
2026-05-12 01:54:55,635 - INFO - joeynmt.training - 	Source:     Indiens neuer Premierminister Narendra Modi trifft bei seinem ersten wichtigen Auslandsbesuch seit seinem Wahlsieg im Mai seinen japanischen Amtskollegen Shinzo Abe in Toko , um wirtschaftliche und sicherheitspolitische Beziehungen zu besprechen .
2026-05-12 01:54:55,635 - INFO - joeynmt.training - 	Reference:  India &apos;s new prime minister , Narendra Modi , is meeting his Japanese counterpart , Shinzo Abe , in Tokyo to discuss economic and security ties , on his first major foreign visit since winning May &apos;s election .
2026-05-12 01:54:55,635 - INFO - joeynmt.training - 	Hypothesis: India &apos;s new Prime Minister Narendra Modi is in his first time in May , in May , in May , in May , in May , in May , in order to refer to the Shinzo Abe in Toko Abe , in order to refer to the economic and security policy relations .
2026-05-12 01:54:55,635 - INFO - joeynmt.training - Example #2
2026-05-12 01:54:55,635 - DEBUG - joeynmt.training - 	Tokenized source:     ['Herr', 'Mo@@', 'd@@', 'i', 'befindet', 'sich', 'auf', 'einer', 'fü@@', 'n@@', 'f@@', 'tä@@', 'gi@@', 'gen', 'Rei@@', 'se', 'nach', 'J@@', 'ap@@', 'an', ',', 'um', 'die', 'wirtschaf@@', 'tlichen', 'Be@@', 'zieh@@', 'ungen', 'mit', 'der', 'd@@', 'rit@@', 't@@', 'größ@@', 'ten', 'Wirtschafts@@', 'n@@', 'ation', 'der', 'Welt', 'zu', 'fes@@', 'tigen', '.']
2026-05-12 01:54:55,635 - DEBUG - joeynmt.training - 	Tokenized reference:  ['Mr', 'Mo@@', 'd@@', 'i', 'is', 'on', 'a', 'fi@@', 've', '@@@', '-@@', '@', 'day', 'tri@@', 'p', 'to', 'J@@', 'ap@@', 'an', 'to', 'streng@@', 'then', 'economic', 'ties', 'with', 'the', 'third', 'lar@@', 'ges@@', 't', 'econom@@', 'y', 'in', 'the', 'world', '.']
2026-05-12 01:54:55,635 - DEBUG - joeynmt.training - 	Tokenized hypothesis: ['Mr', 'Mo@@', 'd@@', 'i', 'is', 'a', 'fi@@', 'f@@', 'th', 'tra@@', 'ding', 'to', 'J@@', 'ap@@', 'an', 'to', 'J@@', 'ap@@', 'an', 'mo@@', 'del', 'in', 'order', 'to', 'make', 'the', 'third', 'lar@@', 'ges@@', 't', 'economic', 'rel@@', 'ations', 'with', 'the', 'third', 'lar@@', 'ges@@', 't', 'economic', 'rel@@', 'ations', '.', '</s>']
2026-05-12 01:54:55,635 - INFO - joeynmt.training - 	Source:     Herr Modi befindet sich auf einer fünftägigen Reise nach Japan , um die wirtschaftlichen Beziehungen mit der drittgrößten Wirtschaftsnation der Welt zu festigen .
2026-05-12 01:54:55,635 - INFO - joeynmt.training - 	Reference:  Mr Modi is on a five @-@ day trip to Japan to strengthen economic ties with the third largest economy in the world .
2026-05-12 01:54:55,635 - INFO - joeynmt.training - 	Hypothesis: Mr Modi is a fifth trading to Japan to Japan model in order to make the third largest economic relations with the third largest economic relations .
2026-05-12 01:54:55,636 - INFO - joeynmt.training - Example #3
2026-05-12 01:54:55,636 - DEBUG - joeynmt.training - 	Tokenized source:     ['P@@', 'län@@', 'e', 'für', 'eine', 'stärk@@', 'ere', 'k@@', 'ern@@', 'techn@@', 'ische', 'Zusammenarbeit', 'stehen', 'ganz', 'ob@@', 'en', 'auf', 'der', 'Tag@@', 'es@@', 'ordnung', '.']
2026-05-12 01:54:55,636 - DEBUG - joeynmt.training - 	Tokenized reference:  ['high', 'on', 'the', 'agen@@', 'da', 'are', 'pl@@', 'ans', 'for', 'gre@@', 'ater', 'nu@@', 'clear', 'c@@', 'o', '@@@', '-@@', '@', 'operation', '.']
2026-05-12 01:54:55,636 - DEBUG - joeynmt.training - 	Tokenized hypothesis: ['pl@@', 'ans', 'for', 'a', 'more', 'nu@@', 'clear', 'cooperation', 'is', 'on', 'the', 'agen@@', 'da', '.', '</s>']
2026-05-12 01:54:55,636 - INFO - joeynmt.training - 	Source:     Pläne für eine stärkere kerntechnische Zusammenarbeit stehen ganz oben auf der Tagesordnung .
2026-05-12 01:54:55,636 - INFO - joeynmt.training - 	Reference:  high on the agenda are plans for greater nuclear co @-@ operation .
2026-05-12 01:54:55,636 - INFO - joeynmt.training - 	Hypothesis: plans for a more nuclear cooperation is on the agenda .
2026-05-12 01:54:55,636 - INFO - joeynmt.training - Example #4
2026-05-12 01:54:55,636 - DEBUG - joeynmt.training - 	Tokenized source:     ['Berich@@', 'ten', 'zu@@', 'fol@@', 'ge', 'ho@@', 'fft', 'Indi@@', 'en', 'darüber', 'hinaus', 'auf', 'einen', 'Ver@@', 'trag', 'zur', 'Ver@@', 'tei@@', 'dig@@', 'ungs@@', 'zusammen@@', 'arbeit', 'zwischen', 'den', 'beiden', 'N@@', 'ationen', '.']
2026-05-12 01:54:55,636 - DEBUG - joeynmt.training - 	Tokenized reference:  ['Indi@@', 'a', 'is', 'also', 're@@', 'porte@@', 'dly', 'hop@@', 'ing', 'for', 'a', 'de@@', 'al', 'on', 'def@@', 'ence', 'c@@', 'oll@@', 'ab@@', 'or@@', 'ation', 'between', 'the', 'two', 'n@@', 'ations', '.']
2026-05-12 01:54:55,636 - DEBUG - joeynmt.training - 	Tokenized hypothesis: ['mo@@', 're@@', 'over', ',', 'Indi@@', 'a', '&apos;s', 're@@', 'ports', 'on', 'def@@', 'ence', 'cooperation', 'between', 'the', 'two', 'N@@', 'ations', '.', '</s>']
2026-05-12 01:54:55,636 - INFO - joeynmt.training - 	Source:     Berichten zufolge hofft Indien darüber hinaus auf einen Vertrag zur Verteidigungszusammenarbeit zwischen den beiden Nationen .
2026-05-12 01:54:55,636 - INFO - joeynmt.training - 	Reference:  India is also reportedly hoping for a deal on defence collaboration between the two nations .
2026-05-12 01:54:55,636 - INFO - joeynmt.training - 	Hypothesis: moreover , India &apos;s reports on defence cooperation between the two Nations .
2026-05-12 01:55:21,880 - INFO - joeynmt.training - Epoch   8, Step:    31600, Batch Loss:     1.910906, Batch Acc: 0.510765, Tokens per Sec:     3514, Lr: 0.000300
2026-05-12 01:55:48,210 - INFO - joeynmt.training - Epoch   8, Step:    31700, Batch Loss:     1.897428, Batch Acc: 0.515127, Tokens per Sec:     3439, Lr: 0.000300
2026-05-12 01:56:14,011 - INFO - joeynmt.training - Epoch   8, Step:    31800, Batch Loss:     1.731870, Batch Acc: 0.511061, Tokens per Sec:     3604, Lr: 0.000300
2026-05-12 01:56:40,107 - INFO - joeynmt.training - Epoch   8, Step:    31900, Batch Loss:     1.835153, Batch Acc: 0.516163, Tokens per Sec:     3563, Lr: 0.000300
2026-05-12 01:57:06,035 - INFO - joeynmt.training - Epoch   8, Step:    32000, Batch Loss:     1.882521, Batch Acc: 0.512991, Tokens per Sec:     3536, Lr: 0.000300
2026-05-12 01:57:06,035 - INFO - joeynmt.prediction - Predicting 500 example(s)... (Greedy decoding with min_output_length=1, max_output_length=-1, return_prob='none', generate_unk=True, repetition_penalty=-1, no_repeat_ngram_size=-1)
2026-05-12 01:57:38,772 - INFO - joeynmt.prediction - Evaluation result (greedy) loss:   2.15, ppl:   8.58, acc:   0.45, generation: 32.7288[sec], evaluation: 0.0000[sec]
2026-05-12 01:57:38,776 - INFO - joeynmt.training - Hooray! New best validation result [ppl]!
2026-05-12 01:57:38,939 - INFO - joeynmt.helpers - delete models/deen_transformer_post/29000.ckpt
2026-05-12 01:57:38,948 - INFO - joeynmt.training - Example #0
2026-05-12 01:57:38,948 - DEBUG - joeynmt.training - 	Tokenized source:     ['die', 'Pre@@', 'mi@@', 'er@@', 'minist@@', 'er', 'Indi@@', 'ens', 'und', 'J@@', 'ap@@', 'ans', 'tra@@', 'fen', 'sich', 'in', 'T@@', 'ok@@', 'i@@', 'o', '.']
2026-05-12 01:57:38,948 - DEBUG - joeynmt.training - 	Tokenized reference:  ['Indi@@', 'a', 'and', 'J@@', 'ap@@', 'an', 'pri@@', 'me', 'minist@@', 'ers', 'me@@', 'et', 'in', 'T@@', 'ok@@', 'y@@', 'o']
2026-05-12 01:57:38,948 - DEBUG - joeynmt.training - 	Tokenized hypothesis: ['the', 'Pri@@', 'me', 'Minist@@', 'er', 'of', 'Indi@@', 'a', 'and', 'J@@', 'ap@@', 'an', '.', '</s>']
2026-05-12 01:57:38,948 - INFO - joeynmt.training - 	Source:     die Premierminister Indiens und Japans trafen sich in Tokio .
2026-05-12 01:57:38,948 - INFO - joeynmt.training - 	Reference:  India and Japan prime ministers meet in Tokyo
2026-05-12 01:57:38,948 - INFO - joeynmt.training - 	Hypothesis: the Prime Minister of India and Japan .
2026-05-12 01:57:38,948 - INFO - joeynmt.training - Example #1
2026-05-12 01:57:38,949 - DEBUG - joeynmt.training - 	Tokenized source:     ['Indi@@', 'ens', 'neu@@', 'er', 'Pre@@', 'mi@@', 'er@@', 'minist@@', 'er', 'N@@', 'ar@@', 'end@@', 'ra', 'Mo@@', 'd@@', 'i', 'tri@@', 'fft', 'bei', 's@@', 'einem', 'ersten', 'wichti@@', 'gen', 'Aus@@', 'land@@', 's@@', 'bes@@', 'u@@', 'ch', 'seit', 's@@', 'einem', 'W@@', 'ah@@', 'l@@', 'si@@', 'e@@', 'g', 'im', 'Ma@@', 'i', 'seinen', 'j@@', 'ap@@', 'an@@', 'ischen', 'Am@@', 'ts@@', 'k@@', 'olle@@', 'gen', 'S@@', 'hin@@', 'z@@', 'o', 'A@@', 'be', 'in', 'T@@', 'ok@@', 'o', ',', 'um', 'wirtschaf@@', 'tliche', 'und', 'sicher@@', 'heits@@', 'politische', 'Be@@', 'zieh@@', 'ungen', 'zu', 'bes@@', 'pre@@', 'chen', '.']
2026-05-12 01:57:38,949 - DEBUG - joeynmt.training - 	Tokenized reference:  ['Indi@@', 'a', '&apos;s', 'new', 'pri@@', 'me', 'minist@@', 'er', ',', 'N@@', 'ar@@', 'end@@', 'ra', 'Mo@@', 'd@@', 'i', ',', 'is', 'me@@', 'eting', 'his', 'J@@', 'ap@@', 'an@@', 'ese', 'coun@@', 'ter@@', 'part', ',', 'S@@', 'hin@@', 'z@@', 'o', 'A@@', 'be', ',', 'in', 'T@@', 'ok@@', 'y@@', 'o', 'to', 'disc@@', 'uss', 'economic', 'and', 'security', 'ties', ',', 'on', 'his', 'first', 'major', 'fore@@', 'ign', 'visi@@', 't', 'since', 'w@@', 'inn@@', 'ing', 'Ma@@', 'y', '&apos;s', 'elec@@', 'tion', '.']
2026-05-12 01:57:38,949 - DEBUG - joeynmt.training - 	Tokenized hypothesis: ['Indi@@', 'a', ',', 'in', 'the', 'first', 'place', ',', 'the', 'first', 'of', 'all', ',', 'in', 'its', 'first', 'important', 'fore@@', 'ign', 'minist@@', 'er', ',', 'in', 'its', 'first', 'inter@@', 'est', 'in', 'Ma@@', 'y', ',', 'in', 'Ma@@', 'y', 'his', 'first', 'year', ',', 'in', 'Ma@@', 'y', ',', 'in', 'Ma@@', 'y', 'his', 'J@@', 'ap@@', 'an@@', 'ese', ',', 'in', 'T@@', 'ok@@', 'o', 'A@@', 'be', 'in', 'T@@', 'ok@@', 'o', ',', 'to', 're@@', 'fer', 'to', 'the', 'economic', 'and', 'security', '.', '</s>']
2026-05-12 01:57:38,949 - INFO - joeynmt.training - 	Source:     Indiens neuer Premierminister Narendra Modi trifft bei seinem ersten wichtigen Auslandsbesuch seit seinem Wahlsieg im Mai seinen japanischen Amtskollegen Shinzo Abe in Toko , um wirtschaftliche und sicherheitspolitische Beziehungen zu besprechen .
2026-05-12 01:57:38,949 - INFO - joeynmt.training - 	Reference:  India &apos;s new prime minister , Narendra Modi , is meeting his Japanese counterpart , Shinzo Abe , in Tokyo to discuss economic and security ties , on his first major foreign visit since winning May &apos;s election .
2026-05-12 01:57:38,949 - INFO - joeynmt.training - 	Hypothesis: India , in the first place , the first of all , in its first important foreign minister , in its first interest in May , in May his first year , in May , in May his Japanese , in Toko Abe in Toko , to refer to the economic and security .
2026-05-12 01:57:38,949 - INFO - joeynmt.training - Example #2
2026-05-12 01:57:38,949 - DEBUG - joeynmt.training - 	Tokenized source:     ['Herr', 'Mo@@', 'd@@', 'i', 'befindet', 'sich', 'auf', 'einer', 'fü@@', 'n@@', 'f@@', 'tä@@', 'gi@@', 'gen', 'Rei@@', 'se', 'nach', 'J@@', 'ap@@', 'an', ',', 'um', 'die', 'wirtschaf@@', 'tlichen', 'Be@@', 'zieh@@', 'ungen', 'mit', 'der', 'd@@', 'rit@@', 't@@', 'größ@@', 'ten', 'Wirtschafts@@', 'n@@', 'ation', 'der', 'Welt', 'zu', 'fes@@', 'tigen', '.']
2026-05-12 01:57:38,949 - DEBUG - joeynmt.training - 	Tokenized reference:  ['Mr', 'Mo@@', 'd@@', 'i', 'is', 'on', 'a', 'fi@@', 've', '@@@', '-@@', '@', 'day', 'tri@@', 'p', 'to', 'J@@', 'ap@@', 'an', 'to', 'streng@@', 'then', 'economic', 'ties', 'with', 'the', 'third', 'lar@@', 'ges@@', 't', 'econom@@', 'y', 'in', 'the', 'world', '.']
2026-05-12 01:57:38,949 - DEBUG - joeynmt.training - 	Tokenized hypothesis: ['Mr', 'Mo@@', 'd@@', 'i', 'is', 'a', 'fi@@', 'f@@', 'th', 'tra@@', 'ding', 'to', 'J@@', 'ap@@', 'an', 'to', 'J@@', 'ap@@', 'an', 'to', 'J@@', 'ap@@', 'an', 'to', 're@@', 'ach', 'economic', 'rel@@', 'ations', 'with', 'the', 'third', 'lar@@', 'ges@@', 't', 'economic', 'rel@@', 'ations', '.', '</s>']
2026-05-12 01:57:38,949 - INFO - joeynmt.training - 	Source:     Herr Modi befindet sich auf einer fünftägigen Reise nach Japan , um die wirtschaftlichen Beziehungen mit der drittgrößten Wirtschaftsnation der Welt zu festigen .
2026-05-12 01:57:38,949 - INFO - joeynmt.training - 	Reference:  Mr Modi is on a five @-@ day trip to Japan to strengthen economic ties with the third largest economy in the world .
2026-05-12 01:57:38,949 - INFO - joeynmt.training - 	Hypothesis: Mr Modi is a fifth trading to Japan to Japan to Japan to reach economic relations with the third largest economic relations .
2026-05-12 01:57:38,949 - INFO - joeynmt.training - Example #3
2026-05-12 01:57:38,949 - DEBUG - joeynmt.training - 	Tokenized source:     ['P@@', 'län@@', 'e', 'für', 'eine', 'stärk@@', 'ere', 'k@@', 'ern@@', 'techn@@', 'ische', 'Zusammenarbeit', 'stehen', 'ganz', 'ob@@', 'en', 'auf', 'der', 'Tag@@', 'es@@', 'ordnung', '.']
2026-05-12 01:57:38,949 - DEBUG - joeynmt.training - 	Tokenized reference:  ['high', 'on', 'the', 'agen@@', 'da', 'are', 'pl@@', 'ans', 'for', 'gre@@', 'ater', 'nu@@', 'clear', 'c@@', 'o', '@@@', '-@@', '@', 'operation', '.']
2026-05-12 01:57:38,949 - DEBUG - joeynmt.training - 	Tokenized hypothesis: ['pl@@', 'ans', 'for', 'a', 'str@@', 'ong', 'techn@@', 'ical', 'cooperation', 'are', 'based', 'on', 'the', 'agen@@', 'da', '.', '</s>']
2026-05-12 01:57:38,950 - INFO - joeynmt.training - 	Source:     Pläne für eine stärkere kerntechnische Zusammenarbeit stehen ganz oben auf der Tagesordnung .
2026-05-12 01:57:38,950 - INFO - joeynmt.training - 	Reference:  high on the agenda are plans for greater nuclear co @-@ operation .
2026-05-12 01:57:38,950 - INFO - joeynmt.training - 	Hypothesis: plans for a strong technical cooperation are based on the agenda .
2026-05-12 01:57:38,950 - INFO - joeynmt.training - Example #4
2026-05-12 01:57:38,950 - DEBUG - joeynmt.training - 	Tokenized source:     ['Berich@@', 'ten', 'zu@@', 'fol@@', 'ge', 'ho@@', 'fft', 'Indi@@', 'en', 'darüber', 'hinaus', 'auf', 'einen', 'Ver@@', 'trag', 'zur', 'Ver@@', 'tei@@', 'dig@@', 'ungs@@', 'zusammen@@', 'arbeit', 'zwischen', 'den', 'beiden', 'N@@', 'ationen', '.']
2026-05-12 01:57:38,950 - DEBUG - joeynmt.training - 	Tokenized reference:  ['Indi@@', 'a', 'is', 'also', 're@@', 'porte@@', 'dly', 'hop@@', 'ing', 'for', 'a', 'de@@', 'al', 'on', 'def@@', 'ence', 'c@@', 'oll@@', 'ab@@', 'or@@', 'ation', 'between', 'the', 'two', 'n@@', 'ations', '.']
2026-05-12 01:57:38,950 - DEBUG - joeynmt.training - 	Tokenized hypothesis: ['re@@', 'ports', 'are', 'also', 'hop@@', 'ing', 'of', 'Indi@@', 'a', ',', 'in', 'order', 'to', 'def@@', 'end', 'cooperation', 'between', 'the', 'two', 'N@@', 'ations', '.', '</s>']
2026-05-12 01:57:38,950 - INFO - joeynmt.training - 	Source:     Berichten zufolge hofft Indien darüber hinaus auf einen Vertrag zur Verteidigungszusammenarbeit zwischen den beiden Nationen .
2026-05-12 01:57:38,950 - INFO - joeynmt.training - 	Reference:  India is also reportedly hoping for a deal on defence collaboration between the two nations .
2026-05-12 01:57:38,950 - INFO - joeynmt.training - 	Hypothesis: reports are also hoping of India , in order to defend cooperation between the two Nations .
2026-05-12 01:58:04,488 - INFO - joeynmt.training - Epoch   8, Step:    32100, Batch Loss:     1.683522, Batch Acc: 0.519704, Tokens per Sec:     3559, Lr: 0.000300
2026-05-12 01:58:30,637 - INFO - joeynmt.training - Epoch   8, Step:    32200, Batch Loss:     1.881236, Batch Acc: 0.514591, Tokens per Sec:     3512, Lr: 0.000300
2026-05-12 01:58:56,496 - INFO - joeynmt.training - Epoch   8, Step:    32300, Batch Loss:     1.570212, Batch Acc: 0.513671, Tokens per Sec:     3557, Lr: 0.000300
2026-05-12 01:59:22,433 - INFO - joeynmt.training - Epoch   8, Step:    32400, Batch Loss:     1.667446, Batch Acc: 0.518094, Tokens per Sec:     3466, Lr: 0.000300
2026-05-12 01:59:48,490 - INFO - joeynmt.training - Epoch   8, Step:    32500, Batch Loss:     1.701510, Batch Acc: 0.523879, Tokens per Sec:     3448, Lr: 0.000300
2026-05-12 01:59:48,493 - INFO - joeynmt.prediction - Predicting 500 example(s)... (Greedy decoding with min_output_length=1, max_output_length=-1, return_prob='none', generate_unk=True, repetition_penalty=-1, no_repeat_ngram_size=-1)
2026-05-12 02:00:23,829 - INFO - joeynmt.prediction - Evaluation result (greedy) loss:   2.15, ppl:   8.54, acc:   0.45, generation: 35.3273[sec], evaluation: 0.0000[sec]
2026-05-12 02:00:23,833 - INFO - joeynmt.training - Hooray! New best validation result [ppl]!
2026-05-12 02:00:23,999 - INFO - joeynmt.helpers - delete models/deen_transformer_post/30000.ckpt
2026-05-12 02:00:24,005 - INFO - joeynmt.training - Example #0
2026-05-12 02:00:24,005 - DEBUG - joeynmt.training - 	Tokenized source:     ['die', 'Pre@@', 'mi@@', 'er@@', 'minist@@', 'er', 'Indi@@', 'ens', 'und', 'J@@', 'ap@@', 'ans', 'tra@@', 'fen', 'sich', 'in', 'T@@', 'ok@@', 'i@@', 'o', '.']
2026-05-12 02:00:24,005 - DEBUG - joeynmt.training - 	Tokenized reference:  ['Indi@@', 'a', 'and', 'J@@', 'ap@@', 'an', 'pri@@', 'me', 'minist@@', 'ers', 'me@@', 'et', 'in', 'T@@', 'ok@@', 'y@@', 'o']
2026-05-12 02:00:24,005 - DEBUG - joeynmt.training - 	Tokenized hypothesis: ['the', 'Pri@@', 'me', 'Minist@@', 'er', 'Indi@@', 'a', 'and', 'J@@', 'ap@@', 'an', ',', 'in', 'T@@', 'ok@@', 'y@@', 'o', '.', '</s>']
2026-05-12 02:00:24,005 - INFO - joeynmt.training - 	Source:     die Premierminister Indiens und Japans trafen sich in Tokio .
2026-05-12 02:00:24,005 - INFO - joeynmt.training - 	Reference:  India and Japan prime ministers meet in Tokyo
2026-05-12 02:00:24,005 - INFO - joeynmt.training - 	Hypothesis: the Prime Minister India and Japan , in Tokyo .
2026-05-12 02:00:24,005 - INFO - joeynmt.training - Example #1
2026-05-12 02:00:24,005 - DEBUG - joeynmt.training - 	Tokenized source:     ['Indi@@', 'ens', 'neu@@', 'er', 'Pre@@', 'mi@@', 'er@@', 'minist@@', 'er', 'N@@', 'ar@@', 'end@@', 'ra', 'Mo@@', 'd@@', 'i', 'tri@@', 'fft', 'bei', 's@@', 'einem', 'ersten', 'wichti@@', 'gen', 'Aus@@', 'land@@', 's@@', 'bes@@', 'u@@', 'ch', 'seit', 's@@', 'einem', 'W@@', 'ah@@', 'l@@', 'si@@', 'e@@', 'g', 'im', 'Ma@@', 'i', 'seinen', 'j@@', 'ap@@', 'an@@', 'ischen', 'Am@@', 'ts@@', 'k@@', 'olle@@', 'gen', 'S@@', 'hin@@', 'z@@', 'o', 'A@@', 'be', 'in', 'T@@', 'ok@@', 'o', ',', 'um', 'wirtschaf@@', 'tliche', 'und', 'sicher@@', 'heits@@', 'politische', 'Be@@', 'zieh@@', 'ungen', 'zu', 'bes@@', 'pre@@', 'chen', '.']
2026-05-12 02:00:24,005 - DEBUG - joeynmt.training - 	Tokenized reference:  ['Indi@@', 'a', '&apos;s', 'new', 'pri@@', 'me', 'minist@@', 'er', ',', 'N@@', 'ar@@', 'end@@', 'ra', 'Mo@@', 'd@@', 'i', ',', 'is', 'me@@', 'eting', 'his', 'J@@', 'ap@@', 'an@@', 'ese', 'coun@@', 'ter@@', 'part', ',', 'S@@', 'hin@@', 'z@@', 'o', 'A@@', 'be', ',', 'in', 'T@@', 'ok@@', 'y@@', 'o', 'to', 'disc@@', 'uss', 'economic', 'and', 'security', 'ties', ',', 'on', 'his', 'first', 'major', 'fore@@', 'ign', 'visi@@', 't', 'since', 'w@@', 'inn@@', 'ing', 'Ma@@', 'y', '&apos;s', 'elec@@', 'tion', '.']
2026-05-12 02:00:24,005 - DEBUG - joeynmt.training - 	Tokenized hypothesis: ['Indi@@', 'a', ',', 'S@@', 'hin@@', 'e', 'N@@', 'ar@@', 'd@@', 'ra', 'Mo@@', 'd@@', 'i', 'is', 'a', 'first', 'ste@@', 'p', 'in', 'its', 'first', 'important', 'fore@@', 'ign', 'fore@@', 'ign', 'for@@', 'ces', 'for', 'his', 'first', 'ex@@', 'tra@@', 'ordin@@', 'ary', 'ex@@', 'clu@@', 'si@@', 'vely', 'in', 'Ma@@', 'y', ',', 'in', 'Ma@@', 'y', ',', 'in', 'order', 'to', 're@@', 'present', 'its', 'first', 'sign@@', 'ific@@', 'ant', 'sp@@', 'ace', 'in', 'T@@', 'ok@@', 'o', 'A@@', 'be', ',', 'in', 'order', 'to', 're@@', 'present', 'in', 'T@@', 'ok@@', 'o', '.', '</s>']
2026-05-12 02:00:24,006 - INFO - joeynmt.training - 	Source:     Indiens neuer Premierminister Narendra Modi trifft bei seinem ersten wichtigen Auslandsbesuch seit seinem Wahlsieg im Mai seinen japanischen Amtskollegen Shinzo Abe in Toko , um wirtschaftliche und sicherheitspolitische Beziehungen zu besprechen .
2026-05-12 02:00:24,006 - INFO - joeynmt.training - 	Reference:  India &apos;s new prime minister , Narendra Modi , is meeting his Japanese counterpart , Shinzo Abe , in Tokyo to discuss economic and security ties , on his first major foreign visit since winning May &apos;s election .
2026-05-12 02:00:24,006 - INFO - joeynmt.training - 	Hypothesis: India , Shine Nardra Modi is a first step in its first important foreign foreign forces for his first extraordinary exclusively in May , in May , in order to represent its first significant space in Toko Abe , in order to represent in Toko .
2026-05-12 02:00:24,006 - INFO - joeynmt.training - Example #2
2026-05-12 02:00:24,006 - DEBUG - joeynmt.training - 	Tokenized source:     ['Herr', 'Mo@@', 'd@@', 'i', 'befindet', 'sich', 'auf', 'einer', 'fü@@', 'n@@', 'f@@', 'tä@@', 'gi@@', 'gen', 'Rei@@', 'se', 'nach', 'J@@', 'ap@@', 'an', ',', 'um', 'die', 'wirtschaf@@', 'tlichen', 'Be@@', 'zieh@@', 'ungen', 'mit', 'der', 'd@@', 'rit@@', 't@@', 'größ@@', 'ten', 'Wirtschafts@@', 'n@@', 'ation', 'der', 'Welt', 'zu', 'fes@@', 'tigen', '.']
2026-05-12 02:00:24,006 - DEBUG - joeynmt.training - 	Tokenized reference:  ['Mr', 'Mo@@', 'd@@', 'i', 'is', 'on', 'a', 'fi@@', 've', '@@@', '-@@', '@', 'day', 'tri@@', 'p', 'to', 'J@@', 'ap@@', 'an', 'to', 'streng@@', 'then', 'economic', 'ties', 'with', 'the', 'third', 'lar@@', 'ges@@', 't', 'econom@@', 'y', 'in', 'the', 'world', '.']
2026-05-12 02:00:24,006 - DEBUG - joeynmt.training - 	Tokenized hypothesis: ['Mr', 'Mo@@', 'd@@', 'i', 'is', 'a', 'fi@@', 'f@@', 'ty', 't@@', 'ou@@', 'ri@@', 'sts', 'to', 'J@@', 'ap@@', 'an', 'to', 'J@@', 'ap@@', 'an', 'to', 'take', 'the', 'economic', 'rel@@', 'ations', 'with', 'the', 'd@@', 'rit@@', 'ory', 'of', 'the', 'world', '.', '</s>']
2026-05-12 02:00:24,006 - INFO - joeynmt.training - 	Source:     Herr Modi befindet sich auf einer fünftägigen Reise nach Japan , um die wirtschaftlichen Beziehungen mit der drittgrößten Wirtschaftsnation der Welt zu festigen .
2026-05-12 02:00:24,006 - INFO - joeynmt.training - 	Reference:  Mr Modi is on a five @-@ day trip to Japan to strengthen economic ties with the third largest economy in the world .
2026-05-12 02:00:24,006 - INFO - joeynmt.training - 	Hypothesis: Mr Modi is a fifty tourists to Japan to Japan to take the economic relations with the dritory of the world .
2026-05-12 02:00:24,006 - INFO - joeynmt.training - Example #3
2026-05-12 02:00:24,006 - DEBUG - joeynmt.training - 	Tokenized source:     ['P@@', 'län@@', 'e', 'für', 'eine', 'stärk@@', 'ere', 'k@@', 'ern@@', 'techn@@', 'ische', 'Zusammenarbeit', 'stehen', 'ganz', 'ob@@', 'en', 'auf', 'der', 'Tag@@', 'es@@', 'ordnung', '.']
2026-05-12 02:00:24,006 - DEBUG - joeynmt.training - 	Tokenized reference:  ['high', 'on', 'the', 'agen@@', 'da', 'are', 'pl@@', 'ans', 'for', 'gre@@', 'ater', 'nu@@', 'clear', 'c@@', 'o', '@@@', '-@@', '@', 'operation', '.']
2026-05-12 02:00:24,006 - DEBUG - joeynmt.training - 	Tokenized hypothesis: ['pl@@', 'ans', 'for', 'more', 'more', 'str@@', 'on@@', 'ger', 'nu@@', 'clear', 'techn@@', 'ical', 'cooperation', '.', '</s>']
2026-05-12 02:00:24,006 - INFO - joeynmt.training - 	Source:     Pläne für eine stärkere kerntechnische Zusammenarbeit stehen ganz oben auf der Tagesordnung .
2026-05-12 02:00:24,006 - INFO - joeynmt.training - 	Reference:  high on the agenda are plans for greater nuclear co @-@ operation .
2026-05-12 02:00:24,006 - INFO - joeynmt.training - 	Hypothesis: plans for more more stronger nuclear technical cooperation .
2026-05-12 02:00:24,007 - INFO - joeynmt.training - Example #4
2026-05-12 02:00:24,007 - DEBUG - joeynmt.training - 	Tokenized source:     ['Berich@@', 'ten', 'zu@@', 'fol@@', 'ge', 'ho@@', 'fft', 'Indi@@', 'en', 'darüber', 'hinaus', 'auf', 'einen', 'Ver@@', 'trag', 'zur', 'Ver@@', 'tei@@', 'dig@@', 'ungs@@', 'zusammen@@', 'arbeit', 'zwischen', 'den', 'beiden', 'N@@', 'ationen', '.']
2026-05-12 02:00:24,007 - DEBUG - joeynmt.training - 	Tokenized reference:  ['Indi@@', 'a', 'is', 'also', 're@@', 'porte@@', 'dly', 'hop@@', 'ing', 'for', 'a', 'de@@', 'al', 'on', 'def@@', 'ence', 'c@@', 'oll@@', 'ab@@', 'or@@', 'ation', 'between', 'the', 'two', 'n@@', 'ations', '.']
2026-05-12 02:00:24,007 - DEBUG - joeynmt.training - 	Tokenized hypothesis: ['mo@@', 're@@', 'over', ',', 'Indi@@', 'a', 'is', 'also', 'based', 'on', 'a', 'con@@', 'stitu@@', 'tional', 'con@@', 'stitu@@', 'te', 'cooperation', 'between', 'the', 'two', 'N@@', 'ations', '.', '</s>']
2026-05-12 02:00:24,007 - INFO - joeynmt.training - 	Source:     Berichten zufolge hofft Indien darüber hinaus auf einen Vertrag zur Verteidigungszusammenarbeit zwischen den beiden Nationen .
2026-05-12 02:00:24,007 - INFO - joeynmt.training - 	Reference:  India is also reportedly hoping for a deal on defence collaboration between the two nations .
2026-05-12 02:00:24,007 - INFO - joeynmt.training - 	Hypothesis: moreover , India is also based on a constitutional constitute cooperation between the two Nations .
2026-05-12 02:00:30,523 - INFO - joeynmt.training - Epoch   8: total training loss 7229.68
2026-05-12 02:00:30,524 - INFO - joeynmt.training - EPOCH 9
2026-05-12 02:00:49,680 - INFO - joeynmt.training - Epoch   9, Step:    32600, Batch Loss:     1.797832, Batch Acc: 0.533018, Tokens per Sec:     3503, Lr: 0.000300
2026-05-12 02:01:15,821 - INFO - joeynmt.training - Epoch   9, Step:    32700, Batch Loss:     1.796100, Batch Acc: 0.530351, Tokens per Sec:     3541, Lr: 0.000300
2026-05-12 02:01:42,197 - INFO - joeynmt.training - Epoch   9, Step:    32800, Batch Loss:     1.704776, Batch Acc: 0.522449, Tokens per Sec:     3508, Lr: 0.000300
2026-05-12 02:02:08,210 - INFO - joeynmt.training - Epoch   9, Step:    32900, Batch Loss:     1.701305, Batch Acc: 0.526748, Tokens per Sec:     3544, Lr: 0.000300
2026-05-12 02:02:34,333 - INFO - joeynmt.training - Epoch   9, Step:    33000, Batch Loss:     1.638164, Batch Acc: 0.531337, Tokens per Sec:     3535, Lr: 0.000300
2026-05-12 02:02:34,334 - INFO - joeynmt.prediction - Predicting 500 example(s)... (Greedy decoding with min_output_length=1, max_output_length=-1, return_prob='none', generate_unk=True, repetition_penalty=-1, no_repeat_ngram_size=-1)
2026-05-12 02:03:15,641 - INFO - joeynmt.prediction - Evaluation result (greedy) loss:   2.15, ppl:   8.59, acc:   0.45, generation: 41.2978[sec], evaluation: 0.0000[sec]
2026-05-12 02:03:15,950 - INFO - joeynmt.helpers - delete models/deen_transformer_post/30500.ckpt
2026-05-12 02:03:15,960 - INFO - joeynmt.training - Example #0
2026-05-12 02:03:15,961 - DEBUG - joeynmt.training - 	Tokenized source:     ['die', 'Pre@@', 'mi@@', 'er@@', 'minist@@', 'er', 'Indi@@', 'ens', 'und', 'J@@', 'ap@@', 'ans', 'tra@@', 'fen', 'sich', 'in', 'T@@', 'ok@@', 'i@@', 'o', '.']
2026-05-12 02:03:15,961 - DEBUG - joeynmt.training - 	Tokenized reference:  ['Indi@@', 'a', 'and', 'J@@', 'ap@@', 'an', 'pri@@', 'me', 'minist@@', 'ers', 'me@@', 'et', 'in', 'T@@', 'ok@@', 'y@@', 'o']
2026-05-12 02:03:15,961 - DEBUG - joeynmt.training - 	Tokenized hypothesis: ['the', 'Pri@@', 'me', 'Minist@@', 'er', 'of', 'Indi@@', 'a', 'and', 'J@@', 'ap@@', 'an', '&apos;s', 'Pri@@', 'me', 'Minist@@', 'er', 'and', 'J@@', 'ap@@', 'an', '.', '</s>']
2026-05-12 02:03:15,961 - INFO - joeynmt.training - 	Source:     die Premierminister Indiens und Japans trafen sich in Tokio .
2026-05-12 02:03:15,961 - INFO - joeynmt.training - 	Reference:  India and Japan prime ministers meet in Tokyo
2026-05-12 02:03:15,961 - INFO - joeynmt.training - 	Hypothesis: the Prime Minister of India and Japan &apos;s Prime Minister and Japan .
2026-05-12 02:03:15,961 - INFO - joeynmt.training - Example #1
2026-05-12 02:03:15,961 - DEBUG - joeynmt.training - 	Tokenized source:     ['Indi@@', 'ens', 'neu@@', 'er', 'Pre@@', 'mi@@', 'er@@', 'minist@@', 'er', 'N@@', 'ar@@', 'end@@', 'ra', 'Mo@@', 'd@@', 'i', 'tri@@', 'fft', 'bei', 's@@', 'einem', 'ersten', 'wichti@@', 'gen', 'Aus@@', 'land@@', 's@@', 'bes@@', 'u@@', 'ch', 'seit', 's@@', 'einem', 'W@@', 'ah@@', 'l@@', 'si@@', 'e@@', 'g', 'im', 'Ma@@', 'i', 'seinen', 'j@@', 'ap@@', 'an@@', 'ischen', 'Am@@', 'ts@@', 'k@@', 'olle@@', 'gen', 'S@@', 'hin@@', 'z@@', 'o', 'A@@', 'be', 'in', 'T@@', 'ok@@', 'o', ',', 'um', 'wirtschaf@@', 'tliche', 'und', 'sicher@@', 'heits@@', 'politische', 'Be@@', 'zieh@@', 'ungen', 'zu', 'bes@@', 'pre@@', 'chen', '.']
2026-05-12 02:03:15,962 - DEBUG - joeynmt.training - 	Tokenized reference:  ['Indi@@', 'a', '&apos;s', 'new', 'pri@@', 'me', 'minist@@', 'er', ',', 'N@@', 'ar@@', 'end@@', 'ra', 'Mo@@', 'd@@', 'i', ',', 'is', 'me@@', 'eting', 'his', 'J@@', 'ap@@', 'an@@', 'ese', 'coun@@', 'ter@@', 'part', ',', 'S@@', 'hin@@', 'z@@', 'o', 'A@@', 'be', ',', 'in', 'T@@', 'ok@@', 'y@@', 'o', 'to', 'disc@@', 'uss', 'economic', 'and', 'security', 'ties', ',', 'on', 'his', 'first', 'major', 'fore@@', 'ign', 'visi@@', 't', 'since', 'w@@', 'inn@@', 'ing', 'Ma@@', 'y', '&apos;s', 'elec@@', 'tion', '.']
2026-05-12 02:03:15,962 - DEBUG - joeynmt.training - 	Tokenized hypothesis: ['Indi@@', 'a', '&apos;s', 'new', 'Pri@@', 'me', 'Minist@@', 'er', 'N@@', 'ar@@', 'end@@', 'ra', 'Mo@@', 'd@@', 'i', ',', 'in', 'his', 'first', 'first', 'ch@@', 'ec@@', 'ks', ',', 'in', 'his', 'first', 'place', ',', 'in', 'Ma@@', 'y', ',', 'in', 'Ma@@', 'y', ',', 'the', 'first', 'time', ',', 'the', 'S@@', 'hin@@', 'e', 'S@@', 'hin@@', 'e', 'his', 'first', 'time', 'in', 'Ma@@', 'y', ',', 'in', 'T@@', 'ok@@', 'o', ',', 'in', 'order', 'to', 're@@', 'present', 'its', 'economic', 'and', 'security', '.', '</s>']
2026-05-12 02:03:15,962 - INFO - joeynmt.training - 	Source:     Indiens neuer Premierminister Narendra Modi trifft bei seinem ersten wichtigen Auslandsbesuch seit seinem Wahlsieg im Mai seinen japanischen Amtskollegen Shinzo Abe in Toko , um wirtschaftliche und sicherheitspolitische Beziehungen zu besprechen .
2026-05-12 02:03:15,962 - INFO - joeynmt.training - 	Reference:  India &apos;s new prime minister , Narendra Modi , is meeting his Japanese counterpart , Shinzo Abe , in Tokyo to discuss economic and security ties , on his first major foreign visit since winning May &apos;s election .
2026-05-12 02:03:15,962 - INFO - joeynmt.training - 	Hypothesis: India &apos;s new Prime Minister Narendra Modi , in his first first checks , in his first place , in May , in May , the first time , the Shine Shine his first time in May , in Toko , in order to represent its economic and security .
2026-05-12 02:03:15,962 - INFO - joeynmt.training - Example #2
2026-05-12 02:03:15,962 - DEBUG - joeynmt.training - 	Tokenized source:     ['Herr', 'Mo@@', 'd@@', 'i', 'befindet', 'sich', 'auf', 'einer', 'fü@@', 'n@@', 'f@@', 'tä@@', 'gi@@', 'gen', 'Rei@@', 'se', 'nach', 'J@@', 'ap@@', 'an', ',', 'um', 'die', 'wirtschaf@@', 'tlichen', 'Be@@', 'zieh@@', 'ungen', 'mit', 'der', 'd@@', 'rit@@', 't@@', 'größ@@', 'ten', 'Wirtschafts@@', 'n@@', 'ation', 'der', 'Welt', 'zu', 'fes@@', 'tigen', '.']
2026-05-12 02:03:15,962 - DEBUG - joeynmt.training - 	Tokenized reference:  ['Mr', 'Mo@@', 'd@@', 'i', 'is', 'on', 'a', 'fi@@', 've', '@@@', '-@@', '@', 'day', 'tri@@', 'p', 'to', 'J@@', 'ap@@', 'an', 'to', 'streng@@', 'then', 'economic', 'ties', 'with', 'the', 'third', 'lar@@', 'ges@@', 't', 'econom@@', 'y', 'in', 'the', 'world', '.']
2026-05-12 02:03:15,962 - DEBUG - joeynmt.training - 	Tokenized hypothesis: ['Mr', 'Mo@@', 'd@@', 'i', 'is', 'a', 'fi@@', 'f@@', 'ty', 'tra@@', 'v@@', 'el', 'to', 'J@@', 'ap@@', 'an', 'to', 'J@@', 'ap@@', 'an', 'to', 'J@@', 'ap@@', 'an', 'Mo@@', 'd@@', 'i', 'is', 'a', 'fi@@', 'f@@', 'th', 'lar@@', 'al', 'economic', 'rel@@', 'ations', 'with', 'the', 'third', 'lar@@', 'ges@@', 't', 'economic', 'rel@@', 'ations', 'with', 'the', 'third', 'lar@@', 'ges@@', 't', 'economic', 'rel@@', 'ations', '.', '</s>']
2026-05-12 02:03:15,962 - INFO - joeynmt.training - 	Source:     Herr Modi befindet sich auf einer fünftägigen Reise nach Japan , um die wirtschaftlichen Beziehungen mit der drittgrößten Wirtschaftsnation der Welt zu festigen .
2026-05-12 02:03:15,962 - INFO - joeynmt.training - 	Reference:  Mr Modi is on a five @-@ day trip to Japan to strengthen economic ties with the third largest economy in the world .
2026-05-12 02:03:15,962 - INFO - joeynmt.training - 	Hypothesis: Mr Modi is a fifty travel to Japan to Japan to Japan Modi is a fifth laral economic relations with the third largest economic relations with the third largest economic relations .
2026-05-12 02:03:15,962 - INFO - joeynmt.training - Example #3
2026-05-12 02:03:15,963 - DEBUG - joeynmt.training - 	Tokenized source:     ['P@@', 'län@@', 'e', 'für', 'eine', 'stärk@@', 'ere', 'k@@', 'ern@@', 'techn@@', 'ische', 'Zusammenarbeit', 'stehen', 'ganz', 'ob@@', 'en', 'auf', 'der', 'Tag@@', 'es@@', 'ordnung', '.']
2026-05-12 02:03:15,963 - DEBUG - joeynmt.training - 	Tokenized reference:  ['high', 'on', 'the', 'agen@@', 'da', 'are', 'pl@@', 'ans', 'for', 'gre@@', 'ater', 'nu@@', 'clear', 'c@@', 'o', '@@@', '-@@', '@', 'operation', '.']
2026-05-12 02:03:15,963 - DEBUG - joeynmt.training - 	Tokenized hypothesis: ['pl@@', 'ans', 'for', 'gre@@', 'ater', 'nu@@', 'clear', 'cooperation', 'is', 'at', 'the', 'agen@@', 'da', '.', '</s>']
2026-05-12 02:03:15,963 - INFO - joeynmt.training - 	Source:     Pläne für eine stärkere kerntechnische Zusammenarbeit stehen ganz oben auf der Tagesordnung .
2026-05-12 02:03:15,963 - INFO - joeynmt.training - 	Reference:  high on the agenda are plans for greater nuclear co @-@ operation .
2026-05-12 02:03:15,963 - INFO - joeynmt.training - 	Hypothesis: plans for greater nuclear cooperation is at the agenda .
2026-05-12 02:03:15,963 - INFO - joeynmt.training - Example #4
2026-05-12 02:03:15,963 - DEBUG - joeynmt.training - 	Tokenized source:     ['Berich@@', 'ten', 'zu@@', 'fol@@', 'ge', 'ho@@', 'fft', 'Indi@@', 'en', 'darüber', 'hinaus', 'auf', 'einen', 'Ver@@', 'trag', 'zur', 'Ver@@', 'tei@@', 'dig@@', 'ungs@@', 'zusammen@@', 'arbeit', 'zwischen', 'den', 'beiden', 'N@@', 'ationen', '.']
2026-05-12 02:03:15,963 - DEBUG - joeynmt.training - 	Tokenized reference:  ['Indi@@', 'a', 'is', 'also', 're@@', 'porte@@', 'dly', 'hop@@', 'ing', 'for', 'a', 'de@@', 'al', 'on', 'def@@', 'ence', 'c@@', 'oll@@', 'ab@@', 'or@@', 'ation', 'between', 'the', 'two', 'n@@', 'ations', '.']
2026-05-12 02:03:15,963 - DEBUG - joeynmt.training - 	Tokenized hypothesis: ['mo@@', 're@@', 'over', ',', 'Indi@@', 'a', ',', 're@@', 'ports', 'on', 'a', 'con@@', 'stitu@@', 'tional', 'cooperation', 'between', 'the', 'two', 'N@@', 'ations', '.', '</s>']
2026-05-12 02:03:15,963 - INFO - joeynmt.training - 	Source:     Berichten zufolge hofft Indien darüber hinaus auf einen Vertrag zur Verteidigungszusammenarbeit zwischen den beiden Nationen .
2026-05-12 02:03:15,963 - INFO - joeynmt.training - 	Reference:  India is also reportedly hoping for a deal on defence collaboration between the two nations .
2026-05-12 02:03:15,963 - INFO - joeynmt.training - 	Hypothesis: moreover , India , reports on a constitutional cooperation between the two Nations .
2026-05-12 02:03:43,902 - INFO - joeynmt.training - Epoch   9, Step:    33100, Batch Loss:     1.813139, Batch Acc: 0.528605, Tokens per Sec:     3292, Lr: 0.000300
2026-05-12 02:04:10,039 - INFO - joeynmt.training - Epoch   9, Step:    33200, Batch Loss:     1.665110, Batch Acc: 0.531082, Tokens per Sec:     3451, Lr: 0.000300
2026-05-12 02:04:36,567 - INFO - joeynmt.training - Epoch   9, Step:    33300, Batch Loss:     1.708902, Batch Acc: 0.528136, Tokens per Sec:     3502, Lr: 0.000300
2026-05-12 02:05:03,182 - INFO - joeynmt.training - Epoch   9, Step:    33400, Batch Loss:     1.711684, Batch Acc: 0.527259, Tokens per Sec:     3458, Lr: 0.000300
2026-05-12 02:05:30,341 - INFO - joeynmt.training - Epoch   9, Step:    33500, Batch Loss:     1.576703, Batch Acc: 0.528608, Tokens per Sec:     3430, Lr: 0.000300
2026-05-12 02:05:30,342 - INFO - joeynmt.prediction - Predicting 500 example(s)... (Greedy decoding with min_output_length=1, max_output_length=-1, return_prob='none', generate_unk=True, repetition_penalty=-1, no_repeat_ngram_size=-1)
2026-05-12 02:06:09,248 - INFO - joeynmt.prediction - Evaluation result (greedy) loss:   2.15, ppl:   8.59, acc:   0.45, generation: 38.8977[sec], evaluation: 0.0000[sec]
2026-05-12 02:06:09,407 - INFO - joeynmt.helpers - delete models/deen_transformer_post/31000.ckpt
2026-05-12 02:06:09,415 - INFO - joeynmt.training - Example #0
2026-05-12 02:06:09,415 - DEBUG - joeynmt.training - 	Tokenized source:     ['die', 'Pre@@', 'mi@@', 'er@@', 'minist@@', 'er', 'Indi@@', 'ens', 'und', 'J@@', 'ap@@', 'ans', 'tra@@', 'fen', 'sich', 'in', 'T@@', 'ok@@', 'i@@', 'o', '.']
2026-05-12 02:06:09,415 - DEBUG - joeynmt.training - 	Tokenized reference:  ['Indi@@', 'a', 'and', 'J@@', 'ap@@', 'an', 'pri@@', 'me', 'minist@@', 'ers', 'me@@', 'et', 'in', 'T@@', 'ok@@', 'y@@', 'o']
2026-05-12 02:06:09,415 - DEBUG - joeynmt.training - 	Tokenized hypothesis: ['the', 'Pri@@', 'me', 'Minist@@', 'er', 'Indi@@', 'a', 'and', 'J@@', 'ap@@', 'an', 'in', 'T@@', 'ok@@', 'y@@', 'o', '.', '</s>']
2026-05-12 02:06:09,415 - INFO - joeynmt.training - 	Source:     die Premierminister Indiens und Japans trafen sich in Tokio .
2026-05-12 02:06:09,415 - INFO - joeynmt.training - 	Reference:  India and Japan prime ministers meet in Tokyo
2026-05-12 02:06:09,415 - INFO - joeynmt.training - 	Hypothesis: the Prime Minister India and Japan in Tokyo .
2026-05-12 02:06:09,415 - INFO - joeynmt.training - Example #1
2026-05-12 02:06:09,415 - DEBUG - joeynmt.training - 	Tokenized source:     ['Indi@@', 'ens', 'neu@@', 'er', 'Pre@@', 'mi@@', 'er@@', 'minist@@', 'er', 'N@@', 'ar@@', 'end@@', 'ra', 'Mo@@', 'd@@', 'i', 'tri@@', 'fft', 'bei', 's@@', 'einem', 'ersten', 'wichti@@', 'gen', 'Aus@@', 'land@@', 's@@', 'bes@@', 'u@@', 'ch', 'seit', 's@@', 'einem', 'W@@', 'ah@@', 'l@@', 'si@@', 'e@@', 'g', 'im', 'Ma@@', 'i', 'seinen', 'j@@', 'ap@@', 'an@@', 'ischen', 'Am@@', 'ts@@', 'k@@', 'olle@@', 'gen', 'S@@', 'hin@@', 'z@@', 'o', 'A@@', 'be', 'in', 'T@@', 'ok@@', 'o', ',', 'um', 'wirtschaf@@', 'tliche', 'und', 'sicher@@', 'heits@@', 'politische', 'Be@@', 'zieh@@', 'ungen', 'zu', 'bes@@', 'pre@@', 'chen', '.']
2026-05-12 02:06:09,416 - DEBUG - joeynmt.training - 	Tokenized reference:  ['Indi@@', 'a', '&apos;s', 'new', 'pri@@', 'me', 'minist@@', 'er', ',', 'N@@', 'ar@@', 'end@@', 'ra', 'Mo@@', 'd@@', 'i', ',', 'is', 'me@@', 'eting', 'his', 'J@@', 'ap@@', 'an@@', 'ese', 'coun@@', 'ter@@', 'part', ',', 'S@@', 'hin@@', 'z@@', 'o', 'A@@', 'be', ',', 'in', 'T@@', 'ok@@', 'y@@', 'o', 'to', 'disc@@', 'uss', 'economic', 'and', 'security', 'ties', ',', 'on', 'his', 'first', 'major', 'fore@@', 'ign', 'visi@@', 't', 'since', 'w@@', 'inn@@', 'ing', 'Ma@@', 'y', '&apos;s', 'elec@@', 'tion', '.']
2026-05-12 02:06:09,416 - DEBUG - joeynmt.training - 	Tokenized hypothesis: ['Indi@@', 'a', '&apos;s', '&apos;s', 'new', 'Pri@@', 'me', 'Minist@@', 'er', 'N@@', 'ar@@', 'end@@', 'ra', 'Mo@@', 'd@@', 'i', 'is', 'a', 'first', 'important', 'fore@@', 'ign', 'fore@@', 'ign', 'fore@@', 'ign', 'fore@@', 'ign', 'fore@@', 'ign', 'fore@@', 'ign', 'fore@@', 'ign', 'fore@@', 'ign', 'fore@@', 'ign', 'fore@@', 'ign', 'fore@@', 'ign', 'minist@@', 'er', ',', 'in', 'Ma@@', 'y', ',', 'in', 'order', 'to', 'pre@@', 'p@@', 'are', 'economic', 'and', 'saf@@', 'ety', 'policy', 'rel@@', 'ations', '.', '</s>']
2026-05-12 02:06:09,416 - INFO - joeynmt.training - 	Source:     Indiens neuer Premierminister Narendra Modi trifft bei seinem ersten wichtigen Auslandsbesuch seit seinem Wahlsieg im Mai seinen japanischen Amtskollegen Shinzo Abe in Toko , um wirtschaftliche und sicherheitspolitische Beziehungen zu besprechen .
2026-05-12 02:06:09,416 - INFO - joeynmt.training - 	Reference:  India &apos;s new prime minister , Narendra Modi , is meeting his Japanese counterpart , Shinzo Abe , in Tokyo to discuss economic and security ties , on his first major foreign visit since winning May &apos;s election .
2026-05-12 02:06:09,416 - INFO - joeynmt.training - 	Hypothesis: India &apos;s &apos;s new Prime Minister Narendra Modi is a first important foreign foreign foreign foreign foreign foreign foreign foreign foreign foreign foreign minister , in May , in order to prepare economic and safety policy relations .
2026-05-12 02:06:09,416 - INFO - joeynmt.training - Example #2
2026-05-12 02:06:09,416 - DEBUG - joeynmt.training - 	Tokenized source:     ['Herr', 'Mo@@', 'd@@', 'i', 'befindet', 'sich', 'auf', 'einer', 'fü@@', 'n@@', 'f@@', 'tä@@', 'gi@@', 'gen', 'Rei@@', 'se', 'nach', 'J@@', 'ap@@', 'an', ',', 'um', 'die', 'wirtschaf@@', 'tlichen', 'Be@@', 'zieh@@', 'ungen', 'mit', 'der', 'd@@', 'rit@@', 't@@', 'größ@@', 'ten', 'Wirtschafts@@', 'n@@', 'ation', 'der', 'Welt', 'zu', 'fes@@', 'tigen', '.']
2026-05-12 02:06:09,416 - DEBUG - joeynmt.training - 	Tokenized reference:  ['Mr', 'Mo@@', 'd@@', 'i', 'is', 'on', 'a', 'fi@@', 've', '@@@', '-@@', '@', 'day', 'tri@@', 'p', 'to', 'J@@', 'ap@@', 'an', 'to', 'streng@@', 'then', 'economic', 'ties', 'with', 'the', 'third', 'lar@@', 'ges@@', 't', 'econom@@', 'y', 'in', 'the', 'world', '.']
2026-05-12 02:06:09,416 - DEBUG - joeynmt.training - 	Tokenized hypothesis: ['Mr', 'Mo@@', 'd@@', 'i', 'is', 'located', 'on', 'a', 'fi@@', 'f@@', 'ty', 'j@@', 'ap@@', 's', 'to', 'J@@', 'ap@@', 'an', 'to', 'J@@', 'ap@@', 'an', 'to', 'take', 'the', 'economic', 'rel@@', 'ations', 'with', 'the', 'd@@', 'rit@@', 'ory', 'of', 'the', 'world', '.', '</s>']
2026-05-12 02:06:09,416 - INFO - joeynmt.training - 	Source:     Herr Modi befindet sich auf einer fünftägigen Reise nach Japan , um die wirtschaftlichen Beziehungen mit der drittgrößten Wirtschaftsnation der Welt zu festigen .
2026-05-12 02:06:09,416 - INFO - joeynmt.training - 	Reference:  Mr Modi is on a five @-@ day trip to Japan to strengthen economic ties with the third largest economy in the world .
2026-05-12 02:06:09,416 - INFO - joeynmt.training - 	Hypothesis: Mr Modi is located on a fifty japs to Japan to Japan to take the economic relations with the dritory of the world .
2026-05-12 02:06:09,416 - INFO - joeynmt.training - Example #3
2026-05-12 02:06:09,416 - DEBUG - joeynmt.training - 	Tokenized source:     ['P@@', 'län@@', 'e', 'für', 'eine', 'stärk@@', 'ere', 'k@@', 'ern@@', 'techn@@', 'ische', 'Zusammenarbeit', 'stehen', 'ganz', 'ob@@', 'en', 'auf', 'der', 'Tag@@', 'es@@', 'ordnung', '.']
2026-05-12 02:06:09,416 - DEBUG - joeynmt.training - 	Tokenized reference:  ['high', 'on', 'the', 'agen@@', 'da', 'are', 'pl@@', 'ans', 'for', 'gre@@', 'ater', 'nu@@', 'clear', 'c@@', 'o', '@@@', '-@@', '@', 'operation', '.']
2026-05-12 02:06:09,416 - DEBUG - joeynmt.training - 	Tokenized hypothesis: ['pl@@', 'ans', 'for', 'gre@@', 'ater', 'nu@@', 'clear', 'cooperation', ',', 'in', 'the', 'agen@@', 'da', 'is', 'qu@@', 'ite', 'ob@@', 'vi@@', 'ously', '.', '</s>']
2026-05-12 02:06:09,416 - INFO - joeynmt.training - 	Source:     Pläne für eine stärkere kerntechnische Zusammenarbeit stehen ganz oben auf der Tagesordnung .
2026-05-12 02:06:09,417 - INFO - joeynmt.training - 	Reference:  high on the agenda are plans for greater nuclear co @-@ operation .
2026-05-12 02:06:09,417 - INFO - joeynmt.training - 	Hypothesis: plans for greater nuclear cooperation , in the agenda is quite obviously .
2026-05-12 02:06:09,417 - INFO - joeynmt.training - Example #4
2026-05-12 02:06:09,417 - DEBUG - joeynmt.training - 	Tokenized source:     ['Berich@@', 'ten', 'zu@@', 'fol@@', 'ge', 'ho@@', 'fft', 'Indi@@', 'en', 'darüber', 'hinaus', 'auf', 'einen', 'Ver@@', 'trag', 'zur', 'Ver@@', 'tei@@', 'dig@@', 'ungs@@', 'zusammen@@', 'arbeit', 'zwischen', 'den', 'beiden', 'N@@', 'ationen', '.']
2026-05-12 02:06:09,417 - DEBUG - joeynmt.training - 	Tokenized reference:  ['Indi@@', 'a', 'is', 'also', 're@@', 'porte@@', 'dly', 'hop@@', 'ing', 'for', 'a', 'de@@', 'al', 'on', 'def@@', 'ence', 'c@@', 'oll@@', 'ab@@', 'or@@', 'ation', 'between', 'the', 'two', 'n@@', 'ations', '.']
2026-05-12 02:06:09,417 - DEBUG - joeynmt.training - 	Tokenized hypothesis: ['in', 'ad@@', 'dition', ',', 'the', 're@@', 'ports', ',', 'in', 'the', 're@@', 'ports', 'on', 'def@@', 'ence', 'cooperation', 'between', 'the', 'two', 'N@@', 'ations', '.', '</s>']
2026-05-12 02:06:09,417 - INFO - joeynmt.training - 	Source:     Berichten zufolge hofft Indien darüber hinaus auf einen Vertrag zur Verteidigungszusammenarbeit zwischen den beiden Nationen .
2026-05-12 02:06:09,417 - INFO - joeynmt.training - 	Reference:  India is also reportedly hoping for a deal on defence collaboration between the two nations .
2026-05-12 02:06:09,417 - INFO - joeynmt.training - 	Hypothesis: in addition , the reports , in the reports on defence cooperation between the two Nations .
2026-05-12 02:06:35,667 - INFO - joeynmt.training - Epoch   9, Step:    33600, Batch Loss:     1.606308, Batch Acc: 0.527547, Tokens per Sec:     3441, Lr: 0.000300
2026-05-12 02:07:02,051 - INFO - joeynmt.training - Epoch   9, Step:    33700, Batch Loss:     1.646035, Batch Acc: 0.522351, Tokens per Sec:     3481, Lr: 0.000300
2026-05-12 02:07:28,826 - INFO - joeynmt.training - Epoch   9, Step:    33800, Batch Loss:     1.782161, Batch Acc: 0.523065, Tokens per Sec:     3360, Lr: 0.000300
2026-05-12 02:07:54,993 - INFO - joeynmt.training - Epoch   9, Step:    33900, Batch Loss:     1.611863, Batch Acc: 0.528288, Tokens per Sec:     3522, Lr: 0.000300
2026-05-12 02:08:21,413 - INFO - joeynmt.training - Epoch   9, Step:    34000, Batch Loss:     1.784004, Batch Acc: 0.521090, Tokens per Sec:     3486, Lr: 0.000300
2026-05-12 02:08:21,414 - INFO - joeynmt.prediction - Predicting 500 example(s)... (Greedy decoding with min_output_length=1, max_output_length=-1, return_prob='none', generate_unk=True, repetition_penalty=-1, no_repeat_ngram_size=-1)
2026-05-12 02:09:01,993 - INFO - joeynmt.prediction - Evaluation result (greedy) loss:   2.15, ppl:   8.62, acc:   0.45, generation: 40.5712[sec], evaluation: 0.0000[sec]
2026-05-12 02:09:02,264 - INFO - joeynmt.helpers - delete models/deen_transformer_post/31500.ckpt
2026-05-12 02:09:02,271 - INFO - joeynmt.training - Example #0
2026-05-12 02:09:02,271 - DEBUG - joeynmt.training - 	Tokenized source:     ['die', 'Pre@@', 'mi@@', 'er@@', 'minist@@', 'er', 'Indi@@', 'ens', 'und', 'J@@', 'ap@@', 'ans', 'tra@@', 'fen', 'sich', 'in', 'T@@', 'ok@@', 'i@@', 'o', '.']
2026-05-12 02:09:02,271 - DEBUG - joeynmt.training - 	Tokenized reference:  ['Indi@@', 'a', 'and', 'J@@', 'ap@@', 'an', 'pri@@', 'me', 'minist@@', 'ers', 'me@@', 'et', 'in', 'T@@', 'ok@@', 'y@@', 'o']
2026-05-12 02:09:02,271 - DEBUG - joeynmt.training - 	Tokenized hypothesis: ['the', 'Pri@@', 'me', 'Minist@@', 'er', 'Indi@@', 'a', 'and', 'J@@', 'ap@@', 'an', ',', 'and', 'J@@', 'ap@@', 'an', '.', '</s>']
2026-05-12 02:09:02,271 - INFO - joeynmt.training - 	Source:     die Premierminister Indiens und Japans trafen sich in Tokio .
2026-05-12 02:09:02,271 - INFO - joeynmt.training - 	Reference:  India and Japan prime ministers meet in Tokyo
2026-05-12 02:09:02,272 - INFO - joeynmt.training - 	Hypothesis: the Prime Minister India and Japan , and Japan .
2026-05-12 02:09:02,272 - INFO - joeynmt.training - Example #1
2026-05-12 02:09:02,272 - DEBUG - joeynmt.training - 	Tokenized source:     ['Indi@@', 'ens', 'neu@@', 'er', 'Pre@@', 'mi@@', 'er@@', 'minist@@', 'er', 'N@@', 'ar@@', 'end@@', 'ra', 'Mo@@', 'd@@', 'i', 'tri@@', 'fft', 'bei', 's@@', 'einem', 'ersten', 'wichti@@', 'gen', 'Aus@@', 'land@@', 's@@', 'bes@@', 'u@@', 'ch', 'seit', 's@@', 'einem', 'W@@', 'ah@@', 'l@@', 'si@@', 'e@@', 'g', 'im', 'Ma@@', 'i', 'seinen', 'j@@', 'ap@@', 'an@@', 'ischen', 'Am@@', 'ts@@', 'k@@', 'olle@@', 'gen', 'S@@', 'hin@@', 'z@@', 'o', 'A@@', 'be', 'in', 'T@@', 'ok@@', 'o', ',', 'um', 'wirtschaf@@', 'tliche', 'und', 'sicher@@', 'heits@@', 'politische', 'Be@@', 'zieh@@', 'ungen', 'zu', 'bes@@', 'pre@@', 'chen', '.']
2026-05-12 02:09:02,272 - DEBUG - joeynmt.training - 	Tokenized reference:  ['Indi@@', 'a', '&apos;s', 'new', 'pri@@', 'me', 'minist@@', 'er', ',', 'N@@', 'ar@@', 'end@@', 'ra', 'Mo@@', 'd@@', 'i', ',', 'is', 'me@@', 'eting', 'his', 'J@@', 'ap@@', 'an@@', 'ese', 'coun@@', 'ter@@', 'part', ',', 'S@@', 'hin@@', 'z@@', 'o', 'A@@', 'be', ',', 'in', 'T@@', 'ok@@', 'y@@', 'o', 'to', 'disc@@', 'uss', 'economic', 'and', 'security', 'ties', ',', 'on', 'his', 'first', 'major', 'fore@@', 'ign', 'visi@@', 't', 'since', 'w@@', 'inn@@', 'ing', 'Ma@@', 'y', '&apos;s', 'elec@@', 'tion', '.']
2026-05-12 02:09:02,272 - DEBUG - joeynmt.training - 	Tokenized hypothesis: ['Indi@@', 'a', ',', 'the', 'new', 'Pri@@', 'me', 'Minist@@', 'er', 'N@@', 'ar@@', 'end@@', 'ra', 'Mo@@', 'd@@', 'i', 'is', 'a', 'first', 'f@@', 'ar@@', 'm', 'in', 'the', 'M@@', 'ac@@', 'i@@', 'fic', '.', '</s>']
2026-05-12 02:09:02,272 - INFO - joeynmt.training - 	Source:     Indiens neuer Premierminister Narendra Modi trifft bei seinem ersten wichtigen Auslandsbesuch seit seinem Wahlsieg im Mai seinen japanischen Amtskollegen Shinzo Abe in Toko , um wirtschaftliche und sicherheitspolitische Beziehungen zu besprechen .
2026-05-12 02:09:02,272 - INFO - joeynmt.training - 	Reference:  India &apos;s new prime minister , Narendra Modi , is meeting his Japanese counterpart , Shinzo Abe , in Tokyo to discuss economic and security ties , on his first major foreign visit since winning May &apos;s election .
2026-05-12 02:09:02,272 - INFO - joeynmt.training - 	Hypothesis: India , the new Prime Minister Narendra Modi is a first farm in the Macific .
2026-05-12 02:09:02,272 - INFO - joeynmt.training - Example #2
2026-05-12 02:09:02,272 - DEBUG - joeynmt.training - 	Tokenized source:     ['Herr', 'Mo@@', 'd@@', 'i', 'befindet', 'sich', 'auf', 'einer', 'fü@@', 'n@@', 'f@@', 'tä@@', 'gi@@', 'gen', 'Rei@@', 'se', 'nach', 'J@@', 'ap@@', 'an', ',', 'um', 'die', 'wirtschaf@@', 'tlichen', 'Be@@', 'zieh@@', 'ungen', 'mit', 'der', 'd@@', 'rit@@', 't@@', 'größ@@', 'ten', 'Wirtschafts@@', 'n@@', 'ation', 'der', 'Welt', 'zu', 'fes@@', 'tigen', '.']
2026-05-12 02:09:02,272 - DEBUG - joeynmt.training - 	Tokenized reference:  ['Mr', 'Mo@@', 'd@@', 'i', 'is', 'on', 'a', 'fi@@', 've', '@@@', '-@@', '@', 'day', 'tri@@', 'p', 'to', 'J@@', 'ap@@', 'an', 'to', 'streng@@', 'then', 'economic', 'ties', 'with', 'the', 'third', 'lar@@', 'ges@@', 't', 'econom@@', 'y', 'in', 'the', 'world', '.']
2026-05-12 02:09:02,272 - DEBUG - joeynmt.training - 	Tokenized hypothesis: ['Mr', 'Mo@@', 'd@@', 'i', 'is', 'a', 'fi@@', 'f@@', 'ty', 'tra@@', 'v@@', 'el', 'to', 'J@@', 'ap@@', 'an', 'to', 'J@@', 'ap@@', 'an', 'to', 'J@@', 'ap@@', 'an', 'to', 'take', 'place', 'the', 'world', '&apos;s', 'economic', 'rel@@', 'ations', 'with', 'the', 'third', 'lar@@', 'ges@@', 't', 'economic', 'rel@@', 'ations', '.', '</s>']
2026-05-12 02:09:02,272 - INFO - joeynmt.training - 	Source:     Herr Modi befindet sich auf einer fünftägigen Reise nach Japan , um die wirtschaftlichen Beziehungen mit der drittgrößten Wirtschaftsnation der Welt zu festigen .
2026-05-12 02:09:02,272 - INFO - joeynmt.training - 	Reference:  Mr Modi is on a five @-@ day trip to Japan to strengthen economic ties with the third largest economy in the world .
2026-05-12 02:09:02,272 - INFO - joeynmt.training - 	Hypothesis: Mr Modi is a fifty travel to Japan to Japan to Japan to take place the world &apos;s economic relations with the third largest economic relations .
2026-05-12 02:09:02,272 - INFO - joeynmt.training - Example #3
2026-05-12 02:09:02,273 - DEBUG - joeynmt.training - 	Tokenized source:     ['P@@', 'län@@', 'e', 'für', 'eine', 'stärk@@', 'ere', 'k@@', 'ern@@', 'techn@@', 'ische', 'Zusammenarbeit', 'stehen', 'ganz', 'ob@@', 'en', 'auf', 'der', 'Tag@@', 'es@@', 'ordnung', '.']
2026-05-12 02:09:02,273 - DEBUG - joeynmt.training - 	Tokenized reference:  ['high', 'on', 'the', 'agen@@', 'da', 'are', 'pl@@', 'ans', 'for', 'gre@@', 'ater', 'nu@@', 'clear', 'c@@', 'o', '@@@', '-@@', '@', 'operation', '.']
2026-05-12 02:09:02,273 - DEBUG - joeynmt.training - 	Tokenized hypothesis: ['pl@@', 'ans', 'for', 'a', 'str@@', 'on@@', 'ger', 'techn@@', 'ical', 'cooperation', 'are', 'enti@@', 't@@', 'led', 'to', 'the', 'agen@@', 'da', '.', '</s>']
2026-05-12 02:09:02,273 - INFO - joeynmt.training - 	Source:     Pläne für eine stärkere kerntechnische Zusammenarbeit stehen ganz oben auf der Tagesordnung .
2026-05-12 02:09:02,273 - INFO - joeynmt.training - 	Reference:  high on the agenda are plans for greater nuclear co @-@ operation .
2026-05-12 02:09:02,273 - INFO - joeynmt.training - 	Hypothesis: plans for a stronger technical cooperation are entitled to the agenda .
2026-05-12 02:09:02,273 - INFO - joeynmt.training - Example #4
2026-05-12 02:09:02,273 - DEBUG - joeynmt.training - 	Tokenized source:     ['Berich@@', 'ten', 'zu@@', 'fol@@', 'ge', 'ho@@', 'fft', 'Indi@@', 'en', 'darüber', 'hinaus', 'auf', 'einen', 'Ver@@', 'trag', 'zur', 'Ver@@', 'tei@@', 'dig@@', 'ungs@@', 'zusammen@@', 'arbeit', 'zwischen', 'den', 'beiden', 'N@@', 'ationen', '.']
2026-05-12 02:09:02,273 - DEBUG - joeynmt.training - 	Tokenized reference:  ['Indi@@', 'a', 'is', 'also', 're@@', 'porte@@', 'dly', 'hop@@', 'ing', 'for', 'a', 'de@@', 'al', 'on', 'def@@', 'ence', 'c@@', 'oll@@', 'ab@@', 'or@@', 'ation', 'between', 'the', 'two', 'n@@', 'ations', '.']
2026-05-12 02:09:02,273 - DEBUG - joeynmt.training - 	Tokenized hypothesis: ['re@@', 'ports', 'on', 'the', 'con@@', 'tra@@', 'ct', ',', 're@@', 'ports', 'on', 'the', 'def@@', 'ence', 'cooperation', 'between', 'the', 'two', 'N@@', 'ations', '.', '</s>']
2026-05-12 02:09:02,273 - INFO - joeynmt.training - 	Source:     Berichten zufolge hofft Indien darüber hinaus auf einen Vertrag zur Verteidigungszusammenarbeit zwischen den beiden Nationen .
2026-05-12 02:09:02,273 - INFO - joeynmt.training - 	Reference:  India is also reportedly hoping for a deal on defence collaboration between the two nations .
2026-05-12 02:09:02,273 - INFO - joeynmt.training - 	Hypothesis: reports on the contract , reports on the defence cooperation between the two Nations .
2026-05-12 02:09:27,548 - INFO - joeynmt.training - Epoch   9, Step:    34100, Batch Loss:     1.978517, Batch Acc: 0.523664, Tokens per Sec:     3599, Lr: 0.000300
2026-05-12 02:09:53,811 - INFO - joeynmt.training - Epoch   9, Step:    34200, Batch Loss:     1.764824, Batch Acc: 0.516877, Tokens per Sec:     3515, Lr: 0.000300
2026-05-12 02:10:21,091 - INFO - joeynmt.training - Epoch   9, Step:    34300, Batch Loss:     1.771822, Batch Acc: 0.522384, Tokens per Sec:     3367, Lr: 0.000300
2026-05-12 02:10:48,114 - INFO - joeynmt.training - Epoch   9, Step:    34400, Batch Loss:     1.851574, Batch Acc: 0.517558, Tokens per Sec:     3445, Lr: 0.000300
2026-05-12 02:11:14,053 - INFO - joeynmt.training - Epoch   9, Step:    34500, Batch Loss:     1.698690, Batch Acc: 0.527170, Tokens per Sec:     3583, Lr: 0.000300
2026-05-12 02:11:14,054 - INFO - joeynmt.prediction - Predicting 500 example(s)... (Greedy decoding with min_output_length=1, max_output_length=-1, return_prob='none', generate_unk=True, repetition_penalty=-1, no_repeat_ngram_size=-1)
2026-05-12 02:11:45,489 - INFO - joeynmt.prediction - Evaluation result (greedy) loss:   2.15, ppl:   8.57, acc:   0.45, generation: 31.4270[sec], evaluation: 0.0000[sec]
2026-05-12 02:11:45,643 - INFO - joeynmt.helpers - delete models/deen_transformer_post/34000.ckpt
2026-05-12 02:11:45,650 - INFO - joeynmt.helpers - delete /Users/jill/Desktop/Jill/Studium/FS_26/Machine_translation/mt-exercise-03/models/deen_transformer_post/34000.ckpt
2026-05-12 02:11:45,650 - WARNING - joeynmt.helpers - Wanted to delete old checkpoint /Users/jill/Desktop/Jill/Studium/FS_26/Machine_translation/mt-exercise-03/models/deen_transformer_post/34000.ckpt but file does not exist. ([Errno 2] No such file or directory: '/Users/jill/Desktop/Jill/Studium/FS_26/Machine_translation/mt-exercise-03/models/deen_transformer_post/34000.ckpt')
2026-05-12 02:11:45,651 - INFO - joeynmt.training - Example #0
2026-05-12 02:11:45,651 - DEBUG - joeynmt.training - 	Tokenized source:     ['die', 'Pre@@', 'mi@@', 'er@@', 'minist@@', 'er', 'Indi@@', 'ens', 'und', 'J@@', 'ap@@', 'ans', 'tra@@', 'fen', 'sich', 'in', 'T@@', 'ok@@', 'i@@', 'o', '.']
2026-05-12 02:11:45,651 - DEBUG - joeynmt.training - 	Tokenized reference:  ['Indi@@', 'a', 'and', 'J@@', 'ap@@', 'an', 'pri@@', 'me', 'minist@@', 'ers', 'me@@', 'et', 'in', 'T@@', 'ok@@', 'y@@', 'o']
2026-05-12 02:11:45,651 - DEBUG - joeynmt.training - 	Tokenized hypothesis: ['the', 'Pri@@', 'me', 'Minist@@', 'er', 'Indi@@', 'a', 'and', 'J@@', 'ap@@', 'an', 'and', 'J@@', 'ap@@', 'an', '.', '</s>']
2026-05-12 02:11:45,651 - INFO - joeynmt.training - 	Source:     die Premierminister Indiens und Japans trafen sich in Tokio .
2026-05-12 02:11:45,651 - INFO - joeynmt.training - 	Reference:  India and Japan prime ministers meet in Tokyo
2026-05-12 02:11:45,651 - INFO - joeynmt.training - 	Hypothesis: the Prime Minister India and Japan and Japan .
2026-05-12 02:11:45,651 - INFO - joeynmt.training - Example #1
2026-05-12 02:11:45,651 - DEBUG - joeynmt.training - 	Tokenized source:     ['Indi@@', 'ens', 'neu@@', 'er', 'Pre@@', 'mi@@', 'er@@', 'minist@@', 'er', 'N@@', 'ar@@', 'end@@', 'ra', 'Mo@@', 'd@@', 'i', 'tri@@', 'fft', 'bei', 's@@', 'einem', 'ersten', 'wichti@@', 'gen', 'Aus@@', 'land@@', 's@@', 'bes@@', 'u@@', 'ch', 'seit', 's@@', 'einem', 'W@@', 'ah@@', 'l@@', 'si@@', 'e@@', 'g', 'im', 'Ma@@', 'i', 'seinen', 'j@@', 'ap@@', 'an@@', 'ischen', 'Am@@', 'ts@@', 'k@@', 'olle@@', 'gen', 'S@@', 'hin@@', 'z@@', 'o', 'A@@', 'be', 'in', 'T@@', 'ok@@', 'o', ',', 'um', 'wirtschaf@@', 'tliche', 'und', 'sicher@@', 'heits@@', 'politische', 'Be@@', 'zieh@@', 'ungen', 'zu', 'bes@@', 'pre@@', 'chen', '.']
2026-05-12 02:11:45,651 - DEBUG - joeynmt.training - 	Tokenized reference:  ['Indi@@', 'a', '&apos;s', 'new', 'pri@@', 'me', 'minist@@', 'er', ',', 'N@@', 'ar@@', 'end@@', 'ra', 'Mo@@', 'd@@', 'i', ',', 'is', 'me@@', 'eting', 'his', 'J@@', 'ap@@', 'an@@', 'ese', 'coun@@', 'ter@@', 'part', ',', 'S@@', 'hin@@', 'z@@', 'o', 'A@@', 'be', ',', 'in', 'T@@', 'ok@@', 'y@@', 'o', 'to', 'disc@@', 'uss', 'economic', 'and', 'security', 'ties', ',', 'on', 'his', 'first', 'major', 'fore@@', 'ign', 'visi@@', 't', 'since', 'w@@', 'inn@@', 'ing', 'Ma@@', 'y', '&apos;s', 'elec@@', 'tion', '.']
2026-05-12 02:11:45,651 - DEBUG - joeynmt.training - 	Tokenized hypothesis: ['Indi@@', 'a', '&apos;s', 'new', 'Pri@@', 'me', 'Minist@@', 'er', 'N@@', 'ar@@', 'end@@', 'ra', 'Mo@@', 'd@@', 'i', 'is', 'in', 'the', 'first', 'place', 'in', 'Ma@@', 'y', 'of', 'his', 'important', 'fore@@', 'ign', 'visi@@', 'tors', ',', 'since', 'the', 'S@@', 'hin@@', 'e@@', 'g', 'his', 'J@@', 'ap@@', 'an@@', 'ese', 'A@@', 'be', 'in', 'Ma@@', 'y', ',', 'in', 'T@@', 'ok@@', 'o', ',', 'in', 'T@@', 'ok@@', 'o', ',', 'in', 'T@@', 'ok@@', 'o', ',', 'and', 'security', 'policy', 'rel@@', 'ations', '.', '</s>']
2026-05-12 02:11:45,652 - INFO - joeynmt.training - 	Source:     Indiens neuer Premierminister Narendra Modi trifft bei seinem ersten wichtigen Auslandsbesuch seit seinem Wahlsieg im Mai seinen japanischen Amtskollegen Shinzo Abe in Toko , um wirtschaftliche und sicherheitspolitische Beziehungen zu besprechen .
2026-05-12 02:11:45,652 - INFO - joeynmt.training - 	Reference:  India &apos;s new prime minister , Narendra Modi , is meeting his Japanese counterpart , Shinzo Abe , in Tokyo to discuss economic and security ties , on his first major foreign visit since winning May &apos;s election .
2026-05-12 02:11:45,652 - INFO - joeynmt.training - 	Hypothesis: India &apos;s new Prime Minister Narendra Modi is in the first place in May of his important foreign visitors , since the Shineg his Japanese Abe in May , in Toko , in Toko , in Toko , and security policy relations .
2026-05-12 02:11:45,652 - INFO - joeynmt.training - Example #2
2026-05-12 02:11:45,652 - DEBUG - joeynmt.training - 	Tokenized source:     ['Herr', 'Mo@@', 'd@@', 'i', 'befindet', 'sich', 'auf', 'einer', 'fü@@', 'n@@', 'f@@', 'tä@@', 'gi@@', 'gen', 'Rei@@', 'se', 'nach', 'J@@', 'ap@@', 'an', ',', 'um', 'die', 'wirtschaf@@', 'tlichen', 'Be@@', 'zieh@@', 'ungen', 'mit', 'der', 'd@@', 'rit@@', 't@@', 'größ@@', 'ten', 'Wirtschafts@@', 'n@@', 'ation', 'der', 'Welt', 'zu', 'fes@@', 'tigen', '.']
2026-05-12 02:11:45,652 - DEBUG - joeynmt.training - 	Tokenized reference:  ['Mr', 'Mo@@', 'd@@', 'i', 'is', 'on', 'a', 'fi@@', 've', '@@@', '-@@', '@', 'day', 'tri@@', 'p', 'to', 'J@@', 'ap@@', 'an', 'to', 'streng@@', 'then', 'economic', 'ties', 'with', 'the', 'third', 'lar@@', 'ges@@', 't', 'econom@@', 'y', 'in', 'the', 'world', '.']
2026-05-12 02:11:45,652 - DEBUG - joeynmt.training - 	Tokenized hypothesis: ['Mr', 'Mo@@', 'd@@', 'i', 'is', 'a', 'fi@@', 'f@@', 'ty', 'tra@@', 'ck', 'to', 'J@@', 'ap@@', 'an', 'to', 'be', 'in', 'order', 'to', 'take', 'the', 'economic', 'rel@@', 'ations', 'with', 'the', 'third', 'lar@@', 'ges@@', 't', 'economic', 'rel@@', 'ations', '.', '</s>']
2026-05-12 02:11:45,652 - INFO - joeynmt.training - 	Source:     Herr Modi befindet sich auf einer fünftägigen Reise nach Japan , um die wirtschaftlichen Beziehungen mit der drittgrößten Wirtschaftsnation der Welt zu festigen .
2026-05-12 02:11:45,652 - INFO - joeynmt.training - 	Reference:  Mr Modi is on a five @-@ day trip to Japan to strengthen economic ties with the third largest economy in the world .
2026-05-12 02:11:45,652 - INFO - joeynmt.training - 	Hypothesis: Mr Modi is a fifty track to Japan to be in order to take the economic relations with the third largest economic relations .
2026-05-12 02:11:45,652 - INFO - joeynmt.training - Example #3
2026-05-12 02:11:45,652 - DEBUG - joeynmt.training - 	Tokenized source:     ['P@@', 'län@@', 'e', 'für', 'eine', 'stärk@@', 'ere', 'k@@', 'ern@@', 'techn@@', 'ische', 'Zusammenarbeit', 'stehen', 'ganz', 'ob@@', 'en', 'auf', 'der', 'Tag@@', 'es@@', 'ordnung', '.']
2026-05-12 02:11:45,652 - DEBUG - joeynmt.training - 	Tokenized reference:  ['high', 'on', 'the', 'agen@@', 'da', 'are', 'pl@@', 'ans', 'for', 'gre@@', 'ater', 'nu@@', 'clear', 'c@@', 'o', '@@@', '-@@', '@', 'operation', '.']
2026-05-12 02:11:45,652 - DEBUG - joeynmt.training - 	Tokenized hypothesis: ['pl@@', 'ans', 'for', 'more', 'more', 'more', 'nu@@', 'clear', 'cooperation', 'on', 'the', 'agen@@', 'da', '.', '</s>']
2026-05-12 02:11:45,652 - INFO - joeynmt.training - 	Source:     Pläne für eine stärkere kerntechnische Zusammenarbeit stehen ganz oben auf der Tagesordnung .
2026-05-12 02:11:45,652 - INFO - joeynmt.training - 	Reference:  high on the agenda are plans for greater nuclear co @-@ operation .
2026-05-12 02:11:45,653 - INFO - joeynmt.training - 	Hypothesis: plans for more more more nuclear cooperation on the agenda .
2026-05-12 02:11:45,653 - INFO - joeynmt.training - Example #4
2026-05-12 02:11:45,653 - DEBUG - joeynmt.training - 	Tokenized source:     ['Berich@@', 'ten', 'zu@@', 'fol@@', 'ge', 'ho@@', 'fft', 'Indi@@', 'en', 'darüber', 'hinaus', 'auf', 'einen', 'Ver@@', 'trag', 'zur', 'Ver@@', 'tei@@', 'dig@@', 'ungs@@', 'zusammen@@', 'arbeit', 'zwischen', 'den', 'beiden', 'N@@', 'ationen', '.']
2026-05-12 02:11:45,653 - DEBUG - joeynmt.training - 	Tokenized reference:  ['Indi@@', 'a', 'is', 'also', 're@@', 'porte@@', 'dly', 'hop@@', 'ing', 'for', 'a', 'de@@', 'al', 'on', 'def@@', 'ence', 'c@@', 'oll@@', 'ab@@', 'or@@', 'ation', 'between', 'the', 'two', 'n@@', 'ations', '.']
2026-05-12 02:11:45,653 - DEBUG - joeynmt.training - 	Tokenized hypothesis: ['mo@@', 're@@', 'over', ',', 're@@', 'ports', ',', 're@@', 'ports', 'on', 'the', 'def@@', 'ence', 'cooperation', 'between', 'the', 'two', 'N@@', 'ations', '.', '</s>']
2026-05-12 02:11:45,653 - INFO - joeynmt.training - 	Source:     Berichten zufolge hofft Indien darüber hinaus auf einen Vertrag zur Verteidigungszusammenarbeit zwischen den beiden Nationen .
2026-05-12 02:11:45,653 - INFO - joeynmt.training - 	Reference:  India is also reportedly hoping for a deal on defence collaboration between the two nations .
2026-05-12 02:11:45,653 - INFO - joeynmt.training - 	Hypothesis: moreover , reports , reports on the defence cooperation between the two Nations .
2026-05-12 02:12:12,185 - INFO - joeynmt.training - Epoch   9, Step:    34600, Batch Loss:     1.582767, Batch Acc: 0.529888, Tokens per Sec:     3394, Lr: 0.000300
2026-05-12 02:12:38,876 - INFO - joeynmt.training - Epoch   9, Step:    34700, Batch Loss:     1.643893, Batch Acc: 0.523477, Tokens per Sec:     3415, Lr: 0.000300
2026-05-12 02:13:05,702 - INFO - joeynmt.training - Epoch   9, Step:    34800, Batch Loss:     1.694053, Batch Acc: 0.520067, Tokens per Sec:     3458, Lr: 0.000300
2026-05-12 02:13:31,693 - INFO - joeynmt.training - Epoch   9, Step:    34900, Batch Loss:     2.000873, Batch Acc: 0.521124, Tokens per Sec:     3555, Lr: 0.000300
2026-05-12 02:13:59,107 - INFO - joeynmt.training - Epoch   9, Step:    35000, Batch Loss:     1.727617, Batch Acc: 0.523408, Tokens per Sec:     3369, Lr: 0.000300
2026-05-12 02:13:59,107 - INFO - joeynmt.prediction - Predicting 500 example(s)... (Greedy decoding with min_output_length=1, max_output_length=-1, return_prob='none', generate_unk=True, repetition_penalty=-1, no_repeat_ngram_size=-1)
2026-05-12 02:14:48,884 - INFO - joeynmt.prediction - Evaluation result (greedy) loss:   2.14, ppl:   8.47, acc:   0.45, generation: 49.7681[sec], evaluation: 0.0000[sec]
2026-05-12 02:14:48,887 - INFO - joeynmt.training - Hooray! New best validation result [ppl]!
2026-05-12 02:14:49,101 - INFO - joeynmt.helpers - delete models/deen_transformer_post/33000.ckpt
2026-05-12 02:14:49,105 - INFO - joeynmt.training - Example #0
2026-05-12 02:14:49,106 - DEBUG - joeynmt.training - 	Tokenized source:     ['die', 'Pre@@', 'mi@@', 'er@@', 'minist@@', 'er', 'Indi@@', 'ens', 'und', 'J@@', 'ap@@', 'ans', 'tra@@', 'fen', 'sich', 'in', 'T@@', 'ok@@', 'i@@', 'o', '.']
2026-05-12 02:14:49,106 - DEBUG - joeynmt.training - 	Tokenized reference:  ['Indi@@', 'a', 'and', 'J@@', 'ap@@', 'an', 'pri@@', 'me', 'minist@@', 'ers', 'me@@', 'et', 'in', 'T@@', 'ok@@', 'y@@', 'o']
2026-05-12 02:14:49,106 - DEBUG - joeynmt.training - 	Tokenized hypothesis: ['the', 'Pri@@', 'me', 'Minist@@', 'er', 'Indi@@', 'a', 'and', 'J@@', 'ap@@', 'an', ',', 'the', 'J@@', 'ap@@', 'an', '&apos;s', 'M@@', 'us@@', 'li@@', 'm', 'of', 'Indi@@', 'a', 'and', 'J@@', 'ap@@', 'an', '.', '</s>']
2026-05-12 02:14:49,106 - INFO - joeynmt.training - 	Source:     die Premierminister Indiens und Japans trafen sich in Tokio .
2026-05-12 02:14:49,106 - INFO - joeynmt.training - 	Reference:  India and Japan prime ministers meet in Tokyo
2026-05-12 02:14:49,106 - INFO - joeynmt.training - 	Hypothesis: the Prime Minister India and Japan , the Japan &apos;s Muslim of India and Japan .
2026-05-12 02:14:49,106 - INFO - joeynmt.training - Example #1
2026-05-12 02:14:49,106 - DEBUG - joeynmt.training - 	Tokenized source:     ['Indi@@', 'ens', 'neu@@', 'er', 'Pre@@', 'mi@@', 'er@@', 'minist@@', 'er', 'N@@', 'ar@@', 'end@@', 'ra', 'Mo@@', 'd@@', 'i', 'tri@@', 'fft', 'bei', 's@@', 'einem', 'ersten', 'wichti@@', 'gen', 'Aus@@', 'land@@', 's@@', 'bes@@', 'u@@', 'ch', 'seit', 's@@', 'einem', 'W@@', 'ah@@', 'l@@', 'si@@', 'e@@', 'g', 'im', 'Ma@@', 'i', 'seinen', 'j@@', 'ap@@', 'an@@', 'ischen', 'Am@@', 'ts@@', 'k@@', 'olle@@', 'gen', 'S@@', 'hin@@', 'z@@', 'o', 'A@@', 'be', 'in', 'T@@', 'ok@@', 'o', ',', 'um', 'wirtschaf@@', 'tliche', 'und', 'sicher@@', 'heits@@', 'politische', 'Be@@', 'zieh@@', 'ungen', 'zu', 'bes@@', 'pre@@', 'chen', '.']
2026-05-12 02:14:49,106 - DEBUG - joeynmt.training - 	Tokenized reference:  ['Indi@@', 'a', '&apos;s', 'new', 'pri@@', 'me', 'minist@@', 'er', ',', 'N@@', 'ar@@', 'end@@', 'ra', 'Mo@@', 'd@@', 'i', ',', 'is', 'me@@', 'eting', 'his', 'J@@', 'ap@@', 'an@@', 'ese', 'coun@@', 'ter@@', 'part', ',', 'S@@', 'hin@@', 'z@@', 'o', 'A@@', 'be', ',', 'in', 'T@@', 'ok@@', 'y@@', 'o', 'to', 'disc@@', 'uss', 'economic', 'and', 'security', 'ties', ',', 'on', 'his', 'first', 'major', 'fore@@', 'ign', 'visi@@', 't', 'since', 'w@@', 'inn@@', 'ing', 'Ma@@', 'y', '&apos;s', 'elec@@', 'tion', '.']
2026-05-12 02:14:49,106 - DEBUG - joeynmt.training - 	Tokenized hypothesis: ['Indi@@', 'a', '&apos;s', 'new', 'Pri@@', 'me', 'Minist@@', 'er', 'N@@', 'ar@@', 'end@@', 'ra', 'Mo@@', 'd@@', 'i', 'is', 'de@@', 'alt', 'with', 'in', 'the', 'first', 'place', ',', 'since', 'the', 'beg@@', 'inn@@', 'ing', 'his', 'elec@@', 'tion', 'in', 'Ma@@', 'y', ',', 'in', 'Ma@@', 'y', ',', 'in', 'the', 'J@@', 'ap@@', 'an@@', 'ese', 'A@@', 'be', 'in', 'Ma@@', 'y', ',', 'in', 'T@@', 'ok@@', 'o', ',', 'in', 'order', 'to', 're@@', 'mo@@', 've', 'its', 'economic', 'and', 'security', 'policy', 'rel@@', 'ations', '.', '</s>']
2026-05-12 02:14:49,106 - INFO - joeynmt.training - 	Source:     Indiens neuer Premierminister Narendra Modi trifft bei seinem ersten wichtigen Auslandsbesuch seit seinem Wahlsieg im Mai seinen japanischen Amtskollegen Shinzo Abe in Toko , um wirtschaftliche und sicherheitspolitische Beziehungen zu besprechen .
2026-05-12 02:14:49,106 - INFO - joeynmt.training - 	Reference:  India &apos;s new prime minister , Narendra Modi , is meeting his Japanese counterpart , Shinzo Abe , in Tokyo to discuss economic and security ties , on his first major foreign visit since winning May &apos;s election .
2026-05-12 02:14:49,106 - INFO - joeynmt.training - 	Hypothesis: India &apos;s new Prime Minister Narendra Modi is dealt with in the first place , since the beginning his election in May , in May , in the Japanese Abe in May , in Toko , in order to remove its economic and security policy relations .
2026-05-12 02:14:49,107 - INFO - joeynmt.training - Example #2
2026-05-12 02:14:49,107 - DEBUG - joeynmt.training - 	Tokenized source:     ['Herr', 'Mo@@', 'd@@', 'i', 'befindet', 'sich', 'auf', 'einer', 'fü@@', 'n@@', 'f@@', 'tä@@', 'gi@@', 'gen', 'Rei@@', 'se', 'nach', 'J@@', 'ap@@', 'an', ',', 'um', 'die', 'wirtschaf@@', 'tlichen', 'Be@@', 'zieh@@', 'ungen', 'mit', 'der', 'd@@', 'rit@@', 't@@', 'größ@@', 'ten', 'Wirtschafts@@', 'n@@', 'ation', 'der', 'Welt', 'zu', 'fes@@', 'tigen', '.']
2026-05-12 02:14:49,107 - DEBUG - joeynmt.training - 	Tokenized reference:  ['Mr', 'Mo@@', 'd@@', 'i', 'is', 'on', 'a', 'fi@@', 've', '@@@', '-@@', '@', 'day', 'tri@@', 'p', 'to', 'J@@', 'ap@@', 'an', 'to', 'streng@@', 'then', 'economic', 'ties', 'with', 'the', 'third', 'lar@@', 'ges@@', 't', 'econom@@', 'y', 'in', 'the', 'world', '.']
2026-05-12 02:14:49,107 - DEBUG - joeynmt.training - 	Tokenized hypothesis: ['Mr', 'Mo@@', 'd@@', 'i', 'is', 'located', 'on', 'a', 'fi@@', 'f@@', 'ty', 't@@', 'ou@@', 'ch', 'to', 'J@@', 'ap@@', 'an', 'to', 'take', 'the', 'more', 'to', 'the', 'economic', 'rel@@', 'ations', 'with', 'the', 'third', 'lar@@', 'ges@@', 't', 'economic', 'rel@@', 'ations', 'with', 'the', 'third', 'lar@@', 'ges@@', 't', 'economic', 'rel@@', 'ations', 'with', 'the', 'third', 'lar@@', 'ges@@', 't', 'economic', 'rel@@', 'ations', 'with', 'the', 'third', 'b@@', 'ig@@', 'ges@@', 't', '.', '</s>']
2026-05-12 02:14:49,107 - INFO - joeynmt.training - 	Source:     Herr Modi befindet sich auf einer fünftägigen Reise nach Japan , um die wirtschaftlichen Beziehungen mit der drittgrößten Wirtschaftsnation der Welt zu festigen .
2026-05-12 02:14:49,107 - INFO - joeynmt.training - 	Reference:  Mr Modi is on a five @-@ day trip to Japan to strengthen economic ties with the third largest economy in the world .
2026-05-12 02:14:49,107 - INFO - joeynmt.training - 	Hypothesis: Mr Modi is located on a fifty touch to Japan to take the more to the economic relations with the third largest economic relations with the third largest economic relations with the third largest economic relations with the third biggest .
2026-05-12 02:14:49,107 - INFO - joeynmt.training - Example #3
2026-05-12 02:14:49,107 - DEBUG - joeynmt.training - 	Tokenized source:     ['P@@', 'län@@', 'e', 'für', 'eine', 'stärk@@', 'ere', 'k@@', 'ern@@', 'techn@@', 'ische', 'Zusammenarbeit', 'stehen', 'ganz', 'ob@@', 'en', 'auf', 'der', 'Tag@@', 'es@@', 'ordnung', '.']
2026-05-12 02:14:49,107 - DEBUG - joeynmt.training - 	Tokenized reference:  ['high', 'on', 'the', 'agen@@', 'da', 'are', 'pl@@', 'ans', 'for', 'gre@@', 'ater', 'nu@@', 'clear', 'c@@', 'o', '@@@', '-@@', '@', 'operation', '.']
2026-05-12 02:14:49,107 - DEBUG - joeynmt.training - 	Tokenized hypothesis: ['pl@@', 'ans', 'for', 'gre@@', 'ater', 'nu@@', 'clear', 'cooperation', 'are', 'on', 'the', 'agen@@', 'da', '.', '</s>']
2026-05-12 02:14:49,107 - INFO - joeynmt.training - 	Source:     Pläne für eine stärkere kerntechnische Zusammenarbeit stehen ganz oben auf der Tagesordnung .
2026-05-12 02:14:49,107 - INFO - joeynmt.training - 	Reference:  high on the agenda are plans for greater nuclear co @-@ operation .
2026-05-12 02:14:49,107 - INFO - joeynmt.training - 	Hypothesis: plans for greater nuclear cooperation are on the agenda .
2026-05-12 02:14:49,107 - INFO - joeynmt.training - Example #4
2026-05-12 02:14:49,107 - DEBUG - joeynmt.training - 	Tokenized source:     ['Berich@@', 'ten', 'zu@@', 'fol@@', 'ge', 'ho@@', 'fft', 'Indi@@', 'en', 'darüber', 'hinaus', 'auf', 'einen', 'Ver@@', 'trag', 'zur', 'Ver@@', 'tei@@', 'dig@@', 'ungs@@', 'zusammen@@', 'arbeit', 'zwischen', 'den', 'beiden', 'N@@', 'ationen', '.']
2026-05-12 02:14:49,107 - DEBUG - joeynmt.training - 	Tokenized reference:  ['Indi@@', 'a', 'is', 'also', 're@@', 'porte@@', 'dly', 'hop@@', 'ing', 'for', 'a', 'de@@', 'al', 'on', 'def@@', 'ence', 'c@@', 'oll@@', 'ab@@', 'or@@', 'ation', 'between', 'the', 'two', 'n@@', 'ations', '.']
2026-05-12 02:14:49,107 - DEBUG - joeynmt.training - 	Tokenized hypothesis: ['re@@', 'ports', 'on', 'the', 'con@@', 'text', 'of', 'Indi@@', 'a', 'is', 'also', 'a', 'con@@', 'f@@', 'lic@@', 't', 'of', 'the', 'con@@', 'stitu@@', 'tional', 'cooperation', 'between', 'the', 'two', 'n@@', 'ations', '.', '</s>']
2026-05-12 02:14:49,108 - INFO - joeynmt.training - 	Source:     Berichten zufolge hofft Indien darüber hinaus auf einen Vertrag zur Verteidigungszusammenarbeit zwischen den beiden Nationen .
2026-05-12 02:14:49,108 - INFO - joeynmt.training - 	Reference:  India is also reportedly hoping for a deal on defence collaboration between the two nations .
2026-05-12 02:14:49,108 - INFO - joeynmt.training - 	Hypothesis: reports on the context of India is also a conflict of the constitutional cooperation between the two nations .
2026-05-12 02:15:15,394 - INFO - joeynmt.training - Epoch   9, Step:    35100, Batch Loss:     1.782890, Batch Acc: 0.522576, Tokens per Sec:     3445, Lr: 0.000300
2026-05-12 02:15:42,306 - INFO - joeynmt.training - Epoch   9, Step:    35200, Batch Loss:     1.743704, Batch Acc: 0.527508, Tokens per Sec:     3382, Lr: 0.000300
2026-05-12 02:16:08,869 - INFO - joeynmt.training - Epoch   9, Step:    35300, Batch Loss:     1.768274, Batch Acc: 0.518731, Tokens per Sec:     3423, Lr: 0.000300
2026-05-12 02:16:35,305 - INFO - joeynmt.training - Epoch   9, Step:    35400, Batch Loss:     1.733758, Batch Acc: 0.527700, Tokens per Sec:     3481, Lr: 0.000300
2026-05-12 02:17:02,095 - INFO - joeynmt.training - Epoch   9, Step:    35500, Batch Loss:     1.917933, Batch Acc: 0.524184, Tokens per Sec:     3417, Lr: 0.000300
2026-05-12 02:17:02,095 - INFO - joeynmt.prediction - Predicting 500 example(s)... (Greedy decoding with min_output_length=1, max_output_length=-1, return_prob='none', generate_unk=True, repetition_penalty=-1, no_repeat_ngram_size=-1)
2026-05-12 02:17:36,573 - INFO - joeynmt.prediction - Evaluation result (greedy) loss:   2.12, ppl:   8.37, acc:   0.45, generation: 34.4705[sec], evaluation: 0.0000[sec]
2026-05-12 02:17:36,576 - INFO - joeynmt.training - Hooray! New best validation result [ppl]!
2026-05-12 02:17:36,741 - INFO - joeynmt.helpers - delete models/deen_transformer_post/33500.ckpt
2026-05-12 02:17:36,750 - INFO - joeynmt.training - Example #0
2026-05-12 02:17:36,750 - DEBUG - joeynmt.training - 	Tokenized source:     ['die', 'Pre@@', 'mi@@', 'er@@', 'minist@@', 'er', 'Indi@@', 'ens', 'und', 'J@@', 'ap@@', 'ans', 'tra@@', 'fen', 'sich', 'in', 'T@@', 'ok@@', 'i@@', 'o', '.']
2026-05-12 02:17:36,750 - DEBUG - joeynmt.training - 	Tokenized reference:  ['Indi@@', 'a', 'and', 'J@@', 'ap@@', 'an', 'pri@@', 'me', 'minist@@', 'ers', 'me@@', 'et', 'in', 'T@@', 'ok@@', 'y@@', 'o']
2026-05-12 02:17:36,750 - DEBUG - joeynmt.training - 	Tokenized hypothesis: ['the', 'Pri@@', 'me', 'Minist@@', 'er', 'and', 'J@@', 'ap@@', 'an', ',', 'J@@', 'ap@@', 'an', 'in', 'T@@', 'ok@@', 'i@@', 'o', '.', '</s>']
2026-05-12 02:17:36,751 - INFO - joeynmt.training - 	Source:     die Premierminister Indiens und Japans trafen sich in Tokio .
2026-05-12 02:17:36,751 - INFO - joeynmt.training - 	Reference:  India and Japan prime ministers meet in Tokyo
2026-05-12 02:17:36,751 - INFO - joeynmt.training - 	Hypothesis: the Prime Minister and Japan , Japan in Tokio .
2026-05-12 02:17:36,751 - INFO - joeynmt.training - Example #1
2026-05-12 02:17:36,751 - DEBUG - joeynmt.training - 	Tokenized source:     ['Indi@@', 'ens', 'neu@@', 'er', 'Pre@@', 'mi@@', 'er@@', 'minist@@', 'er', 'N@@', 'ar@@', 'end@@', 'ra', 'Mo@@', 'd@@', 'i', 'tri@@', 'fft', 'bei', 's@@', 'einem', 'ersten', 'wichti@@', 'gen', 'Aus@@', 'land@@', 's@@', 'bes@@', 'u@@', 'ch', 'seit', 's@@', 'einem', 'W@@', 'ah@@', 'l@@', 'si@@', 'e@@', 'g', 'im', 'Ma@@', 'i', 'seinen', 'j@@', 'ap@@', 'an@@', 'ischen', 'Am@@', 'ts@@', 'k@@', 'olle@@', 'gen', 'S@@', 'hin@@', 'z@@', 'o', 'A@@', 'be', 'in', 'T@@', 'ok@@', 'o', ',', 'um', 'wirtschaf@@', 'tliche', 'und', 'sicher@@', 'heits@@', 'politische', 'Be@@', 'zieh@@', 'ungen', 'zu', 'bes@@', 'pre@@', 'chen', '.']
2026-05-12 02:17:36,751 - DEBUG - joeynmt.training - 	Tokenized reference:  ['Indi@@', 'a', '&apos;s', 'new', 'pri@@', 'me', 'minist@@', 'er', ',', 'N@@', 'ar@@', 'end@@', 'ra', 'Mo@@', 'd@@', 'i', ',', 'is', 'me@@', 'eting', 'his', 'J@@', 'ap@@', 'an@@', 'ese', 'coun@@', 'ter@@', 'part', ',', 'S@@', 'hin@@', 'z@@', 'o', 'A@@', 'be', ',', 'in', 'T@@', 'ok@@', 'y@@', 'o', 'to', 'disc@@', 'uss', 'economic', 'and', 'security', 'ties', ',', 'on', 'his', 'first', 'major', 'fore@@', 'ign', 'visi@@', 't', 'since', 'w@@', 'inn@@', 'ing', 'Ma@@', 'y', '&apos;s', 'elec@@', 'tion', '.']
2026-05-12 02:17:36,751 - DEBUG - joeynmt.training - 	Tokenized hypothesis: ['Indi@@', 'a', '&apos;s', 'new', 'Pri@@', 'me', 'Minist@@', 'er', 'N@@', 'ar@@', 'end@@', 'ra', 'Mo@@', 'd@@', 'i', ',', 'in', 'his', 'first', 'place', ',', 'in', 'his', 'first', 'f@@', 'ron@@', 't', 'of', 'its', 'first', 'ex@@', 'clu@@', 'sion', 'in', 'Ma@@', 'y', ',', 'the', 'J@@', 'ap@@', 'an@@', 'ese', 'S@@', 'hin@@', 'z@@', 'o', 'A@@', 'be', 'in', 'T@@', 'ok@@', 'o', ',', 'in', 'the', 'S@@', 'hin@@', 'z@@', 'o', 'A@@', 'be', ',', 'in', 'order', 'to', 'de@@', 'al', 'with', 'its', 'first', 'and', 'fore@@', 'ign', 'policy', '.', '</s>']
2026-05-12 02:17:36,751 - INFO - joeynmt.training - 	Source:     Indiens neuer Premierminister Narendra Modi trifft bei seinem ersten wichtigen Auslandsbesuch seit seinem Wahlsieg im Mai seinen japanischen Amtskollegen Shinzo Abe in Toko , um wirtschaftliche und sicherheitspolitische Beziehungen zu besprechen .
2026-05-12 02:17:36,751 - INFO - joeynmt.training - 	Reference:  India &apos;s new prime minister , Narendra Modi , is meeting his Japanese counterpart , Shinzo Abe , in Tokyo to discuss economic and security ties , on his first major foreign visit since winning May &apos;s election .
2026-05-12 02:17:36,751 - INFO - joeynmt.training - 	Hypothesis: India &apos;s new Prime Minister Narendra Modi , in his first place , in his first front of its first exclusion in May , the Japanese Shinzo Abe in Toko , in the Shinzo Abe , in order to deal with its first and foreign policy .
2026-05-12 02:17:36,751 - INFO - joeynmt.training - Example #2
2026-05-12 02:17:36,751 - DEBUG - joeynmt.training - 	Tokenized source:     ['Herr', 'Mo@@', 'd@@', 'i', 'befindet', 'sich', 'auf', 'einer', 'fü@@', 'n@@', 'f@@', 'tä@@', 'gi@@', 'gen', 'Rei@@', 'se', 'nach', 'J@@', 'ap@@', 'an', ',', 'um', 'die', 'wirtschaf@@', 'tlichen', 'Be@@', 'zieh@@', 'ungen', 'mit', 'der', 'd@@', 'rit@@', 't@@', 'größ@@', 'ten', 'Wirtschafts@@', 'n@@', 'ation', 'der', 'Welt', 'zu', 'fes@@', 'tigen', '.']
2026-05-12 02:17:36,751 - DEBUG - joeynmt.training - 	Tokenized reference:  ['Mr', 'Mo@@', 'd@@', 'i', 'is', 'on', 'a', 'fi@@', 've', '@@@', '-@@', '@', 'day', 'tri@@', 'p', 'to', 'J@@', 'ap@@', 'an', 'to', 'streng@@', 'then', 'economic', 'ties', 'with', 'the', 'third', 'lar@@', 'ges@@', 't', 'econom@@', 'y', 'in', 'the', 'world', '.']
2026-05-12 02:17:36,751 - DEBUG - joeynmt.training - 	Tokenized hypothesis: ['Mr', 'Mo@@', 'd@@', 'i', 'is', 'a', 'fi@@', 'f@@', 'ty', 'tra@@', 'v@@', 'el', 'to', 'J@@', 'ap@@', 'an', 'to', 'J@@', 'ap@@', 'an', 'to', 'J@@', 'ap@@', 'an', 'to', 'J@@', 'ap@@', 'an', 'to', 'take', 'the', 'world', '.', '</s>']
2026-05-12 02:17:36,752 - INFO - joeynmt.training - 	Source:     Herr Modi befindet sich auf einer fünftägigen Reise nach Japan , um die wirtschaftlichen Beziehungen mit der drittgrößten Wirtschaftsnation der Welt zu festigen .
2026-05-12 02:17:36,752 - INFO - joeynmt.training - 	Reference:  Mr Modi is on a five @-@ day trip to Japan to strengthen economic ties with the third largest economy in the world .
2026-05-12 02:17:36,752 - INFO - joeynmt.training - 	Hypothesis: Mr Modi is a fifty travel to Japan to Japan to Japan to Japan to take the world .
2026-05-12 02:17:36,752 - INFO - joeynmt.training - Example #3
2026-05-12 02:17:36,752 - DEBUG - joeynmt.training - 	Tokenized source:     ['P@@', 'län@@', 'e', 'für', 'eine', 'stärk@@', 'ere', 'k@@', 'ern@@', 'techn@@', 'ische', 'Zusammenarbeit', 'stehen', 'ganz', 'ob@@', 'en', 'auf', 'der', 'Tag@@', 'es@@', 'ordnung', '.']
2026-05-12 02:17:36,752 - DEBUG - joeynmt.training - 	Tokenized reference:  ['high', 'on', 'the', 'agen@@', 'da', 'are', 'pl@@', 'ans', 'for', 'gre@@', 'ater', 'nu@@', 'clear', 'c@@', 'o', '@@@', '-@@', '@', 'operation', '.']
2026-05-12 02:17:36,752 - DEBUG - joeynmt.training - 	Tokenized hypothesis: ['pl@@', 'ans', 'for', 'a', 'str@@', 'ong', 'nu@@', 'clear', 'cooperation', 'is', 'based', 'on', 'the', 'agen@@', 'da', '.', '</s>']
2026-05-12 02:17:36,752 - INFO - joeynmt.training - 	Source:     Pläne für eine stärkere kerntechnische Zusammenarbeit stehen ganz oben auf der Tagesordnung .
2026-05-12 02:17:36,752 - INFO - joeynmt.training - 	Reference:  high on the agenda are plans for greater nuclear co @-@ operation .
2026-05-12 02:17:36,752 - INFO - joeynmt.training - 	Hypothesis: plans for a strong nuclear cooperation is based on the agenda .
2026-05-12 02:17:36,752 - INFO - joeynmt.training - Example #4
2026-05-12 02:17:36,752 - DEBUG - joeynmt.training - 	Tokenized source:     ['Berich@@', 'ten', 'zu@@', 'fol@@', 'ge', 'ho@@', 'fft', 'Indi@@', 'en', 'darüber', 'hinaus', 'auf', 'einen', 'Ver@@', 'trag', 'zur', 'Ver@@', 'tei@@', 'dig@@', 'ungs@@', 'zusammen@@', 'arbeit', 'zwischen', 'den', 'beiden', 'N@@', 'ationen', '.']
2026-05-12 02:17:36,752 - DEBUG - joeynmt.training - 	Tokenized reference:  ['Indi@@', 'a', 'is', 'also', 're@@', 'porte@@', 'dly', 'hop@@', 'ing', 'for', 'a', 'de@@', 'al', 'on', 'def@@', 'ence', 'c@@', 'oll@@', 'ab@@', 'or@@', 'ation', 'between', 'the', 'two', 'n@@', 'ations', '.']
2026-05-12 02:17:36,752 - DEBUG - joeynmt.training - 	Tokenized hypothesis: ['re@@', 'ports', 'on', 'the', 'con@@', 'tra@@', 'ct', ',', 'Indi@@', 'a', 'is', 'also', 'a', 'Tre@@', 'aty', 'on', 'def@@', 'ence', 'between', 'the', 'two', 'N@@', 'ations', '.', '</s>']
2026-05-12 02:17:36,752 - INFO - joeynmt.training - 	Source:     Berichten zufolge hofft Indien darüber hinaus auf einen Vertrag zur Verteidigungszusammenarbeit zwischen den beiden Nationen .
2026-05-12 02:17:36,752 - INFO - joeynmt.training - 	Reference:  India is also reportedly hoping for a deal on defence collaboration between the two nations .
2026-05-12 02:17:36,752 - INFO - joeynmt.training - 	Hypothesis: reports on the contract , India is also a Treaty on defence between the two Nations .
2026-05-12 02:18:03,590 - INFO - joeynmt.training - Epoch   9, Step:    35600, Batch Loss:     1.664726, Batch Acc: 0.532872, Tokens per Sec:     3442, Lr: 0.000300
2026-05-12 02:18:30,734 - INFO - joeynmt.training - Epoch   9, Step:    35700, Batch Loss:     1.629581, Batch Acc: 0.527311, Tokens per Sec:     3417, Lr: 0.000300
2026-05-12 02:18:57,427 - INFO - joeynmt.training - Epoch   9, Step:    35800, Batch Loss:     2.000239, Batch Acc: 0.521760, Tokens per Sec:     3394, Lr: 0.000300
2026-05-12 02:19:23,793 - INFO - joeynmt.training - Epoch   9, Step:    35900, Batch Loss:     1.741429, Batch Acc: 0.519626, Tokens per Sec:     3448, Lr: 0.000300
2026-05-12 02:19:50,470 - INFO - joeynmt.training - Epoch   9, Step:    36000, Batch Loss:     1.978485, Batch Acc: 0.521432, Tokens per Sec:     3402, Lr: 0.000300
2026-05-12 02:19:50,471 - INFO - joeynmt.prediction - Predicting 500 example(s)... (Greedy decoding with min_output_length=1, max_output_length=-1, return_prob='none', generate_unk=True, repetition_penalty=-1, no_repeat_ngram_size=-1)
2026-05-12 02:20:34,550 - INFO - joeynmt.prediction - Evaluation result (greedy) loss:   2.13, ppl:   8.40, acc:   0.45, generation: 44.0717[sec], evaluation: 0.0000[sec]
2026-05-12 02:20:34,707 - INFO - joeynmt.helpers - delete models/deen_transformer_post/32000.ckpt
2026-05-12 02:20:34,717 - INFO - joeynmt.training - Example #0
2026-05-12 02:20:34,718 - DEBUG - joeynmt.training - 	Tokenized source:     ['die', 'Pre@@', 'mi@@', 'er@@', 'minist@@', 'er', 'Indi@@', 'ens', 'und', 'J@@', 'ap@@', 'ans', 'tra@@', 'fen', 'sich', 'in', 'T@@', 'ok@@', 'i@@', 'o', '.']
2026-05-12 02:20:34,718 - DEBUG - joeynmt.training - 	Tokenized reference:  ['Indi@@', 'a', 'and', 'J@@', 'ap@@', 'an', 'pri@@', 'me', 'minist@@', 'ers', 'me@@', 'et', 'in', 'T@@', 'ok@@', 'y@@', 'o']
2026-05-12 02:20:34,718 - DEBUG - joeynmt.training - 	Tokenized hypothesis: ['the', 'Pri@@', 'me', 'Minist@@', 'er', 'of', 'Indi@@', 'a', 'and', 'J@@', 'ap@@', 'an', '.', '</s>']
2026-05-12 02:20:34,718 - INFO - joeynmt.training - 	Source:     die Premierminister Indiens und Japans trafen sich in Tokio .
2026-05-12 02:20:34,718 - INFO - joeynmt.training - 	Reference:  India and Japan prime ministers meet in Tokyo
2026-05-12 02:20:34,718 - INFO - joeynmt.training - 	Hypothesis: the Prime Minister of India and Japan .
2026-05-12 02:20:34,718 - INFO - joeynmt.training - Example #1
2026-05-12 02:20:34,718 - DEBUG - joeynmt.training - 	Tokenized source:     ['Indi@@', 'ens', 'neu@@', 'er', 'Pre@@', 'mi@@', 'er@@', 'minist@@', 'er', 'N@@', 'ar@@', 'end@@', 'ra', 'Mo@@', 'd@@', 'i', 'tri@@', 'fft', 'bei', 's@@', 'einem', 'ersten', 'wichti@@', 'gen', 'Aus@@', 'land@@', 's@@', 'bes@@', 'u@@', 'ch', 'seit', 's@@', 'einem', 'W@@', 'ah@@', 'l@@', 'si@@', 'e@@', 'g', 'im', 'Ma@@', 'i', 'seinen', 'j@@', 'ap@@', 'an@@', 'ischen', 'Am@@', 'ts@@', 'k@@', 'olle@@', 'gen', 'S@@', 'hin@@', 'z@@', 'o', 'A@@', 'be', 'in', 'T@@', 'ok@@', 'o', ',', 'um', 'wirtschaf@@', 'tliche', 'und', 'sicher@@', 'heits@@', 'politische', 'Be@@', 'zieh@@', 'ungen', 'zu', 'bes@@', 'pre@@', 'chen', '.']
2026-05-12 02:20:34,718 - DEBUG - joeynmt.training - 	Tokenized reference:  ['Indi@@', 'a', '&apos;s', 'new', 'pri@@', 'me', 'minist@@', 'er', ',', 'N@@', 'ar@@', 'end@@', 'ra', 'Mo@@', 'd@@', 'i', ',', 'is', 'me@@', 'eting', 'his', 'J@@', 'ap@@', 'an@@', 'ese', 'coun@@', 'ter@@', 'part', ',', 'S@@', 'hin@@', 'z@@', 'o', 'A@@', 'be', ',', 'in', 'T@@', 'ok@@', 'y@@', 'o', 'to', 'disc@@', 'uss', 'economic', 'and', 'security', 'ties', ',', 'on', 'his', 'first', 'major', 'fore@@', 'ign', 'visi@@', 't', 'since', 'w@@', 'inn@@', 'ing', 'Ma@@', 'y', '&apos;s', 'elec@@', 'tion', '.']
2026-05-12 02:20:34,718 - DEBUG - joeynmt.training - 	Tokenized hypothesis: ['Indi@@', 'a', '&apos;s', 'new', 'Pri@@', 'me', 'Minist@@', 'er', 'N@@', 'ar@@', 'end@@', 'ra', 'Mo@@', 'd@@', 'i', 'tri@@', 'ed', 'to', 'his', 'first', 'ex@@', 'pl@@', 'or@@', 'ing', 'his', 'first', 'h@@', 'u@@', 'ge', 'c@@', 'la@@', 'im@@', 's', 'in', 'Ma@@', 'y', ',', 'in', 'the', 'M@@', 'ini@@', 'stry', 'of', 'the', 'J@@', 'ap@@', 'an@@', 'ese', 'colle@@', 'ag@@', 'u@@', 'es', 'S@@', 'hin@@', 'e', ',', 'in', 'T@@', 'ok@@', 'o', ',', 'in', 'T@@', 'ok@@', 'o', ',', 'in', 'the', 'S@@', 'hin@@', 'e', 'of', 'the', 'A@@', 'be', ',', 'as', 'a', 'result', 'of', 'the', 'new', 'A@@', 'be', '.', '</s>']
2026-05-12 02:20:34,718 - INFO - joeynmt.training - 	Source:     Indiens neuer Premierminister Narendra Modi trifft bei seinem ersten wichtigen Auslandsbesuch seit seinem Wahlsieg im Mai seinen japanischen Amtskollegen Shinzo Abe in Toko , um wirtschaftliche und sicherheitspolitische Beziehungen zu besprechen .
2026-05-12 02:20:34,718 - INFO - joeynmt.training - 	Reference:  India &apos;s new prime minister , Narendra Modi , is meeting his Japanese counterpart , Shinzo Abe , in Tokyo to discuss economic and security ties , on his first major foreign visit since winning May &apos;s election .
2026-05-12 02:20:34,718 - INFO - joeynmt.training - 	Hypothesis: India &apos;s new Prime Minister Narendra Modi tried to his first exploring his first huge claims in May , in the Ministry of the Japanese colleagues Shine , in Toko , in Toko , in the Shine of the Abe , as a result of the new Abe .
2026-05-12 02:20:34,718 - INFO - joeynmt.training - Example #2
2026-05-12 02:20:34,719 - DEBUG - joeynmt.training - 	Tokenized source:     ['Herr', 'Mo@@', 'd@@', 'i', 'befindet', 'sich', 'auf', 'einer', 'fü@@', 'n@@', 'f@@', 'tä@@', 'gi@@', 'gen', 'Rei@@', 'se', 'nach', 'J@@', 'ap@@', 'an', ',', 'um', 'die', 'wirtschaf@@', 'tlichen', 'Be@@', 'zieh@@', 'ungen', 'mit', 'der', 'd@@', 'rit@@', 't@@', 'größ@@', 'ten', 'Wirtschafts@@', 'n@@', 'ation', 'der', 'Welt', 'zu', 'fes@@', 'tigen', '.']
2026-05-12 02:20:34,719 - DEBUG - joeynmt.training - 	Tokenized reference:  ['Mr', 'Mo@@', 'd@@', 'i', 'is', 'on', 'a', 'fi@@', 've', '@@@', '-@@', '@', 'day', 'tri@@', 'p', 'to', 'J@@', 'ap@@', 'an', 'to', 'streng@@', 'then', 'economic', 'ties', 'with', 'the', 'third', 'lar@@', 'ges@@', 't', 'econom@@', 'y', 'in', 'the', 'world', '.']
2026-05-12 02:20:34,719 - DEBUG - joeynmt.training - 	Tokenized hypothesis: ['Mr', 'Mo@@', 'd@@', 'i', 'is', 'is', 'a', 'fi@@', 'f@@', 'th', 'tra@@', 'ding', 'to', 'J@@', 'ap@@', 'an', 'to', 'J@@', 'ap@@', 'an', 'to', 'take', 'the', 'economic', 'rel@@', 'ations', 'with', 'the', 'third', 'lar@@', 'ges@@', 't', 'economic', 'rel@@', 'ations', 'with', 'the', 'third', 'lar@@', 'ges@@', 't', 'economic', 'rel@@', 'ations', '.', '</s>']
2026-05-12 02:20:34,719 - INFO - joeynmt.training - 	Source:     Herr Modi befindet sich auf einer fünftägigen Reise nach Japan , um die wirtschaftlichen Beziehungen mit der drittgrößten Wirtschaftsnation der Welt zu festigen .
2026-05-12 02:20:34,719 - INFO - joeynmt.training - 	Reference:  Mr Modi is on a five @-@ day trip to Japan to strengthen economic ties with the third largest economy in the world .
2026-05-12 02:20:34,719 - INFO - joeynmt.training - 	Hypothesis: Mr Modi is is a fifth trading to Japan to Japan to take the economic relations with the third largest economic relations with the third largest economic relations .
2026-05-12 02:20:34,719 - INFO - joeynmt.training - Example #3
2026-05-12 02:20:34,719 - DEBUG - joeynmt.training - 	Tokenized source:     ['P@@', 'län@@', 'e', 'für', 'eine', 'stärk@@', 'ere', 'k@@', 'ern@@', 'techn@@', 'ische', 'Zusammenarbeit', 'stehen', 'ganz', 'ob@@', 'en', 'auf', 'der', 'Tag@@', 'es@@', 'ordnung', '.']
2026-05-12 02:20:34,719 - DEBUG - joeynmt.training - 	Tokenized reference:  ['high', 'on', 'the', 'agen@@', 'da', 'are', 'pl@@', 'ans', 'for', 'gre@@', 'ater', 'nu@@', 'clear', 'c@@', 'o', '@@@', '-@@', '@', 'operation', '.']
2026-05-12 02:20:34,719 - DEBUG - joeynmt.training - 	Tokenized hypothesis: ['pl@@', 'ans', 'for', 'a', 'more', 'seri@@', 'ous', 'techn@@', 'ical', 'cooperation', 'are', 'curr@@', 'ently', 'on', 'the', 'agen@@', 'da', '.', '</s>']
2026-05-12 02:20:34,719 - INFO - joeynmt.training - 	Source:     Pläne für eine stärkere kerntechnische Zusammenarbeit stehen ganz oben auf der Tagesordnung .
2026-05-12 02:20:34,719 - INFO - joeynmt.training - 	Reference:  high on the agenda are plans for greater nuclear co @-@ operation .
2026-05-12 02:20:34,719 - INFO - joeynmt.training - 	Hypothesis: plans for a more serious technical cooperation are currently on the agenda .
2026-05-12 02:20:34,719 - INFO - joeynmt.training - Example #4
2026-05-12 02:20:34,719 - DEBUG - joeynmt.training - 	Tokenized source:     ['Berich@@', 'ten', 'zu@@', 'fol@@', 'ge', 'ho@@', 'fft', 'Indi@@', 'en', 'darüber', 'hinaus', 'auf', 'einen', 'Ver@@', 'trag', 'zur', 'Ver@@', 'tei@@', 'dig@@', 'ungs@@', 'zusammen@@', 'arbeit', 'zwischen', 'den', 'beiden', 'N@@', 'ationen', '.']
2026-05-12 02:20:34,719 - DEBUG - joeynmt.training - 	Tokenized reference:  ['Indi@@', 'a', 'is', 'also', 're@@', 'porte@@', 'dly', 'hop@@', 'ing', 'for', 'a', 'de@@', 'al', 'on', 'def@@', 'ence', 'c@@', 'oll@@', 'ab@@', 'or@@', 'ation', 'between', 'the', 'two', 'n@@', 'ations', '.']
2026-05-12 02:20:34,719 - DEBUG - joeynmt.training - 	Tokenized hypothesis: ['the', 're@@', 'ports', 'also', 'hop@@', 'es', 'that', 'the', 're@@', 'ports', 'are', 'the', 'con@@', 'dem@@', 'ning', 'cooperation', 'between', 'the', 'two', 'N@@', 'ations', '.', '</s>']
2026-05-12 02:20:34,720 - INFO - joeynmt.training - 	Source:     Berichten zufolge hofft Indien darüber hinaus auf einen Vertrag zur Verteidigungszusammenarbeit zwischen den beiden Nationen .
2026-05-12 02:20:34,720 - INFO - joeynmt.training - 	Reference:  India is also reportedly hoping for a deal on defence collaboration between the two nations .
2026-05-12 02:20:34,720 - INFO - joeynmt.training - 	Hypothesis: the reports also hopes that the reports are the condemning cooperation between the two Nations .
2026-05-12 02:21:01,369 - INFO - joeynmt.training - Epoch   9, Step:    36100, Batch Loss:     1.681811, Batch Acc: 0.524878, Tokens per Sec:     3370, Lr: 0.000300
2026-05-12 02:21:27,734 - INFO - joeynmt.training - Epoch   9, Step:    36200, Batch Loss:     1.501178, Batch Acc: 0.526636, Tokens per Sec:     3512, Lr: 0.000300
2026-05-12 02:21:54,396 - INFO - joeynmt.training - Epoch   9, Step:    36300, Batch Loss:     1.729739, Batch Acc: 0.514918, Tokens per Sec:     3412, Lr: 0.000300
2026-05-12 02:22:21,090 - INFO - joeynmt.training - Epoch   9, Step:    36400, Batch Loss:     1.925353, Batch Acc: 0.523628, Tokens per Sec:     3428, Lr: 0.000300
2026-05-12 02:22:47,748 - INFO - joeynmt.training - Epoch   9, Step:    36500, Batch Loss:     1.575673, Batch Acc: 0.521988, Tokens per Sec:     3416, Lr: 0.000300
2026-05-12 02:22:47,749 - INFO - joeynmt.prediction - Predicting 500 example(s)... (Greedy decoding with min_output_length=1, max_output_length=-1, return_prob='none', generate_unk=True, repetition_penalty=-1, no_repeat_ngram_size=-1)
2026-05-12 02:23:28,110 - INFO - joeynmt.prediction - Evaluation result (greedy) loss:   2.12, ppl:   8.31, acc:   0.45, generation: 40.3525[sec], evaluation: 0.0000[sec]
2026-05-12 02:23:28,113 - INFO - joeynmt.training - Hooray! New best validation result [ppl]!
2026-05-12 02:23:28,271 - INFO - joeynmt.helpers - delete models/deen_transformer_post/34500.ckpt
2026-05-12 02:23:28,277 - INFO - joeynmt.training - Example #0
2026-05-12 02:23:28,277 - DEBUG - joeynmt.training - 	Tokenized source:     ['die', 'Pre@@', 'mi@@', 'er@@', 'minist@@', 'er', 'Indi@@', 'ens', 'und', 'J@@', 'ap@@', 'ans', 'tra@@', 'fen', 'sich', 'in', 'T@@', 'ok@@', 'i@@', 'o', '.']
2026-05-12 02:23:28,277 - DEBUG - joeynmt.training - 	Tokenized reference:  ['Indi@@', 'a', 'and', 'J@@', 'ap@@', 'an', 'pri@@', 'me', 'minist@@', 'ers', 'me@@', 'et', 'in', 'T@@', 'ok@@', 'y@@', 'o']
2026-05-12 02:23:28,277 - DEBUG - joeynmt.training - 	Tokenized hypothesis: ['the', 'Pri@@', 'me', 'Minist@@', 'er', 'Indi@@', 'a', 'and', 'J@@', 'ap@@', 'an', ',', 'J@@', 'ap@@', 'an', '.', '</s>']
2026-05-12 02:23:28,277 - INFO - joeynmt.training - 	Source:     die Premierminister Indiens und Japans trafen sich in Tokio .
2026-05-12 02:23:28,277 - INFO - joeynmt.training - 	Reference:  India and Japan prime ministers meet in Tokyo
2026-05-12 02:23:28,277 - INFO - joeynmt.training - 	Hypothesis: the Prime Minister India and Japan , Japan .
2026-05-12 02:23:28,277 - INFO - joeynmt.training - Example #1
2026-05-12 02:23:28,278 - DEBUG - joeynmt.training - 	Tokenized source:     ['Indi@@', 'ens', 'neu@@', 'er', 'Pre@@', 'mi@@', 'er@@', 'minist@@', 'er', 'N@@', 'ar@@', 'end@@', 'ra', 'Mo@@', 'd@@', 'i', 'tri@@', 'fft', 'bei', 's@@', 'einem', 'ersten', 'wichti@@', 'gen', 'Aus@@', 'land@@', 's@@', 'bes@@', 'u@@', 'ch', 'seit', 's@@', 'einem', 'W@@', 'ah@@', 'l@@', 'si@@', 'e@@', 'g', 'im', 'Ma@@', 'i', 'seinen', 'j@@', 'ap@@', 'an@@', 'ischen', 'Am@@', 'ts@@', 'k@@', 'olle@@', 'gen', 'S@@', 'hin@@', 'z@@', 'o', 'A@@', 'be', 'in', 'T@@', 'ok@@', 'o', ',', 'um', 'wirtschaf@@', 'tliche', 'und', 'sicher@@', 'heits@@', 'politische', 'Be@@', 'zieh@@', 'ungen', 'zu', 'bes@@', 'pre@@', 'chen', '.']
2026-05-12 02:23:28,278 - DEBUG - joeynmt.training - 	Tokenized reference:  ['Indi@@', 'a', '&apos;s', 'new', 'pri@@', 'me', 'minist@@', 'er', ',', 'N@@', 'ar@@', 'end@@', 'ra', 'Mo@@', 'd@@', 'i', ',', 'is', 'me@@', 'eting', 'his', 'J@@', 'ap@@', 'an@@', 'ese', 'coun@@', 'ter@@', 'part', ',', 'S@@', 'hin@@', 'z@@', 'o', 'A@@', 'be', ',', 'in', 'T@@', 'ok@@', 'y@@', 'o', 'to', 'disc@@', 'uss', 'economic', 'and', 'security', 'ties', ',', 'on', 'his', 'first', 'major', 'fore@@', 'ign', 'visi@@', 't', 'since', 'w@@', 'inn@@', 'ing', 'Ma@@', 'y', '&apos;s', 'elec@@', 'tion', '.']
2026-05-12 02:23:28,278 - DEBUG - joeynmt.training - 	Tokenized hypothesis: ['Indi@@', 'a', '&apos;s', 'new', 'Pri@@', 'me', 'Minist@@', 'er', 'N@@', 'ar@@', 'end@@', 'i', ',', 'was', 'de@@', 'cre@@', 'ased', 'in', 'his', 'first', 'time', ',', 'for', 'his', 'first', 'time', 'in', 'Ma@@', 'y', ',', 'in', 'Ma@@', 'y', ',', 'in', 'Ma@@', 'y', ',', 'in', 'the', 'J@@', 'ap@@', 'an', ',', 'in', 'Ma@@', 'y', ',', 'in', 'Ma@@', 'y', ',', 'in', 'the', 'J@@', 'ap@@', 'an', 'in', 'Ma@@', 'y', 'of', 'the', 'J@@', 'ap@@', 'an', 'A@@', 'be', 'in', 'M@@', 'ac@@', 'i@@', 'an', 'A@@', 'be', 'in', 'M@@', 'ac@@', 'i@@', 'an', 'A@@', 'be', '.', '</s>']
2026-05-12 02:23:28,278 - INFO - joeynmt.training - 	Source:     Indiens neuer Premierminister Narendra Modi trifft bei seinem ersten wichtigen Auslandsbesuch seit seinem Wahlsieg im Mai seinen japanischen Amtskollegen Shinzo Abe in Toko , um wirtschaftliche und sicherheitspolitische Beziehungen zu besprechen .
2026-05-12 02:23:28,278 - INFO - joeynmt.training - 	Reference:  India &apos;s new prime minister , Narendra Modi , is meeting his Japanese counterpart , Shinzo Abe , in Tokyo to discuss economic and security ties , on his first major foreign visit since winning May &apos;s election .
2026-05-12 02:23:28,278 - INFO - joeynmt.training - 	Hypothesis: India &apos;s new Prime Minister Narendi , was decreased in his first time , for his first time in May , in May , in May , in the Japan , in May , in May , in the Japan in May of the Japan Abe in Macian Abe in Macian Abe .
2026-05-12 02:23:28,278 - INFO - joeynmt.training - Example #2
2026-05-12 02:23:28,278 - DEBUG - joeynmt.training - 	Tokenized source:     ['Herr', 'Mo@@', 'd@@', 'i', 'befindet', 'sich', 'auf', 'einer', 'fü@@', 'n@@', 'f@@', 'tä@@', 'gi@@', 'gen', 'Rei@@', 'se', 'nach', 'J@@', 'ap@@', 'an', ',', 'um', 'die', 'wirtschaf@@', 'tlichen', 'Be@@', 'zieh@@', 'ungen', 'mit', 'der', 'd@@', 'rit@@', 't@@', 'größ@@', 'ten', 'Wirtschafts@@', 'n@@', 'ation', 'der', 'Welt', 'zu', 'fes@@', 'tigen', '.']
2026-05-12 02:23:28,278 - DEBUG - joeynmt.training - 	Tokenized reference:  ['Mr', 'Mo@@', 'd@@', 'i', 'is', 'on', 'a', 'fi@@', 've', '@@@', '-@@', '@', 'day', 'tri@@', 'p', 'to', 'J@@', 'ap@@', 'an', 'to', 'streng@@', 'then', 'economic', 'ties', 'with', 'the', 'third', 'lar@@', 'ges@@', 't', 'econom@@', 'y', 'in', 'the', 'world', '.']
2026-05-12 02:23:28,278 - DEBUG - joeynmt.training - 	Tokenized hypothesis: ['Mr', 'Mo@@', 'd@@', 'i', 'is', 'a', 'fi@@', 'f@@', 'th', 't@@', 'our@@', 'ist', 'on', 'a', 'fi@@', 'f@@', 'th', 'of', 'J@@', 'ap@@', 'an', 'to', 'J@@', 'ap@@', 'an', 'to', 'take', 'the', 'third', 'lar@@', 'ges@@', 't', 'economic', 'rel@@', 'ations', 'with', 'the', 'third', 'lar@@', 'ges@@', 't', 'economic', 'rel@@', 'ations', 'with', 'the', 'third', 'lar@@', 'ges@@', 't', 'economic', 'rel@@', 'ations', 'with', 'the', 'third', 'lar@@', 'ges@@', 't', 'of', 'the', 'world', '.', '</s>']
2026-05-12 02:23:28,278 - INFO - joeynmt.training - 	Source:     Herr Modi befindet sich auf einer fünftägigen Reise nach Japan , um die wirtschaftlichen Beziehungen mit der drittgrößten Wirtschaftsnation der Welt zu festigen .
2026-05-12 02:23:28,278 - INFO - joeynmt.training - 	Reference:  Mr Modi is on a five @-@ day trip to Japan to strengthen economic ties with the third largest economy in the world .
2026-05-12 02:23:28,278 - INFO - joeynmt.training - 	Hypothesis: Mr Modi is a fifth tourist on a fifth of Japan to Japan to take the third largest economic relations with the third largest economic relations with the third largest economic relations with the third largest of the world .
2026-05-12 02:23:28,278 - INFO - joeynmt.training - Example #3
2026-05-12 02:23:28,278 - DEBUG - joeynmt.training - 	Tokenized source:     ['P@@', 'län@@', 'e', 'für', 'eine', 'stärk@@', 'ere', 'k@@', 'ern@@', 'techn@@', 'ische', 'Zusammenarbeit', 'stehen', 'ganz', 'ob@@', 'en', 'auf', 'der', 'Tag@@', 'es@@', 'ordnung', '.']
2026-05-12 02:23:28,279 - DEBUG - joeynmt.training - 	Tokenized reference:  ['high', 'on', 'the', 'agen@@', 'da', 'are', 'pl@@', 'ans', 'for', 'gre@@', 'ater', 'nu@@', 'clear', 'c@@', 'o', '@@@', '-@@', '@', 'operation', '.']
2026-05-12 02:23:28,279 - DEBUG - joeynmt.training - 	Tokenized hypothesis: ['pl@@', 'ans', 'for', 'a', 'str@@', 'ong', 'techn@@', 'ical', 'cooperation', 'are', 'very', 'much', 'more', 'c@@', 'oll@@', 'ab@@', 'or@@', 'ation', 'on', 'the', 'agen@@', 'da', '.', '</s>']
2026-05-12 02:23:28,279 - INFO - joeynmt.training - 	Source:     Pläne für eine stärkere kerntechnische Zusammenarbeit stehen ganz oben auf der Tagesordnung .
2026-05-12 02:23:28,279 - INFO - joeynmt.training - 	Reference:  high on the agenda are plans for greater nuclear co @-@ operation .
2026-05-12 02:23:28,279 - INFO - joeynmt.training - 	Hypothesis: plans for a strong technical cooperation are very much more collaboration on the agenda .
2026-05-12 02:23:28,279 - INFO - joeynmt.training - Example #4
2026-05-12 02:23:28,279 - DEBUG - joeynmt.training - 	Tokenized source:     ['Berich@@', 'ten', 'zu@@', 'fol@@', 'ge', 'ho@@', 'fft', 'Indi@@', 'en', 'darüber', 'hinaus', 'auf', 'einen', 'Ver@@', 'trag', 'zur', 'Ver@@', 'tei@@', 'dig@@', 'ungs@@', 'zusammen@@', 'arbeit', 'zwischen', 'den', 'beiden', 'N@@', 'ationen', '.']
2026-05-12 02:23:28,279 - DEBUG - joeynmt.training - 	Tokenized reference:  ['Indi@@', 'a', 'is', 'also', 're@@', 'porte@@', 'dly', 'hop@@', 'ing', 'for', 'a', 'de@@', 'al', 'on', 'def@@', 'ence', 'c@@', 'oll@@', 'ab@@', 'or@@', 'ation', 'between', 'the', 'two', 'n@@', 'ations', '.']
2026-05-12 02:23:28,279 - DEBUG - joeynmt.training - 	Tokenized hypothesis: ['re@@', 'ports', 'on', 'the', 'con@@', 'tra@@', 'ct', ',', 'Indi@@', 'a', '&apos;s', 're@@', 'ports', 'on', 'the', 'con@@', 'tra@@', 'ct', 'of', 'the', 'two', 'N@@', 'ations', '.', '</s>']
2026-05-12 02:23:28,279 - INFO - joeynmt.training - 	Source:     Berichten zufolge hofft Indien darüber hinaus auf einen Vertrag zur Verteidigungszusammenarbeit zwischen den beiden Nationen .
2026-05-12 02:23:28,279 - INFO - joeynmt.training - 	Reference:  India is also reportedly hoping for a deal on defence collaboration between the two nations .
2026-05-12 02:23:28,279 - INFO - joeynmt.training - 	Hypothesis: reports on the contract , India &apos;s reports on the contract of the two Nations .
2026-05-12 02:23:53,561 - INFO - joeynmt.training - Epoch   9: total training loss 7083.07
2026-05-12 02:23:53,563 - INFO - joeynmt.training - EPOCH 10
2026-05-12 02:23:54,570 - INFO - joeynmt.training - Epoch  10, Step:    36600, Batch Loss:     1.656337, Batch Acc: 0.544411, Tokens per Sec:     3288, Lr: 0.000300
2026-05-12 02:24:20,948 - INFO - joeynmt.training - Epoch  10, Step:    36700, Batch Loss:     1.853572, Batch Acc: 0.540804, Tokens per Sec:     3434, Lr: 0.000300
2026-05-12 02:24:50,138 - INFO - joeynmt.training - Epoch  10, Step:    36800, Batch Loss:     1.761859, Batch Acc: 0.541047, Tokens per Sec:     3138, Lr: 0.000300
2026-05-12 02:25:20,557 - INFO - joeynmt.training - Epoch  10, Step:    36900, Batch Loss:     1.642550, Batch Acc: 0.532968, Tokens per Sec:     3057, Lr: 0.000300
2026-05-12 02:25:50,518 - INFO - joeynmt.training - Epoch  10, Step:    37000, Batch Loss:     1.657796, Batch Acc: 0.537445, Tokens per Sec:     3026, Lr: 0.000300
2026-05-12 02:25:50,518 - INFO - joeynmt.prediction - Predicting 500 example(s)... (Greedy decoding with min_output_length=1, max_output_length=-1, return_prob='none', generate_unk=True, repetition_penalty=-1, no_repeat_ngram_size=-1)
2026-05-12 02:26:33,581 - INFO - joeynmt.prediction - Evaluation result (greedy) loss:   2.13, ppl:   8.39, acc:   0.45, generation: 43.0544[sec], evaluation: 0.0000[sec]
2026-05-12 02:26:33,749 - INFO - joeynmt.helpers - delete models/deen_transformer_post/32500.ckpt
2026-05-12 02:26:33,757 - INFO - joeynmt.training - Example #0
2026-05-12 02:26:33,758 - DEBUG - joeynmt.training - 	Tokenized source:     ['die', 'Pre@@', 'mi@@', 'er@@', 'minist@@', 'er', 'Indi@@', 'ens', 'und', 'J@@', 'ap@@', 'ans', 'tra@@', 'fen', 'sich', 'in', 'T@@', 'ok@@', 'i@@', 'o', '.']
2026-05-12 02:26:33,758 - DEBUG - joeynmt.training - 	Tokenized reference:  ['Indi@@', 'a', 'and', 'J@@', 'ap@@', 'an', 'pri@@', 'me', 'minist@@', 'ers', 'me@@', 'et', 'in', 'T@@', 'ok@@', 'y@@', 'o']
2026-05-12 02:26:33,758 - DEBUG - joeynmt.training - 	Tokenized hypothesis: ['the', 'Pri@@', 'me', 'Minist@@', 'er', 'Indi@@', 'a', 'and', 'J@@', 'ap@@', 'an', ',', 'the', 'M@@', 'us@@', 'c@@', 's', 'of', 'T@@', 'ok@@', 'y@@', 'o', '.', '</s>']
2026-05-12 02:26:33,758 - INFO - joeynmt.training - 	Source:     die Premierminister Indiens und Japans trafen sich in Tokio .
2026-05-12 02:26:33,758 - INFO - joeynmt.training - 	Reference:  India and Japan prime ministers meet in Tokyo
2026-05-12 02:26:33,758 - INFO - joeynmt.training - 	Hypothesis: the Prime Minister India and Japan , the Muscs of Tokyo .
2026-05-12 02:26:33,758 - INFO - joeynmt.training - Example #1
2026-05-12 02:26:33,758 - DEBUG - joeynmt.training - 	Tokenized source:     ['Indi@@', 'ens', 'neu@@', 'er', 'Pre@@', 'mi@@', 'er@@', 'minist@@', 'er', 'N@@', 'ar@@', 'end@@', 'ra', 'Mo@@', 'd@@', 'i', 'tri@@', 'fft', 'bei', 's@@', 'einem', 'ersten', 'wichti@@', 'gen', 'Aus@@', 'land@@', 's@@', 'bes@@', 'u@@', 'ch', 'seit', 's@@', 'einem', 'W@@', 'ah@@', 'l@@', 'si@@', 'e@@', 'g', 'im', 'Ma@@', 'i', 'seinen', 'j@@', 'ap@@', 'an@@', 'ischen', 'Am@@', 'ts@@', 'k@@', 'olle@@', 'gen', 'S@@', 'hin@@', 'z@@', 'o', 'A@@', 'be', 'in', 'T@@', 'ok@@', 'o', ',', 'um', 'wirtschaf@@', 'tliche', 'und', 'sicher@@', 'heits@@', 'politische', 'Be@@', 'zieh@@', 'ungen', 'zu', 'bes@@', 'pre@@', 'chen', '.']
2026-05-12 02:26:33,758 - DEBUG - joeynmt.training - 	Tokenized reference:  ['Indi@@', 'a', '&apos;s', 'new', 'pri@@', 'me', 'minist@@', 'er', ',', 'N@@', 'ar@@', 'end@@', 'ra', 'Mo@@', 'd@@', 'i', ',', 'is', 'me@@', 'eting', 'his', 'J@@', 'ap@@', 'an@@', 'ese', 'coun@@', 'ter@@', 'part', ',', 'S@@', 'hin@@', 'z@@', 'o', 'A@@', 'be', ',', 'in', 'T@@', 'ok@@', 'y@@', 'o', 'to', 'disc@@', 'uss', 'economic', 'and', 'security', 'ties', ',', 'on', 'his', 'first', 'major', 'fore@@', 'ign', 'visi@@', 't', 'since', 'w@@', 'inn@@', 'ing', 'Ma@@', 'y', '&apos;s', 'elec@@', 'tion', '.']
2026-05-12 02:26:33,758 - DEBUG - joeynmt.training - 	Tokenized hypothesis: ['Indi@@', 'a', '&apos;s', 'new', 'Pri@@', 'me', 'Minist@@', 'er', 'N@@', 'ar@@', 'end@@', 'ra', 'Mo@@', 'd@@', 'i', 'tri@@', 'ed', 'to', 'his', 'first', 'w@@', 'at@@', 'ch@@', 'ing', ',', 'has', 'been', 'able', 'to', 'de@@', 'al', 'with', 'his', 'own', 'ch@@', 'allen@@', 'ge', 'in', 'Ma@@', 'y', ',', 'in', 'Ma@@', 'y', ',', 'in', 'Ma@@', 'y', ',', 'in', 'the', 'Ma@@', 'y', 'of', 'his', 'own', 'colle@@', 'ag@@', 'u@@', 'es', 'S@@', 'hin@@', 'e', 'in', 'Ma@@', 'y', '.', '</s>']
2026-05-12 02:26:33,758 - INFO - joeynmt.training - 	Source:     Indiens neuer Premierminister Narendra Modi trifft bei seinem ersten wichtigen Auslandsbesuch seit seinem Wahlsieg im Mai seinen japanischen Amtskollegen Shinzo Abe in Toko , um wirtschaftliche und sicherheitspolitische Beziehungen zu besprechen .
2026-05-12 02:26:33,758 - INFO - joeynmt.training - 	Reference:  India &apos;s new prime minister , Narendra Modi , is meeting his Japanese counterpart , Shinzo Abe , in Tokyo to discuss economic and security ties , on his first major foreign visit since winning May &apos;s election .
2026-05-12 02:26:33,758 - INFO - joeynmt.training - 	Hypothesis: India &apos;s new Prime Minister Narendra Modi tried to his first watching , has been able to deal with his own challenge in May , in May , in May , in the May of his own colleagues Shine in May .
2026-05-12 02:26:33,758 - INFO - joeynmt.training - Example #2
2026-05-12 02:26:33,759 - DEBUG - joeynmt.training - 	Tokenized source:     ['Herr', 'Mo@@', 'd@@', 'i', 'befindet', 'sich', 'auf', 'einer', 'fü@@', 'n@@', 'f@@', 'tä@@', 'gi@@', 'gen', 'Rei@@', 'se', 'nach', 'J@@', 'ap@@', 'an', ',', 'um', 'die', 'wirtschaf@@', 'tlichen', 'Be@@', 'zieh@@', 'ungen', 'mit', 'der', 'd@@', 'rit@@', 't@@', 'größ@@', 'ten', 'Wirtschafts@@', 'n@@', 'ation', 'der', 'Welt', 'zu', 'fes@@', 'tigen', '.']
2026-05-12 02:26:33,759 - DEBUG - joeynmt.training - 	Tokenized reference:  ['Mr', 'Mo@@', 'd@@', 'i', 'is', 'on', 'a', 'fi@@', 've', '@@@', '-@@', '@', 'day', 'tri@@', 'p', 'to', 'J@@', 'ap@@', 'an', 'to', 'streng@@', 'then', 'economic', 'ties', 'with', 'the', 'third', 'lar@@', 'ges@@', 't', 'econom@@', 'y', 'in', 'the', 'world', '.']
2026-05-12 02:26:33,759 - DEBUG - joeynmt.training - 	Tokenized hypothesis: ['Mr', 'Mo@@', 'd@@', 'i', 'is', 'on', 'a', 'fi@@', 'f@@', 'ty', 'to', 'J@@', 'ap@@', 'an', 'to', 'J@@', 'ap@@', 'an', 'to', 'J@@', 'ap@@', 'an', 'to', 'take', 'the', 'economic', 'rel@@', 'ations', 'with', 'the', 'third', 'lar@@', 'ges@@', 't', 'economic', 'rel@@', 'ations', '.', '</s>']
2026-05-12 02:26:33,759 - INFO - joeynmt.training - 	Source:     Herr Modi befindet sich auf einer fünftägigen Reise nach Japan , um die wirtschaftlichen Beziehungen mit der drittgrößten Wirtschaftsnation der Welt zu festigen .
2026-05-12 02:26:33,759 - INFO - joeynmt.training - 	Reference:  Mr Modi is on a five @-@ day trip to Japan to strengthen economic ties with the third largest economy in the world .
2026-05-12 02:26:33,759 - INFO - joeynmt.training - 	Hypothesis: Mr Modi is on a fifty to Japan to Japan to Japan to take the economic relations with the third largest economic relations .
2026-05-12 02:26:33,759 - INFO - joeynmt.training - Example #3
2026-05-12 02:26:33,759 - DEBUG - joeynmt.training - 	Tokenized source:     ['P@@', 'län@@', 'e', 'für', 'eine', 'stärk@@', 'ere', 'k@@', 'ern@@', 'techn@@', 'ische', 'Zusammenarbeit', 'stehen', 'ganz', 'ob@@', 'en', 'auf', 'der', 'Tag@@', 'es@@', 'ordnung', '.']
2026-05-12 02:26:33,759 - DEBUG - joeynmt.training - 	Tokenized reference:  ['high', 'on', 'the', 'agen@@', 'da', 'are', 'pl@@', 'ans', 'for', 'gre@@', 'ater', 'nu@@', 'clear', 'c@@', 'o', '@@@', '-@@', '@', 'operation', '.']
2026-05-12 02:26:33,759 - DEBUG - joeynmt.training - 	Tokenized hypothesis: ['pl@@', 'ans', 'for', 'a', 'str@@', 'ong', 'techn@@', 'ical', 'cooperation', 'are', 'based', 'on', 'the', 'agen@@', 'da', '.', '</s>']
2026-05-12 02:26:33,759 - INFO - joeynmt.training - 	Source:     Pläne für eine stärkere kerntechnische Zusammenarbeit stehen ganz oben auf der Tagesordnung .
2026-05-12 02:26:33,759 - INFO - joeynmt.training - 	Reference:  high on the agenda are plans for greater nuclear co @-@ operation .
2026-05-12 02:26:33,759 - INFO - joeynmt.training - 	Hypothesis: plans for a strong technical cooperation are based on the agenda .
2026-05-12 02:26:33,759 - INFO - joeynmt.training - Example #4
2026-05-12 02:26:33,759 - DEBUG - joeynmt.training - 	Tokenized source:     ['Berich@@', 'ten', 'zu@@', 'fol@@', 'ge', 'ho@@', 'fft', 'Indi@@', 'en', 'darüber', 'hinaus', 'auf', 'einen', 'Ver@@', 'trag', 'zur', 'Ver@@', 'tei@@', 'dig@@', 'ungs@@', 'zusammen@@', 'arbeit', 'zwischen', 'den', 'beiden', 'N@@', 'ationen', '.']
2026-05-12 02:26:33,759 - DEBUG - joeynmt.training - 	Tokenized reference:  ['Indi@@', 'a', 'is', 'also', 're@@', 'porte@@', 'dly', 'hop@@', 'ing', 'for', 'a', 'de@@', 'al', 'on', 'def@@', 'ence', 'c@@', 'oll@@', 'ab@@', 'or@@', 'ation', 'between', 'the', 'two', 'n@@', 'ations', '.']
2026-05-12 02:26:33,760 - DEBUG - joeynmt.training - 	Tokenized hypothesis: ['re@@', 'ports', ',', 'and', ',', 'in', 'ad@@', 'dition', 'to', 'a', 'con@@', 'tra@@', 'ct', 'of', 'def@@', 'en@@', 'ding', 'cooperation', 'between', 'the', 'two', 'n@@', 'ations', '.', '</s>']
2026-05-12 02:26:33,760 - INFO - joeynmt.training - 	Source:     Berichten zufolge hofft Indien darüber hinaus auf einen Vertrag zur Verteidigungszusammenarbeit zwischen den beiden Nationen .
2026-05-12 02:26:33,760 - INFO - joeynmt.training - 	Reference:  India is also reportedly hoping for a deal on defence collaboration between the two nations .
2026-05-12 02:26:33,760 - INFO - joeynmt.training - 	Hypothesis: reports , and , in addition to a contract of defending cooperation between the two nations .
2026-05-12 02:27:00,116 - INFO - joeynmt.training - Epoch  10, Step:    37100, Batch Loss:     1.616283, Batch Acc: 0.534687, Tokens per Sec:     3424, Lr: 0.000300
2026-05-12 02:27:26,543 - INFO - joeynmt.training - Epoch  10, Step:    37200, Batch Loss:     1.607941, Batch Acc: 0.533190, Tokens per Sec:     3484, Lr: 0.000300
2026-05-12 02:27:52,819 - INFO - joeynmt.training - Epoch  10, Step:    37300, Batch Loss:     1.546798, Batch Acc: 0.533886, Tokens per Sec:     3501, Lr: 0.000300
2026-05-12 02:28:19,286 - INFO - joeynmt.training - Epoch  10, Step:    37400, Batch Loss:     1.672340, Batch Acc: 0.528279, Tokens per Sec:     3495, Lr: 0.000300
2026-05-12 02:28:45,621 - INFO - joeynmt.training - Epoch  10, Step:    37500, Batch Loss:     1.644963, Batch Acc: 0.534397, Tokens per Sec:     3455, Lr: 0.000300
2026-05-12 02:28:45,621 - INFO - joeynmt.prediction - Predicting 500 example(s)... (Greedy decoding with min_output_length=1, max_output_length=-1, return_prob='none', generate_unk=True, repetition_penalty=-1, no_repeat_ngram_size=-1)
2026-05-12 02:29:35,202 - INFO - joeynmt.prediction - Evaluation result (greedy) loss:   2.14, ppl:   8.48, acc:   0.45, generation: 49.5725[sec], evaluation: 0.0000[sec]
2026-05-12 02:29:35,206 - INFO - joeynmt.training - Example #0
2026-05-12 02:29:35,206 - DEBUG - joeynmt.training - 	Tokenized source:     ['die', 'Pre@@', 'mi@@', 'er@@', 'minist@@', 'er', 'Indi@@', 'ens', 'und', 'J@@', 'ap@@', 'ans', 'tra@@', 'fen', 'sich', 'in', 'T@@', 'ok@@', 'i@@', 'o', '.']
2026-05-12 02:29:35,206 - DEBUG - joeynmt.training - 	Tokenized reference:  ['Indi@@', 'a', 'and', 'J@@', 'ap@@', 'an', 'pri@@', 'me', 'minist@@', 'ers', 'me@@', 'et', 'in', 'T@@', 'ok@@', 'y@@', 'o']
2026-05-12 02:29:35,206 - DEBUG - joeynmt.training - 	Tokenized hypothesis: ['the', 'Pri@@', 'me', 'Minist@@', 'er', 'Indi@@', 'a', 'and', 'J@@', 'ap@@', 'an', ',', 'and', 'J@@', 'ap@@', 'an', '.', '</s>']
2026-05-12 02:29:35,207 - INFO - joeynmt.training - 	Source:     die Premierminister Indiens und Japans trafen sich in Tokio .
2026-05-12 02:29:35,207 - INFO - joeynmt.training - 	Reference:  India and Japan prime ministers meet in Tokyo
2026-05-12 02:29:35,207 - INFO - joeynmt.training - 	Hypothesis: the Prime Minister India and Japan , and Japan .
2026-05-12 02:29:35,207 - INFO - joeynmt.training - Example #1
2026-05-12 02:29:35,207 - DEBUG - joeynmt.training - 	Tokenized source:     ['Indi@@', 'ens', 'neu@@', 'er', 'Pre@@', 'mi@@', 'er@@', 'minist@@', 'er', 'N@@', 'ar@@', 'end@@', 'ra', 'Mo@@', 'd@@', 'i', 'tri@@', 'fft', 'bei', 's@@', 'einem', 'ersten', 'wichti@@', 'gen', 'Aus@@', 'land@@', 's@@', 'bes@@', 'u@@', 'ch', 'seit', 's@@', 'einem', 'W@@', 'ah@@', 'l@@', 'si@@', 'e@@', 'g', 'im', 'Ma@@', 'i', 'seinen', 'j@@', 'ap@@', 'an@@', 'ischen', 'Am@@', 'ts@@', 'k@@', 'olle@@', 'gen', 'S@@', 'hin@@', 'z@@', 'o', 'A@@', 'be', 'in', 'T@@', 'ok@@', 'o', ',', 'um', 'wirtschaf@@', 'tliche', 'und', 'sicher@@', 'heits@@', 'politische', 'Be@@', 'zieh@@', 'ungen', 'zu', 'bes@@', 'pre@@', 'chen', '.']
2026-05-12 02:29:35,207 - DEBUG - joeynmt.training - 	Tokenized reference:  ['Indi@@', 'a', '&apos;s', 'new', 'pri@@', 'me', 'minist@@', 'er', ',', 'N@@', 'ar@@', 'end@@', 'ra', 'Mo@@', 'd@@', 'i', ',', 'is', 'me@@', 'eting', 'his', 'J@@', 'ap@@', 'an@@', 'ese', 'coun@@', 'ter@@', 'part', ',', 'S@@', 'hin@@', 'z@@', 'o', 'A@@', 'be', ',', 'in', 'T@@', 'ok@@', 'y@@', 'o', 'to', 'disc@@', 'uss', 'economic', 'and', 'security', 'ties', ',', 'on', 'his', 'first', 'major', 'fore@@', 'ign', 'visi@@', 't', 'since', 'w@@', 'inn@@', 'ing', 'Ma@@', 'y', '&apos;s', 'elec@@', 'tion', '.']
2026-05-12 02:29:35,207 - DEBUG - joeynmt.training - 	Tokenized hypothesis: ['Indi@@', 'a', 'new', 'pri@@', 'me', 'minist@@', 'er', 'N@@', 'ar@@', 'ri@@', 'v@@', 'al', 'of', 'the', 'first', 'of', 'all', 'of', 'its', 'own', 'important', 'fore@@', 'ign', 'fore@@', 'ign', 'fore@@', 'ign', 'fore@@', 'ign', 'policy', ',', 'in', 'its', 'own', 'own', 'own', 'elec@@', 'tion', 'in', 'Ma@@', 'y', ',', 'in', 'T@@', 'ok@@', 'o', ',', 'in', 'T@@', 'ok@@', 'o', ',', 'in', 'T@@', 'ok@@', 'o', ',', 'in', 'T@@', 'ok@@', 'o', ',', 'economic', 'and', 'security', 'rel@@', 'ations', '.', '</s>']
2026-05-12 02:29:35,207 - INFO - joeynmt.training - 	Source:     Indiens neuer Premierminister Narendra Modi trifft bei seinem ersten wichtigen Auslandsbesuch seit seinem Wahlsieg im Mai seinen japanischen Amtskollegen Shinzo Abe in Toko , um wirtschaftliche und sicherheitspolitische Beziehungen zu besprechen .
2026-05-12 02:29:35,207 - INFO - joeynmt.training - 	Reference:  India &apos;s new prime minister , Narendra Modi , is meeting his Japanese counterpart , Shinzo Abe , in Tokyo to discuss economic and security ties , on his first major foreign visit since winning May &apos;s election .
2026-05-12 02:29:35,207 - INFO - joeynmt.training - 	Hypothesis: India new prime minister Narrival of the first of all of its own important foreign foreign foreign foreign policy , in its own own own election in May , in Toko , in Toko , in Toko , in Toko , economic and security relations .
2026-05-12 02:29:35,207 - INFO - joeynmt.training - Example #2
2026-05-12 02:29:35,207 - DEBUG - joeynmt.training - 	Tokenized source:     ['Herr', 'Mo@@', 'd@@', 'i', 'befindet', 'sich', 'auf', 'einer', 'fü@@', 'n@@', 'f@@', 'tä@@', 'gi@@', 'gen', 'Rei@@', 'se', 'nach', 'J@@', 'ap@@', 'an', ',', 'um', 'die', 'wirtschaf@@', 'tlichen', 'Be@@', 'zieh@@', 'ungen', 'mit', 'der', 'd@@', 'rit@@', 't@@', 'größ@@', 'ten', 'Wirtschafts@@', 'n@@', 'ation', 'der', 'Welt', 'zu', 'fes@@', 'tigen', '.']
2026-05-12 02:29:35,207 - DEBUG - joeynmt.training - 	Tokenized reference:  ['Mr', 'Mo@@', 'd@@', 'i', 'is', 'on', 'a', 'fi@@', 've', '@@@', '-@@', '@', 'day', 'tri@@', 'p', 'to', 'J@@', 'ap@@', 'an', 'to', 'streng@@', 'then', 'economic', 'ties', 'with', 'the', 'third', 'lar@@', 'ges@@', 't', 'econom@@', 'y', 'in', 'the', 'world', '.']
2026-05-12 02:29:35,207 - DEBUG - joeynmt.training - 	Tokenized hypothesis: ['Mr', 'Mo@@', 'd@@', 'i', 'is', 'a', 'fi@@', 'f@@', 'th', 't@@', 'our@@', 'ist', 'on', 'a', 'fi@@', 'f@@', 'th', 'tri@@', 'p', 'to', 'the', 'economic', 'rel@@', 'ations', 'with', 'the', 'third', 'lar@@', 'ges@@', 't', 'economic', 'rel@@', 'ations', 'with', 'the', 'third', 'lar@@', 'ges@@', 't', 'economic', 'n@@', 'ation', 'of', 'the', 'world', '.', '</s>']
2026-05-12 02:29:35,207 - INFO - joeynmt.training - 	Source:     Herr Modi befindet sich auf einer fünftägigen Reise nach Japan , um die wirtschaftlichen Beziehungen mit der drittgrößten Wirtschaftsnation der Welt zu festigen .
2026-05-12 02:29:35,208 - INFO - joeynmt.training - 	Reference:  Mr Modi is on a five @-@ day trip to Japan to strengthen economic ties with the third largest economy in the world .
2026-05-12 02:29:35,208 - INFO - joeynmt.training - 	Hypothesis: Mr Modi is a fifth tourist on a fifth trip to the economic relations with the third largest economic relations with the third largest economic nation of the world .
2026-05-12 02:29:35,208 - INFO - joeynmt.training - Example #3
2026-05-12 02:29:35,208 - DEBUG - joeynmt.training - 	Tokenized source:     ['P@@', 'län@@', 'e', 'für', 'eine', 'stärk@@', 'ere', 'k@@', 'ern@@', 'techn@@', 'ische', 'Zusammenarbeit', 'stehen', 'ganz', 'ob@@', 'en', 'auf', 'der', 'Tag@@', 'es@@', 'ordnung', '.']
2026-05-12 02:29:35,208 - DEBUG - joeynmt.training - 	Tokenized reference:  ['high', 'on', 'the', 'agen@@', 'da', 'are', 'pl@@', 'ans', 'for', 'gre@@', 'ater', 'nu@@', 'clear', 'c@@', 'o', '@@@', '-@@', '@', 'operation', '.']
2026-05-12 02:29:35,208 - DEBUG - joeynmt.training - 	Tokenized hypothesis: ['pl@@', 'ans', 'for', 'a', 'str@@', 'ong', 'techn@@', 'ical', 'cooperation', 'is', 'based', 'on', 'the', 'agen@@', 'da', '.', '</s>']
2026-05-12 02:29:35,208 - INFO - joeynmt.training - 	Source:     Pläne für eine stärkere kerntechnische Zusammenarbeit stehen ganz oben auf der Tagesordnung .
2026-05-12 02:29:35,208 - INFO - joeynmt.training - 	Reference:  high on the agenda are plans for greater nuclear co @-@ operation .
2026-05-12 02:29:35,208 - INFO - joeynmt.training - 	Hypothesis: plans for a strong technical cooperation is based on the agenda .
2026-05-12 02:29:35,208 - INFO - joeynmt.training - Example #4
2026-05-12 02:29:35,208 - DEBUG - joeynmt.training - 	Tokenized source:     ['Berich@@', 'ten', 'zu@@', 'fol@@', 'ge', 'ho@@', 'fft', 'Indi@@', 'en', 'darüber', 'hinaus', 'auf', 'einen', 'Ver@@', 'trag', 'zur', 'Ver@@', 'tei@@', 'dig@@', 'ungs@@', 'zusammen@@', 'arbeit', 'zwischen', 'den', 'beiden', 'N@@', 'ationen', '.']
2026-05-12 02:29:35,208 - DEBUG - joeynmt.training - 	Tokenized reference:  ['Indi@@', 'a', 'is', 'also', 're@@', 'porte@@', 'dly', 'hop@@', 'ing', 'for', 'a', 'de@@', 'al', 'on', 'def@@', 'ence', 'c@@', 'oll@@', 'ab@@', 'or@@', 'ation', 'between', 'the', 'two', 'n@@', 'ations', '.']
2026-05-12 02:29:35,208 - DEBUG - joeynmt.training - 	Tokenized hypothesis: ['re@@', 'ports', 'on', 'the', 'subject', 'of', 'the', 'con@@', 'tra@@', 'ct', 'cooperation', 'between', 'the', 'two', 'N@@', 'ations', '.', '</s>']
2026-05-12 02:29:35,208 - INFO - joeynmt.training - 	Source:     Berichten zufolge hofft Indien darüber hinaus auf einen Vertrag zur Verteidigungszusammenarbeit zwischen den beiden Nationen .
2026-05-12 02:29:35,208 - INFO - joeynmt.training - 	Reference:  India is also reportedly hoping for a deal on defence collaboration between the two nations .
2026-05-12 02:29:35,208 - INFO - joeynmt.training - 	Hypothesis: reports on the subject of the contract cooperation between the two Nations .
2026-05-12 02:30:01,221 - INFO - joeynmt.training - Epoch  10, Step:    37600, Batch Loss:     1.715728, Batch Acc: 0.532782, Tokens per Sec:     3512, Lr: 0.000300
2026-05-12 02:30:28,174 - INFO - joeynmt.training - Epoch  10, Step:    37700, Batch Loss:     2.004616, Batch Acc: 0.532918, Tokens per Sec:     3409, Lr: 0.000300
2026-05-12 02:30:54,363 - INFO - joeynmt.training - Epoch  10, Step:    37800, Batch Loss:     1.777837, Batch Acc: 0.529485, Tokens per Sec:     3518, Lr: 0.000300
2026-05-12 02:31:21,010 - INFO - joeynmt.training - Epoch  10, Step:    37900, Batch Loss:     1.441994, Batch Acc: 0.536264, Tokens per Sec:     3479, Lr: 0.000300
2026-05-12 02:31:47,384 - INFO - joeynmt.training - Epoch  10, Step:    38000, Batch Loss:     1.570549, Batch Acc: 0.539075, Tokens per Sec:     3425, Lr: 0.000300
2026-05-12 02:31:47,385 - INFO - joeynmt.prediction - Predicting 500 example(s)... (Greedy decoding with min_output_length=1, max_output_length=-1, return_prob='none', generate_unk=True, repetition_penalty=-1, no_repeat_ngram_size=-1)
2026-05-12 02:32:30,928 - INFO - joeynmt.prediction - Evaluation result (greedy) loss:   2.13, ppl:   8.38, acc:   0.46, generation: 43.5348[sec], evaluation: 0.0000[sec]
2026-05-12 02:32:31,081 - INFO - joeynmt.helpers - delete models/deen_transformer_post/35000.ckpt
2026-05-12 02:32:31,087 - INFO - joeynmt.training - Example #0
2026-05-12 02:32:31,087 - DEBUG - joeynmt.training - 	Tokenized source:     ['die', 'Pre@@', 'mi@@', 'er@@', 'minist@@', 'er', 'Indi@@', 'ens', 'und', 'J@@', 'ap@@', 'ans', 'tra@@', 'fen', 'sich', 'in', 'T@@', 'ok@@', 'i@@', 'o', '.']
2026-05-12 02:32:31,087 - DEBUG - joeynmt.training - 	Tokenized reference:  ['Indi@@', 'a', 'and', 'J@@', 'ap@@', 'an', 'pri@@', 'me', 'minist@@', 'ers', 'me@@', 'et', 'in', 'T@@', 'ok@@', 'y@@', 'o']
2026-05-12 02:32:31,087 - DEBUG - joeynmt.training - 	Tokenized hypothesis: ['the', 'Pri@@', 'me', 'Minist@@', 'er', 'Indi@@', 'a', 'and', 'J@@', 'ap@@', 'an', ',', 'J@@', 'ap@@', 'an', ',', 'T@@', 'ok@@', 'i@@', 'o', '.', '</s>']
2026-05-12 02:32:31,087 - INFO - joeynmt.training - 	Source:     die Premierminister Indiens und Japans trafen sich in Tokio .
2026-05-12 02:32:31,087 - INFO - joeynmt.training - 	Reference:  India and Japan prime ministers meet in Tokyo
2026-05-12 02:32:31,087 - INFO - joeynmt.training - 	Hypothesis: the Prime Minister India and Japan , Japan , Tokio .
2026-05-12 02:32:31,087 - INFO - joeynmt.training - Example #1
2026-05-12 02:32:31,087 - DEBUG - joeynmt.training - 	Tokenized source:     ['Indi@@', 'ens', 'neu@@', 'er', 'Pre@@', 'mi@@', 'er@@', 'minist@@', 'er', 'N@@', 'ar@@', 'end@@', 'ra', 'Mo@@', 'd@@', 'i', 'tri@@', 'fft', 'bei', 's@@', 'einem', 'ersten', 'wichti@@', 'gen', 'Aus@@', 'land@@', 's@@', 'bes@@', 'u@@', 'ch', 'seit', 's@@', 'einem', 'W@@', 'ah@@', 'l@@', 'si@@', 'e@@', 'g', 'im', 'Ma@@', 'i', 'seinen', 'j@@', 'ap@@', 'an@@', 'ischen', 'Am@@', 'ts@@', 'k@@', 'olle@@', 'gen', 'S@@', 'hin@@', 'z@@', 'o', 'A@@', 'be', 'in', 'T@@', 'ok@@', 'o', ',', 'um', 'wirtschaf@@', 'tliche', 'und', 'sicher@@', 'heits@@', 'politische', 'Be@@', 'zieh@@', 'ungen', 'zu', 'bes@@', 'pre@@', 'chen', '.']
2026-05-12 02:32:31,087 - DEBUG - joeynmt.training - 	Tokenized reference:  ['Indi@@', 'a', '&apos;s', 'new', 'pri@@', 'me', 'minist@@', 'er', ',', 'N@@', 'ar@@', 'end@@', 'ra', 'Mo@@', 'd@@', 'i', ',', 'is', 'me@@', 'eting', 'his', 'J@@', 'ap@@', 'an@@', 'ese', 'coun@@', 'ter@@', 'part', ',', 'S@@', 'hin@@', 'z@@', 'o', 'A@@', 'be', ',', 'in', 'T@@', 'ok@@', 'y@@', 'o', 'to', 'disc@@', 'uss', 'economic', 'and', 'security', 'ties', ',', 'on', 'his', 'first', 'major', 'fore@@', 'ign', 'visi@@', 't', 'since', 'w@@', 'inn@@', 'ing', 'Ma@@', 'y', '&apos;s', 'elec@@', 'tion', '.']
2026-05-12 02:32:31,087 - DEBUG - joeynmt.training - 	Tokenized hypothesis: ['Indi@@', 'a', 'new', 'Pri@@', 'me', 'Minist@@', 'er', 'N@@', 'ar@@', 'ri@@', 'v@@', 'al', 'N@@', 'ar@@', 'ri@@', 'v@@', 'al', 'of', 'the', 'first', 'f@@', 'low', 'of', 'its', 'own', 'important', 'fore@@', 'ign', 'minist@@', 'er', ',', 'since', 'the', 'S@@', 'z@@', 'o', 'A@@', 'be', ',', 'in', 'Ma@@', 'y', ',', 'in', 'the', 'J@@', 'ap@@', 'an', 'in', 'Ma@@', 'y', ',', 'in', 'T@@', 'ok@@', 'o', ',', 'in', 'T@@', 'ok@@', 'o', ',', 'in', 'order', 'to', 'de@@', 'al', 'with', 'economic', 'and', 'security', '.', '</s>']
2026-05-12 02:32:31,087 - INFO - joeynmt.training - 	Source:     Indiens neuer Premierminister Narendra Modi trifft bei seinem ersten wichtigen Auslandsbesuch seit seinem Wahlsieg im Mai seinen japanischen Amtskollegen Shinzo Abe in Toko , um wirtschaftliche und sicherheitspolitische Beziehungen zu besprechen .
2026-05-12 02:32:31,088 - INFO - joeynmt.training - 	Reference:  India &apos;s new prime minister , Narendra Modi , is meeting his Japanese counterpart , Shinzo Abe , in Tokyo to discuss economic and security ties , on his first major foreign visit since winning May &apos;s election .
2026-05-12 02:32:31,088 - INFO - joeynmt.training - 	Hypothesis: India new Prime Minister Narrival Narrival of the first flow of its own important foreign minister , since the Szo Abe , in May , in the Japan in May , in Toko , in Toko , in order to deal with economic and security .
2026-05-12 02:32:31,088 - INFO - joeynmt.training - Example #2
2026-05-12 02:32:31,088 - DEBUG - joeynmt.training - 	Tokenized source:     ['Herr', 'Mo@@', 'd@@', 'i', 'befindet', 'sich', 'auf', 'einer', 'fü@@', 'n@@', 'f@@', 'tä@@', 'gi@@', 'gen', 'Rei@@', 'se', 'nach', 'J@@', 'ap@@', 'an', ',', 'um', 'die', 'wirtschaf@@', 'tlichen', 'Be@@', 'zieh@@', 'ungen', 'mit', 'der', 'd@@', 'rit@@', 't@@', 'größ@@', 'ten', 'Wirtschafts@@', 'n@@', 'ation', 'der', 'Welt', 'zu', 'fes@@', 'tigen', '.']
2026-05-12 02:32:31,088 - DEBUG - joeynmt.training - 	Tokenized reference:  ['Mr', 'Mo@@', 'd@@', 'i', 'is', 'on', 'a', 'fi@@', 've', '@@@', '-@@', '@', 'day', 'tri@@', 'p', 'to', 'J@@', 'ap@@', 'an', 'to', 'streng@@', 'then', 'economic', 'ties', 'with', 'the', 'third', 'lar@@', 'ges@@', 't', 'econom@@', 'y', 'in', 'the', 'world', '.']
2026-05-12 02:32:31,088 - DEBUG - joeynmt.training - 	Tokenized hypothesis: ['Mr', 'Mo@@', 'd@@', 'i', 'is', 'on', 'a', 'fi@@', 'f@@', 'ty', 'to', 'J@@', 'ap@@', 'an', 'to', 'J@@', 'ap@@', 'an', 'to', 'J@@', 'ap@@', 'an', 'to', 'J@@', 'ap@@', 'an', ',', 'to', 'make', 'the', 'third', 'lar@@', 'ges@@', 't', 'economic', 'rel@@', 'ations', 'with', 'the', 'third', 'lar@@', 'ges@@', 't', 'economic', 'rel@@', 'ations', 'with', 'the', 'third', 'lar@@', 'ges@@', 't', 'economic', 'rel@@', 'ations', '.', '</s>']
2026-05-12 02:32:31,088 - INFO - joeynmt.training - 	Source:     Herr Modi befindet sich auf einer fünftägigen Reise nach Japan , um die wirtschaftlichen Beziehungen mit der drittgrößten Wirtschaftsnation der Welt zu festigen .
2026-05-12 02:32:31,088 - INFO - joeynmt.training - 	Reference:  Mr Modi is on a five @-@ day trip to Japan to strengthen economic ties with the third largest economy in the world .
2026-05-12 02:32:31,088 - INFO - joeynmt.training - 	Hypothesis: Mr Modi is on a fifty to Japan to Japan to Japan to Japan , to make the third largest economic relations with the third largest economic relations with the third largest economic relations .
2026-05-12 02:32:31,088 - INFO - joeynmt.training - Example #3
2026-05-12 02:32:31,088 - DEBUG - joeynmt.training - 	Tokenized source:     ['P@@', 'län@@', 'e', 'für', 'eine', 'stärk@@', 'ere', 'k@@', 'ern@@', 'techn@@', 'ische', 'Zusammenarbeit', 'stehen', 'ganz', 'ob@@', 'en', 'auf', 'der', 'Tag@@', 'es@@', 'ordnung', '.']
2026-05-12 02:32:31,088 - DEBUG - joeynmt.training - 	Tokenized reference:  ['high', 'on', 'the', 'agen@@', 'da', 'are', 'pl@@', 'ans', 'for', 'gre@@', 'ater', 'nu@@', 'clear', 'c@@', 'o', '@@@', '-@@', '@', 'operation', '.']
2026-05-12 02:32:31,088 - DEBUG - joeynmt.training - 	Tokenized hypothesis: ['pl@@', 'ans', 'for', 'a', 'str@@', 'ong', 'techn@@', 'ical', 'cooperation', 'is', 'on', 'the', 'agen@@', 'da', '.', '</s>']
2026-05-12 02:32:31,088 - INFO - joeynmt.training - 	Source:     Pläne für eine stärkere kerntechnische Zusammenarbeit stehen ganz oben auf der Tagesordnung .
2026-05-12 02:32:31,088 - INFO - joeynmt.training - 	Reference:  high on the agenda are plans for greater nuclear co @-@ operation .
2026-05-12 02:32:31,088 - INFO - joeynmt.training - 	Hypothesis: plans for a strong technical cooperation is on the agenda .
2026-05-12 02:32:31,088 - INFO - joeynmt.training - Example #4
2026-05-12 02:32:31,089 - DEBUG - joeynmt.training - 	Tokenized source:     ['Berich@@', 'ten', 'zu@@', 'fol@@', 'ge', 'ho@@', 'fft', 'Indi@@', 'en', 'darüber', 'hinaus', 'auf', 'einen', 'Ver@@', 'trag', 'zur', 'Ver@@', 'tei@@', 'dig@@', 'ungs@@', 'zusammen@@', 'arbeit', 'zwischen', 'den', 'beiden', 'N@@', 'ationen', '.']
2026-05-12 02:32:31,089 - DEBUG - joeynmt.training - 	Tokenized reference:  ['Indi@@', 'a', 'is', 'also', 're@@', 'porte@@', 'dly', 'hop@@', 'ing', 'for', 'a', 'de@@', 'al', 'on', 'def@@', 'ence', 'c@@', 'oll@@', 'ab@@', 'or@@', 'ation', 'between', 'the', 'two', 'n@@', 'ations', '.']
2026-05-12 02:32:31,089 - DEBUG - joeynmt.training - 	Tokenized hypothesis: ['re@@', 'ports', 'on', 'the', 'con@@', 'tra@@', 'ct', 'of', 'the', 're@@', 'ports', 'on', 'def@@', 'ence', 'cooperation', 'between', 'the', 'two', 'N@@', 'ations', '.', '</s>']
2026-05-12 02:32:31,089 - INFO - joeynmt.training - 	Source:     Berichten zufolge hofft Indien darüber hinaus auf einen Vertrag zur Verteidigungszusammenarbeit zwischen den beiden Nationen .
2026-05-12 02:32:31,089 - INFO - joeynmt.training - 	Reference:  India is also reportedly hoping for a deal on defence collaboration between the two nations .
2026-05-12 02:32:31,089 - INFO - joeynmt.training - 	Hypothesis: reports on the contract of the reports on defence cooperation between the two Nations .
2026-05-12 02:32:57,539 - INFO - joeynmt.training - Epoch  10, Step:    38100, Batch Loss:     1.674208, Batch Acc: 0.533501, Tokens per Sec:     3464, Lr: 0.000300
2026-05-12 02:33:24,118 - INFO - joeynmt.training - Epoch  10, Step:    38200, Batch Loss:     1.584685, Batch Acc: 0.530508, Tokens per Sec:     3456, Lr: 0.000300
2026-05-12 02:33:50,615 - INFO - joeynmt.training - Epoch  10, Step:    38300, Batch Loss:     1.621052, Batch Acc: 0.529330, Tokens per Sec:     3519, Lr: 0.000300
2026-05-12 02:34:17,057 - INFO - joeynmt.training - Epoch  10, Step:    38400, Batch Loss:     1.666758, Batch Acc: 0.533930, Tokens per Sec:     3522, Lr: 0.000300
2026-05-12 02:34:43,481 - INFO - joeynmt.training - Epoch  10, Step:    38500, Batch Loss:     1.525936, Batch Acc: 0.532791, Tokens per Sec:     3472, Lr: 0.000300
2026-05-12 02:34:43,481 - INFO - joeynmt.prediction - Predicting 500 example(s)... (Greedy decoding with min_output_length=1, max_output_length=-1, return_prob='none', generate_unk=True, repetition_penalty=-1, no_repeat_ngram_size=-1)
2026-05-12 02:35:16,815 - INFO - joeynmt.prediction - Evaluation result (greedy) loss:   2.13, ppl:   8.38, acc:   0.46, generation: 33.3260[sec], evaluation: 0.0000[sec]
2026-05-12 02:35:16,983 - INFO - joeynmt.helpers - delete models/deen_transformer_post/36000.ckpt
2026-05-12 02:35:16,986 - INFO - joeynmt.training - Example #0
2026-05-12 02:35:16,987 - DEBUG - joeynmt.training - 	Tokenized source:     ['die', 'Pre@@', 'mi@@', 'er@@', 'minist@@', 'er', 'Indi@@', 'ens', 'und', 'J@@', 'ap@@', 'ans', 'tra@@', 'fen', 'sich', 'in', 'T@@', 'ok@@', 'i@@', 'o', '.']
2026-05-12 02:35:16,987 - DEBUG - joeynmt.training - 	Tokenized reference:  ['Indi@@', 'a', 'and', 'J@@', 'ap@@', 'an', 'pri@@', 'me', 'minist@@', 'ers', 'me@@', 'et', 'in', 'T@@', 'ok@@', 'y@@', 'o']
2026-05-12 02:35:16,987 - DEBUG - joeynmt.training - 	Tokenized hypothesis: ['the', 'Pri@@', 'me', 'Minist@@', 'er', 'Indi@@', 'a', 'and', 'J@@', 'ap@@', 'an', 'in', 'T@@', 'ok@@', 'y@@', 'o', '.', '</s>']
2026-05-12 02:35:16,987 - INFO - joeynmt.training - 	Source:     die Premierminister Indiens und Japans trafen sich in Tokio .
2026-05-12 02:35:16,987 - INFO - joeynmt.training - 	Reference:  India and Japan prime ministers meet in Tokyo
2026-05-12 02:35:16,987 - INFO - joeynmt.training - 	Hypothesis: the Prime Minister India and Japan in Tokyo .
2026-05-12 02:35:16,987 - INFO - joeynmt.training - Example #1
2026-05-12 02:35:16,987 - DEBUG - joeynmt.training - 	Tokenized source:     ['Indi@@', 'ens', 'neu@@', 'er', 'Pre@@', 'mi@@', 'er@@', 'minist@@', 'er', 'N@@', 'ar@@', 'end@@', 'ra', 'Mo@@', 'd@@', 'i', 'tri@@', 'fft', 'bei', 's@@', 'einem', 'ersten', 'wichti@@', 'gen', 'Aus@@', 'land@@', 's@@', 'bes@@', 'u@@', 'ch', 'seit', 's@@', 'einem', 'W@@', 'ah@@', 'l@@', 'si@@', 'e@@', 'g', 'im', 'Ma@@', 'i', 'seinen', 'j@@', 'ap@@', 'an@@', 'ischen', 'Am@@', 'ts@@', 'k@@', 'olle@@', 'gen', 'S@@', 'hin@@', 'z@@', 'o', 'A@@', 'be', 'in', 'T@@', 'ok@@', 'o', ',', 'um', 'wirtschaf@@', 'tliche', 'und', 'sicher@@', 'heits@@', 'politische', 'Be@@', 'zieh@@', 'ungen', 'zu', 'bes@@', 'pre@@', 'chen', '.']
2026-05-12 02:35:16,987 - DEBUG - joeynmt.training - 	Tokenized reference:  ['Indi@@', 'a', '&apos;s', 'new', 'pri@@', 'me', 'minist@@', 'er', ',', 'N@@', 'ar@@', 'end@@', 'ra', 'Mo@@', 'd@@', 'i', ',', 'is', 'me@@', 'eting', 'his', 'J@@', 'ap@@', 'an@@', 'ese', 'coun@@', 'ter@@', 'part', ',', 'S@@', 'hin@@', 'z@@', 'o', 'A@@', 'be', ',', 'in', 'T@@', 'ok@@', 'y@@', 'o', 'to', 'disc@@', 'uss', 'economic', 'and', 'security', 'ties', ',', 'on', 'his', 'first', 'major', 'fore@@', 'ign', 'visi@@', 't', 'since', 'w@@', 'inn@@', 'ing', 'Ma@@', 'y', '&apos;s', 'elec@@', 'tion', '.']
2026-05-12 02:35:16,987 - DEBUG - joeynmt.training - 	Tokenized hypothesis: ['Indi@@', 'a', 'new', 'Pri@@', 'me', 'Minist@@', 'er', 'N@@', 'ar@@', 'i', ',', 'N@@', 'end@@', 'ra', 'Mo@@', 'd@@', 'i', 'is', 'a', 'first', 'first', 'in', 'the', 'M@@', 'ap@@', 'an@@', 'ese', 'of', 'his', 'first', 'A@@', 's@@', 'soci@@', 'ation', 'in', 'Ma@@', 'y', ',', 'in', 'Ma@@', 'y', ',', 'S@@', 'z@@', 'o', 'A@@', 'be', 'in', 'M@@', 'ap@@', 'an@@', 'ese', 'S@@', 'z@@', 'o', 'A@@', 'be', 'in', 'T@@', 'ok@@', 'o', ',', 'in', 'order', 'to', 'ex@@', 'er@@', 'c@@', 'ise', '.', '</s>']
2026-05-12 02:35:16,987 - INFO - joeynmt.training - 	Source:     Indiens neuer Premierminister Narendra Modi trifft bei seinem ersten wichtigen Auslandsbesuch seit seinem Wahlsieg im Mai seinen japanischen Amtskollegen Shinzo Abe in Toko , um wirtschaftliche und sicherheitspolitische Beziehungen zu besprechen .
2026-05-12 02:35:16,987 - INFO - joeynmt.training - 	Reference:  India &apos;s new prime minister , Narendra Modi , is meeting his Japanese counterpart , Shinzo Abe , in Tokyo to discuss economic and security ties , on his first major foreign visit since winning May &apos;s election .
2026-05-12 02:35:16,987 - INFO - joeynmt.training - 	Hypothesis: India new Prime Minister Nari , Nendra Modi is a first first in the Mapanese of his first Association in May , in May , Szo Abe in Mapanese Szo Abe in Toko , in order to exercise .
2026-05-12 02:35:16,987 - INFO - joeynmt.training - Example #2
2026-05-12 02:35:16,988 - DEBUG - joeynmt.training - 	Tokenized source:     ['Herr', 'Mo@@', 'd@@', 'i', 'befindet', 'sich', 'auf', 'einer', 'fü@@', 'n@@', 'f@@', 'tä@@', 'gi@@', 'gen', 'Rei@@', 'se', 'nach', 'J@@', 'ap@@', 'an', ',', 'um', 'die', 'wirtschaf@@', 'tlichen', 'Be@@', 'zieh@@', 'ungen', 'mit', 'der', 'd@@', 'rit@@', 't@@', 'größ@@', 'ten', 'Wirtschafts@@', 'n@@', 'ation', 'der', 'Welt', 'zu', 'fes@@', 'tigen', '.']
2026-05-12 02:35:16,988 - DEBUG - joeynmt.training - 	Tokenized reference:  ['Mr', 'Mo@@', 'd@@', 'i', 'is', 'on', 'a', 'fi@@', 've', '@@@', '-@@', '@', 'day', 'tri@@', 'p', 'to', 'J@@', 'ap@@', 'an', 'to', 'streng@@', 'then', 'economic', 'ties', 'with', 'the', 'third', 'lar@@', 'ges@@', 't', 'econom@@', 'y', 'in', 'the', 'world', '.']
2026-05-12 02:35:16,988 - DEBUG - joeynmt.training - 	Tokenized hypothesis: ['Mr', 'Mo@@', 'd@@', 'i', 'is', 'a', 'fi@@', 'f@@', 'ty', 't@@', 'ou@@', 'ch', 'of', 'a', 'fi@@', 'f@@', 'ty', 't@@', 'ou@@', 'ri@@', 'sts', 'to', 'J@@', 'ap@@', 'an', 'to', 're@@', 'ach', 'the', 'world', '.', '</s>']
2026-05-12 02:35:16,988 - INFO - joeynmt.training - 	Source:     Herr Modi befindet sich auf einer fünftägigen Reise nach Japan , um die wirtschaftlichen Beziehungen mit der drittgrößten Wirtschaftsnation der Welt zu festigen .
2026-05-12 02:35:16,988 - INFO - joeynmt.training - 	Reference:  Mr Modi is on a five @-@ day trip to Japan to strengthen economic ties with the third largest economy in the world .
2026-05-12 02:35:16,988 - INFO - joeynmt.training - 	Hypothesis: Mr Modi is a fifty touch of a fifty tourists to Japan to reach the world .
2026-05-12 02:35:16,988 - INFO - joeynmt.training - Example #3
2026-05-12 02:35:16,988 - DEBUG - joeynmt.training - 	Tokenized source:     ['P@@', 'län@@', 'e', 'für', 'eine', 'stärk@@', 'ere', 'k@@', 'ern@@', 'techn@@', 'ische', 'Zusammenarbeit', 'stehen', 'ganz', 'ob@@', 'en', 'auf', 'der', 'Tag@@', 'es@@', 'ordnung', '.']
2026-05-12 02:35:16,988 - DEBUG - joeynmt.training - 	Tokenized reference:  ['high', 'on', 'the', 'agen@@', 'da', 'are', 'pl@@', 'ans', 'for', 'gre@@', 'ater', 'nu@@', 'clear', 'c@@', 'o', '@@@', '-@@', '@', 'operation', '.']
2026-05-12 02:35:16,988 - DEBUG - joeynmt.training - 	Tokenized hypothesis: ['pl@@', 'ans', 'for', 'a', 'str@@', 'on@@', 'ger', 'techn@@', 'ical', 'cooperation', 'is', 'very', 'much', 'more', 'seri@@', 'ous', 'techn@@', 'ical', 'cooperation', '.', '</s>']
2026-05-12 02:35:16,988 - INFO - joeynmt.training - 	Source:     Pläne für eine stärkere kerntechnische Zusammenarbeit stehen ganz oben auf der Tagesordnung .
2026-05-12 02:35:16,988 - INFO - joeynmt.training - 	Reference:  high on the agenda are plans for greater nuclear co @-@ operation .
2026-05-12 02:35:16,988 - INFO - joeynmt.training - 	Hypothesis: plans for a stronger technical cooperation is very much more serious technical cooperation .
2026-05-12 02:35:16,988 - INFO - joeynmt.training - Example #4
2026-05-12 02:35:16,988 - DEBUG - joeynmt.training - 	Tokenized source:     ['Berich@@', 'ten', 'zu@@', 'fol@@', 'ge', 'ho@@', 'fft', 'Indi@@', 'en', 'darüber', 'hinaus', 'auf', 'einen', 'Ver@@', 'trag', 'zur', 'Ver@@', 'tei@@', 'dig@@', 'ungs@@', 'zusammen@@', 'arbeit', 'zwischen', 'den', 'beiden', 'N@@', 'ationen', '.']
2026-05-12 02:35:16,988 - DEBUG - joeynmt.training - 	Tokenized reference:  ['Indi@@', 'a', 'is', 'also', 're@@', 'porte@@', 'dly', 'hop@@', 'ing', 'for', 'a', 'de@@', 'al', 'on', 'def@@', 'ence', 'c@@', 'oll@@', 'ab@@', 'or@@', 'ation', 'between', 'the', 'two', 'n@@', 'ations', '.']
2026-05-12 02:35:16,988 - DEBUG - joeynmt.training - 	Tokenized hypothesis: ['re@@', 'ports', 'on', 'the', 'con@@', 'text', 'of', 'the', 'con@@', 'text', 'on', 'def@@', 'ence', 'cooperation', 'between', 'the', 'two', 'N@@', 'ations', '.', '</s>']
2026-05-12 02:35:16,989 - INFO - joeynmt.training - 	Source:     Berichten zufolge hofft Indien darüber hinaus auf einen Vertrag zur Verteidigungszusammenarbeit zwischen den beiden Nationen .
2026-05-12 02:35:16,989 - INFO - joeynmt.training - 	Reference:  India is also reportedly hoping for a deal on defence collaboration between the two nations .
2026-05-12 02:35:16,989 - INFO - joeynmt.training - 	Hypothesis: reports on the context of the context on defence cooperation between the two Nations .
2026-05-12 02:35:43,170 - INFO - joeynmt.training - Epoch  10, Step:    38600, Batch Loss:     1.655147, Batch Acc: 0.534390, Tokens per Sec:     3444, Lr: 0.000300
2026-05-12 02:36:09,545 - INFO - joeynmt.training - Epoch  10, Step:    38700, Batch Loss:     1.824575, Batch Acc: 0.527857, Tokens per Sec:     3493, Lr: 0.000300
2026-05-12 02:36:35,815 - INFO - joeynmt.training - Epoch  10, Step:    38800, Batch Loss:     1.693447, Batch Acc: 0.531547, Tokens per Sec:     3494, Lr: 0.000300
2026-05-12 02:37:02,487 - INFO - joeynmt.training - Epoch  10, Step:    38900, Batch Loss:     1.876971, Batch Acc: 0.529810, Tokens per Sec:     3441, Lr: 0.000300
2026-05-12 02:37:28,761 - INFO - joeynmt.training - Epoch  10, Step:    39000, Batch Loss:     1.449354, Batch Acc: 0.533377, Tokens per Sec:     3449, Lr: 0.000300
2026-05-12 02:37:28,761 - INFO - joeynmt.prediction - Predicting 500 example(s)... (Greedy decoding with min_output_length=1, max_output_length=-1, return_prob='none', generate_unk=True, repetition_penalty=-1, no_repeat_ngram_size=-1)
2026-05-12 02:38:05,178 - INFO - joeynmt.prediction - Evaluation result (greedy) loss:   2.11, ppl:   8.29, acc:   0.46, generation: 36.4090[sec], evaluation: 0.0000[sec]
2026-05-12 02:38:05,182 - INFO - joeynmt.training - Hooray! New best validation result [ppl]!
2026-05-12 02:38:05,348 - INFO - joeynmt.helpers - delete models/deen_transformer_post/37000.ckpt
2026-05-12 02:38:05,353 - INFO - joeynmt.training - Example #0
2026-05-12 02:38:05,353 - DEBUG - joeynmt.training - 	Tokenized source:     ['die', 'Pre@@', 'mi@@', 'er@@', 'minist@@', 'er', 'Indi@@', 'ens', 'und', 'J@@', 'ap@@', 'ans', 'tra@@', 'fen', 'sich', 'in', 'T@@', 'ok@@', 'i@@', 'o', '.']
2026-05-12 02:38:05,353 - DEBUG - joeynmt.training - 	Tokenized reference:  ['Indi@@', 'a', 'and', 'J@@', 'ap@@', 'an', 'pri@@', 'me', 'minist@@', 'ers', 'me@@', 'et', 'in', 'T@@', 'ok@@', 'y@@', 'o']
2026-05-12 02:38:05,353 - DEBUG - joeynmt.training - 	Tokenized hypothesis: ['the', 'Pri@@', 'me', 'Minist@@', 'er', 'Indi@@', 'a', 'and', 'J@@', 'ap@@', 'an', 'and', 'J@@', 'ap@@', 'an', '&apos;s', 'pre@@', 'mi@@', 'er', '.', '</s>']
2026-05-12 02:38:05,353 - INFO - joeynmt.training - 	Source:     die Premierminister Indiens und Japans trafen sich in Tokio .
2026-05-12 02:38:05,353 - INFO - joeynmt.training - 	Reference:  India and Japan prime ministers meet in Tokyo
2026-05-12 02:38:05,353 - INFO - joeynmt.training - 	Hypothesis: the Prime Minister India and Japan and Japan &apos;s premier .
2026-05-12 02:38:05,353 - INFO - joeynmt.training - Example #1
2026-05-12 02:38:05,353 - DEBUG - joeynmt.training - 	Tokenized source:     ['Indi@@', 'ens', 'neu@@', 'er', 'Pre@@', 'mi@@', 'er@@', 'minist@@', 'er', 'N@@', 'ar@@', 'end@@', 'ra', 'Mo@@', 'd@@', 'i', 'tri@@', 'fft', 'bei', 's@@', 'einem', 'ersten', 'wichti@@', 'gen', 'Aus@@', 'land@@', 's@@', 'bes@@', 'u@@', 'ch', 'seit', 's@@', 'einem', 'W@@', 'ah@@', 'l@@', 'si@@', 'e@@', 'g', 'im', 'Ma@@', 'i', 'seinen', 'j@@', 'ap@@', 'an@@', 'ischen', 'Am@@', 'ts@@', 'k@@', 'olle@@', 'gen', 'S@@', 'hin@@', 'z@@', 'o', 'A@@', 'be', 'in', 'T@@', 'ok@@', 'o', ',', 'um', 'wirtschaf@@', 'tliche', 'und', 'sicher@@', 'heits@@', 'politische', 'Be@@', 'zieh@@', 'ungen', 'zu', 'bes@@', 'pre@@', 'chen', '.']
2026-05-12 02:38:05,353 - DEBUG - joeynmt.training - 	Tokenized reference:  ['Indi@@', 'a', '&apos;s', 'new', 'pri@@', 'me', 'minist@@', 'er', ',', 'N@@', 'ar@@', 'end@@', 'ra', 'Mo@@', 'd@@', 'i', ',', 'is', 'me@@', 'eting', 'his', 'J@@', 'ap@@', 'an@@', 'ese', 'coun@@', 'ter@@', 'part', ',', 'S@@', 'hin@@', 'z@@', 'o', 'A@@', 'be', ',', 'in', 'T@@', 'ok@@', 'y@@', 'o', 'to', 'disc@@', 'uss', 'economic', 'and', 'security', 'ties', ',', 'on', 'his', 'first', 'major', 'fore@@', 'ign', 'visi@@', 't', 'since', 'w@@', 'inn@@', 'ing', 'Ma@@', 'y', '&apos;s', 'elec@@', 'tion', '.']
2026-05-12 02:38:05,354 - DEBUG - joeynmt.training - 	Tokenized hypothesis: ['Indi@@', 'a', '&apos;s', 'new', 'Pri@@', 'me', 'Minist@@', 'er', 'N@@', 'ar@@', 'ri@@', 'v@@', 'al', 'of', 'N@@', 'ar@@', 're@@', 'w', 'his', 'first', 'fore@@', 'ign', 'fore@@', 'ign', 'fore@@', 'ign', 'dom@@', 'es@@', 'tic', 'C@@', 'our@@', 't', 'of', 'his', 'first', 'year', ',', 'in', 'Ma@@', 'y', ',', 'in', 'Ma@@', 'y', ',', 'in', 'order', 'to', 'pre@@', 'fer', 'to', 'the', 'economic', 'and', 'security', 'policy', 'rel@@', 'ations', '.', '</s>']
2026-05-12 02:38:05,354 - INFO - joeynmt.training - 	Source:     Indiens neuer Premierminister Narendra Modi trifft bei seinem ersten wichtigen Auslandsbesuch seit seinem Wahlsieg im Mai seinen japanischen Amtskollegen Shinzo Abe in Toko , um wirtschaftliche und sicherheitspolitische Beziehungen zu besprechen .
2026-05-12 02:38:05,354 - INFO - joeynmt.training - 	Reference:  India &apos;s new prime minister , Narendra Modi , is meeting his Japanese counterpart , Shinzo Abe , in Tokyo to discuss economic and security ties , on his first major foreign visit since winning May &apos;s election .
2026-05-12 02:38:05,354 - INFO - joeynmt.training - 	Hypothesis: India &apos;s new Prime Minister Narrival of Narrew his first foreign foreign foreign domestic Court of his first year , in May , in May , in order to prefer to the economic and security policy relations .
2026-05-12 02:38:05,354 - INFO - joeynmt.training - Example #2
2026-05-12 02:38:05,354 - DEBUG - joeynmt.training - 	Tokenized source:     ['Herr', 'Mo@@', 'd@@', 'i', 'befindet', 'sich', 'auf', 'einer', 'fü@@', 'n@@', 'f@@', 'tä@@', 'gi@@', 'gen', 'Rei@@', 'se', 'nach', 'J@@', 'ap@@', 'an', ',', 'um', 'die', 'wirtschaf@@', 'tlichen', 'Be@@', 'zieh@@', 'ungen', 'mit', 'der', 'd@@', 'rit@@', 't@@', 'größ@@', 'ten', 'Wirtschafts@@', 'n@@', 'ation', 'der', 'Welt', 'zu', 'fes@@', 'tigen', '.']
2026-05-12 02:38:05,354 - DEBUG - joeynmt.training - 	Tokenized reference:  ['Mr', 'Mo@@', 'd@@', 'i', 'is', 'on', 'a', 'fi@@', 've', '@@@', '-@@', '@', 'day', 'tri@@', 'p', 'to', 'J@@', 'ap@@', 'an', 'to', 'streng@@', 'then', 'economic', 'ties', 'with', 'the', 'third', 'lar@@', 'ges@@', 't', 'econom@@', 'y', 'in', 'the', 'world', '.']
2026-05-12 02:38:05,354 - DEBUG - joeynmt.training - 	Tokenized hypothesis: ['Mr', 'Mo@@', 'd@@', 'i', 'is', 'a', 'fi@@', 'f@@', 'th', 'tri@@', 'p', 'to', 'J@@', 'ap@@', 'an', 'to', 'J@@', 'ap@@', 'an', '&apos;s', 'economic', 'rel@@', 'ations', 'with', 'the', 'third', 'lar@@', 'ges@@', 't', 'economic', 'rel@@', 'ations', 'with', 'the', 'third', 'lar@@', 'ges@@', 't', 'economic', 'rel@@', 'ations', 'with', 'the', 'third', 'lar@@', 'ges@@', 't', 'econom@@', 'ies', '.', '</s>']
2026-05-12 02:38:05,354 - INFO - joeynmt.training - 	Source:     Herr Modi befindet sich auf einer fünftägigen Reise nach Japan , um die wirtschaftlichen Beziehungen mit der drittgrößten Wirtschaftsnation der Welt zu festigen .
2026-05-12 02:38:05,354 - INFO - joeynmt.training - 	Reference:  Mr Modi is on a five @-@ day trip to Japan to strengthen economic ties with the third largest economy in the world .
2026-05-12 02:38:05,354 - INFO - joeynmt.training - 	Hypothesis: Mr Modi is a fifth trip to Japan to Japan &apos;s economic relations with the third largest economic relations with the third largest economic relations with the third largest economies .
2026-05-12 02:38:05,354 - INFO - joeynmt.training - Example #3
2026-05-12 02:38:05,354 - DEBUG - joeynmt.training - 	Tokenized source:     ['P@@', 'län@@', 'e', 'für', 'eine', 'stärk@@', 'ere', 'k@@', 'ern@@', 'techn@@', 'ische', 'Zusammenarbeit', 'stehen', 'ganz', 'ob@@', 'en', 'auf', 'der', 'Tag@@', 'es@@', 'ordnung', '.']
2026-05-12 02:38:05,354 - DEBUG - joeynmt.training - 	Tokenized reference:  ['high', 'on', 'the', 'agen@@', 'da', 'are', 'pl@@', 'ans', 'for', 'gre@@', 'ater', 'nu@@', 'clear', 'c@@', 'o', '@@@', '-@@', '@', 'operation', '.']
2026-05-12 02:38:05,354 - DEBUG - joeynmt.training - 	Tokenized hypothesis: ['pl@@', 'ans', 'for', 'incre@@', 'as@@', 'ing', 'techn@@', 'ical', 'cooperation', 'are', 'at', 'the', 'agen@@', 'da', '.', '</s>']
2026-05-12 02:38:05,354 - INFO - joeynmt.training - 	Source:     Pläne für eine stärkere kerntechnische Zusammenarbeit stehen ganz oben auf der Tagesordnung .
2026-05-12 02:38:05,355 - INFO - joeynmt.training - 	Reference:  high on the agenda are plans for greater nuclear co @-@ operation .
2026-05-12 02:38:05,355 - INFO - joeynmt.training - 	Hypothesis: plans for increasing technical cooperation are at the agenda .
2026-05-12 02:38:05,355 - INFO - joeynmt.training - Example #4
2026-05-12 02:38:05,355 - DEBUG - joeynmt.training - 	Tokenized source:     ['Berich@@', 'ten', 'zu@@', 'fol@@', 'ge', 'ho@@', 'fft', 'Indi@@', 'en', 'darüber', 'hinaus', 'auf', 'einen', 'Ver@@', 'trag', 'zur', 'Ver@@', 'tei@@', 'dig@@', 'ungs@@', 'zusammen@@', 'arbeit', 'zwischen', 'den', 'beiden', 'N@@', 'ationen', '.']
2026-05-12 02:38:05,355 - DEBUG - joeynmt.training - 	Tokenized reference:  ['Indi@@', 'a', 'is', 'also', 're@@', 'porte@@', 'dly', 'hop@@', 'ing', 'for', 'a', 'de@@', 'al', 'on', 'def@@', 'ence', 'c@@', 'oll@@', 'ab@@', 'or@@', 'ation', 'between', 'the', 'two', 'n@@', 'ations', '.']
2026-05-12 02:38:05,355 - DEBUG - joeynmt.training - 	Tokenized hypothesis: ['Indi@@', 'a', 'is', 'also', 'hop@@', 'ed', 'that', 'Indi@@', 'a', '&apos;s', 're@@', 'ports', 'on', 'def@@', 'ence', 'cooperation', 'between', 'the', 'two', 'n@@', 'ations', '.', '</s>']
2026-05-12 02:38:05,355 - INFO - joeynmt.training - 	Source:     Berichten zufolge hofft Indien darüber hinaus auf einen Vertrag zur Verteidigungszusammenarbeit zwischen den beiden Nationen .
2026-05-12 02:38:05,355 - INFO - joeynmt.training - 	Reference:  India is also reportedly hoping for a deal on defence collaboration between the two nations .
2026-05-12 02:38:05,355 - INFO - joeynmt.training - 	Hypothesis: India is also hoped that India &apos;s reports on defence cooperation between the two nations .
2026-05-12 02:38:31,852 - INFO - joeynmt.training - Epoch  10, Step:    39100, Batch Loss:     1.655058, Batch Acc: 0.531829, Tokens per Sec:     3389, Lr: 0.000300
2026-05-12 02:38:58,164 - INFO - joeynmt.training - Epoch  10, Step:    39200, Batch Loss:     1.566337, Batch Acc: 0.530723, Tokens per Sec:     3486, Lr: 0.000300
2026-05-12 02:39:24,837 - INFO - joeynmt.training - Epoch  10, Step:    39300, Batch Loss:     1.775186, Batch Acc: 0.528722, Tokens per Sec:     3403, Lr: 0.000300
2026-05-12 02:39:51,506 - INFO - joeynmt.training - Epoch  10, Step:    39400, Batch Loss:     1.718516, Batch Acc: 0.529668, Tokens per Sec:     3429, Lr: 0.000300
2026-05-12 02:40:17,953 - INFO - joeynmt.training - Epoch  10, Step:    39500, Batch Loss:     1.716495, Batch Acc: 0.536266, Tokens per Sec:     3479, Lr: 0.000300
2026-05-12 02:40:17,953 - INFO - joeynmt.prediction - Predicting 500 example(s)... (Greedy decoding with min_output_length=1, max_output_length=-1, return_prob='none', generate_unk=True, repetition_penalty=-1, no_repeat_ngram_size=-1)
2026-05-12 02:40:56,326 - INFO - joeynmt.prediction - Evaluation result (greedy) loss:   2.11, ppl:   8.27, acc:   0.46, generation: 38.3643[sec], evaluation: 0.0000[sec]
2026-05-12 02:40:56,329 - INFO - joeynmt.training - Hooray! New best validation result [ppl]!
2026-05-12 02:40:56,497 - INFO - joeynmt.helpers - delete models/deen_transformer_post/38000.ckpt
2026-05-12 02:40:56,502 - INFO - joeynmt.training - Example #0
2026-05-12 02:40:56,502 - DEBUG - joeynmt.training - 	Tokenized source:     ['die', 'Pre@@', 'mi@@', 'er@@', 'minist@@', 'er', 'Indi@@', 'ens', 'und', 'J@@', 'ap@@', 'ans', 'tra@@', 'fen', 'sich', 'in', 'T@@', 'ok@@', 'i@@', 'o', '.']
2026-05-12 02:40:56,502 - DEBUG - joeynmt.training - 	Tokenized reference:  ['Indi@@', 'a', 'and', 'J@@', 'ap@@', 'an', 'pri@@', 'me', 'minist@@', 'ers', 'me@@', 'et', 'in', 'T@@', 'ok@@', 'y@@', 'o']
2026-05-12 02:40:56,502 - DEBUG - joeynmt.training - 	Tokenized hypothesis: ['the', 'Pri@@', 'me', 'Minist@@', 'er', 'of', 'Indi@@', 'a', 'and', 'J@@', 'ap@@', 'an', '&apos;s', 'm@@', 'es@@', 'sage', 'in', 'T@@', 'ok@@', 'i@@', 'o', '.', '</s>']
2026-05-12 02:40:56,502 - INFO - joeynmt.training - 	Source:     die Premierminister Indiens und Japans trafen sich in Tokio .
2026-05-12 02:40:56,502 - INFO - joeynmt.training - 	Reference:  India and Japan prime ministers meet in Tokyo
2026-05-12 02:40:56,502 - INFO - joeynmt.training - 	Hypothesis: the Prime Minister of India and Japan &apos;s message in Tokio .
2026-05-12 02:40:56,502 - INFO - joeynmt.training - Example #1
2026-05-12 02:40:56,502 - DEBUG - joeynmt.training - 	Tokenized source:     ['Indi@@', 'ens', 'neu@@', 'er', 'Pre@@', 'mi@@', 'er@@', 'minist@@', 'er', 'N@@', 'ar@@', 'end@@', 'ra', 'Mo@@', 'd@@', 'i', 'tri@@', 'fft', 'bei', 's@@', 'einem', 'ersten', 'wichti@@', 'gen', 'Aus@@', 'land@@', 's@@', 'bes@@', 'u@@', 'ch', 'seit', 's@@', 'einem', 'W@@', 'ah@@', 'l@@', 'si@@', 'e@@', 'g', 'im', 'Ma@@', 'i', 'seinen', 'j@@', 'ap@@', 'an@@', 'ischen', 'Am@@', 'ts@@', 'k@@', 'olle@@', 'gen', 'S@@', 'hin@@', 'z@@', 'o', 'A@@', 'be', 'in', 'T@@', 'ok@@', 'o', ',', 'um', 'wirtschaf@@', 'tliche', 'und', 'sicher@@', 'heits@@', 'politische', 'Be@@', 'zieh@@', 'ungen', 'zu', 'bes@@', 'pre@@', 'chen', '.']
2026-05-12 02:40:56,502 - DEBUG - joeynmt.training - 	Tokenized reference:  ['Indi@@', 'a', '&apos;s', 'new', 'pri@@', 'me', 'minist@@', 'er', ',', 'N@@', 'ar@@', 'end@@', 'ra', 'Mo@@', 'd@@', 'i', ',', 'is', 'me@@', 'eting', 'his', 'J@@', 'ap@@', 'an@@', 'ese', 'coun@@', 'ter@@', 'part', ',', 'S@@', 'hin@@', 'z@@', 'o', 'A@@', 'be', ',', 'in', 'T@@', 'ok@@', 'y@@', 'o', 'to', 'disc@@', 'uss', 'economic', 'and', 'security', 'ties', ',', 'on', 'his', 'first', 'major', 'fore@@', 'ign', 'visi@@', 't', 'since', 'w@@', 'inn@@', 'ing', 'Ma@@', 'y', '&apos;s', 'elec@@', 'tion', '.']
2026-05-12 02:40:56,502 - DEBUG - joeynmt.training - 	Tokenized hypothesis: ['Indi@@', 'a', '&apos;s', 'new', 'Pri@@', 'me', 'Minist@@', 'er', 'N@@', 'ar@@', 'end@@', 'ra', 'Mo@@', 'd@@', 'i', 'is', 'con@@', 'duc@@', 'ted', 'in', 'his', 'first', 'h@@', 'on@@', 'our', 'of', 'his', 'important', 'ex@@', 'tra@@', 'ordin@@', 'ary', 'colle@@', 'ag@@', 'u@@', 'es', 'in', 'Ma@@', 'y', ',', 'in', 'the', 'Ma@@', 'y', 'of', 'his', 'J@@', 'ap@@', 'an@@', 'ese', ',', 'in', 'order', 'to', 're@@', 'fle@@', 'ct', 'economic', 'and', 'security', 'policy', '.', '</s>']
2026-05-12 02:40:56,503 - INFO - joeynmt.training - 	Source:     Indiens neuer Premierminister Narendra Modi trifft bei seinem ersten wichtigen Auslandsbesuch seit seinem Wahlsieg im Mai seinen japanischen Amtskollegen Shinzo Abe in Toko , um wirtschaftliche und sicherheitspolitische Beziehungen zu besprechen .
2026-05-12 02:40:56,503 - INFO - joeynmt.training - 	Reference:  India &apos;s new prime minister , Narendra Modi , is meeting his Japanese counterpart , Shinzo Abe , in Tokyo to discuss economic and security ties , on his first major foreign visit since winning May &apos;s election .
2026-05-12 02:40:56,503 - INFO - joeynmt.training - 	Hypothesis: India &apos;s new Prime Minister Narendra Modi is conducted in his first honour of his important extraordinary colleagues in May , in the May of his Japanese , in order to reflect economic and security policy .
2026-05-12 02:40:56,503 - INFO - joeynmt.training - Example #2
2026-05-12 02:40:56,503 - DEBUG - joeynmt.training - 	Tokenized source:     ['Herr', 'Mo@@', 'd@@', 'i', 'befindet', 'sich', 'auf', 'einer', 'fü@@', 'n@@', 'f@@', 'tä@@', 'gi@@', 'gen', 'Rei@@', 'se', 'nach', 'J@@', 'ap@@', 'an', ',', 'um', 'die', 'wirtschaf@@', 'tlichen', 'Be@@', 'zieh@@', 'ungen', 'mit', 'der', 'd@@', 'rit@@', 't@@', 'größ@@', 'ten', 'Wirtschafts@@', 'n@@', 'ation', 'der', 'Welt', 'zu', 'fes@@', 'tigen', '.']
2026-05-12 02:40:56,503 - DEBUG - joeynmt.training - 	Tokenized reference:  ['Mr', 'Mo@@', 'd@@', 'i', 'is', 'on', 'a', 'fi@@', 've', '@@@', '-@@', '@', 'day', 'tri@@', 'p', 'to', 'J@@', 'ap@@', 'an', 'to', 'streng@@', 'then', 'economic', 'ties', 'with', 'the', 'third', 'lar@@', 'ges@@', 't', 'econom@@', 'y', 'in', 'the', 'world', '.']
2026-05-12 02:40:56,503 - DEBUG - joeynmt.training - 	Tokenized hypothesis: ['Mr', 'Mo@@', 'd@@', 'i', 'is', 'a', 'fi@@', 'f@@', 'ty', 'tri@@', 'p', 'to', 'J@@', 'ap@@', 'an', 'to', 'J@@', 'ap@@', 'an', 'to', 'take', 'the', 'economic', 'rel@@', 'ations', 'with', 'the', 'third', 'lar@@', 'ges@@', 't', 'economic', 'rel@@', 'ations', 'with', 'the', 'third', 'lar@@', 'ges@@', 't', 'economic', 'rel@@', 'ations', 'with', 'the', 'third', 'world', '.', '</s>']
2026-05-12 02:40:56,503 - INFO - joeynmt.training - 	Source:     Herr Modi befindet sich auf einer fünftägigen Reise nach Japan , um die wirtschaftlichen Beziehungen mit der drittgrößten Wirtschaftsnation der Welt zu festigen .
2026-05-12 02:40:56,503 - INFO - joeynmt.training - 	Reference:  Mr Modi is on a five @-@ day trip to Japan to strengthen economic ties with the third largest economy in the world .
2026-05-12 02:40:56,503 - INFO - joeynmt.training - 	Hypothesis: Mr Modi is a fifty trip to Japan to Japan to take the economic relations with the third largest economic relations with the third largest economic relations with the third world .
2026-05-12 02:40:56,503 - INFO - joeynmt.training - Example #3
2026-05-12 02:40:56,503 - DEBUG - joeynmt.training - 	Tokenized source:     ['P@@', 'län@@', 'e', 'für', 'eine', 'stärk@@', 'ere', 'k@@', 'ern@@', 'techn@@', 'ische', 'Zusammenarbeit', 'stehen', 'ganz', 'ob@@', 'en', 'auf', 'der', 'Tag@@', 'es@@', 'ordnung', '.']
2026-05-12 02:40:56,503 - DEBUG - joeynmt.training - 	Tokenized reference:  ['high', 'on', 'the', 'agen@@', 'da', 'are', 'pl@@', 'ans', 'for', 'gre@@', 'ater', 'nu@@', 'clear', 'c@@', 'o', '@@@', '-@@', '@', 'operation', '.']
2026-05-12 02:40:56,503 - DEBUG - joeynmt.training - 	Tokenized hypothesis: ['pl@@', 'ans', 'to', 'increase', 'more', 'nu@@', 'clear', 'cooperation', 'is', 'on', 'the', 'agen@@', 'da', '.', '</s>']
2026-05-12 02:40:56,503 - INFO - joeynmt.training - 	Source:     Pläne für eine stärkere kerntechnische Zusammenarbeit stehen ganz oben auf der Tagesordnung .
2026-05-12 02:40:56,503 - INFO - joeynmt.training - 	Reference:  high on the agenda are plans for greater nuclear co @-@ operation .
2026-05-12 02:40:56,503 - INFO - joeynmt.training - 	Hypothesis: plans to increase more nuclear cooperation is on the agenda .
2026-05-12 02:40:56,503 - INFO - joeynmt.training - Example #4
2026-05-12 02:40:56,504 - DEBUG - joeynmt.training - 	Tokenized source:     ['Berich@@', 'ten', 'zu@@', 'fol@@', 'ge', 'ho@@', 'fft', 'Indi@@', 'en', 'darüber', 'hinaus', 'auf', 'einen', 'Ver@@', 'trag', 'zur', 'Ver@@', 'tei@@', 'dig@@', 'ungs@@', 'zusammen@@', 'arbeit', 'zwischen', 'den', 'beiden', 'N@@', 'ationen', '.']
2026-05-12 02:40:56,504 - DEBUG - joeynmt.training - 	Tokenized reference:  ['Indi@@', 'a', 'is', 'also', 're@@', 'porte@@', 'dly', 'hop@@', 'ing', 'for', 'a', 'de@@', 'al', 'on', 'def@@', 'ence', 'c@@', 'oll@@', 'ab@@', 'or@@', 'ation', 'between', 'the', 'two', 'n@@', 'ations', '.']
2026-05-12 02:40:56,504 - DEBUG - joeynmt.training - 	Tokenized hypothesis: ['in', 'ad@@', 'dition', ',', 'Indi@@', 'a', 'is', 'also', 'hop@@', 'ed', 'for', 'a', 'def@@', 'ence', 'cooperation', 'between', 'the', 'two', 'N@@', 'ations', '.', '</s>']
2026-05-12 02:40:56,504 - INFO - joeynmt.training - 	Source:     Berichten zufolge hofft Indien darüber hinaus auf einen Vertrag zur Verteidigungszusammenarbeit zwischen den beiden Nationen .
2026-05-12 02:40:56,504 - INFO - joeynmt.training - 	Reference:  India is also reportedly hoping for a deal on defence collaboration between the two nations .
2026-05-12 02:40:56,504 - INFO - joeynmt.training - 	Hypothesis: in addition , India is also hoped for a defence cooperation between the two Nations .
2026-05-12 02:41:23,303 - INFO - joeynmt.training - Epoch  10, Step:    39600, Batch Loss:     1.763909, Batch Acc: 0.531783, Tokens per Sec:     3402, Lr: 0.000300
2026-05-12 02:41:50,126 - INFO - joeynmt.training - Epoch  10, Step:    39700, Batch Loss:     1.796186, Batch Acc: 0.528645, Tokens per Sec:     3425, Lr: 0.000300
2026-05-12 02:42:17,289 - INFO - joeynmt.training - Epoch  10, Step:    39800, Batch Loss:     1.822170, Batch Acc: 0.531712, Tokens per Sec:     3385, Lr: 0.000300
2026-05-12 02:42:45,919 - INFO - joeynmt.training - Epoch  10, Step:    39900, Batch Loss:     1.864421, Batch Acc: 0.529671, Tokens per Sec:     3237, Lr: 0.000300
2026-05-12 02:43:13,436 - INFO - joeynmt.training - Epoch  10, Step:    40000, Batch Loss:     1.724785, Batch Acc: 0.535683, Tokens per Sec:     3365, Lr: 0.000300
2026-05-12 02:43:13,436 - INFO - joeynmt.prediction - Predicting 500 example(s)... (Greedy decoding with min_output_length=1, max_output_length=-1, return_prob='none', generate_unk=True, repetition_penalty=-1, no_repeat_ngram_size=-1)
2026-05-12 02:43:56,207 - INFO - joeynmt.prediction - Evaluation result (greedy) loss:   2.11, ppl:   8.24, acc:   0.46, generation: 42.7623[sec], evaluation: 0.0000[sec]
2026-05-12 02:43:56,210 - INFO - joeynmt.training - Hooray! New best validation result [ppl]!
2026-05-12 02:43:56,375 - INFO - joeynmt.helpers - delete models/deen_transformer_post/38500.ckpt
2026-05-12 02:43:56,381 - INFO - joeynmt.training - Example #0
2026-05-12 02:43:56,381 - DEBUG - joeynmt.training - 	Tokenized source:     ['die', 'Pre@@', 'mi@@', 'er@@', 'minist@@', 'er', 'Indi@@', 'ens', 'und', 'J@@', 'ap@@', 'ans', 'tra@@', 'fen', 'sich', 'in', 'T@@', 'ok@@', 'i@@', 'o', '.']
2026-05-12 02:43:56,382 - DEBUG - joeynmt.training - 	Tokenized reference:  ['Indi@@', 'a', 'and', 'J@@', 'ap@@', 'an', 'pri@@', 'me', 'minist@@', 'ers', 'me@@', 'et', 'in', 'T@@', 'ok@@', 'y@@', 'o']
2026-05-12 02:43:56,382 - DEBUG - joeynmt.training - 	Tokenized hypothesis: ['the', 'Pri@@', 'me', 'Minist@@', 'er', 'Indi@@', 'a', 'and', 'J@@', 'ap@@', 'an', ',', 'J@@', 'ap@@', 'an', 'and', 'J@@', 'ap@@', 'an', ',', 'in', 'T@@', 'ok@@', 'i@@', 'o', '.', '</s>']
2026-05-12 02:43:56,382 - INFO - joeynmt.training - 	Source:     die Premierminister Indiens und Japans trafen sich in Tokio .
2026-05-12 02:43:56,382 - INFO - joeynmt.training - 	Reference:  India and Japan prime ministers meet in Tokyo
2026-05-12 02:43:56,382 - INFO - joeynmt.training - 	Hypothesis: the Prime Minister India and Japan , Japan and Japan , in Tokio .
2026-05-12 02:43:56,382 - INFO - joeynmt.training - Example #1
2026-05-12 02:43:56,382 - DEBUG - joeynmt.training - 	Tokenized source:     ['Indi@@', 'ens', 'neu@@', 'er', 'Pre@@', 'mi@@', 'er@@', 'minist@@', 'er', 'N@@', 'ar@@', 'end@@', 'ra', 'Mo@@', 'd@@', 'i', 'tri@@', 'fft', 'bei', 's@@', 'einem', 'ersten', 'wichti@@', 'gen', 'Aus@@', 'land@@', 's@@', 'bes@@', 'u@@', 'ch', 'seit', 's@@', 'einem', 'W@@', 'ah@@', 'l@@', 'si@@', 'e@@', 'g', 'im', 'Ma@@', 'i', 'seinen', 'j@@', 'ap@@', 'an@@', 'ischen', 'Am@@', 'ts@@', 'k@@', 'olle@@', 'gen', 'S@@', 'hin@@', 'z@@', 'o', 'A@@', 'be', 'in', 'T@@', 'ok@@', 'o', ',', 'um', 'wirtschaf@@', 'tliche', 'und', 'sicher@@', 'heits@@', 'politische', 'Be@@', 'zieh@@', 'ungen', 'zu', 'bes@@', 'pre@@', 'chen', '.']
2026-05-12 02:43:56,382 - DEBUG - joeynmt.training - 	Tokenized reference:  ['Indi@@', 'a', '&apos;s', 'new', 'pri@@', 'me', 'minist@@', 'er', ',', 'N@@', 'ar@@', 'end@@', 'ra', 'Mo@@', 'd@@', 'i', ',', 'is', 'me@@', 'eting', 'his', 'J@@', 'ap@@', 'an@@', 'ese', 'coun@@', 'ter@@', 'part', ',', 'S@@', 'hin@@', 'z@@', 'o', 'A@@', 'be', ',', 'in', 'T@@', 'ok@@', 'y@@', 'o', 'to', 'disc@@', 'uss', 'economic', 'and', 'security', 'ties', ',', 'on', 'his', 'first', 'major', 'fore@@', 'ign', 'visi@@', 't', 'since', 'w@@', 'inn@@', 'ing', 'Ma@@', 'y', '&apos;s', 'elec@@', 'tion', '.']
2026-05-12 02:43:56,382 - DEBUG - joeynmt.training - 	Tokenized hypothesis: ['Indi@@', 'a', '&apos;s', 'new', 'Pri@@', 'me', 'Minist@@', 'er', 'N@@', 'ar@@', 'end@@', 'or@@', 'se', 'N@@', 'ar@@', 'end@@', 'or@@', 'se', 'his', 'first', 'f@@', 'ar@@', '-@@', 'e@@', 'arly', 'ex@@', 'ec@@', 'ution', 'of', 'the', 'German', 'A@@', 's@@', 'soci@@', 'ation', 'of', 'the', 'J@@', 'ap@@', 'an', 'in', 'Ma@@', 'y', 'in', 'T@@', 'ok@@', 'o', 'A@@', 'be', ',', 'in', 'order', 'to', 'disc@@', 'uss', 'its', 'first', 'inter@@', 'est', '.', '</s>']
2026-05-12 02:43:56,382 - INFO - joeynmt.training - 	Source:     Indiens neuer Premierminister Narendra Modi trifft bei seinem ersten wichtigen Auslandsbesuch seit seinem Wahlsieg im Mai seinen japanischen Amtskollegen Shinzo Abe in Toko , um wirtschaftliche und sicherheitspolitische Beziehungen zu besprechen .
2026-05-12 02:43:56,382 - INFO - joeynmt.training - 	Reference:  India &apos;s new prime minister , Narendra Modi , is meeting his Japanese counterpart , Shinzo Abe , in Tokyo to discuss economic and security ties , on his first major foreign visit since winning May &apos;s election .
2026-05-12 02:43:56,382 - INFO - joeynmt.training - 	Hypothesis: India &apos;s new Prime Minister Narendorse Narendorse his first far-early execution of the German Association of the Japan in May in Toko Abe , in order to discuss its first interest .
2026-05-12 02:43:56,382 - INFO - joeynmt.training - Example #2
2026-05-12 02:43:56,383 - DEBUG - joeynmt.training - 	Tokenized source:     ['Herr', 'Mo@@', 'd@@', 'i', 'befindet', 'sich', 'auf', 'einer', 'fü@@', 'n@@', 'f@@', 'tä@@', 'gi@@', 'gen', 'Rei@@', 'se', 'nach', 'J@@', 'ap@@', 'an', ',', 'um', 'die', 'wirtschaf@@', 'tlichen', 'Be@@', 'zieh@@', 'ungen', 'mit', 'der', 'd@@', 'rit@@', 't@@', 'größ@@', 'ten', 'Wirtschafts@@', 'n@@', 'ation', 'der', 'Welt', 'zu', 'fes@@', 'tigen', '.']
2026-05-12 02:43:56,383 - DEBUG - joeynmt.training - 	Tokenized reference:  ['Mr', 'Mo@@', 'd@@', 'i', 'is', 'on', 'a', 'fi@@', 've', '@@@', '-@@', '@', 'day', 'tri@@', 'p', 'to', 'J@@', 'ap@@', 'an', 'to', 'streng@@', 'then', 'economic', 'ties', 'with', 'the', 'third', 'lar@@', 'ges@@', 't', 'econom@@', 'y', 'in', 'the', 'world', '.']
2026-05-12 02:43:56,383 - DEBUG - joeynmt.training - 	Tokenized hypothesis: ['Mr', 'Mo@@', 'd@@', 'i', 'is', 'a', 'fi@@', 'f@@', 'ty', 'of', 'a', 'fi@@', 'f@@', 'ty', 'tri@@', 'p', 'to', 'J@@', 'ap@@', 'an', 'to', 'take', 'the', 'economic', 'rel@@', 'ations', 'with', 'the', 'third', 'gre@@', 'at@@', 'est', 'economic', 'rel@@', 'ations', 'with', 'the', 'third', 'lar@@', 'ges@@', 't', 'economic', 'rel@@', 'ations', '.', '</s>']
2026-05-12 02:43:56,383 - INFO - joeynmt.training - 	Source:     Herr Modi befindet sich auf einer fünftägigen Reise nach Japan , um die wirtschaftlichen Beziehungen mit der drittgrößten Wirtschaftsnation der Welt zu festigen .
2026-05-12 02:43:56,383 - INFO - joeynmt.training - 	Reference:  Mr Modi is on a five @-@ day trip to Japan to strengthen economic ties with the third largest economy in the world .
2026-05-12 02:43:56,383 - INFO - joeynmt.training - 	Hypothesis: Mr Modi is a fifty of a fifty trip to Japan to take the economic relations with the third greatest economic relations with the third largest economic relations .
2026-05-12 02:43:56,383 - INFO - joeynmt.training - Example #3
2026-05-12 02:43:56,383 - DEBUG - joeynmt.training - 	Tokenized source:     ['P@@', 'län@@', 'e', 'für', 'eine', 'stärk@@', 'ere', 'k@@', 'ern@@', 'techn@@', 'ische', 'Zusammenarbeit', 'stehen', 'ganz', 'ob@@', 'en', 'auf', 'der', 'Tag@@', 'es@@', 'ordnung', '.']
2026-05-12 02:43:56,383 - DEBUG - joeynmt.training - 	Tokenized reference:  ['high', 'on', 'the', 'agen@@', 'da', 'are', 'pl@@', 'ans', 'for', 'gre@@', 'ater', 'nu@@', 'clear', 'c@@', 'o', '@@@', '-@@', '@', 'operation', '.']
2026-05-12 02:43:56,383 - DEBUG - joeynmt.training - 	Tokenized hypothesis: ['pl@@', 'ans', 'for', 'a', 'more', 'co@@', 'her@@', 'ent', 'techn@@', 'ical', 'cooperation', 'is', 'on', 'the', 'agen@@', 'da', '.', '</s>']
2026-05-12 02:43:56,383 - INFO - joeynmt.training - 	Source:     Pläne für eine stärkere kerntechnische Zusammenarbeit stehen ganz oben auf der Tagesordnung .
2026-05-12 02:43:56,383 - INFO - joeynmt.training - 	Reference:  high on the agenda are plans for greater nuclear co @-@ operation .
2026-05-12 02:43:56,383 - INFO - joeynmt.training - 	Hypothesis: plans for a more coherent technical cooperation is on the agenda .
2026-05-12 02:43:56,383 - INFO - joeynmt.training - Example #4
2026-05-12 02:43:56,383 - DEBUG - joeynmt.training - 	Tokenized source:     ['Berich@@', 'ten', 'zu@@', 'fol@@', 'ge', 'ho@@', 'fft', 'Indi@@', 'en', 'darüber', 'hinaus', 'auf', 'einen', 'Ver@@', 'trag', 'zur', 'Ver@@', 'tei@@', 'dig@@', 'ungs@@', 'zusammen@@', 'arbeit', 'zwischen', 'den', 'beiden', 'N@@', 'ationen', '.']
2026-05-12 02:43:56,383 - DEBUG - joeynmt.training - 	Tokenized reference:  ['Indi@@', 'a', 'is', 'also', 're@@', 'porte@@', 'dly', 'hop@@', 'ing', 'for', 'a', 'de@@', 'al', 'on', 'def@@', 'ence', 'c@@', 'oll@@', 'ab@@', 'or@@', 'ation', 'between', 'the', 'two', 'n@@', 'ations', '.']
2026-05-12 02:43:56,383 - DEBUG - joeynmt.training - 	Tokenized hypothesis: ['Indi@@', 'a', 'is', 'also', 'the', 'con@@', 'text', 'that', 'it', 'is', 'also', 'a', 'con@@', 'f@@', 'lic@@', 't', 'between', 'the', 'two', 'n@@', 'ations', '.', '</s>']
2026-05-12 02:43:56,384 - INFO - joeynmt.training - 	Source:     Berichten zufolge hofft Indien darüber hinaus auf einen Vertrag zur Verteidigungszusammenarbeit zwischen den beiden Nationen .
2026-05-12 02:43:56,384 - INFO - joeynmt.training - 	Reference:  India is also reportedly hoping for a deal on defence collaboration between the two nations .
2026-05-12 02:43:56,384 - INFO - joeynmt.training - 	Hypothesis: India is also the context that it is also a conflict between the two nations .
2026-05-12 02:44:23,861 - INFO - joeynmt.training - Epoch  10, Step:    40100, Batch Loss:     1.750525, Batch Acc: 0.527359, Tokens per Sec:     3303, Lr: 0.000300
2026-05-12 02:44:50,831 - INFO - joeynmt.training - Epoch  10, Step:    40200, Batch Loss:     1.782034, Batch Acc: 0.527412, Tokens per Sec:     3394, Lr: 0.000300
2026-05-12 02:45:17,477 - INFO - joeynmt.training - Epoch  10, Step:    40300, Batch Loss:     1.615721, Batch Acc: 0.530529, Tokens per Sec:     3443, Lr: 0.000300
2026-05-12 02:45:44,092 - INFO - joeynmt.training - Epoch  10, Step:    40400, Batch Loss:     1.735564, Batch Acc: 0.536243, Tokens per Sec:     3464, Lr: 0.000300
2026-05-12 02:46:10,821 - INFO - joeynmt.training - Epoch  10, Step:    40500, Batch Loss:     1.632062, Batch Acc: 0.527174, Tokens per Sec:     3484, Lr: 0.000300
2026-05-12 02:46:10,822 - INFO - joeynmt.prediction - Predicting 500 example(s)... (Greedy decoding with min_output_length=1, max_output_length=-1, return_prob='none', generate_unk=True, repetition_penalty=-1, no_repeat_ngram_size=-1)
2026-05-12 02:46:55,400 - INFO - joeynmt.prediction - Evaluation result (greedy) loss:   2.10, ppl:   8.15, acc:   0.46, generation: 44.5696[sec], evaluation: 0.0000[sec]
2026-05-12 02:46:55,403 - INFO - joeynmt.training - Hooray! New best validation result [ppl]!
2026-05-12 02:46:55,567 - INFO - joeynmt.helpers - delete models/deen_transformer_post/35500.ckpt
2026-05-12 02:46:55,571 - INFO - joeynmt.training - Example #0
2026-05-12 02:46:55,571 - DEBUG - joeynmt.training - 	Tokenized source:     ['die', 'Pre@@', 'mi@@', 'er@@', 'minist@@', 'er', 'Indi@@', 'ens', 'und', 'J@@', 'ap@@', 'ans', 'tra@@', 'fen', 'sich', 'in', 'T@@', 'ok@@', 'i@@', 'o', '.']
2026-05-12 02:46:55,571 - DEBUG - joeynmt.training - 	Tokenized reference:  ['Indi@@', 'a', 'and', 'J@@', 'ap@@', 'an', 'pri@@', 'me', 'minist@@', 'ers', 'me@@', 'et', 'in', 'T@@', 'ok@@', 'y@@', 'o']
2026-05-12 02:46:55,571 - DEBUG - joeynmt.training - 	Tokenized hypothesis: ['the', 'Pri@@', 'me', 'Minist@@', 'er', 'Indi@@', 'a', 'and', 'J@@', 'ap@@', 'an', ',', 'the', 'Pri@@', 'me', 'Minist@@', 'er', 'of', 'the', 'S@@', 'ec@@', 'urity', 'A@@', 'gre@@', 'ement', '.', '</s>']
2026-05-12 02:46:55,571 - INFO - joeynmt.training - 	Source:     die Premierminister Indiens und Japans trafen sich in Tokio .
2026-05-12 02:46:55,571 - INFO - joeynmt.training - 	Reference:  India and Japan prime ministers meet in Tokyo
2026-05-12 02:46:55,571 - INFO - joeynmt.training - 	Hypothesis: the Prime Minister India and Japan , the Prime Minister of the Security Agreement .
2026-05-12 02:46:55,571 - INFO - joeynmt.training - Example #1
2026-05-12 02:46:55,572 - DEBUG - joeynmt.training - 	Tokenized source:     ['Indi@@', 'ens', 'neu@@', 'er', 'Pre@@', 'mi@@', 'er@@', 'minist@@', 'er', 'N@@', 'ar@@', 'end@@', 'ra', 'Mo@@', 'd@@', 'i', 'tri@@', 'fft', 'bei', 's@@', 'einem', 'ersten', 'wichti@@', 'gen', 'Aus@@', 'land@@', 's@@', 'bes@@', 'u@@', 'ch', 'seit', 's@@', 'einem', 'W@@', 'ah@@', 'l@@', 'si@@', 'e@@', 'g', 'im', 'Ma@@', 'i', 'seinen', 'j@@', 'ap@@', 'an@@', 'ischen', 'Am@@', 'ts@@', 'k@@', 'olle@@', 'gen', 'S@@', 'hin@@', 'z@@', 'o', 'A@@', 'be', 'in', 'T@@', 'ok@@', 'o', ',', 'um', 'wirtschaf@@', 'tliche', 'und', 'sicher@@', 'heits@@', 'politische', 'Be@@', 'zieh@@', 'ungen', 'zu', 'bes@@', 'pre@@', 'chen', '.']
2026-05-12 02:46:55,572 - DEBUG - joeynmt.training - 	Tokenized reference:  ['Indi@@', 'a', '&apos;s', 'new', 'pri@@', 'me', 'minist@@', 'er', ',', 'N@@', 'ar@@', 'end@@', 'ra', 'Mo@@', 'd@@', 'i', ',', 'is', 'me@@', 'eting', 'his', 'J@@', 'ap@@', 'an@@', 'ese', 'coun@@', 'ter@@', 'part', ',', 'S@@', 'hin@@', 'z@@', 'o', 'A@@', 'be', ',', 'in', 'T@@', 'ok@@', 'y@@', 'o', 'to', 'disc@@', 'uss', 'economic', 'and', 'security', 'ties', ',', 'on', 'his', 'first', 'major', 'fore@@', 'ign', 'visi@@', 't', 'since', 'w@@', 'inn@@', 'ing', 'Ma@@', 'y', '&apos;s', 'elec@@', 'tion', '.']
2026-05-12 02:46:55,572 - DEBUG - joeynmt.training - 	Tokenized hypothesis: ['Indi@@', 'a', '&apos;s', 'new', 'Pri@@', 'me', 'Minist@@', 'er', 'N@@', 'ar@@', 'end@@', 'ra', 'Mo@@', 'd@@', 'i', 'is', 'in', 'the', 'first', 'first', 'first', 'fore@@', 'ign', 'fore@@', 'ign', 'visi@@', 'tors', 'since', 'the', 'S@@', 'ec@@', 'on@@', 'd', 'his', 'elec@@', 'tion', 'of', 'his', 'elec@@', 'tion', 'in', 'Ma@@', 'y', ',', 'in', 'Ma@@', 'y', ',', 'in', 'order', 'to', 'de@@', 'al', 'with', 'its', 'J@@', 'ap@@', 'an', ',', 'in', 'order', 'to', 'de@@', 'al', 'with', 'economic', 'and', 'saf@@', 'ety', '.', '</s>']
2026-05-12 02:46:55,572 - INFO - joeynmt.training - 	Source:     Indiens neuer Premierminister Narendra Modi trifft bei seinem ersten wichtigen Auslandsbesuch seit seinem Wahlsieg im Mai seinen japanischen Amtskollegen Shinzo Abe in Toko , um wirtschaftliche und sicherheitspolitische Beziehungen zu besprechen .
2026-05-12 02:46:55,572 - INFO - joeynmt.training - 	Reference:  India &apos;s new prime minister , Narendra Modi , is meeting his Japanese counterpart , Shinzo Abe , in Tokyo to discuss economic and security ties , on his first major foreign visit since winning May &apos;s election .
2026-05-12 02:46:55,572 - INFO - joeynmt.training - 	Hypothesis: India &apos;s new Prime Minister Narendra Modi is in the first first first foreign foreign visitors since the Second his election of his election in May , in May , in order to deal with its Japan , in order to deal with economic and safety .
2026-05-12 02:46:55,572 - INFO - joeynmt.training - Example #2
2026-05-12 02:46:55,572 - DEBUG - joeynmt.training - 	Tokenized source:     ['Herr', 'Mo@@', 'd@@', 'i', 'befindet', 'sich', 'auf', 'einer', 'fü@@', 'n@@', 'f@@', 'tä@@', 'gi@@', 'gen', 'Rei@@', 'se', 'nach', 'J@@', 'ap@@', 'an', ',', 'um', 'die', 'wirtschaf@@', 'tlichen', 'Be@@', 'zieh@@', 'ungen', 'mit', 'der', 'd@@', 'rit@@', 't@@', 'größ@@', 'ten', 'Wirtschafts@@', 'n@@', 'ation', 'der', 'Welt', 'zu', 'fes@@', 'tigen', '.']
2026-05-12 02:46:55,572 - DEBUG - joeynmt.training - 	Tokenized reference:  ['Mr', 'Mo@@', 'd@@', 'i', 'is', 'on', 'a', 'fi@@', 've', '@@@', '-@@', '@', 'day', 'tri@@', 'p', 'to', 'J@@', 'ap@@', 'an', 'to', 'streng@@', 'then', 'economic', 'ties', 'with', 'the', 'third', 'lar@@', 'ges@@', 't', 'econom@@', 'y', 'in', 'the', 'world', '.']
2026-05-12 02:46:55,572 - DEBUG - joeynmt.training - 	Tokenized hypothesis: ['Mr', 'Mo@@', 'd@@', 'i', 'is', 'a', 'fi@@', 'f@@', 'th', 'ri@@', 'ding', 'on', 'a', 'fi@@', 'f@@', 'th', 'ri@@', 'ding', 'of', 'J@@', 'ap@@', 'an', 'to', 'take', 'place', 'in', 'order', 'to', 'take', 'the', 'economic', 'rel@@', 'ations', 'with', 'the', 'third', 'lar@@', 'ges@@', 't', 'economic', 'rel@@', 'ations', '.', '</s>']
2026-05-12 02:46:55,572 - INFO - joeynmt.training - 	Source:     Herr Modi befindet sich auf einer fünftägigen Reise nach Japan , um die wirtschaftlichen Beziehungen mit der drittgrößten Wirtschaftsnation der Welt zu festigen .
2026-05-12 02:46:55,572 - INFO - joeynmt.training - 	Reference:  Mr Modi is on a five @-@ day trip to Japan to strengthen economic ties with the third largest economy in the world .
2026-05-12 02:46:55,572 - INFO - joeynmt.training - 	Hypothesis: Mr Modi is a fifth riding on a fifth riding of Japan to take place in order to take the economic relations with the third largest economic relations .
2026-05-12 02:46:55,572 - INFO - joeynmt.training - Example #3
2026-05-12 02:46:55,572 - DEBUG - joeynmt.training - 	Tokenized source:     ['P@@', 'län@@', 'e', 'für', 'eine', 'stärk@@', 'ere', 'k@@', 'ern@@', 'techn@@', 'ische', 'Zusammenarbeit', 'stehen', 'ganz', 'ob@@', 'en', 'auf', 'der', 'Tag@@', 'es@@', 'ordnung', '.']
2026-05-12 02:46:55,572 - DEBUG - joeynmt.training - 	Tokenized reference:  ['high', 'on', 'the', 'agen@@', 'da', 'are', 'pl@@', 'ans', 'for', 'gre@@', 'ater', 'nu@@', 'clear', 'c@@', 'o', '@@@', '-@@', '@', 'operation', '.']
2026-05-12 02:46:55,572 - DEBUG - joeynmt.training - 	Tokenized hypothesis: ['pl@@', 'ans', 'for', 'more', 'more', 'car@@', 'ri@@', 'ers', 'on', 'the', 'agen@@', 'da', '.', '</s>']
2026-05-12 02:46:55,573 - INFO - joeynmt.training - 	Source:     Pläne für eine stärkere kerntechnische Zusammenarbeit stehen ganz oben auf der Tagesordnung .
2026-05-12 02:46:55,573 - INFO - joeynmt.training - 	Reference:  high on the agenda are plans for greater nuclear co @-@ operation .
2026-05-12 02:46:55,573 - INFO - joeynmt.training - 	Hypothesis: plans for more more carriers on the agenda .
2026-05-12 02:46:55,573 - INFO - joeynmt.training - Example #4
2026-05-12 02:46:55,573 - DEBUG - joeynmt.training - 	Tokenized source:     ['Berich@@', 'ten', 'zu@@', 'fol@@', 'ge', 'ho@@', 'fft', 'Indi@@', 'en', 'darüber', 'hinaus', 'auf', 'einen', 'Ver@@', 'trag', 'zur', 'Ver@@', 'tei@@', 'dig@@', 'ungs@@', 'zusammen@@', 'arbeit', 'zwischen', 'den', 'beiden', 'N@@', 'ationen', '.']
2026-05-12 02:46:55,573 - DEBUG - joeynmt.training - 	Tokenized reference:  ['Indi@@', 'a', 'is', 'also', 're@@', 'porte@@', 'dly', 'hop@@', 'ing', 'for', 'a', 'de@@', 'al', 'on', 'def@@', 'ence', 'c@@', 'oll@@', 'ab@@', 'or@@', 'ation', 'between', 'the', 'two', 'n@@', 'ations', '.']
2026-05-12 02:46:55,573 - DEBUG - joeynmt.training - 	Tokenized hypothesis: ['Indi@@', 'a', '&apos;s', 're@@', 'ports', ',', 'in', 'ad@@', 'dition', 'to', 'a', 'con@@', 'trac@@', 'ts', ',', 'in', 'order', 'to', 'def@@', 'end', 'cooperation', 'between', 'the', 'two', 'n@@', 'ations', '.', '</s>']
2026-05-12 02:46:55,573 - INFO - joeynmt.training - 	Source:     Berichten zufolge hofft Indien darüber hinaus auf einen Vertrag zur Verteidigungszusammenarbeit zwischen den beiden Nationen .
2026-05-12 02:46:55,573 - INFO - joeynmt.training - 	Reference:  India is also reportedly hoping for a deal on defence collaboration between the two nations .
2026-05-12 02:46:55,573 - INFO - joeynmt.training - 	Hypothesis: India &apos;s reports , in addition to a contracts , in order to defend cooperation between the two nations .
2026-05-12 02:47:21,888 - INFO - joeynmt.training - Epoch  10, Step:    40600, Batch Loss:     1.548995, Batch Acc: 0.536577, Tokens per Sec:     3462, Lr: 0.000300
2026-05-12 02:47:39,827 - INFO - joeynmt.training - Epoch  10: total training loss 6959.86
2026-05-12 02:47:39,828 - INFO - joeynmt.training - Training ended after  10 epochs.
2026-05-12 02:47:39,828 - INFO - joeynmt.training - Best validation result (greedy) at step    40500:   8.15 ppl.
2026-05-12 02:47:39,847 - INFO - joeynmt.model - Building an encoder-decoder model...
2026-05-12 02:47:39,916 - INFO - joeynmt.model - Enc-dec model built.
2026-05-12 02:47:39,959 - INFO - joeynmt.helpers - Load model from /Users/jill/Desktop/Jill/Studium/FS_26/Machine_translation/mt-exercise-03/models/deen_transformer_post/40500.ckpt.
2026-05-12 02:47:39,963 - INFO - joeynmt.prediction - Model(
	encoder=TransformerEncoder(num_layers=4, num_heads=2, alpha=1.0, layer_norm="post", activation=ReLU()),
	decoder=TransformerDecoder(num_layers=1, num_heads=2, alpha=1.0, layer_norm="post", activation=ReLU()),
	src_embed=Embeddings(embedding_dim=256, vocab_size=4117),
	trg_embed=Embeddings(embedding_dim=256, vocab_size=4117),
	loss_function=None)
2026-05-12 02:47:39,966 - INFO - joeynmt.prediction - Decoding on dev set...
2026-05-12 02:47:39,966 - INFO - joeynmt.prediction - Predicting 500 example(s)... (Beam search with beam_size=5, beam_alpha=1.0, n_best=1, min_output_length=1, max_output_length=-1, return_prob='none', generate_unk=True, repetition_penalty=-1, no_repeat_ngram_size=-1)
2026-05-12 02:48:37,004 - INFO - joeynmt.prediction - Evaluation result (beam search) , generation: 57.0304[sec], evaluation: 0.0000[sec]
2026-05-12 02:48:37,008 - INFO - joeynmt.prediction - Translations saved to: /Users/jill/Desktop/Jill/Studium/FS_26/Machine_translation/mt-exercise-03/models/deen_transformer_post/00040500.hyps.dev.
2026-05-12 02:48:37,008 - INFO - joeynmt.prediction - Decoding on test set...
2026-05-12 02:48:37,009 - INFO - joeynmt.prediction - Predicting 2999 example(s)... (Beam search with beam_size=5, beam_alpha=1.0, n_best=1, min_output_length=1, max_output_length=-1, return_prob='none', generate_unk=True, repetition_penalty=-1, no_repeat_ngram_size=-1)
2026-05-12 02:54:40,165 - INFO - joeynmt.prediction - Evaluation result (beam search) , generation: 363.1144[sec], evaluation: 0.0000[sec]
2026-05-12 02:54:40,171 - INFO - joeynmt.prediction - Translations saved to: /Users/jill/Desktop/Jill/Studium/FS_26/Machine_translation/mt-exercise-03/models/deen_transformer_post/00040500.hyps.test.
